"","site","year","doy","smooth_gcc_90","annual_temp","annual_precip","map","mat"
"1","arsltarmdcrnatw",2019,1,0.3364,14.4914109589041,1166.78,1326.458,14.4726712328767
"2","arsltarmdcrnatw",2019,2,0.33649,14.4914109589041,1166.78,1326.458,14.4726712328767
"3","arsltarmdcrnatw",2019,3,0.33658,14.4914109589041,1166.78,1326.458,14.4726712328767
"4","arsltarmdcrnatw",2019,4,0.33669,14.4914109589041,1166.78,1326.458,14.4726712328767
"5","arsltarmdcrnatw",2019,5,0.33681,14.4914109589041,1166.78,1326.458,14.4726712328767
"6","arsltarmdcrnatw",2019,6,0.33692,14.4914109589041,1166.78,1326.458,14.4726712328767
"7","arsltarmdcrnatw",2019,7,0.337,14.4914109589041,1166.78,1326.458,14.4726712328767
"8","arsltarmdcrnatw",2019,8,0.33706,14.4914109589041,1166.78,1326.458,14.4726712328767
"9","arsltarmdcrnatw",2019,9,0.3371,14.4914109589041,1166.78,1326.458,14.4726712328767
"10","arsltarmdcrnatw",2019,10,0.33713,14.4914109589041,1166.78,1326.458,14.4726712328767
"11","arsltarmdcrnatw",2019,11,0.33716,14.4914109589041,1166.78,1326.458,14.4726712328767
"12","arsltarmdcrnatw",2019,12,0.33721,14.4914109589041,1166.78,1326.458,14.4726712328767
"13","arsltarmdcrnatw",2019,13,0.33726,14.4914109589041,1166.78,1326.458,14.4726712328767
"14","arsltarmdcrnatw",2019,14,0.3373,14.4914109589041,1166.78,1326.458,14.4726712328767
"15","arsltarmdcrnatw",2019,15,0.33734,14.4914109589041,1166.78,1326.458,14.4726712328767
"16","arsltarmdcrnatw",2019,16,0.33738,14.4914109589041,1166.78,1326.458,14.4726712328767
"17","arsltarmdcrnatw",2019,17,0.33741,14.4914109589041,1166.78,1326.458,14.4726712328767
"18","arsltarmdcrnatw",2019,18,0.33745,14.4914109589041,1166.78,1326.458,14.4726712328767
"19","arsltarmdcrnatw",2019,19,0.3375,14.4914109589041,1166.78,1326.458,14.4726712328767
"20","arsltarmdcrnatw",2019,20,0.33755,14.4914109589041,1166.78,1326.458,14.4726712328767
"21","arsltarmdcrnatw",2019,21,0.33762,14.4914109589041,1166.78,1326.458,14.4726712328767
"22","arsltarmdcrnatw",2019,22,0.3377,14.4914109589041,1166.78,1326.458,14.4726712328767
"23","arsltarmdcrnatw",2019,23,0.3378,14.4914109589041,1166.78,1326.458,14.4726712328767
"24","arsltarmdcrnatw",2019,24,0.33791,14.4914109589041,1166.78,1326.458,14.4726712328767
"25","arsltarmdcrnatw",2019,25,0.33801,14.4914109589041,1166.78,1326.458,14.4726712328767
"26","arsltarmdcrnatw",2019,26,0.3381,14.4914109589041,1166.78,1326.458,14.4726712328767
"27","arsltarmdcrnatw",2019,27,0.3382,14.4914109589041,1166.78,1326.458,14.4726712328767
"28","arsltarmdcrnatw",2019,28,0.33831,14.4914109589041,1166.78,1326.458,14.4726712328767
"29","arsltarmdcrnatw",2019,29,0.33843,14.4914109589041,1166.78,1326.458,14.4726712328767
"30","arsltarmdcrnatw",2019,30,0.33855,14.4914109589041,1166.78,1326.458,14.4726712328767
"31","arsltarmdcrnatw",2019,31,0.33865,14.4914109589041,1166.78,1326.458,14.4726712328767
"32","arsltarmdcrnatw",2019,32,0.33874,14.4914109589041,1166.78,1326.458,14.4726712328767
"33","arsltarmdcrnatw",2019,33,0.33885,14.4914109589041,1166.78,1326.458,14.4726712328767
"34","arsltarmdcrnatw",2019,34,0.33895,14.4914109589041,1166.78,1326.458,14.4726712328767
"35","arsltarmdcrnatw",2019,35,0.33905,14.4914109589041,1166.78,1326.458,14.4726712328767
"36","arsltarmdcrnatw",2019,36,0.33914,14.4914109589041,1166.78,1326.458,14.4726712328767
"37","arsltarmdcrnatw",2019,37,0.33921,14.4914109589041,1166.78,1326.458,14.4726712328767
"38","arsltarmdcrnatw",2019,38,0.33928,14.4914109589041,1166.78,1326.458,14.4726712328767
"39","arsltarmdcrnatw",2019,39,0.33935,14.4914109589041,1166.78,1326.458,14.4726712328767
"40","arsltarmdcrnatw",2019,40,0.33941,14.4914109589041,1166.78,1326.458,14.4726712328767
"41","arsltarmdcrnatw",2019,41,0.33947,14.4914109589041,1166.78,1326.458,14.4726712328767
"42","arsltarmdcrnatw",2019,42,0.33952,14.4914109589041,1166.78,1326.458,14.4726712328767
"43","arsltarmdcrnatw",2019,43,0.33956,14.4914109589041,1166.78,1326.458,14.4726712328767
"44","arsltarmdcrnatw",2019,44,0.33959,14.4914109589041,1166.78,1326.458,14.4726712328767
"45","arsltarmdcrnatw",2019,45,0.33962,14.4914109589041,1166.78,1326.458,14.4726712328767
"46","arsltarmdcrnatw",2019,46,0.33967,14.4914109589041,1166.78,1326.458,14.4726712328767
"47","arsltarmdcrnatw",2019,47,0.33974,14.4914109589041,1166.78,1326.458,14.4726712328767
"48","arsltarmdcrnatw",2019,48,0.33983,14.4914109589041,1166.78,1326.458,14.4726712328767
"49","arsltarmdcrnatw",2019,49,0.33993,14.4914109589041,1166.78,1326.458,14.4726712328767
"50","arsltarmdcrnatw",2019,50,0.34001,14.4914109589041,1166.78,1326.458,14.4726712328767
"51","arsltarmdcrnatw",2019,51,0.34007,14.4914109589041,1166.78,1326.458,14.4726712328767
"52","arsltarmdcrnatw",2019,52,0.34014,14.4914109589041,1166.78,1326.458,14.4726712328767
"53","arsltarmdcrnatw",2019,53,0.34024,14.4914109589041,1166.78,1326.458,14.4726712328767
"54","arsltarmdcrnatw",2019,54,0.34037,14.4914109589041,1166.78,1326.458,14.4726712328767
"55","arsltarmdcrnatw",2019,55,0.34052,14.4914109589041,1166.78,1326.458,14.4726712328767
"56","arsltarmdcrnatw",2019,56,0.34068,14.4914109589041,1166.78,1326.458,14.4726712328767
"57","arsltarmdcrnatw",2019,57,0.34083,14.4914109589041,1166.78,1326.458,14.4726712328767
"58","arsltarmdcrnatw",2019,58,0.34096,14.4914109589041,1166.78,1326.458,14.4726712328767
"59","arsltarmdcrnatw",2019,59,0.34106,14.4914109589041,1166.78,1326.458,14.4726712328767
"60","arsltarmdcrnatw",2019,60,0.34112,14.4914109589041,1166.78,1326.458,14.4726712328767
"61","arsltarmdcrnatw",2019,61,0.34124,14.4914109589041,1166.78,1326.458,14.4726712328767
"62","arsltarmdcrnatw",2019,62,0.34145,14.4914109589041,1166.78,1326.458,14.4726712328767
"63","arsltarmdcrnatw",2019,63,0.34165,14.4914109589041,1166.78,1326.458,14.4726712328767
"64","arsltarmdcrnatw",2019,64,0.34173,14.4914109589041,1166.78,1326.458,14.4726712328767
"65","arsltarmdcrnatw",2019,65,0.34158,14.4914109589041,1166.78,1326.458,14.4726712328767
"66","arsltarmdcrnatw",2019,66,0.34147,14.4914109589041,1166.78,1326.458,14.4726712328767
"67","arsltarmdcrnatw",2019,67,0.3416,14.4914109589041,1166.78,1326.458,14.4726712328767
"68","arsltarmdcrnatw",2019,68,0.34178,14.4914109589041,1166.78,1326.458,14.4726712328767
"69","arsltarmdcrnatw",2019,69,0.34179,14.4914109589041,1166.78,1326.458,14.4726712328767
"70","arsltarmdcrnatw",2019,70,0.34142,14.4914109589041,1166.78,1326.458,14.4726712328767
"71","arsltarmdcrnatw",2019,71,0.34082,14.4914109589041,1166.78,1326.458,14.4726712328767
"72","arsltarmdcrnatw",2019,72,0.3403,14.4914109589041,1166.78,1326.458,14.4726712328767
"73","arsltarmdcrnatw",2019,73,0.33985,14.4914109589041,1166.78,1326.458,14.4726712328767
"74","arsltarmdcrnatw",2019,74,0.33948,14.4914109589041,1166.78,1326.458,14.4726712328767
"75","arsltarmdcrnatw",2019,75,0.33919,14.4914109589041,1166.78,1326.458,14.4726712328767
"76","arsltarmdcrnatw",2019,76,0.33899,14.4914109589041,1166.78,1326.458,14.4726712328767
"77","arsltarmdcrnatw",2019,77,0.33886,14.4914109589041,1166.78,1326.458,14.4726712328767
"78","arsltarmdcrnatw",2019,78,0.33879,14.4914109589041,1166.78,1326.458,14.4726712328767
"79","arsltarmdcrnatw",2019,79,0.33878,14.4914109589041,1166.78,1326.458,14.4726712328767
"80","arsltarmdcrnatw",2019,80,0.33883,14.4914109589041,1166.78,1326.458,14.4726712328767
"81","arsltarmdcrnatw",2019,81,0.33891,14.4914109589041,1166.78,1326.458,14.4726712328767
"82","arsltarmdcrnatw",2019,82,0.33902,14.4914109589041,1166.78,1326.458,14.4726712328767
"83","arsltarmdcrnatw",2019,83,0.33919,14.4914109589041,1166.78,1326.458,14.4726712328767
"84","arsltarmdcrnatw",2019,84,0.33942,14.4914109589041,1166.78,1326.458,14.4726712328767
"85","arsltarmdcrnatw",2019,85,0.33975,14.4914109589041,1166.78,1326.458,14.4726712328767
"86","arsltarmdcrnatw",2019,86,0.34016,14.4914109589041,1166.78,1326.458,14.4726712328767
"87","arsltarmdcrnatw",2019,87,0.34065,14.4914109589041,1166.78,1326.458,14.4726712328767
"88","arsltarmdcrnatw",2019,88,0.3412,14.4914109589041,1166.78,1326.458,14.4726712328767
"89","arsltarmdcrnatw",2019,89,0.34182,14.4914109589041,1166.78,1326.458,14.4726712328767
"90","arsltarmdcrnatw",2019,90,0.34251,14.4914109589041,1166.78,1326.458,14.4726712328767
"91","arsltarmdcrnatw",2019,91,0.34328,14.4914109589041,1166.78,1326.458,14.4726712328767
"92","arsltarmdcrnatw",2019,92,0.34414,14.4914109589041,1166.78,1326.458,14.4726712328767
"93","arsltarmdcrnatw",2019,93,0.34507,14.4914109589041,1166.78,1326.458,14.4726712328767
"94","arsltarmdcrnatw",2019,94,0.34608,14.4914109589041,1166.78,1326.458,14.4726712328767
"95","arsltarmdcrnatw",2019,95,0.34716,14.4914109589041,1166.78,1326.458,14.4726712328767
"96","arsltarmdcrnatw",2019,96,0.3483,14.4914109589041,1166.78,1326.458,14.4726712328767
"97","arsltarmdcrnatw",2019,97,0.34948,14.4914109589041,1166.78,1326.458,14.4726712328767
"98","arsltarmdcrnatw",2019,98,0.35072,14.4914109589041,1166.78,1326.458,14.4726712328767
"99","arsltarmdcrnatw",2019,99,0.35199,14.4914109589041,1166.78,1326.458,14.4726712328767
"100","arsltarmdcrnatw",2019,100,0.35338,14.4914109589041,1166.78,1326.458,14.4726712328767
"101","arsltarmdcrnatw",2019,101,0.35494,14.4914109589041,1166.78,1326.458,14.4726712328767
"102","arsltarmdcrnatw",2019,102,0.35657,14.4914109589041,1166.78,1326.458,14.4726712328767
"103","arsltarmdcrnatw",2019,103,0.35821,14.4914109589041,1166.78,1326.458,14.4726712328767
"104","arsltarmdcrnatw",2019,104,0.35977,14.4914109589041,1166.78,1326.458,14.4726712328767
"105","arsltarmdcrnatw",2019,105,0.36138,14.4914109589041,1166.78,1326.458,14.4726712328767
"106","arsltarmdcrnatw",2019,106,0.36315,14.4914109589041,1166.78,1326.458,14.4726712328767
"107","arsltarmdcrnatw",2019,107,0.36497,14.4914109589041,1166.78,1326.458,14.4726712328767
"108","arsltarmdcrnatw",2019,108,0.36678,14.4914109589041,1166.78,1326.458,14.4726712328767
"109","arsltarmdcrnatw",2019,109,0.36846,14.4914109589041,1166.78,1326.458,14.4726712328767
"110","arsltarmdcrnatw",2019,110,0.37011,14.4914109589041,1166.78,1326.458,14.4726712328767
"111","arsltarmdcrnatw",2019,111,0.37184,14.4914109589041,1166.78,1326.458,14.4726712328767
"112","arsltarmdcrnatw",2019,112,0.37364,14.4914109589041,1166.78,1326.458,14.4726712328767
"113","arsltarmdcrnatw",2019,113,0.37545,14.4914109589041,1166.78,1326.458,14.4726712328767
"114","arsltarmdcrnatw",2019,114,0.37727,14.4914109589041,1166.78,1326.458,14.4726712328767
"115","arsltarmdcrnatw",2019,115,0.37904,14.4914109589041,1166.78,1326.458,14.4726712328767
"116","arsltarmdcrnatw",2019,116,0.38074,14.4914109589041,1166.78,1326.458,14.4726712328767
"117","arsltarmdcrnatw",2019,117,0.38235,14.4914109589041,1166.78,1326.458,14.4726712328767
"118","arsltarmdcrnatw",2019,118,0.38382,14.4914109589041,1166.78,1326.458,14.4726712328767
"119","arsltarmdcrnatw",2019,119,0.38527,14.4914109589041,1166.78,1326.458,14.4726712328767
"120","arsltarmdcrnatw",2019,120,0.38677,14.4914109589041,1166.78,1326.458,14.4726712328767
"121","arsltarmdcrnatw",2019,121,0.38825,14.4914109589041,1166.78,1326.458,14.4726712328767
"122","arsltarmdcrnatw",2019,122,0.38964,14.4914109589041,1166.78,1326.458,14.4726712328767
"123","arsltarmdcrnatw",2019,123,0.39084,14.4914109589041,1166.78,1326.458,14.4726712328767
"124","arsltarmdcrnatw",2019,124,0.39191,14.4914109589041,1166.78,1326.458,14.4726712328767
"125","arsltarmdcrnatw",2019,125,0.3929,14.4914109589041,1166.78,1326.458,14.4726712328767
"126","arsltarmdcrnatw",2019,126,0.39383,14.4914109589041,1166.78,1326.458,14.4726712328767
"127","arsltarmdcrnatw",2019,127,0.39469,14.4914109589041,1166.78,1326.458,14.4726712328767
"128","arsltarmdcrnatw",2019,128,0.39547,14.4914109589041,1166.78,1326.458,14.4726712328767
"129","arsltarmdcrnatw",2019,129,0.39615,14.4914109589041,1166.78,1326.458,14.4726712328767
"130","arsltarmdcrnatw",2019,130,0.39672,14.4914109589041,1166.78,1326.458,14.4726712328767
"131","arsltarmdcrnatw",2019,131,0.39719,14.4914109589041,1166.78,1326.458,14.4726712328767
"132","arsltarmdcrnatw",2019,132,0.39759,14.4914109589041,1166.78,1326.458,14.4726712328767
"133","arsltarmdcrnatw",2019,133,0.39792,14.4914109589041,1166.78,1326.458,14.4726712328767
"134","arsltarmdcrnatw",2019,134,0.3982,14.4914109589041,1166.78,1326.458,14.4726712328767
"135","arsltarmdcrnatw",2019,135,0.39845,14.4914109589041,1166.78,1326.458,14.4726712328767
"136","arsltarmdcrnatw",2019,136,0.39868,14.4914109589041,1166.78,1326.458,14.4726712328767
"137","arsltarmdcrnatw",2019,137,0.3989,14.4914109589041,1166.78,1326.458,14.4726712328767
"138","arsltarmdcrnatw",2019,138,0.39907,14.4914109589041,1166.78,1326.458,14.4726712328767
"139","arsltarmdcrnatw",2019,139,0.39913,14.4914109589041,1166.78,1326.458,14.4726712328767
"140","arsltarmdcrnatw",2019,140,0.39913,14.4914109589041,1166.78,1326.458,14.4726712328767
"141","arsltarmdcrnatw",2019,141,0.3991,14.4914109589041,1166.78,1326.458,14.4726712328767
"142","arsltarmdcrnatw",2019,142,0.39908,14.4914109589041,1166.78,1326.458,14.4726712328767
"143","arsltarmdcrnatw",2019,143,0.39905,14.4914109589041,1166.78,1326.458,14.4726712328767
"144","arsltarmdcrnatw",2019,144,0.39896,14.4914109589041,1166.78,1326.458,14.4726712328767
"145","arsltarmdcrnatw",2019,145,0.39884,14.4914109589041,1166.78,1326.458,14.4726712328767
"146","arsltarmdcrnatw",2019,146,0.39869,14.4914109589041,1166.78,1326.458,14.4726712328767
"147","arsltarmdcrnatw",2019,147,0.39853,14.4914109589041,1166.78,1326.458,14.4726712328767
"148","arsltarmdcrnatw",2019,148,0.39832,14.4914109589041,1166.78,1326.458,14.4726712328767
"149","arsltarmdcrnatw",2019,149,0.39806,14.4914109589041,1166.78,1326.458,14.4726712328767
"150","arsltarmdcrnatw",2019,150,0.39776,14.4914109589041,1166.78,1326.458,14.4726712328767
"151","arsltarmdcrnatw",2019,151,0.39745,14.4914109589041,1166.78,1326.458,14.4726712328767
"152","arsltarmdcrnatw",2019,152,0.39716,14.4914109589041,1166.78,1326.458,14.4726712328767
"153","arsltarmdcrnatw",2019,153,0.39682,14.4914109589041,1166.78,1326.458,14.4726712328767
"154","arsltarmdcrnatw",2019,154,0.39636,14.4914109589041,1166.78,1326.458,14.4726712328767
"155","arsltarmdcrnatw",2019,155,0.39585,14.4914109589041,1166.78,1326.458,14.4726712328767
"156","arsltarmdcrnatw",2019,156,0.39537,14.4914109589041,1166.78,1326.458,14.4726712328767
"157","arsltarmdcrnatw",2019,157,0.39497,14.4914109589041,1166.78,1326.458,14.4726712328767
"158","arsltarmdcrnatw",2019,158,0.39456,14.4914109589041,1166.78,1326.458,14.4726712328767
"159","arsltarmdcrnatw",2019,159,0.39403,14.4914109589041,1166.78,1326.458,14.4726712328767
"160","arsltarmdcrnatw",2019,160,0.39346,14.4914109589041,1166.78,1326.458,14.4726712328767
"161","arsltarmdcrnatw",2019,161,0.39295,14.4914109589041,1166.78,1326.458,14.4726712328767
"162","arsltarmdcrnatw",2019,162,0.39257,14.4914109589041,1166.78,1326.458,14.4726712328767
"163","arsltarmdcrnatw",2019,163,0.39228,14.4914109589041,1166.78,1326.458,14.4726712328767
"164","arsltarmdcrnatw",2019,164,0.39198,14.4914109589041,1166.78,1326.458,14.4726712328767
"165","arsltarmdcrnatw",2019,165,0.39169,14.4914109589041,1166.78,1326.458,14.4726712328767
"166","arsltarmdcrnatw",2019,166,0.39145,14.4914109589041,1166.78,1326.458,14.4726712328767
"167","arsltarmdcrnatw",2019,167,0.39127,14.4914109589041,1166.78,1326.458,14.4726712328767
"168","arsltarmdcrnatw",2019,168,0.39116,14.4914109589041,1166.78,1326.458,14.4726712328767
"169","arsltarmdcrnatw",2019,169,0.3911,14.4914109589041,1166.78,1326.458,14.4726712328767
"170","arsltarmdcrnatw",2019,170,0.39109,14.4914109589041,1166.78,1326.458,14.4726712328767
"171","arsltarmdcrnatw",2019,171,0.39111,14.4914109589041,1166.78,1326.458,14.4726712328767
"172","arsltarmdcrnatw",2019,172,0.39116,14.4914109589041,1166.78,1326.458,14.4726712328767
"173","arsltarmdcrnatw",2019,173,0.39123,14.4914109589041,1166.78,1326.458,14.4726712328767
"174","arsltarmdcrnatw",2019,174,0.39131,14.4914109589041,1166.78,1326.458,14.4726712328767
"175","arsltarmdcrnatw",2019,175,0.3914,14.4914109589041,1166.78,1326.458,14.4726712328767
"176","arsltarmdcrnatw",2019,176,0.39149,14.4914109589041,1166.78,1326.458,14.4726712328767
"177","arsltarmdcrnatw",2019,177,0.39163,14.4914109589041,1166.78,1326.458,14.4726712328767
"178","arsltarmdcrnatw",2019,178,0.39187,14.4914109589041,1166.78,1326.458,14.4726712328767
"179","arsltarmdcrnatw",2019,179,0.39215,14.4914109589041,1166.78,1326.458,14.4726712328767
"180","arsltarmdcrnatw",2019,180,0.39241,14.4914109589041,1166.78,1326.458,14.4726712328767
"181","arsltarmdcrnatw",2019,181,0.39261,14.4914109589041,1166.78,1326.458,14.4726712328767
"182","arsltarmdcrnatw",2019,182,0.39285,14.4914109589041,1166.78,1326.458,14.4726712328767
"183","arsltarmdcrnatw",2019,183,0.39323,14.4914109589041,1166.78,1326.458,14.4726712328767
"184","arsltarmdcrnatw",2019,184,0.39364,14.4914109589041,1166.78,1326.458,14.4726712328767
"185","arsltarmdcrnatw",2019,185,0.39399,14.4914109589041,1166.78,1326.458,14.4726712328767
"186","arsltarmdcrnatw",2019,186,0.39416,14.4914109589041,1166.78,1326.458,14.4726712328767
"187","arsltarmdcrnatw",2019,187,0.3943,14.4914109589041,1166.78,1326.458,14.4726712328767
"188","arsltarmdcrnatw",2019,188,0.39454,14.4914109589041,1166.78,1326.458,14.4726712328767
"189","arsltarmdcrnatw",2019,189,0.39478,14.4914109589041,1166.78,1326.458,14.4726712328767
"190","arsltarmdcrnatw",2019,190,0.39492,14.4914109589041,1166.78,1326.458,14.4726712328767
"191","arsltarmdcrnatw",2019,191,0.39487,14.4914109589041,1166.78,1326.458,14.4726712328767
"192","arsltarmdcrnatw",2019,192,0.39462,14.4914109589041,1166.78,1326.458,14.4726712328767
"193","arsltarmdcrnatw",2019,193,0.39426,14.4914109589041,1166.78,1326.458,14.4726712328767
"194","arsltarmdcrnatw",2019,194,0.39383,14.4914109589041,1166.78,1326.458,14.4726712328767
"195","arsltarmdcrnatw",2019,195,0.39337,14.4914109589041,1166.78,1326.458,14.4726712328767
"196","arsltarmdcrnatw",2019,196,0.39293,14.4914109589041,1166.78,1326.458,14.4726712328767
"197","arsltarmdcrnatw",2019,197,0.39236,14.4914109589041,1166.78,1326.458,14.4726712328767
"198","arsltarmdcrnatw",2019,198,0.39157,14.4914109589041,1166.78,1326.458,14.4726712328767
"199","arsltarmdcrnatw",2019,199,0.3907,14.4914109589041,1166.78,1326.458,14.4726712328767
"200","arsltarmdcrnatw",2019,200,0.38987,14.4914109589041,1166.78,1326.458,14.4726712328767
"201","arsltarmdcrnatw",2019,201,0.38922,14.4914109589041,1166.78,1326.458,14.4726712328767
"202","arsltarmdcrnatw",2019,202,0.38859,14.4914109589041,1166.78,1326.458,14.4726712328767
"203","arsltarmdcrnatw",2019,203,0.3878,14.4914109589041,1166.78,1326.458,14.4726712328767
"204","arsltarmdcrnatw",2019,204,0.38696,14.4914109589041,1166.78,1326.458,14.4726712328767
"205","arsltarmdcrnatw",2019,205,0.38618,14.4914109589041,1166.78,1326.458,14.4726712328767
"206","arsltarmdcrnatw",2019,206,0.38556,14.4914109589041,1166.78,1326.458,14.4726712328767
"207","arsltarmdcrnatw",2019,207,0.38508,14.4914109589041,1166.78,1326.458,14.4726712328767
"208","arsltarmdcrnatw",2019,208,0.38464,14.4914109589041,1166.78,1326.458,14.4726712328767
"209","arsltarmdcrnatw",2019,209,0.38423,14.4914109589041,1166.78,1326.458,14.4726712328767
"210","arsltarmdcrnatw",2019,210,0.38386,14.4914109589041,1166.78,1326.458,14.4726712328767
"211","arsltarmdcrnatw",2019,211,0.38351,14.4914109589041,1166.78,1326.458,14.4726712328767
"212","arsltarmdcrnatw",2019,212,0.38318,14.4914109589041,1166.78,1326.458,14.4726712328767
"213","arsltarmdcrnatw",2019,213,0.38289,14.4914109589041,1166.78,1326.458,14.4726712328767
"214","arsltarmdcrnatw",2019,214,0.38261,14.4914109589041,1166.78,1326.458,14.4726712328767
"215","arsltarmdcrnatw",2019,215,0.38235,14.4914109589041,1166.78,1326.458,14.4726712328767
"216","arsltarmdcrnatw",2019,216,0.38221,14.4914109589041,1166.78,1326.458,14.4726712328767
"217","arsltarmdcrnatw",2019,217,0.38223,14.4914109589041,1166.78,1326.458,14.4726712328767
"218","arsltarmdcrnatw",2019,218,0.3823,14.4914109589041,1166.78,1326.458,14.4726712328767
"219","arsltarmdcrnatw",2019,219,0.38235,14.4914109589041,1166.78,1326.458,14.4726712328767
"220","arsltarmdcrnatw",2019,220,0.38226,14.4914109589041,1166.78,1326.458,14.4726712328767
"221","arsltarmdcrnatw",2019,221,0.38213,14.4914109589041,1166.78,1326.458,14.4726712328767
"222","arsltarmdcrnatw",2019,222,0.38206,14.4914109589041,1166.78,1326.458,14.4726712328767
"223","arsltarmdcrnatw",2019,223,0.38199,14.4914109589041,1166.78,1326.458,14.4726712328767
"224","arsltarmdcrnatw",2019,224,0.38189,14.4914109589041,1166.78,1326.458,14.4726712328767
"225","arsltarmdcrnatw",2019,225,0.3817,14.4914109589041,1166.78,1326.458,14.4726712328767
"226","arsltarmdcrnatw",2019,226,0.38141,14.4914109589041,1166.78,1326.458,14.4726712328767
"227","arsltarmdcrnatw",2019,227,0.38104,14.4914109589041,1166.78,1326.458,14.4726712328767
"228","arsltarmdcrnatw",2019,228,0.38064,14.4914109589041,1166.78,1326.458,14.4726712328767
"229","arsltarmdcrnatw",2019,229,0.38024,14.4914109589041,1166.78,1326.458,14.4726712328767
"230","arsltarmdcrnatw",2019,230,0.37987,14.4914109589041,1166.78,1326.458,14.4726712328767
"231","arsltarmdcrnatw",2019,231,0.37948,14.4914109589041,1166.78,1326.458,14.4726712328767
"232","arsltarmdcrnatw",2019,232,0.37905,14.4914109589041,1166.78,1326.458,14.4726712328767
"233","arsltarmdcrnatw",2019,233,0.37859,14.4914109589041,1166.78,1326.458,14.4726712328767
"234","arsltarmdcrnatw",2019,234,0.37815,14.4914109589041,1166.78,1326.458,14.4726712328767
"235","arsltarmdcrnatw",2019,235,0.37776,14.4914109589041,1166.78,1326.458,14.4726712328767
"236","arsltarmdcrnatw",2019,236,0.37736,14.4914109589041,1166.78,1326.458,14.4726712328767
"237","arsltarmdcrnatw",2019,237,0.37693,14.4914109589041,1166.78,1326.458,14.4726712328767
"238","arsltarmdcrnatw",2019,238,0.37648,14.4914109589041,1166.78,1326.458,14.4726712328767
"239","arsltarmdcrnatw",2019,239,0.37605,14.4914109589041,1166.78,1326.458,14.4726712328767
"240","arsltarmdcrnatw",2019,240,0.37568,14.4914109589041,1166.78,1326.458,14.4726712328767
"241","arsltarmdcrnatw",2019,241,0.37532,14.4914109589041,1166.78,1326.458,14.4726712328767
"242","arsltarmdcrnatw",2019,242,0.37493,14.4914109589041,1166.78,1326.458,14.4726712328767
"243","arsltarmdcrnatw",2019,243,0.37455,14.4914109589041,1166.78,1326.458,14.4726712328767
"244","arsltarmdcrnatw",2019,244,0.37418,14.4914109589041,1166.78,1326.458,14.4726712328767
"245","arsltarmdcrnatw",2019,245,0.37385,14.4914109589041,1166.78,1326.458,14.4726712328767
"246","arsltarmdcrnatw",2019,246,0.37356,14.4914109589041,1166.78,1326.458,14.4726712328767
"247","arsltarmdcrnatw",2019,247,0.37332,14.4914109589041,1166.78,1326.458,14.4726712328767
"248","arsltarmdcrnatw",2019,248,0.37311,14.4914109589041,1166.78,1326.458,14.4726712328767
"249","arsltarmdcrnatw",2019,249,0.37291,14.4914109589041,1166.78,1326.458,14.4726712328767
"250","arsltarmdcrnatw",2019,250,0.37273,14.4914109589041,1166.78,1326.458,14.4726712328767
"251","arsltarmdcrnatw",2019,251,0.37255,14.4914109589041,1166.78,1326.458,14.4726712328767
"252","arsltarmdcrnatw",2019,252,0.37235,14.4914109589041,1166.78,1326.458,14.4726712328767
"253","arsltarmdcrnatw",2019,253,0.37214,14.4914109589041,1166.78,1326.458,14.4726712328767
"254","arsltarmdcrnatw",2019,254,0.37189,14.4914109589041,1166.78,1326.458,14.4726712328767
"255","arsltarmdcrnatw",2019,255,0.37163,14.4914109589041,1166.78,1326.458,14.4726712328767
"256","arsltarmdcrnatw",2019,256,0.37138,14.4914109589041,1166.78,1326.458,14.4726712328767
"257","arsltarmdcrnatw",2019,257,0.37114,14.4914109589041,1166.78,1326.458,14.4726712328767
"258","arsltarmdcrnatw",2019,258,0.37089,14.4914109589041,1166.78,1326.458,14.4726712328767
"259","arsltarmdcrnatw",2019,259,0.37063,14.4914109589041,1166.78,1326.458,14.4726712328767
"260","arsltarmdcrnatw",2019,260,0.37033,14.4914109589041,1166.78,1326.458,14.4726712328767
"261","arsltarmdcrnatw",2019,261,0.37,14.4914109589041,1166.78,1326.458,14.4726712328767
"262","arsltarmdcrnatw",2019,262,0.36966,14.4914109589041,1166.78,1326.458,14.4726712328767
"263","arsltarmdcrnatw",2019,263,0.36932,14.4914109589041,1166.78,1326.458,14.4726712328767
"264","arsltarmdcrnatw",2019,264,0.36902,14.4914109589041,1166.78,1326.458,14.4726712328767
"265","arsltarmdcrnatw",2019,265,0.36874,14.4914109589041,1166.78,1326.458,14.4726712328767
"266","arsltarmdcrnatw",2019,266,0.36846,14.4914109589041,1166.78,1326.458,14.4726712328767
"267","arsltarmdcrnatw",2019,267,0.36817,14.4914109589041,1166.78,1326.458,14.4726712328767
"268","arsltarmdcrnatw",2019,268,0.36789,14.4914109589041,1166.78,1326.458,14.4726712328767
"269","arsltarmdcrnatw",2019,269,0.36761,14.4914109589041,1166.78,1326.458,14.4726712328767
"270","arsltarmdcrnatw",2019,270,0.36734,14.4914109589041,1166.78,1326.458,14.4726712328767
"271","arsltarmdcrnatw",2019,271,0.36707,14.4914109589041,1166.78,1326.458,14.4726712328767
"272","arsltarmdcrnatw",2019,272,0.36682,14.4914109589041,1166.78,1326.458,14.4726712328767
"273","arsltarmdcrnatw",2019,273,0.36658,14.4914109589041,1166.78,1326.458,14.4726712328767
"274","arsltarmdcrnatw",2019,274,0.36641,14.4914109589041,1166.78,1326.458,14.4726712328767
"275","arsltarmdcrnatw",2019,275,0.36634,14.4914109589041,1166.78,1326.458,14.4726712328767
"276","arsltarmdcrnatw",2019,276,0.3663,14.4914109589041,1166.78,1326.458,14.4726712328767
"277","arsltarmdcrnatw",2019,277,0.36621,14.4914109589041,1166.78,1326.458,14.4726712328767
"278","arsltarmdcrnatw",2019,278,0.36603,14.4914109589041,1166.78,1326.458,14.4726712328767
"279","arsltarmdcrnatw",2019,279,0.36578,14.4914109589041,1166.78,1326.458,14.4726712328767
"280","arsltarmdcrnatw",2019,280,0.36553,14.4914109589041,1166.78,1326.458,14.4726712328767
"281","arsltarmdcrnatw",2019,281,0.36528,14.4914109589041,1166.78,1326.458,14.4726712328767
"282","arsltarmdcrnatw",2019,282,0.36501,14.4914109589041,1166.78,1326.458,14.4726712328767
"283","arsltarmdcrnatw",2019,283,0.3647,14.4914109589041,1166.78,1326.458,14.4726712328767
"284","arsltarmdcrnatw",2019,284,0.36436,14.4914109589041,1166.78,1326.458,14.4726712328767
"285","arsltarmdcrnatw",2019,285,0.36398,14.4914109589041,1166.78,1326.458,14.4726712328767
"286","arsltarmdcrnatw",2019,286,0.36359,14.4914109589041,1166.78,1326.458,14.4726712328767
"287","arsltarmdcrnatw",2019,287,0.36317,14.4914109589041,1166.78,1326.458,14.4726712328767
"288","arsltarmdcrnatw",2019,288,0.36274,14.4914109589041,1166.78,1326.458,14.4726712328767
"289","arsltarmdcrnatw",2019,289,0.3623,14.4914109589041,1166.78,1326.458,14.4726712328767
"290","arsltarmdcrnatw",2019,290,0.36185,14.4914109589041,1166.78,1326.458,14.4726712328767
"291","arsltarmdcrnatw",2019,291,0.36139,14.4914109589041,1166.78,1326.458,14.4726712328767
"292","arsltarmdcrnatw",2019,292,0.36094,14.4914109589041,1166.78,1326.458,14.4726712328767
"293","arsltarmdcrnatw",2019,293,0.36047,14.4914109589041,1166.78,1326.458,14.4726712328767
"294","arsltarmdcrnatw",2019,294,0.35998,14.4914109589041,1166.78,1326.458,14.4726712328767
"295","arsltarmdcrnatw",2019,295,0.35946,14.4914109589041,1166.78,1326.458,14.4726712328767
"296","arsltarmdcrnatw",2019,296,0.35894,14.4914109589041,1166.78,1326.458,14.4726712328767
"297","arsltarmdcrnatw",2019,297,0.35843,14.4914109589041,1166.78,1326.458,14.4726712328767
"298","arsltarmdcrnatw",2019,298,0.35791,14.4914109589041,1166.78,1326.458,14.4726712328767
"299","arsltarmdcrnatw",2019,299,0.35738,14.4914109589041,1166.78,1326.458,14.4726712328767
"300","arsltarmdcrnatw",2019,300,0.35685,14.4914109589041,1166.78,1326.458,14.4726712328767
"301","arsltarmdcrnatw",2019,301,0.3563,14.4914109589041,1166.78,1326.458,14.4726712328767
"302","arsltarmdcrnatw",2019,302,0.35575,14.4914109589041,1166.78,1326.458,14.4726712328767
"303","arsltarmdcrnatw",2019,303,0.3552,14.4914109589041,1166.78,1326.458,14.4726712328767
"304","arsltarmdcrnatw",2019,304,0.35466,14.4914109589041,1166.78,1326.458,14.4726712328767
"305","arsltarmdcrnatw",2019,305,0.35412,14.4914109589041,1166.78,1326.458,14.4726712328767
"306","arsltarmdcrnatw",2019,306,0.35357,14.4914109589041,1166.78,1326.458,14.4726712328767
"307","arsltarmdcrnatw",2019,307,0.353,14.4914109589041,1166.78,1326.458,14.4726712328767
"308","arsltarmdcrnatw",2019,308,0.35241,14.4914109589041,1166.78,1326.458,14.4726712328767
"309","arsltarmdcrnatw",2019,309,0.3518,14.4914109589041,1166.78,1326.458,14.4726712328767
"310","arsltarmdcrnatw",2019,310,0.35119,14.4914109589041,1166.78,1326.458,14.4726712328767
"311","arsltarmdcrnatw",2019,311,0.35056,14.4914109589041,1166.78,1326.458,14.4726712328767
"312","arsltarmdcrnatw",2019,312,0.34994,14.4914109589041,1166.78,1326.458,14.4726712328767
"313","arsltarmdcrnatw",2019,313,0.34929,14.4914109589041,1166.78,1326.458,14.4726712328767
"314","arsltarmdcrnatw",2019,314,0.34859,14.4914109589041,1166.78,1326.458,14.4726712328767
"315","arsltarmdcrnatw",2019,315,0.34788,14.4914109589041,1166.78,1326.458,14.4726712328767
"316","arsltarmdcrnatw",2019,316,0.34717,14.4914109589041,1166.78,1326.458,14.4726712328767
"317","arsltarmdcrnatw",2019,317,0.3465,14.4914109589041,1166.78,1326.458,14.4726712328767
"318","arsltarmdcrnatw",2019,318,0.34583,14.4914109589041,1166.78,1326.458,14.4726712328767
"319","arsltarmdcrnatw",2019,319,0.34515,14.4914109589041,1166.78,1326.458,14.4726712328767
"320","arsltarmdcrnatw",2019,320,0.34447,14.4914109589041,1166.78,1326.458,14.4726712328767
"321","arsltarmdcrnatw",2019,321,0.34381,14.4914109589041,1166.78,1326.458,14.4726712328767
"322","arsltarmdcrnatw",2019,322,0.34317,14.4914109589041,1166.78,1326.458,14.4726712328767
"323","arsltarmdcrnatw",2019,323,0.34253,14.4914109589041,1166.78,1326.458,14.4726712328767
"324","arsltarmdcrnatw",2019,324,0.34186,14.4914109589041,1166.78,1326.458,14.4726712328767
"325","arsltarmdcrnatw",2019,325,0.34117,14.4914109589041,1166.78,1326.458,14.4726712328767
"326","arsltarmdcrnatw",2019,326,0.34048,14.4914109589041,1166.78,1326.458,14.4726712328767
"327","arsltarmdcrnatw",2019,327,0.33981,14.4914109589041,1166.78,1326.458,14.4726712328767
"328","arsltarmdcrnatw",2019,328,0.33915,14.4914109589041,1166.78,1326.458,14.4726712328767
"329","arsltarmdcrnatw",2019,329,0.33854,14.4914109589041,1166.78,1326.458,14.4726712328767
"330","arsltarmdcrnatw",2019,330,0.33798,14.4914109589041,1166.78,1326.458,14.4726712328767
"331","arsltarmdcrnatw",2019,331,0.33749,14.4914109589041,1166.78,1326.458,14.4726712328767
"332","arsltarmdcrnatw",2019,332,0.33704,14.4914109589041,1166.78,1326.458,14.4726712328767
"333","arsltarmdcrnatw",2019,333,0.3366,14.4914109589041,1166.78,1326.458,14.4726712328767
"334","arsltarmdcrnatw",2019,334,0.33619,14.4914109589041,1166.78,1326.458,14.4726712328767
"335","arsltarmdcrnatw",2019,335,0.33581,14.4914109589041,1166.78,1326.458,14.4726712328767
"336","arsltarmdcrnatw",2019,336,0.33547,14.4914109589041,1166.78,1326.458,14.4726712328767
"337","arsltarmdcrnatw",2019,337,0.33518,14.4914109589041,1166.78,1326.458,14.4726712328767
"338","arsltarmdcrnatw",2019,338,0.33493,14.4914109589041,1166.78,1326.458,14.4726712328767
"339","arsltarmdcrnatw",2019,339,0.33472,14.4914109589041,1166.78,1326.458,14.4726712328767
"340","arsltarmdcrnatw",2019,340,0.33454,14.4914109589041,1166.78,1326.458,14.4726712328767
"341","arsltarmdcrnatw",2019,341,0.33436,14.4914109589041,1166.78,1326.458,14.4726712328767
"342","arsltarmdcrnatw",2019,342,0.33423,14.4914109589041,1166.78,1326.458,14.4726712328767
"343","arsltarmdcrnatw",2019,343,0.33416,14.4914109589041,1166.78,1326.458,14.4726712328767
"344","arsltarmdcrnatw",2019,344,0.33412,14.4914109589041,1166.78,1326.458,14.4726712328767
"345","arsltarmdcrnatw",2019,345,0.3341,14.4914109589041,1166.78,1326.458,14.4726712328767
"346","arsltarmdcrnatw",2019,346,0.33408,14.4914109589041,1166.78,1326.458,14.4726712328767
"347","arsltarmdcrnatw",2019,347,0.33407,14.4914109589041,1166.78,1326.458,14.4726712328767
"348","arsltarmdcrnatw",2019,348,0.33409,14.4914109589041,1166.78,1326.458,14.4726712328767
"349","arsltarmdcrnatw",2019,349,0.33415,14.4914109589041,1166.78,1326.458,14.4726712328767
"350","arsltarmdcrnatw",2019,350,0.33421,14.4914109589041,1166.78,1326.458,14.4726712328767
"351","arsltarmdcrnatw",2019,351,0.33428,14.4914109589041,1166.78,1326.458,14.4726712328767
"352","arsltarmdcrnatw",2019,352,0.33436,14.4914109589041,1166.78,1326.458,14.4726712328767
"353","arsltarmdcrnatw",2019,353,0.33449,14.4914109589041,1166.78,1326.458,14.4726712328767
"354","arsltarmdcrnatw",2019,354,0.33463,14.4914109589041,1166.78,1326.458,14.4726712328767
"355","arsltarmdcrnatw",2019,355,0.33477,14.4914109589041,1166.78,1326.458,14.4726712328767
"356","arsltarmdcrnatw",2019,356,0.33491,14.4914109589041,1166.78,1326.458,14.4726712328767
"357","arsltarmdcrnatw",2019,357,0.33506,14.4914109589041,1166.78,1326.458,14.4726712328767
"358","arsltarmdcrnatw",2019,358,0.33526,14.4914109589041,1166.78,1326.458,14.4726712328767
"359","arsltarmdcrnatw",2019,359,0.33548,14.4914109589041,1166.78,1326.458,14.4726712328767
"360","arsltarmdcrnatw",2019,360,0.3357,14.4914109589041,1166.78,1326.458,14.4726712328767
"361","arsltarmdcrnatw",2019,361,0.33588,14.4914109589041,1166.78,1326.458,14.4726712328767
"362","arsltarmdcrnatw",2019,362,0.33605,14.4914109589041,1166.78,1326.458,14.4726712328767
"363","arsltarmdcrnatw",2019,363,0.33623,14.4914109589041,1166.78,1326.458,14.4726712328767
"364","arsltarmdcrnatw",2019,364,0.33644,14.4914109589041,1166.78,1326.458,14.4726712328767
"365","arsltarmdcrnatw",2019,365,0.33664,14.4914109589041,1166.78,1326.458,14.4726712328767
"366","arsltarmdcrnatw",2020,1,0.33686,14.5913561643836,1754.53,1326.458,14.4726712328767
"367","arsltarmdcrnatw",2020,2,0.33706,14.5913561643836,1754.53,1326.458,14.4726712328767
"368","arsltarmdcrnatw",2020,3,0.33726,14.5913561643836,1754.53,1326.458,14.4726712328767
"369","arsltarmdcrnatw",2020,4,0.33744,14.5913561643836,1754.53,1326.458,14.4726712328767
"370","arsltarmdcrnatw",2020,5,0.33759,14.5913561643836,1754.53,1326.458,14.4726712328767
"371","arsltarmdcrnatw",2020,6,0.33771,14.5913561643836,1754.53,1326.458,14.4726712328767
"372","arsltarmdcrnatw",2020,7,0.33779,14.5913561643836,1754.53,1326.458,14.4726712328767
"373","arsltarmdcrnatw",2020,8,0.33785,14.5913561643836,1754.53,1326.458,14.4726712328767
"374","arsltarmdcrnatw",2020,9,0.33792,14.5913561643836,1754.53,1326.458,14.4726712328767
"375","arsltarmdcrnatw",2020,10,0.33803,14.5913561643836,1754.53,1326.458,14.4726712328767
"376","arsltarmdcrnatw",2020,11,0.33814,14.5913561643836,1754.53,1326.458,14.4726712328767
"377","arsltarmdcrnatw",2020,12,0.33824,14.5913561643836,1754.53,1326.458,14.4726712328767
"378","arsltarmdcrnatw",2020,13,0.33833,14.5913561643836,1754.53,1326.458,14.4726712328767
"379","arsltarmdcrnatw",2020,14,0.33842,14.5913561643836,1754.53,1326.458,14.4726712328767
"380","arsltarmdcrnatw",2020,15,0.33854,14.5913561643836,1754.53,1326.458,14.4726712328767
"381","arsltarmdcrnatw",2020,16,0.33868,14.5913561643836,1754.53,1326.458,14.4726712328767
"382","arsltarmdcrnatw",2020,17,0.33886,14.5913561643836,1754.53,1326.458,14.4726712328767
"383","arsltarmdcrnatw",2020,18,0.33904,14.5913561643836,1754.53,1326.458,14.4726712328767
"384","arsltarmdcrnatw",2020,19,0.33922,14.5913561643836,1754.53,1326.458,14.4726712328767
"385","arsltarmdcrnatw",2020,20,0.33936,14.5913561643836,1754.53,1326.458,14.4726712328767
"386","arsltarmdcrnatw",2020,21,0.33952,14.5913561643836,1754.53,1326.458,14.4726712328767
"387","arsltarmdcrnatw",2020,22,0.33971,14.5913561643836,1754.53,1326.458,14.4726712328767
"388","arsltarmdcrnatw",2020,23,0.33991,14.5913561643836,1754.53,1326.458,14.4726712328767
"389","arsltarmdcrnatw",2020,24,0.34008,14.5913561643836,1754.53,1326.458,14.4726712328767
"390","arsltarmdcrnatw",2020,25,0.34021,14.5913561643836,1754.53,1326.458,14.4726712328767
"391","arsltarmdcrnatw",2020,26,0.3403,14.5913561643836,1754.53,1326.458,14.4726712328767
"392","arsltarmdcrnatw",2020,27,0.34038,14.5913561643836,1754.53,1326.458,14.4726712328767
"393","arsltarmdcrnatw",2020,28,0.34045,14.5913561643836,1754.53,1326.458,14.4726712328767
"394","arsltarmdcrnatw",2020,29,0.34051,14.5913561643836,1754.53,1326.458,14.4726712328767
"395","arsltarmdcrnatw",2020,30,0.34057,14.5913561643836,1754.53,1326.458,14.4726712328767
"396","arsltarmdcrnatw",2020,31,0.34059,14.5913561643836,1754.53,1326.458,14.4726712328767
"397","arsltarmdcrnatw",2020,32,0.34058,14.5913561643836,1754.53,1326.458,14.4726712328767
"398","arsltarmdcrnatw",2020,33,0.34056,14.5913561643836,1754.53,1326.458,14.4726712328767
"399","arsltarmdcrnatw",2020,34,0.34053,14.5913561643836,1754.53,1326.458,14.4726712328767
"400","arsltarmdcrnatw",2020,35,0.34053,14.5913561643836,1754.53,1326.458,14.4726712328767
"401","arsltarmdcrnatw",2020,36,0.34053,14.5913561643836,1754.53,1326.458,14.4726712328767
"402","arsltarmdcrnatw",2020,37,0.34051,14.5913561643836,1754.53,1326.458,14.4726712328767
"403","arsltarmdcrnatw",2020,38,0.34046,14.5913561643836,1754.53,1326.458,14.4726712328767
"404","arsltarmdcrnatw",2020,39,0.3404,14.5913561643836,1754.53,1326.458,14.4726712328767
"405","arsltarmdcrnatw",2020,40,0.34034,14.5913561643836,1754.53,1326.458,14.4726712328767
"406","arsltarmdcrnatw",2020,41,0.34029,14.5913561643836,1754.53,1326.458,14.4726712328767
"407","arsltarmdcrnatw",2020,42,0.34025,14.5913561643836,1754.53,1326.458,14.4726712328767
"408","arsltarmdcrnatw",2020,43,0.34022,14.5913561643836,1754.53,1326.458,14.4726712328767
"409","arsltarmdcrnatw",2020,44,0.34023,14.5913561643836,1754.53,1326.458,14.4726712328767
"410","arsltarmdcrnatw",2020,45,0.34026,14.5913561643836,1754.53,1326.458,14.4726712328767
"411","arsltarmdcrnatw",2020,46,0.34031,14.5913561643836,1754.53,1326.458,14.4726712328767
"412","arsltarmdcrnatw",2020,47,0.34038,14.5913561643836,1754.53,1326.458,14.4726712328767
"413","arsltarmdcrnatw",2020,48,0.34045,14.5913561643836,1754.53,1326.458,14.4726712328767
"414","arsltarmdcrnatw",2020,49,0.3405,14.5913561643836,1754.53,1326.458,14.4726712328767
"415","arsltarmdcrnatw",2020,50,0.34056,14.5913561643836,1754.53,1326.458,14.4726712328767
"416","arsltarmdcrnatw",2020,51,0.34064,14.5913561643836,1754.53,1326.458,14.4726712328767
"417","arsltarmdcrnatw",2020,52,0.34073,14.5913561643836,1754.53,1326.458,14.4726712328767
"418","arsltarmdcrnatw",2020,53,0.34082,14.5913561643836,1754.53,1326.458,14.4726712328767
"419","arsltarmdcrnatw",2020,54,0.3409,14.5913561643836,1754.53,1326.458,14.4726712328767
"420","arsltarmdcrnatw",2020,55,0.34096,14.5913561643836,1754.53,1326.458,14.4726712328767
"421","arsltarmdcrnatw",2020,56,0.34102,14.5913561643836,1754.53,1326.458,14.4726712328767
"422","arsltarmdcrnatw",2020,57,0.34109,14.5913561643836,1754.53,1326.458,14.4726712328767
"423","arsltarmdcrnatw",2020,58,0.34115,14.5913561643836,1754.53,1326.458,14.4726712328767
"424","arsltarmdcrnatw",2020,59,0.34122,14.5913561643836,1754.53,1326.458,14.4726712328767
"425","arsltarmdcrnatw",2020,60,0.34128,14.5913561643836,1754.53,1326.458,14.4726712328767
"426","arsltarmdcrnatw",2020,61,0.34135,14.5913561643836,1754.53,1326.458,14.4726712328767
"427","arsltarmdcrnatw",2020,62,0.34142,14.5913561643836,1754.53,1326.458,14.4726712328767
"428","arsltarmdcrnatw",2020,63,0.34149,14.5913561643836,1754.53,1326.458,14.4726712328767
"429","arsltarmdcrnatw",2020,64,0.34157,14.5913561643836,1754.53,1326.458,14.4726712328767
"430","arsltarmdcrnatw",2020,65,0.34168,14.5913561643836,1754.53,1326.458,14.4726712328767
"431","arsltarmdcrnatw",2020,66,0.34179,14.5913561643836,1754.53,1326.458,14.4726712328767
"432","arsltarmdcrnatw",2020,67,0.34189,14.5913561643836,1754.53,1326.458,14.4726712328767
"433","arsltarmdcrnatw",2020,68,0.34197,14.5913561643836,1754.53,1326.458,14.4726712328767
"434","arsltarmdcrnatw",2020,69,0.34201,14.5913561643836,1754.53,1326.458,14.4726712328767
"435","arsltarmdcrnatw",2020,70,0.34204,14.5913561643836,1754.53,1326.458,14.4726712328767
"436","arsltarmdcrnatw",2020,71,0.34205,14.5913561643836,1754.53,1326.458,14.4726712328767
"437","arsltarmdcrnatw",2020,72,0.34208,14.5913561643836,1754.53,1326.458,14.4726712328767
"438","arsltarmdcrnatw",2020,73,0.34212,14.5913561643836,1754.53,1326.458,14.4726712328767
"439","arsltarmdcrnatw",2020,74,0.34215,14.5913561643836,1754.53,1326.458,14.4726712328767
"440","arsltarmdcrnatw",2020,75,0.34216,14.5913561643836,1754.53,1326.458,14.4726712328767
"441","arsltarmdcrnatw",2020,76,0.34216,14.5913561643836,1754.53,1326.458,14.4726712328767
"442","arsltarmdcrnatw",2020,77,0.34215,14.5913561643836,1754.53,1326.458,14.4726712328767
"443","arsltarmdcrnatw",2020,78,0.34214,14.5913561643836,1754.53,1326.458,14.4726712328767
"444","arsltarmdcrnatw",2020,79,0.34215,14.5913561643836,1754.53,1326.458,14.4726712328767
"445","arsltarmdcrnatw",2020,80,0.34218,14.5913561643836,1754.53,1326.458,14.4726712328767
"446","arsltarmdcrnatw",2020,81,0.34224,14.5913561643836,1754.53,1326.458,14.4726712328767
"447","arsltarmdcrnatw",2020,82,0.34235,14.5913561643836,1754.53,1326.458,14.4726712328767
"448","arsltarmdcrnatw",2020,83,0.34245,14.5913561643836,1754.53,1326.458,14.4726712328767
"449","arsltarmdcrnatw",2020,84,0.34252,14.5913561643836,1754.53,1326.458,14.4726712328767
"450","arsltarmdcrnatw",2020,85,0.34258,14.5913561643836,1754.53,1326.458,14.4726712328767
"451","arsltarmdcrnatw",2020,86,0.34268,14.5913561643836,1754.53,1326.458,14.4726712328767
"452","arsltarmdcrnatw",2020,87,0.34286,14.5913561643836,1754.53,1326.458,14.4726712328767
"453","arsltarmdcrnatw",2020,88,0.34308,14.5913561643836,1754.53,1326.458,14.4726712328767
"454","arsltarmdcrnatw",2020,89,0.34328,14.5913561643836,1754.53,1326.458,14.4726712328767
"455","arsltarmdcrnatw",2020,90,0.3435,14.5913561643836,1754.53,1326.458,14.4726712328767
"456","arsltarmdcrnatw",2020,91,0.34376,14.5913561643836,1754.53,1326.458,14.4726712328767
"457","arsltarmdcrnatw",2020,92,0.34411,14.5913561643836,1754.53,1326.458,14.4726712328767
"458","arsltarmdcrnatw",2020,93,0.3445,14.5913561643836,1754.53,1326.458,14.4726712328767
"459","arsltarmdcrnatw",2020,94,0.34488,14.5913561643836,1754.53,1326.458,14.4726712328767
"460","arsltarmdcrnatw",2020,95,0.3453,14.5913561643836,1754.53,1326.458,14.4726712328767
"461","arsltarmdcrnatw",2020,96,0.34577,14.5913561643836,1754.53,1326.458,14.4726712328767
"462","arsltarmdcrnatw",2020,97,0.34633,14.5913561643836,1754.53,1326.458,14.4726712328767
"463","arsltarmdcrnatw",2020,98,0.34692,14.5913561643836,1754.53,1326.458,14.4726712328767
"464","arsltarmdcrnatw",2020,99,0.34748,14.5913561643836,1754.53,1326.458,14.4726712328767
"465","arsltarmdcrnatw",2020,100,0.34808,14.5913561643836,1754.53,1326.458,14.4726712328767
"466","arsltarmdcrnatw",2020,101,0.34875,14.5913561643836,1754.53,1326.458,14.4726712328767
"467","arsltarmdcrnatw",2020,102,0.34957,14.5913561643836,1754.53,1326.458,14.4726712328767
"468","arsltarmdcrnatw",2020,103,0.35048,14.5913561643836,1754.53,1326.458,14.4726712328767
"469","arsltarmdcrnatw",2020,104,0.35141,14.5913561643836,1754.53,1326.458,14.4726712328767
"470","arsltarmdcrnatw",2020,105,0.35239,14.5913561643836,1754.53,1326.458,14.4726712328767
"471","arsltarmdcrnatw",2020,106,0.35345,14.5913561643836,1754.53,1326.458,14.4726712328767
"472","arsltarmdcrnatw",2020,107,0.35464,14.5913561643836,1754.53,1326.458,14.4726712328767
"473","arsltarmdcrnatw",2020,108,0.35601,14.5913561643836,1754.53,1326.458,14.4726712328767
"474","arsltarmdcrnatw",2020,109,0.35757,14.5913561643836,1754.53,1326.458,14.4726712328767
"475","arsltarmdcrnatw",2020,110,0.35923,14.5913561643836,1754.53,1326.458,14.4726712328767
"476","arsltarmdcrnatw",2020,111,0.3609,14.5913561643836,1754.53,1326.458,14.4726712328767
"477","arsltarmdcrnatw",2020,112,0.36251,14.5913561643836,1754.53,1326.458,14.4726712328767
"478","arsltarmdcrnatw",2020,113,0.36416,14.5913561643836,1754.53,1326.458,14.4726712328767
"479","arsltarmdcrnatw",2020,114,0.36599,14.5913561643836,1754.53,1326.458,14.4726712328767
"480","arsltarmdcrnatw",2020,115,0.36795,14.5913561643836,1754.53,1326.458,14.4726712328767
"481","arsltarmdcrnatw",2020,116,0.36999,14.5913561643836,1754.53,1326.458,14.4726712328767
"482","arsltarmdcrnatw",2020,117,0.37206,14.5913561643836,1754.53,1326.458,14.4726712328767
"483","arsltarmdcrnatw",2020,118,0.37412,14.5913561643836,1754.53,1326.458,14.4726712328767
"484","arsltarmdcrnatw",2020,119,0.3761,14.5913561643836,1754.53,1326.458,14.4726712328767
"485","arsltarmdcrnatw",2020,120,0.37795,14.5913561643836,1754.53,1326.458,14.4726712328767
"486","arsltarmdcrnatw",2020,121,0.37964,14.5913561643836,1754.53,1326.458,14.4726712328767
"487","arsltarmdcrnatw",2020,122,0.38127,14.5913561643836,1754.53,1326.458,14.4726712328767
"488","arsltarmdcrnatw",2020,123,0.38296,14.5913561643836,1754.53,1326.458,14.4726712328767
"489","arsltarmdcrnatw",2020,124,0.38464,14.5913561643836,1754.53,1326.458,14.4726712328767
"490","arsltarmdcrnatw",2020,125,0.38625,14.5913561643836,1754.53,1326.458,14.4726712328767
"491","arsltarmdcrnatw",2020,126,0.38773,14.5913561643836,1754.53,1326.458,14.4726712328767
"492","arsltarmdcrnatw",2020,127,0.3891,14.5913561643836,1754.53,1326.458,14.4726712328767
"493","arsltarmdcrnatw",2020,128,0.3904,14.5913561643836,1754.53,1326.458,14.4726712328767
"494","arsltarmdcrnatw",2020,129,0.39164,14.5913561643836,1754.53,1326.458,14.4726712328767
"495","arsltarmdcrnatw",2020,130,0.39284,14.5913561643836,1754.53,1326.458,14.4726712328767
"496","arsltarmdcrnatw",2020,131,0.394,14.5913561643836,1754.53,1326.458,14.4726712328767
"497","arsltarmdcrnatw",2020,132,0.39509,14.5913561643836,1754.53,1326.458,14.4726712328767
"498","arsltarmdcrnatw",2020,133,0.39609,14.5913561643836,1754.53,1326.458,14.4726712328767
"499","arsltarmdcrnatw",2020,134,0.39703,14.5913561643836,1754.53,1326.458,14.4726712328767
"500","arsltarmdcrnatw",2020,135,0.39793,14.5913561643836,1754.53,1326.458,14.4726712328767
"501","arsltarmdcrnatw",2020,136,0.3988,14.5913561643836,1754.53,1326.458,14.4726712328767
"502","arsltarmdcrnatw",2020,137,0.39967,14.5913561643836,1754.53,1326.458,14.4726712328767
"503","arsltarmdcrnatw",2020,138,0.40054,14.5913561643836,1754.53,1326.458,14.4726712328767
"504","arsltarmdcrnatw",2020,139,0.40136,14.5913561643836,1754.53,1326.458,14.4726712328767
"505","arsltarmdcrnatw",2020,140,0.40212,14.5913561643836,1754.53,1326.458,14.4726712328767
"506","arsltarmdcrnatw",2020,141,0.40278,14.5913561643836,1754.53,1326.458,14.4726712328767
"507","arsltarmdcrnatw",2020,142,0.40339,14.5913561643836,1754.53,1326.458,14.4726712328767
"508","arsltarmdcrnatw",2020,143,0.40399,14.5913561643836,1754.53,1326.458,14.4726712328767
"509","arsltarmdcrnatw",2020,144,0.40455,14.5913561643836,1754.53,1326.458,14.4726712328767
"510","arsltarmdcrnatw",2020,145,0.40505,14.5913561643836,1754.53,1326.458,14.4726712328767
"511","arsltarmdcrnatw",2020,146,0.40543,14.5913561643836,1754.53,1326.458,14.4726712328767
"512","arsltarmdcrnatw",2020,147,0.40568,14.5913561643836,1754.53,1326.458,14.4726712328767
"513","arsltarmdcrnatw",2020,148,0.4058,14.5913561643836,1754.53,1326.458,14.4726712328767
"514","arsltarmdcrnatw",2020,149,0.40584,14.5913561643836,1754.53,1326.458,14.4726712328767
"515","arsltarmdcrnatw",2020,150,0.40585,14.5913561643836,1754.53,1326.458,14.4726712328767
"516","arsltarmdcrnatw",2020,151,0.40588,14.5913561643836,1754.53,1326.458,14.4726712328767
"517","arsltarmdcrnatw",2020,152,0.40584,14.5913561643836,1754.53,1326.458,14.4726712328767
"518","arsltarmdcrnatw",2020,153,0.40568,14.5913561643836,1754.53,1326.458,14.4726712328767
"519","arsltarmdcrnatw",2020,154,0.40541,14.5913561643836,1754.53,1326.458,14.4726712328767
"520","arsltarmdcrnatw",2020,155,0.40507,14.5913561643836,1754.53,1326.458,14.4726712328767
"521","arsltarmdcrnatw",2020,156,0.4047,14.5913561643836,1754.53,1326.458,14.4726712328767
"522","arsltarmdcrnatw",2020,157,0.40432,14.5913561643836,1754.53,1326.458,14.4726712328767
"523","arsltarmdcrnatw",2020,158,0.40398,14.5913561643836,1754.53,1326.458,14.4726712328767
"524","arsltarmdcrnatw",2020,159,0.40371,14.5913561643836,1754.53,1326.458,14.4726712328767
"525","arsltarmdcrnatw",2020,160,0.40354,14.5913561643836,1754.53,1326.458,14.4726712328767
"526","arsltarmdcrnatw",2020,161,0.40344,14.5913561643836,1754.53,1326.458,14.4726712328767
"527","arsltarmdcrnatw",2020,162,0.40333,14.5913561643836,1754.53,1326.458,14.4726712328767
"528","arsltarmdcrnatw",2020,163,0.40323,14.5913561643836,1754.53,1326.458,14.4726712328767
"529","arsltarmdcrnatw",2020,164,0.40313,14.5913561643836,1754.53,1326.458,14.4726712328767
"530","arsltarmdcrnatw",2020,165,0.40303,14.5913561643836,1754.53,1326.458,14.4726712328767
"531","arsltarmdcrnatw",2020,166,0.40296,14.5913561643836,1754.53,1326.458,14.4726712328767
"532","arsltarmdcrnatw",2020,167,0.40296,14.5913561643836,1754.53,1326.458,14.4726712328767
"533","arsltarmdcrnatw",2020,168,0.40297,14.5913561643836,1754.53,1326.458,14.4726712328767
"534","arsltarmdcrnatw",2020,169,0.40296,14.5913561643836,1754.53,1326.458,14.4726712328767
"535","arsltarmdcrnatw",2020,170,0.4029,14.5913561643836,1754.53,1326.458,14.4726712328767
"536","arsltarmdcrnatw",2020,171,0.40282,14.5913561643836,1754.53,1326.458,14.4726712328767
"537","arsltarmdcrnatw",2020,172,0.40274,14.5913561643836,1754.53,1326.458,14.4726712328767
"538","arsltarmdcrnatw",2020,173,0.40267,14.5913561643836,1754.53,1326.458,14.4726712328767
"539","arsltarmdcrnatw",2020,174,0.4026,14.5913561643836,1754.53,1326.458,14.4726712328767
"540","arsltarmdcrnatw",2020,175,0.40251,14.5913561643836,1754.53,1326.458,14.4726712328767
"541","arsltarmdcrnatw",2020,176,0.40244,14.5913561643836,1754.53,1326.458,14.4726712328767
"542","arsltarmdcrnatw",2020,177,0.40239,14.5913561643836,1754.53,1326.458,14.4726712328767
"543","arsltarmdcrnatw",2020,178,0.40233,14.5913561643836,1754.53,1326.458,14.4726712328767
"544","arsltarmdcrnatw",2020,179,0.40226,14.5913561643836,1754.53,1326.458,14.4726712328767
"545","arsltarmdcrnatw",2020,180,0.40215,14.5913561643836,1754.53,1326.458,14.4726712328767
"546","arsltarmdcrnatw",2020,181,0.40203,14.5913561643836,1754.53,1326.458,14.4726712328767
"547","arsltarmdcrnatw",2020,182,0.40192,14.5913561643836,1754.53,1326.458,14.4726712328767
"548","arsltarmdcrnatw",2020,183,0.4018,14.5913561643836,1754.53,1326.458,14.4726712328767
"549","arsltarmdcrnatw",2020,184,0.40165,14.5913561643836,1754.53,1326.458,14.4726712328767
"550","arsltarmdcrnatw",2020,185,0.40142,14.5913561643836,1754.53,1326.458,14.4726712328767
"551","arsltarmdcrnatw",2020,186,0.40117,14.5913561643836,1754.53,1326.458,14.4726712328767
"552","arsltarmdcrnatw",2020,187,0.40093,14.5913561643836,1754.53,1326.458,14.4726712328767
"553","arsltarmdcrnatw",2020,188,0.40068,14.5913561643836,1754.53,1326.458,14.4726712328767
"554","arsltarmdcrnatw",2020,189,0.40038,14.5913561643836,1754.53,1326.458,14.4726712328767
"555","arsltarmdcrnatw",2020,190,0.40003,14.5913561643836,1754.53,1326.458,14.4726712328767
"556","arsltarmdcrnatw",2020,191,0.3996,14.5913561643836,1754.53,1326.458,14.4726712328767
"557","arsltarmdcrnatw",2020,192,0.39911,14.5913561643836,1754.53,1326.458,14.4726712328767
"558","arsltarmdcrnatw",2020,193,0.39856,14.5913561643836,1754.53,1326.458,14.4726712328767
"559","arsltarmdcrnatw",2020,194,0.39798,14.5913561643836,1754.53,1326.458,14.4726712328767
"560","arsltarmdcrnatw",2020,195,0.39737,14.5913561643836,1754.53,1326.458,14.4726712328767
"561","arsltarmdcrnatw",2020,196,0.39674,14.5913561643836,1754.53,1326.458,14.4726712328767
"562","arsltarmdcrnatw",2020,197,0.39611,14.5913561643836,1754.53,1326.458,14.4726712328767
"563","arsltarmdcrnatw",2020,198,0.39548,14.5913561643836,1754.53,1326.458,14.4726712328767
"564","arsltarmdcrnatw",2020,199,0.39488,14.5913561643836,1754.53,1326.458,14.4726712328767
"565","arsltarmdcrnatw",2020,200,0.39421,14.5913561643836,1754.53,1326.458,14.4726712328767
"566","arsltarmdcrnatw",2020,201,0.3934,14.5913561643836,1754.53,1326.458,14.4726712328767
"567","arsltarmdcrnatw",2020,202,0.39255,14.5913561643836,1754.53,1326.458,14.4726712328767
"568","arsltarmdcrnatw",2020,203,0.39175,14.5913561643836,1754.53,1326.458,14.4726712328767
"569","arsltarmdcrnatw",2020,204,0.39107,14.5913561643836,1754.53,1326.458,14.4726712328767
"570","arsltarmdcrnatw",2020,205,0.39044,14.5913561643836,1754.53,1326.458,14.4726712328767
"571","arsltarmdcrnatw",2020,206,0.38978,14.5913561643836,1754.53,1326.458,14.4726712328767
"572","arsltarmdcrnatw",2020,207,0.38911,14.5913561643836,1754.53,1326.458,14.4726712328767
"573","arsltarmdcrnatw",2020,208,0.38847,14.5913561643836,1754.53,1326.458,14.4726712328767
"574","arsltarmdcrnatw",2020,209,0.38792,14.5913561643836,1754.53,1326.458,14.4726712328767
"575","arsltarmdcrnatw",2020,210,0.38746,14.5913561643836,1754.53,1326.458,14.4726712328767
"576","arsltarmdcrnatw",2020,211,0.38705,14.5913561643836,1754.53,1326.458,14.4726712328767
"577","arsltarmdcrnatw",2020,212,0.3867,14.5913561643836,1754.53,1326.458,14.4726712328767
"578","arsltarmdcrnatw",2020,213,0.38639,14.5913561643836,1754.53,1326.458,14.4726712328767
"579","arsltarmdcrnatw",2020,214,0.3861,14.5913561643836,1754.53,1326.458,14.4726712328767
"580","arsltarmdcrnatw",2020,215,0.38584,14.5913561643836,1754.53,1326.458,14.4726712328767
"581","arsltarmdcrnatw",2020,216,0.38559,14.5913561643836,1754.53,1326.458,14.4726712328767
"582","arsltarmdcrnatw",2020,217,0.38534,14.5913561643836,1754.53,1326.458,14.4726712328767
"583","arsltarmdcrnatw",2020,218,0.38507,14.5913561643836,1754.53,1326.458,14.4726712328767
"584","arsltarmdcrnatw",2020,219,0.38486,14.5913561643836,1754.53,1326.458,14.4726712328767
"585","arsltarmdcrnatw",2020,220,0.38473,14.5913561643836,1754.53,1326.458,14.4726712328767
"586","arsltarmdcrnatw",2020,221,0.38464,14.5913561643836,1754.53,1326.458,14.4726712328767
"587","arsltarmdcrnatw",2020,222,0.38452,14.5913561643836,1754.53,1326.458,14.4726712328767
"588","arsltarmdcrnatw",2020,223,0.38433,14.5913561643836,1754.53,1326.458,14.4726712328767
"589","arsltarmdcrnatw",2020,224,0.38411,14.5913561643836,1754.53,1326.458,14.4726712328767
"590","arsltarmdcrnatw",2020,225,0.38392,14.5913561643836,1754.53,1326.458,14.4726712328767
"591","arsltarmdcrnatw",2020,226,0.38373,14.5913561643836,1754.53,1326.458,14.4726712328767
"592","arsltarmdcrnatw",2020,227,0.38352,14.5913561643836,1754.53,1326.458,14.4726712328767
"593","arsltarmdcrnatw",2020,228,0.38327,14.5913561643836,1754.53,1326.458,14.4726712328767
"594","arsltarmdcrnatw",2020,229,0.38297,14.5913561643836,1754.53,1326.458,14.4726712328767
"595","arsltarmdcrnatw",2020,230,0.38263,14.5913561643836,1754.53,1326.458,14.4726712328767
"596","arsltarmdcrnatw",2020,231,0.38227,14.5913561643836,1754.53,1326.458,14.4726712328767
"597","arsltarmdcrnatw",2020,232,0.3819,14.5913561643836,1754.53,1326.458,14.4726712328767
"598","arsltarmdcrnatw",2020,233,0.38152,14.5913561643836,1754.53,1326.458,14.4726712328767
"599","arsltarmdcrnatw",2020,234,0.38115,14.5913561643836,1754.53,1326.458,14.4726712328767
"600","arsltarmdcrnatw",2020,235,0.38078,14.5913561643836,1754.53,1326.458,14.4726712328767
"601","arsltarmdcrnatw",2020,236,0.38044,14.5913561643836,1754.53,1326.458,14.4726712328767
"602","arsltarmdcrnatw",2020,237,0.38012,14.5913561643836,1754.53,1326.458,14.4726712328767
"603","arsltarmdcrnatw",2020,238,0.37977,14.5913561643836,1754.53,1326.458,14.4726712328767
"604","arsltarmdcrnatw",2020,239,0.37937,14.5913561643836,1754.53,1326.458,14.4726712328767
"605","arsltarmdcrnatw",2020,240,0.37895,14.5913561643836,1754.53,1326.458,14.4726712328767
"606","arsltarmdcrnatw",2020,241,0.37856,14.5913561643836,1754.53,1326.458,14.4726712328767
"607","arsltarmdcrnatw",2020,242,0.37823,14.5913561643836,1754.53,1326.458,14.4726712328767
"608","arsltarmdcrnatw",2020,243,0.378,14.5913561643836,1754.53,1326.458,14.4726712328767
"609","arsltarmdcrnatw",2020,244,0.37784,14.5913561643836,1754.53,1326.458,14.4726712328767
"610","arsltarmdcrnatw",2020,245,0.37769,14.5913561643836,1754.53,1326.458,14.4726712328767
"611","arsltarmdcrnatw",2020,246,0.37753,14.5913561643836,1754.53,1326.458,14.4726712328767
"612","arsltarmdcrnatw",2020,247,0.37731,14.5913561643836,1754.53,1326.458,14.4726712328767
"613","arsltarmdcrnatw",2020,248,0.37709,14.5913561643836,1754.53,1326.458,14.4726712328767
"614","arsltarmdcrnatw",2020,249,0.37694,14.5913561643836,1754.53,1326.458,14.4726712328767
"615","arsltarmdcrnatw",2020,250,0.3768,14.5913561643836,1754.53,1326.458,14.4726712328767
"616","arsltarmdcrnatw",2020,251,0.37664,14.5913561643836,1754.53,1326.458,14.4726712328767
"617","arsltarmdcrnatw",2020,252,0.3764,14.5913561643836,1754.53,1326.458,14.4726712328767
"618","arsltarmdcrnatw",2020,253,0.37611,14.5913561643836,1754.53,1326.458,14.4726712328767
"619","arsltarmdcrnatw",2020,254,0.37581,14.5913561643836,1754.53,1326.458,14.4726712328767
"620","arsltarmdcrnatw",2020,255,0.3755,14.5913561643836,1754.53,1326.458,14.4726712328767
"621","arsltarmdcrnatw",2020,256,0.37519,14.5913561643836,1754.53,1326.458,14.4726712328767
"622","arsltarmdcrnatw",2020,257,0.37489,14.5913561643836,1754.53,1326.458,14.4726712328767
"623","arsltarmdcrnatw",2020,258,0.3746,14.5913561643836,1754.53,1326.458,14.4726712328767
"624","arsltarmdcrnatw",2020,259,0.37432,14.5913561643836,1754.53,1326.458,14.4726712328767
"625","arsltarmdcrnatw",2020,260,0.37404,14.5913561643836,1754.53,1326.458,14.4726712328767
"626","arsltarmdcrnatw",2020,261,0.37374,14.5913561643836,1754.53,1326.458,14.4726712328767
"627","arsltarmdcrnatw",2020,262,0.37339,14.5913561643836,1754.53,1326.458,14.4726712328767
"628","arsltarmdcrnatw",2020,263,0.37301,14.5913561643836,1754.53,1326.458,14.4726712328767
"629","arsltarmdcrnatw",2020,264,0.37259,14.5913561643836,1754.53,1326.458,14.4726712328767
"630","arsltarmdcrnatw",2020,265,0.37214,14.5913561643836,1754.53,1326.458,14.4726712328767
"631","arsltarmdcrnatw",2020,266,0.37169,14.5913561643836,1754.53,1326.458,14.4726712328767
"632","arsltarmdcrnatw",2020,267,0.37123,14.5913561643836,1754.53,1326.458,14.4726712328767
"633","arsltarmdcrnatw",2020,268,0.37075,14.5913561643836,1754.53,1326.458,14.4726712328767
"634","arsltarmdcrnatw",2020,269,0.37024,14.5913561643836,1754.53,1326.458,14.4726712328767
"635","arsltarmdcrnatw",2020,270,0.3697,14.5913561643836,1754.53,1326.458,14.4726712328767
"636","arsltarmdcrnatw",2020,271,0.36915,14.5913561643836,1754.53,1326.458,14.4726712328767
"637","arsltarmdcrnatw",2020,272,0.3686,14.5913561643836,1754.53,1326.458,14.4726712328767
"638","arsltarmdcrnatw",2020,273,0.36806,14.5913561643836,1754.53,1326.458,14.4726712328767
"639","arsltarmdcrnatw",2020,274,0.36754,14.5913561643836,1754.53,1326.458,14.4726712328767
"640","arsltarmdcrnatw",2020,275,0.36705,14.5913561643836,1754.53,1326.458,14.4726712328767
"641","arsltarmdcrnatw",2020,276,0.3666,14.5913561643836,1754.53,1326.458,14.4726712328767
"642","arsltarmdcrnatw",2020,277,0.36612,14.5913561643836,1754.53,1326.458,14.4726712328767
"643","arsltarmdcrnatw",2020,278,0.36557,14.5913561643836,1754.53,1326.458,14.4726712328767
"644","arsltarmdcrnatw",2020,279,0.36502,14.5913561643836,1754.53,1326.458,14.4726712328767
"645","arsltarmdcrnatw",2020,280,0.3645,14.5913561643836,1754.53,1326.458,14.4726712328767
"646","arsltarmdcrnatw",2020,281,0.36407,14.5913561643836,1754.53,1326.458,14.4726712328767
"647","arsltarmdcrnatw",2020,282,0.36367,14.5913561643836,1754.53,1326.458,14.4726712328767
"648","arsltarmdcrnatw",2020,283,0.36323,14.5913561643836,1754.53,1326.458,14.4726712328767
"649","arsltarmdcrnatw",2020,284,0.36278,14.5913561643836,1754.53,1326.458,14.4726712328767
"650","arsltarmdcrnatw",2020,285,0.36237,14.5913561643836,1754.53,1326.458,14.4726712328767
"651","arsltarmdcrnatw",2020,286,0.36204,14.5913561643836,1754.53,1326.458,14.4726712328767
"652","arsltarmdcrnatw",2020,287,0.36189,14.5913561643836,1754.53,1326.458,14.4726712328767
"653","arsltarmdcrnatw",2020,288,0.36192,14.5913561643836,1754.53,1326.458,14.4726712328767
"654","arsltarmdcrnatw",2020,289,0.36203,14.5913561643836,1754.53,1326.458,14.4726712328767
"655","arsltarmdcrnatw",2020,290,0.36209,14.5913561643836,1754.53,1326.458,14.4726712328767
"656","arsltarmdcrnatw",2020,291,0.36199,14.5913561643836,1754.53,1326.458,14.4726712328767
"657","arsltarmdcrnatw",2020,292,0.36191,14.5913561643836,1754.53,1326.458,14.4726712328767
"658","arsltarmdcrnatw",2020,293,0.36199,14.5913561643836,1754.53,1326.458,14.4726712328767
"659","arsltarmdcrnatw",2020,294,0.36211,14.5913561643836,1754.53,1326.458,14.4726712328767
"660","arsltarmdcrnatw",2020,295,0.36216,14.5913561643836,1754.53,1326.458,14.4726712328767
"661","arsltarmdcrnatw",2020,296,0.36199,14.5913561643836,1754.53,1326.458,14.4726712328767
"662","arsltarmdcrnatw",2020,297,0.36165,14.5913561643836,1754.53,1326.458,14.4726712328767
"663","arsltarmdcrnatw",2020,298,0.36126,14.5913561643836,1754.53,1326.458,14.4726712328767
"664","arsltarmdcrnatw",2020,299,0.36083,14.5913561643836,1754.53,1326.458,14.4726712328767
"665","arsltarmdcrnatw",2020,300,0.36037,14.5913561643836,1754.53,1326.458,14.4726712328767
"666","arsltarmdcrnatw",2020,301,0.35989,14.5913561643836,1754.53,1326.458,14.4726712328767
"667","arsltarmdcrnatw",2020,302,0.35934,14.5913561643836,1754.53,1326.458,14.4726712328767
"668","arsltarmdcrnatw",2020,303,0.35869,14.5913561643836,1754.53,1326.458,14.4726712328767
"669","arsltarmdcrnatw",2020,304,0.35799,14.5913561643836,1754.53,1326.458,14.4726712328767
"670","arsltarmdcrnatw",2020,305,0.35728,14.5913561643836,1754.53,1326.458,14.4726712328767
"671","arsltarmdcrnatw",2020,306,0.35661,14.5913561643836,1754.53,1326.458,14.4726712328767
"672","arsltarmdcrnatw",2020,307,0.35591,14.5913561643836,1754.53,1326.458,14.4726712328767
"673","arsltarmdcrnatw",2020,308,0.35512,14.5913561643836,1754.53,1326.458,14.4726712328767
"674","arsltarmdcrnatw",2020,309,0.35426,14.5913561643836,1754.53,1326.458,14.4726712328767
"675","arsltarmdcrnatw",2020,310,0.35335,14.5913561643836,1754.53,1326.458,14.4726712328767
"676","arsltarmdcrnatw",2020,311,0.35242,14.5913561643836,1754.53,1326.458,14.4726712328767
"677","arsltarmdcrnatw",2020,312,0.3515,14.5913561643836,1754.53,1326.458,14.4726712328767
"678","arsltarmdcrnatw",2020,313,0.35061,14.5913561643836,1754.53,1326.458,14.4726712328767
"679","arsltarmdcrnatw",2020,314,0.34977,14.5913561643836,1754.53,1326.458,14.4726712328767
"680","arsltarmdcrnatw",2020,315,0.34902,14.5913561643836,1754.53,1326.458,14.4726712328767
"681","arsltarmdcrnatw",2020,316,0.34834,14.5913561643836,1754.53,1326.458,14.4726712328767
"682","arsltarmdcrnatw",2020,317,0.34769,14.5913561643836,1754.53,1326.458,14.4726712328767
"683","arsltarmdcrnatw",2020,318,0.34705,14.5913561643836,1754.53,1326.458,14.4726712328767
"684","arsltarmdcrnatw",2020,319,0.34643,14.5913561643836,1754.53,1326.458,14.4726712328767
"685","arsltarmdcrnatw",2020,320,0.34581,14.5913561643836,1754.53,1326.458,14.4726712328767
"686","arsltarmdcrnatw",2020,321,0.34523,14.5913561643836,1754.53,1326.458,14.4726712328767
"687","arsltarmdcrnatw",2020,322,0.34472,14.5913561643836,1754.53,1326.458,14.4726712328767
"688","arsltarmdcrnatw",2020,323,0.34425,14.5913561643836,1754.53,1326.458,14.4726712328767
"689","arsltarmdcrnatw",2020,324,0.34376,14.5913561643836,1754.53,1326.458,14.4726712328767
"690","arsltarmdcrnatw",2020,325,0.34321,14.5913561643836,1754.53,1326.458,14.4726712328767
"691","arsltarmdcrnatw",2020,326,0.34259,14.5913561643836,1754.53,1326.458,14.4726712328767
"692","arsltarmdcrnatw",2020,327,0.34194,14.5913561643836,1754.53,1326.458,14.4726712328767
"693","arsltarmdcrnatw",2020,328,0.34129,14.5913561643836,1754.53,1326.458,14.4726712328767
"694","arsltarmdcrnatw",2020,329,0.34065,14.5913561643836,1754.53,1326.458,14.4726712328767
"695","arsltarmdcrnatw",2020,330,0.34005,14.5913561643836,1754.53,1326.458,14.4726712328767
"696","arsltarmdcrnatw",2020,331,0.33944,14.5913561643836,1754.53,1326.458,14.4726712328767
"697","arsltarmdcrnatw",2020,332,0.33879,14.5913561643836,1754.53,1326.458,14.4726712328767
"698","arsltarmdcrnatw",2020,333,0.33814,14.5913561643836,1754.53,1326.458,14.4726712328767
"699","arsltarmdcrnatw",2020,334,0.33753,14.5913561643836,1754.53,1326.458,14.4726712328767
"700","arsltarmdcrnatw",2020,335,0.33699,14.5913561643836,1754.53,1326.458,14.4726712328767
"701","arsltarmdcrnatw",2020,336,0.33648,14.5913561643836,1754.53,1326.458,14.4726712328767
"702","arsltarmdcrnatw",2020,337,0.33596,14.5913561643836,1754.53,1326.458,14.4726712328767
"703","arsltarmdcrnatw",2020,338,0.33545,14.5913561643836,1754.53,1326.458,14.4726712328767
"704","arsltarmdcrnatw",2020,339,0.33498,14.5913561643836,1754.53,1326.458,14.4726712328767
"705","arsltarmdcrnatw",2020,340,0.33456,14.5913561643836,1754.53,1326.458,14.4726712328767
"706","arsltarmdcrnatw",2020,341,0.33418,14.5913561643836,1754.53,1326.458,14.4726712328767
"707","arsltarmdcrnatw",2020,342,0.33382,14.5913561643836,1754.53,1326.458,14.4726712328767
"708","arsltarmdcrnatw",2020,343,0.33347,14.5913561643836,1754.53,1326.458,14.4726712328767
"709","arsltarmdcrnatw",2020,344,0.33315,14.5913561643836,1754.53,1326.458,14.4726712328767
"710","arsltarmdcrnatw",2020,345,0.33287,14.5913561643836,1754.53,1326.458,14.4726712328767
"711","arsltarmdcrnatw",2020,346,0.33264,14.5913561643836,1754.53,1326.458,14.4726712328767
"712","arsltarmdcrnatw",2020,347,0.33248,14.5913561643836,1754.53,1326.458,14.4726712328767
"713","arsltarmdcrnatw",2020,348,0.33237,14.5913561643836,1754.53,1326.458,14.4726712328767
"714","arsltarmdcrnatw",2020,349,0.33229,14.5913561643836,1754.53,1326.458,14.4726712328767
"715","arsltarmdcrnatw",2020,350,0.33225,14.5913561643836,1754.53,1326.458,14.4726712328767
"716","arsltarmdcrnatw",2020,351,0.33222,14.5913561643836,1754.53,1326.458,14.4726712328767
"717","arsltarmdcrnatw",2020,352,0.33219,14.5913561643836,1754.53,1326.458,14.4726712328767
"718","arsltarmdcrnatw",2020,353,0.33215,14.5913561643836,1754.53,1326.458,14.4726712328767
"719","arsltarmdcrnatw",2020,354,0.3321,14.5913561643836,1754.53,1326.458,14.4726712328767
"720","arsltarmdcrnatw",2020,355,0.33206,14.5913561643836,1754.53,1326.458,14.4726712328767
"721","arsltarmdcrnatw",2020,356,0.33207,14.5913561643836,1754.53,1326.458,14.4726712328767
"722","arsltarmdcrnatw",2020,357,0.3321,14.5913561643836,1754.53,1326.458,14.4726712328767
"723","arsltarmdcrnatw",2020,358,0.33213,14.5913561643836,1754.53,1326.458,14.4726712328767
"724","arsltarmdcrnatw",2020,359,0.33211,14.5913561643836,1754.53,1326.458,14.4726712328767
"725","arsltarmdcrnatw",2020,360,0.33206,14.5913561643836,1754.53,1326.458,14.4726712328767
"726","arsltarmdcrnatw",2020,361,0.33201,14.5913561643836,1754.53,1326.458,14.4726712328767
"727","arsltarmdcrnatw",2020,362,0.33196,14.5913561643836,1754.53,1326.458,14.4726712328767
"728","arsltarmdcrnatw",2020,363,0.33191,14.5913561643836,1754.53,1326.458,14.4726712328767
"729","arsltarmdcrnatw",2020,364,0.33186,14.5913561643836,1754.53,1326.458,14.4726712328767
"730","arsltarmdcrnatw",2020,365,0.33181,14.5913561643836,1754.53,1326.458,14.4726712328767
"731","arsltarmdcrnatw",2021,1,0.33171,14.4823287671233,1193.2,1326.458,14.4726712328767
"732","arsltarmdcrnatw",2021,2,0.33166,14.4823287671233,1193.2,1326.458,14.4726712328767
"733","arsltarmdcrnatw",2021,3,0.33161,14.4823287671233,1193.2,1326.458,14.4726712328767
"734","arsltarmdcrnatw",2021,4,0.33157,14.4823287671233,1193.2,1326.458,14.4726712328767
"735","arsltarmdcrnatw",2021,5,0.33153,14.4823287671233,1193.2,1326.458,14.4726712328767
"736","arsltarmdcrnatw",2021,6,0.33151,14.4823287671233,1193.2,1326.458,14.4726712328767
"737","arsltarmdcrnatw",2021,7,0.33149,14.4823287671233,1193.2,1326.458,14.4726712328767
"738","arsltarmdcrnatw",2021,8,0.33147,14.4823287671233,1193.2,1326.458,14.4726712328767
"739","arsltarmdcrnatw",2021,9,0.33143,14.4823287671233,1193.2,1326.458,14.4726712328767
"740","arsltarmdcrnatw",2021,10,0.3314,14.4823287671233,1193.2,1326.458,14.4726712328767
"741","arsltarmdcrnatw",2021,11,0.33138,14.4823287671233,1193.2,1326.458,14.4726712328767
"742","arsltarmdcrnatw",2021,12,0.33138,14.4823287671233,1193.2,1326.458,14.4726712328767
"743","arsltarmdcrnatw",2021,13,0.33138,14.4823287671233,1193.2,1326.458,14.4726712328767
"744","arsltarmdcrnatw",2021,14,0.33134,14.4823287671233,1193.2,1326.458,14.4726712328767
"745","arsltarmdcrnatw",2021,15,0.33131,14.4823287671233,1193.2,1326.458,14.4726712328767
"746","arsltarmdcrnatw",2021,16,0.3313,14.4823287671233,1193.2,1326.458,14.4726712328767
"747","arsltarmdcrnatw",2021,17,0.33135,14.4823287671233,1193.2,1326.458,14.4726712328767
"748","arsltarmdcrnatw",2021,18,0.33147,14.4823287671233,1193.2,1326.458,14.4726712328767
"749","arsltarmdcrnatw",2021,19,0.33163,14.4823287671233,1193.2,1326.458,14.4726712328767
"750","arsltarmdcrnatw",2021,20,0.33182,14.4823287671233,1193.2,1326.458,14.4726712328767
"751","arsltarmdcrnatw",2021,21,0.33204,14.4823287671233,1193.2,1326.458,14.4726712328767
"752","arsltarmdcrnatw",2021,22,0.33228,14.4823287671233,1193.2,1326.458,14.4726712328767
"753","arsltarmdcrnatw",2021,23,0.33253,14.4823287671233,1193.2,1326.458,14.4726712328767
"754","arsltarmdcrnatw",2021,24,0.33277,14.4823287671233,1193.2,1326.458,14.4726712328767
"755","arsltarmdcrnatw",2021,25,0.33301,14.4823287671233,1193.2,1326.458,14.4726712328767
"756","arsltarmdcrnatw",2021,26,0.33323,14.4823287671233,1193.2,1326.458,14.4726712328767
"757","arsltarmdcrnatw",2021,27,0.33348,14.4823287671233,1193.2,1326.458,14.4726712328767
"758","arsltarmdcrnatw",2021,28,0.33378,14.4823287671233,1193.2,1326.458,14.4726712328767
"759","arsltarmdcrnatw",2021,29,0.3341,14.4823287671233,1193.2,1326.458,14.4726712328767
"760","arsltarmdcrnatw",2021,30,0.3344,14.4823287671233,1193.2,1326.458,14.4726712328767
"761","arsltarmdcrnatw",2021,31,0.33465,14.4823287671233,1193.2,1326.458,14.4726712328767
"762","arsltarmdcrnatw",2021,32,0.33488,14.4823287671233,1193.2,1326.458,14.4726712328767
"763","arsltarmdcrnatw",2021,33,0.33516,14.4823287671233,1193.2,1326.458,14.4726712328767
"764","arsltarmdcrnatw",2021,34,0.33544,14.4823287671233,1193.2,1326.458,14.4726712328767
"765","arsltarmdcrnatw",2021,35,0.3357,14.4823287671233,1193.2,1326.458,14.4726712328767
"766","arsltarmdcrnatw",2021,36,0.3359,14.4823287671233,1193.2,1326.458,14.4726712328767
"767","arsltarmdcrnatw",2021,37,0.33608,14.4823287671233,1193.2,1326.458,14.4726712328767
"768","arsltarmdcrnatw",2021,38,0.33627,14.4823287671233,1193.2,1326.458,14.4726712328767
"769","arsltarmdcrnatw",2021,39,0.33645,14.4823287671233,1193.2,1326.458,14.4726712328767
"770","arsltarmdcrnatw",2021,40,0.33661,14.4823287671233,1193.2,1326.458,14.4726712328767
"771","arsltarmdcrnatw",2021,41,0.33671,14.4823287671233,1193.2,1326.458,14.4726712328767
"772","arsltarmdcrnatw",2021,42,0.33675,14.4823287671233,1193.2,1326.458,14.4726712328767
"773","arsltarmdcrnatw",2021,43,0.33673,14.4823287671233,1193.2,1326.458,14.4726712328767
"774","arsltarmdcrnatw",2021,44,0.33667,14.4823287671233,1193.2,1326.458,14.4726712328767
"775","arsltarmdcrnatw",2021,45,0.33661,14.4823287671233,1193.2,1326.458,14.4726712328767
"776","arsltarmdcrnatw",2021,46,0.33657,14.4823287671233,1193.2,1326.458,14.4726712328767
"777","arsltarmdcrnatw",2021,47,0.33649,14.4823287671233,1193.2,1326.458,14.4726712328767
"778","arsltarmdcrnatw",2021,48,0.33633,14.4823287671233,1193.2,1326.458,14.4726712328767
"779","arsltarmdcrnatw",2021,49,0.33614,14.4823287671233,1193.2,1326.458,14.4726712328767
"780","arsltarmdcrnatw",2021,50,0.33597,14.4823287671233,1193.2,1326.458,14.4726712328767
"781","arsltarmdcrnatw",2021,51,0.33588,14.4823287671233,1193.2,1326.458,14.4726712328767
"782","arsltarmdcrnatw",2021,52,0.33581,14.4823287671233,1193.2,1326.458,14.4726712328767
"783","arsltarmdcrnatw",2021,53,0.33571,14.4823287671233,1193.2,1326.458,14.4726712328767
"784","arsltarmdcrnatw",2021,54,0.3356,14.4823287671233,1193.2,1326.458,14.4726712328767
"785","arsltarmdcrnatw",2021,55,0.33551,14.4823287671233,1193.2,1326.458,14.4726712328767
"786","arsltarmdcrnatw",2021,56,0.33548,14.4823287671233,1193.2,1326.458,14.4726712328767
"787","arsltarmdcrnatw",2021,57,0.3355,14.4823287671233,1193.2,1326.458,14.4726712328767
"788","arsltarmdcrnatw",2021,58,0.33553,14.4823287671233,1193.2,1326.458,14.4726712328767
"789","arsltarmdcrnatw",2021,59,0.33556,14.4823287671233,1193.2,1326.458,14.4726712328767
"790","arsltarmdcrnatw",2021,60,0.33561,14.4823287671233,1193.2,1326.458,14.4726712328767
"791","arsltarmdcrnatw",2021,61,0.33567,14.4823287671233,1193.2,1326.458,14.4726712328767
"792","arsltarmdcrnatw",2021,62,0.33574,14.4823287671233,1193.2,1326.458,14.4726712328767
"793","arsltarmdcrnatw",2021,63,0.33583,14.4823287671233,1193.2,1326.458,14.4726712328767
"794","arsltarmdcrnatw",2021,64,0.33593,14.4823287671233,1193.2,1326.458,14.4726712328767
"795","arsltarmdcrnatw",2021,65,0.33605,14.4823287671233,1193.2,1326.458,14.4726712328767
"796","arsltarmdcrnatw",2021,66,0.33618,14.4823287671233,1193.2,1326.458,14.4726712328767
"797","arsltarmdcrnatw",2021,67,0.33633,14.4823287671233,1193.2,1326.458,14.4726712328767
"798","arsltarmdcrnatw",2021,68,0.33649,14.4823287671233,1193.2,1326.458,14.4726712328767
"799","arsltarmdcrnatw",2021,69,0.33668,14.4823287671233,1193.2,1326.458,14.4726712328767
"800","arsltarmdcrnatw",2021,70,0.33689,14.4823287671233,1193.2,1326.458,14.4726712328767
"801","arsltarmdcrnatw",2021,71,0.3371,14.4823287671233,1193.2,1326.458,14.4726712328767
"802","arsltarmdcrnatw",2021,72,0.33733,14.4823287671233,1193.2,1326.458,14.4726712328767
"803","arsltarmdcrnatw",2021,73,0.33756,14.4823287671233,1193.2,1326.458,14.4726712328767
"804","arsltarmdcrnatw",2021,74,0.33783,14.4823287671233,1193.2,1326.458,14.4726712328767
"805","arsltarmdcrnatw",2021,75,0.33813,14.4823287671233,1193.2,1326.458,14.4726712328767
"806","arsltarmdcrnatw",2021,76,0.33842,14.4823287671233,1193.2,1326.458,14.4726712328767
"807","arsltarmdcrnatw",2021,77,0.33867,14.4823287671233,1193.2,1326.458,14.4726712328767
"808","arsltarmdcrnatw",2021,78,0.33893,14.4823287671233,1193.2,1326.458,14.4726712328767
"809","arsltarmdcrnatw",2021,79,0.33923,14.4823287671233,1193.2,1326.458,14.4726712328767
"810","arsltarmdcrnatw",2021,80,0.33962,14.4823287671233,1193.2,1326.458,14.4726712328767
"811","arsltarmdcrnatw",2021,81,0.34,14.4823287671233,1193.2,1326.458,14.4726712328767
"812","arsltarmdcrnatw",2021,82,0.34033,14.4823287671233,1193.2,1326.458,14.4726712328767
"813","arsltarmdcrnatw",2021,83,0.34066,14.4823287671233,1193.2,1326.458,14.4726712328767
"814","arsltarmdcrnatw",2021,84,0.34108,14.4823287671233,1193.2,1326.458,14.4726712328767
"815","arsltarmdcrnatw",2021,85,0.34165,14.4823287671233,1193.2,1326.458,14.4726712328767
"816","arsltarmdcrnatw",2021,86,0.3423,14.4823287671233,1193.2,1326.458,14.4726712328767
"817","arsltarmdcrnatw",2021,87,0.34295,14.4823287671233,1193.2,1326.458,14.4726712328767
"818","arsltarmdcrnatw",2021,88,0.34363,14.4823287671233,1193.2,1326.458,14.4726712328767
"819","arsltarmdcrnatw",2021,89,0.34441,14.4823287671233,1193.2,1326.458,14.4726712328767
"820","arsltarmdcrnatw",2021,90,0.34534,14.4823287671233,1193.2,1326.458,14.4726712328767
"821","arsltarmdcrnatw",2021,91,0.34643,14.4823287671233,1193.2,1326.458,14.4726712328767
"822","arsltarmdcrnatw",2021,92,0.34764,14.4823287671233,1193.2,1326.458,14.4726712328767
"823","arsltarmdcrnatw",2021,93,0.34894,14.4823287671233,1193.2,1326.458,14.4726712328767
"824","arsltarmdcrnatw",2021,94,0.35028,14.4823287671233,1193.2,1326.458,14.4726712328767
"825","arsltarmdcrnatw",2021,95,0.35162,14.4823287671233,1193.2,1326.458,14.4726712328767
"826","arsltarmdcrnatw",2021,96,0.35303,14.4823287671233,1193.2,1326.458,14.4726712328767
"827","arsltarmdcrnatw",2021,97,0.35458,14.4823287671233,1193.2,1326.458,14.4726712328767
"828","arsltarmdcrnatw",2021,98,0.35625,14.4823287671233,1193.2,1326.458,14.4726712328767
"829","arsltarmdcrnatw",2021,99,0.358,14.4823287671233,1193.2,1326.458,14.4726712328767
"830","arsltarmdcrnatw",2021,100,0.35979,14.4823287671233,1193.2,1326.458,14.4726712328767
"831","arsltarmdcrnatw",2021,101,0.36159,14.4823287671233,1193.2,1326.458,14.4726712328767
"832","arsltarmdcrnatw",2021,102,0.36338,14.4823287671233,1193.2,1326.458,14.4726712328767
"833","arsltarmdcrnatw",2021,103,0.36511,14.4823287671233,1193.2,1326.458,14.4726712328767
"834","arsltarmdcrnatw",2021,104,0.36675,14.4823287671233,1193.2,1326.458,14.4726712328767
"835","arsltarmdcrnatw",2021,105,0.36841,14.4823287671233,1193.2,1326.458,14.4726712328767
"836","arsltarmdcrnatw",2021,106,0.37018,14.4823287671233,1193.2,1326.458,14.4726712328767
"837","arsltarmdcrnatw",2021,107,0.37198,14.4823287671233,1193.2,1326.458,14.4726712328767
"838","arsltarmdcrnatw",2021,108,0.37375,14.4823287671233,1193.2,1326.458,14.4726712328767
"839","arsltarmdcrnatw",2021,109,0.37542,14.4823287671233,1193.2,1326.458,14.4726712328767
"840","arsltarmdcrnatw",2021,110,0.37705,14.4823287671233,1193.2,1326.458,14.4726712328767
"841","arsltarmdcrnatw",2021,111,0.37871,14.4823287671233,1193.2,1326.458,14.4726712328767
"842","arsltarmdcrnatw",2021,112,0.38037,14.4823287671233,1193.2,1326.458,14.4726712328767
"843","arsltarmdcrnatw",2021,113,0.38198,14.4823287671233,1193.2,1326.458,14.4726712328767
"844","arsltarmdcrnatw",2021,114,0.3835,14.4823287671233,1193.2,1326.458,14.4726712328767
"845","arsltarmdcrnatw",2021,115,0.38497,14.4823287671233,1193.2,1326.458,14.4726712328767
"846","arsltarmdcrnatw",2021,116,0.38643,14.4823287671233,1193.2,1326.458,14.4726712328767
"847","arsltarmdcrnatw",2021,117,0.38786,14.4823287671233,1193.2,1326.458,14.4726712328767
"848","arsltarmdcrnatw",2021,118,0.38923,14.4823287671233,1193.2,1326.458,14.4726712328767
"849","arsltarmdcrnatw",2021,119,0.39053,14.4823287671233,1193.2,1326.458,14.4726712328767
"850","arsltarmdcrnatw",2021,120,0.39178,14.4823287671233,1193.2,1326.458,14.4726712328767
"851","arsltarmdcrnatw",2021,121,0.39302,14.4823287671233,1193.2,1326.458,14.4726712328767
"852","arsltarmdcrnatw",2021,122,0.39424,14.4823287671233,1193.2,1326.458,14.4726712328767
"853","arsltarmdcrnatw",2021,123,0.3954,14.4823287671233,1193.2,1326.458,14.4726712328767
"854","arsltarmdcrnatw",2021,124,0.39648,14.4823287671233,1193.2,1326.458,14.4726712328767
"855","arsltarmdcrnatw",2021,125,0.39748,14.4823287671233,1193.2,1326.458,14.4726712328767
"856","arsltarmdcrnatw",2021,126,0.3984,14.4823287671233,1193.2,1326.458,14.4726712328767
"857","arsltarmdcrnatw",2021,127,0.39927,14.4823287671233,1193.2,1326.458,14.4726712328767
"858","arsltarmdcrnatw",2021,128,0.40013,14.4823287671233,1193.2,1326.458,14.4726712328767
"859","arsltarmdcrnatw",2021,129,0.40099,14.4823287671233,1193.2,1326.458,14.4726712328767
"860","arsltarmdcrnatw",2021,130,0.4018,14.4823287671233,1193.2,1326.458,14.4726712328767
"861","arsltarmdcrnatw",2021,131,0.40251,14.4823287671233,1193.2,1326.458,14.4726712328767
"862","arsltarmdcrnatw",2021,132,0.40317,14.4823287671233,1193.2,1326.458,14.4726712328767
"863","arsltarmdcrnatw",2021,133,0.40382,14.4823287671233,1193.2,1326.458,14.4726712328767
"864","arsltarmdcrnatw",2021,134,0.40449,14.4823287671233,1193.2,1326.458,14.4726712328767
"865","arsltarmdcrnatw",2021,135,0.40518,14.4823287671233,1193.2,1326.458,14.4726712328767
"866","arsltarmdcrnatw",2021,136,0.40585,14.4823287671233,1193.2,1326.458,14.4726712328767
"867","arsltarmdcrnatw",2021,137,0.40649,14.4823287671233,1193.2,1326.458,14.4726712328767
"868","arsltarmdcrnatw",2021,138,0.40711,14.4823287671233,1193.2,1326.458,14.4726712328767
"869","arsltarmdcrnatw",2021,139,0.4077,14.4823287671233,1193.2,1326.458,14.4726712328767
"870","arsltarmdcrnatw",2021,140,0.40824,14.4823287671233,1193.2,1326.458,14.4726712328767
"871","arsltarmdcrnatw",2021,141,0.40875,14.4823287671233,1193.2,1326.458,14.4726712328767
"872","arsltarmdcrnatw",2021,142,0.40921,14.4823287671233,1193.2,1326.458,14.4726712328767
"873","arsltarmdcrnatw",2021,143,0.40961,14.4823287671233,1193.2,1326.458,14.4726712328767
"874","arsltarmdcrnatw",2021,144,0.40998,14.4823287671233,1193.2,1326.458,14.4726712328767
"875","arsltarmdcrnatw",2021,145,0.41034,14.4823287671233,1193.2,1326.458,14.4726712328767
"876","arsltarmdcrnatw",2021,146,0.41068,14.4823287671233,1193.2,1326.458,14.4726712328767
"877","arsltarmdcrnatw",2021,147,0.41098,14.4823287671233,1193.2,1326.458,14.4726712328767
"878","arsltarmdcrnatw",2021,148,0.41124,14.4823287671233,1193.2,1326.458,14.4726712328767
"879","arsltarmdcrnatw",2021,149,0.41147,14.4823287671233,1193.2,1326.458,14.4726712328767
"880","arsltarmdcrnatw",2021,150,0.41168,14.4823287671233,1193.2,1326.458,14.4726712328767
"881","arsltarmdcrnatw",2021,151,0.41185,14.4823287671233,1193.2,1326.458,14.4726712328767
"882","arsltarmdcrnatw",2021,152,0.41198,14.4823287671233,1193.2,1326.458,14.4726712328767
"883","arsltarmdcrnatw",2021,153,0.41203,14.4823287671233,1193.2,1326.458,14.4726712328767
"884","arsltarmdcrnatw",2021,154,0.41201,14.4823287671233,1193.2,1326.458,14.4726712328767
"885","arsltarmdcrnatw",2021,155,0.4119,14.4823287671233,1193.2,1326.458,14.4726712328767
"886","arsltarmdcrnatw",2021,156,0.41171,14.4823287671233,1193.2,1326.458,14.4726712328767
"887","arsltarmdcrnatw",2021,157,0.41147,14.4823287671233,1193.2,1326.458,14.4726712328767
"888","arsltarmdcrnatw",2021,158,0.41118,14.4823287671233,1193.2,1326.458,14.4726712328767
"889","arsltarmdcrnatw",2021,159,0.41085,14.4823287671233,1193.2,1326.458,14.4726712328767
"890","arsltarmdcrnatw",2021,160,0.41051,14.4823287671233,1193.2,1326.458,14.4726712328767
"891","arsltarmdcrnatw",2021,161,0.41015,14.4823287671233,1193.2,1326.458,14.4726712328767
"892","arsltarmdcrnatw",2021,162,0.40981,14.4823287671233,1193.2,1326.458,14.4726712328767
"893","arsltarmdcrnatw",2021,163,0.40941,14.4823287671233,1193.2,1326.458,14.4726712328767
"894","arsltarmdcrnatw",2021,164,0.40891,14.4823287671233,1193.2,1326.458,14.4726712328767
"895","arsltarmdcrnatw",2021,165,0.40838,14.4823287671233,1193.2,1326.458,14.4726712328767
"896","arsltarmdcrnatw",2021,166,0.40788,14.4823287671233,1193.2,1326.458,14.4726712328767
"897","arsltarmdcrnatw",2021,167,0.40747,14.4823287671233,1193.2,1326.458,14.4726712328767
"898","arsltarmdcrnatw",2021,168,0.40707,14.4823287671233,1193.2,1326.458,14.4726712328767
"899","arsltarmdcrnatw",2021,169,0.4066,14.4823287671233,1193.2,1326.458,14.4726712328767
"900","arsltarmdcrnatw",2021,170,0.40612,14.4823287671233,1193.2,1326.458,14.4726712328767
"901","arsltarmdcrnatw",2021,171,0.40565,14.4823287671233,1193.2,1326.458,14.4726712328767
"902","arsltarmdcrnatw",2021,172,0.40525,14.4823287671233,1193.2,1326.458,14.4726712328767
"903","arsltarmdcrnatw",2021,173,0.40489,14.4823287671233,1193.2,1326.458,14.4726712328767
"904","arsltarmdcrnatw",2021,174,0.40453,14.4823287671233,1193.2,1326.458,14.4726712328767
"905","arsltarmdcrnatw",2021,175,0.40417,14.4823287671233,1193.2,1326.458,14.4726712328767
"906","arsltarmdcrnatw",2021,176,0.40382,14.4823287671233,1193.2,1326.458,14.4726712328767
"907","arsltarmdcrnatw",2021,177,0.40347,14.4823287671233,1193.2,1326.458,14.4726712328767
"908","arsltarmdcrnatw",2021,178,0.40313,14.4823287671233,1193.2,1326.458,14.4726712328767
"909","arsltarmdcrnatw",2021,179,0.4028,14.4823287671233,1193.2,1326.458,14.4726712328767
"910","arsltarmdcrnatw",2021,180,0.40248,14.4823287671233,1193.2,1326.458,14.4726712328767
"911","arsltarmdcrnatw",2021,181,0.40218,14.4823287671233,1193.2,1326.458,14.4726712328767
"912","arsltarmdcrnatw",2021,182,0.40197,14.4823287671233,1193.2,1326.458,14.4726712328767
"913","arsltarmdcrnatw",2021,183,0.40188,14.4823287671233,1193.2,1326.458,14.4726712328767
"914","arsltarmdcrnatw",2021,184,0.40184,14.4823287671233,1193.2,1326.458,14.4726712328767
"915","arsltarmdcrnatw",2021,185,0.40175,14.4823287671233,1193.2,1326.458,14.4726712328767
"916","arsltarmdcrnatw",2021,186,0.40156,14.4823287671233,1193.2,1326.458,14.4726712328767
"917","arsltarmdcrnatw",2021,187,0.4013,14.4823287671233,1193.2,1326.458,14.4726712328767
"918","arsltarmdcrnatw",2021,188,0.40105,14.4823287671233,1193.2,1326.458,14.4726712328767
"919","arsltarmdcrnatw",2021,189,0.4008,14.4823287671233,1193.2,1326.458,14.4726712328767
"920","arsltarmdcrnatw",2021,190,0.40053,14.4823287671233,1193.2,1326.458,14.4726712328767
"921","arsltarmdcrnatw",2021,191,0.40019,14.4823287671233,1193.2,1326.458,14.4726712328767
"922","arsltarmdcrnatw",2021,192,0.39976,14.4823287671233,1193.2,1326.458,14.4726712328767
"923","arsltarmdcrnatw",2021,193,0.39922,14.4823287671233,1193.2,1326.458,14.4726712328767
"924","arsltarmdcrnatw",2021,194,0.39865,14.4823287671233,1193.2,1326.458,14.4726712328767
"925","arsltarmdcrnatw",2021,195,0.39808,14.4823287671233,1193.2,1326.458,14.4726712328767
"926","arsltarmdcrnatw",2021,196,0.39758,14.4823287671233,1193.2,1326.458,14.4726712328767
"927","arsltarmdcrnatw",2021,197,0.39707,14.4823287671233,1193.2,1326.458,14.4726712328767
"928","arsltarmdcrnatw",2021,198,0.3965,14.4823287671233,1193.2,1326.458,14.4726712328767
"929","arsltarmdcrnatw",2021,199,0.3959,14.4823287671233,1193.2,1326.458,14.4726712328767
"930","arsltarmdcrnatw",2021,200,0.39533,14.4823287671233,1193.2,1326.458,14.4726712328767
"931","arsltarmdcrnatw",2021,201,0.39483,14.4823287671233,1193.2,1326.458,14.4726712328767
"932","arsltarmdcrnatw",2021,202,0.39436,14.4823287671233,1193.2,1326.458,14.4726712328767
"933","arsltarmdcrnatw",2021,203,0.39386,14.4823287671233,1193.2,1326.458,14.4726712328767
"934","arsltarmdcrnatw",2021,204,0.39335,14.4823287671233,1193.2,1326.458,14.4726712328767
"935","arsltarmdcrnatw",2021,205,0.39289,14.4823287671233,1193.2,1326.458,14.4726712328767
"936","arsltarmdcrnatw",2021,206,0.39249,14.4823287671233,1193.2,1326.458,14.4726712328767
"937","arsltarmdcrnatw",2021,207,0.39214,14.4823287671233,1193.2,1326.458,14.4726712328767
"938","arsltarmdcrnatw",2021,208,0.39176,14.4823287671233,1193.2,1326.458,14.4726712328767
"939","arsltarmdcrnatw",2021,209,0.39139,14.4823287671233,1193.2,1326.458,14.4726712328767
"940","arsltarmdcrnatw",2021,210,0.39105,14.4823287671233,1193.2,1326.458,14.4726712328767
"941","arsltarmdcrnatw",2021,211,0.39078,14.4823287671233,1193.2,1326.458,14.4726712328767
"942","arsltarmdcrnatw",2021,212,0.39057,14.4823287671233,1193.2,1326.458,14.4726712328767
"943","arsltarmdcrnatw",2021,213,0.39043,14.4823287671233,1193.2,1326.458,14.4726712328767
"944","arsltarmdcrnatw",2021,214,0.39034,14.4823287671233,1193.2,1326.458,14.4726712328767
"945","arsltarmdcrnatw",2021,215,0.39029,14.4823287671233,1193.2,1326.458,14.4726712328767
"946","arsltarmdcrnatw",2021,216,0.39027,14.4823287671233,1193.2,1326.458,14.4726712328767
"947","arsltarmdcrnatw",2021,217,0.39026,14.4823287671233,1193.2,1326.458,14.4726712328767
"948","arsltarmdcrnatw",2021,218,0.39026,14.4823287671233,1193.2,1326.458,14.4726712328767
"949","arsltarmdcrnatw",2021,219,0.39026,14.4823287671233,1193.2,1326.458,14.4726712328767
"950","arsltarmdcrnatw",2021,220,0.39025,14.4823287671233,1193.2,1326.458,14.4726712328767
"951","arsltarmdcrnatw",2021,221,0.39028,14.4823287671233,1193.2,1326.458,14.4726712328767
"952","arsltarmdcrnatw",2021,222,0.39038,14.4823287671233,1193.2,1326.458,14.4726712328767
"953","arsltarmdcrnatw",2021,223,0.39052,14.4823287671233,1193.2,1326.458,14.4726712328767
"954","arsltarmdcrnatw",2021,224,0.39064,14.4823287671233,1193.2,1326.458,14.4726712328767
"955","arsltarmdcrnatw",2021,225,0.3907,14.4823287671233,1193.2,1326.458,14.4726712328767
"956","arsltarmdcrnatw",2021,226,0.39076,14.4823287671233,1193.2,1326.458,14.4726712328767
"957","arsltarmdcrnatw",2021,227,0.3909,14.4823287671233,1193.2,1326.458,14.4726712328767
"958","arsltarmdcrnatw",2021,228,0.39106,14.4823287671233,1193.2,1326.458,14.4726712328767
"959","arsltarmdcrnatw",2021,229,0.39117,14.4823287671233,1193.2,1326.458,14.4726712328767
"960","arsltarmdcrnatw",2021,230,0.39117,14.4823287671233,1193.2,1326.458,14.4726712328767
"961","arsltarmdcrnatw",2021,231,0.39112,14.4823287671233,1193.2,1326.458,14.4726712328767
"962","arsltarmdcrnatw",2021,232,0.39108,14.4823287671233,1193.2,1326.458,14.4726712328767
"963","arsltarmdcrnatw",2021,233,0.39102,14.4823287671233,1193.2,1326.458,14.4726712328767
"964","arsltarmdcrnatw",2021,234,0.39092,14.4823287671233,1193.2,1326.458,14.4726712328767
"965","arsltarmdcrnatw",2021,235,0.39075,14.4823287671233,1193.2,1326.458,14.4726712328767
"966","arsltarmdcrnatw",2021,236,0.39051,14.4823287671233,1193.2,1326.458,14.4726712328767
"967","arsltarmdcrnatw",2021,237,0.39022,14.4823287671233,1193.2,1326.458,14.4726712328767
"968","arsltarmdcrnatw",2021,238,0.38989,14.4823287671233,1193.2,1326.458,14.4726712328767
"969","arsltarmdcrnatw",2021,239,0.38955,14.4823287671233,1193.2,1326.458,14.4726712328767
"970","arsltarmdcrnatw",2021,240,0.3892,14.4823287671233,1193.2,1326.458,14.4726712328767
"971","arsltarmdcrnatw",2021,241,0.38877,14.4823287671233,1193.2,1326.458,14.4726712328767
"972","arsltarmdcrnatw",2021,242,0.38822,14.4823287671233,1193.2,1326.458,14.4726712328767
"973","arsltarmdcrnatw",2021,243,0.38762,14.4823287671233,1193.2,1326.458,14.4726712328767
"974","arsltarmdcrnatw",2021,244,0.38705,14.4823287671233,1193.2,1326.458,14.4726712328767
"975","arsltarmdcrnatw",2021,245,0.38658,14.4823287671233,1193.2,1326.458,14.4726712328767
"976","arsltarmdcrnatw",2021,246,0.38609,14.4823287671233,1193.2,1326.458,14.4726712328767
"977","arsltarmdcrnatw",2021,247,0.38549,14.4823287671233,1193.2,1326.458,14.4726712328767
"978","arsltarmdcrnatw",2021,248,0.38486,14.4823287671233,1193.2,1326.458,14.4726712328767
"979","arsltarmdcrnatw",2021,249,0.38427,14.4823287671233,1193.2,1326.458,14.4726712328767
"980","arsltarmdcrnatw",2021,250,0.38381,14.4823287671233,1193.2,1326.458,14.4726712328767
"981","arsltarmdcrnatw",2021,251,0.38346,14.4823287671233,1193.2,1326.458,14.4726712328767
"982","arsltarmdcrnatw",2021,252,0.38317,14.4823287671233,1193.2,1326.458,14.4726712328767
"983","arsltarmdcrnatw",2021,253,0.38291,14.4823287671233,1193.2,1326.458,14.4726712328767
"984","arsltarmdcrnatw",2021,254,0.38267,14.4823287671233,1193.2,1326.458,14.4726712328767
"985","arsltarmdcrnatw",2021,255,0.38246,14.4823287671233,1193.2,1326.458,14.4726712328767
"986","arsltarmdcrnatw",2021,256,0.38224,14.4823287671233,1193.2,1326.458,14.4726712328767
"987","arsltarmdcrnatw",2021,257,0.38203,14.4823287671233,1193.2,1326.458,14.4726712328767
"988","arsltarmdcrnatw",2021,258,0.3818,14.4823287671233,1193.2,1326.458,14.4726712328767
"989","arsltarmdcrnatw",2021,259,0.38155,14.4823287671233,1193.2,1326.458,14.4726712328767
"990","arsltarmdcrnatw",2021,260,0.3813,14.4823287671233,1193.2,1326.458,14.4726712328767
"991","arsltarmdcrnatw",2021,261,0.38109,14.4823287671233,1193.2,1326.458,14.4726712328767
"992","arsltarmdcrnatw",2021,262,0.38089,14.4823287671233,1193.2,1326.458,14.4726712328767
"993","arsltarmdcrnatw",2021,263,0.38071,14.4823287671233,1193.2,1326.458,14.4726712328767
"994","arsltarmdcrnatw",2021,264,0.3805,14.4823287671233,1193.2,1326.458,14.4726712328767
"995","arsltarmdcrnatw",2021,265,0.38025,14.4823287671233,1193.2,1326.458,14.4726712328767
"996","arsltarmdcrnatw",2021,266,0.37994,14.4823287671233,1193.2,1326.458,14.4726712328767
"997","arsltarmdcrnatw",2021,267,0.37962,14.4823287671233,1193.2,1326.458,14.4726712328767
"998","arsltarmdcrnatw",2021,268,0.37933,14.4823287671233,1193.2,1326.458,14.4726712328767
"999","arsltarmdcrnatw",2021,269,0.37912,14.4823287671233,1193.2,1326.458,14.4726712328767
"1000","arsltarmdcrnatw",2021,270,0.37897,14.4823287671233,1193.2,1326.458,14.4726712328767
"1001","arsltarmdcrnatw",2021,271,0.37883,14.4823287671233,1193.2,1326.458,14.4726712328767
"1002","arsltarmdcrnatw",2021,272,0.3787,14.4823287671233,1193.2,1326.458,14.4726712328767
"1003","arsltarmdcrnatw",2021,273,0.37857,14.4823287671233,1193.2,1326.458,14.4726712328767
"1004","arsltarmdcrnatw",2021,274,0.37845,14.4823287671233,1193.2,1326.458,14.4726712328767
"1005","arsltarmdcrnatw",2021,275,0.37841,14.4823287671233,1193.2,1326.458,14.4726712328767
"1006","arsltarmdcrnatw",2021,276,0.37847,14.4823287671233,1193.2,1326.458,14.4726712328767
"1007","arsltarmdcrnatw",2021,277,0.37856,14.4823287671233,1193.2,1326.458,14.4726712328767
"1008","arsltarmdcrnatw",2021,278,0.3786,14.4823287671233,1193.2,1326.458,14.4726712328767
"1009","arsltarmdcrnatw",2021,279,0.37853,14.4823287671233,1193.2,1326.458,14.4726712328767
"1010","arsltarmdcrnatw",2021,280,0.37846,14.4823287671233,1193.2,1326.458,14.4726712328767
"1011","arsltarmdcrnatw",2021,281,0.37848,14.4823287671233,1193.2,1326.458,14.4726712328767
"1012","arsltarmdcrnatw",2021,282,0.37853,14.4823287671233,1193.2,1326.458,14.4726712328767
"1013","arsltarmdcrnatw",2021,283,0.37852,14.4823287671233,1193.2,1326.458,14.4726712328767
"1014","arsltarmdcrnatw",2021,284,0.37837,14.4823287671233,1193.2,1326.458,14.4726712328767
"1015","arsltarmdcrnatw",2021,285,0.37815,14.4823287671233,1193.2,1326.458,14.4726712328767
"1016","arsltarmdcrnatw",2021,286,0.37793,14.4823287671233,1193.2,1326.458,14.4726712328767
"1017","arsltarmdcrnatw",2021,287,0.3777,14.4823287671233,1193.2,1326.458,14.4726712328767
"1018","arsltarmdcrnatw",2021,288,0.37743,14.4823287671233,1193.2,1326.458,14.4726712328767
"1019","arsltarmdcrnatw",2021,289,0.37708,14.4823287671233,1193.2,1326.458,14.4726712328767
"1020","arsltarmdcrnatw",2021,290,0.37662,14.4823287671233,1193.2,1326.458,14.4726712328767
"1021","arsltarmdcrnatw",2021,291,0.37608,14.4823287671233,1193.2,1326.458,14.4726712328767
"1022","arsltarmdcrnatw",2021,292,0.37545,14.4823287671233,1193.2,1326.458,14.4726712328767
"1023","arsltarmdcrnatw",2021,293,0.37476,14.4823287671233,1193.2,1326.458,14.4726712328767
"1024","arsltarmdcrnatw",2021,294,0.37402,14.4823287671233,1193.2,1326.458,14.4726712328767
"1025","arsltarmdcrnatw",2021,295,0.37325,14.4823287671233,1193.2,1326.458,14.4726712328767
"1026","arsltarmdcrnatw",2021,296,0.37248,14.4823287671233,1193.2,1326.458,14.4726712328767
"1027","arsltarmdcrnatw",2021,297,0.37171,14.4823287671233,1193.2,1326.458,14.4726712328767
"1028","arsltarmdcrnatw",2021,298,0.37096,14.4823287671233,1193.2,1326.458,14.4726712328767
"1029","arsltarmdcrnatw",2021,299,0.37021,14.4823287671233,1193.2,1326.458,14.4726712328767
"1030","arsltarmdcrnatw",2021,300,0.36942,14.4823287671233,1193.2,1326.458,14.4726712328767
"1031","arsltarmdcrnatw",2021,301,0.3686,14.4823287671233,1193.2,1326.458,14.4726712328767
"1032","arsltarmdcrnatw",2021,302,0.36778,14.4823287671233,1193.2,1326.458,14.4726712328767
"1033","arsltarmdcrnatw",2021,303,0.36697,14.4823287671233,1193.2,1326.458,14.4726712328767
"1034","arsltarmdcrnatw",2021,304,0.36618,14.4823287671233,1193.2,1326.458,14.4726712328767
"1035","arsltarmdcrnatw",2021,305,0.36539,14.4823287671233,1193.2,1326.458,14.4726712328767
"1036","arsltarmdcrnatw",2021,306,0.36461,14.4823287671233,1193.2,1326.458,14.4726712328767
"1037","arsltarmdcrnatw",2021,307,0.3638,14.4823287671233,1193.2,1326.458,14.4726712328767
"1038","arsltarmdcrnatw",2021,308,0.36297,14.4823287671233,1193.2,1326.458,14.4726712328767
"1039","arsltarmdcrnatw",2021,309,0.36207,14.4823287671233,1193.2,1326.458,14.4726712328767
"1040","arsltarmdcrnatw",2021,310,0.36109,14.4823287671233,1193.2,1326.458,14.4726712328767
"1041","arsltarmdcrnatw",2021,311,0.36006,14.4823287671233,1193.2,1326.458,14.4726712328767
"1042","arsltarmdcrnatw",2021,312,0.359,14.4823287671233,1193.2,1326.458,14.4726712328767
"1043","arsltarmdcrnatw",2021,313,0.35793,14.4823287671233,1193.2,1326.458,14.4726712328767
"1044","arsltarmdcrnatw",2021,314,0.35687,14.4823287671233,1193.2,1326.458,14.4726712328767
"1045","arsltarmdcrnatw",2021,315,0.35584,14.4823287671233,1193.2,1326.458,14.4726712328767
"1046","arsltarmdcrnatw",2021,316,0.35486,14.4823287671233,1193.2,1326.458,14.4726712328767
"1047","arsltarmdcrnatw",2021,317,0.35397,14.4823287671233,1193.2,1326.458,14.4726712328767
"1048","arsltarmdcrnatw",2021,318,0.35311,14.4823287671233,1193.2,1326.458,14.4726712328767
"1049","arsltarmdcrnatw",2021,319,0.35226,14.4823287671233,1193.2,1326.458,14.4726712328767
"1050","arsltarmdcrnatw",2021,320,0.35143,14.4823287671233,1193.2,1326.458,14.4726712328767
"1051","arsltarmdcrnatw",2021,321,0.35063,14.4823287671233,1193.2,1326.458,14.4726712328767
"1052","arsltarmdcrnatw",2021,322,0.34986,14.4823287671233,1193.2,1326.458,14.4726712328767
"1053","arsltarmdcrnatw",2021,323,0.34918,14.4823287671233,1193.2,1326.458,14.4726712328767
"1054","arsltarmdcrnatw",2021,324,0.34857,14.4823287671233,1193.2,1326.458,14.4726712328767
"1055","arsltarmdcrnatw",2021,325,0.34799,14.4823287671233,1193.2,1326.458,14.4726712328767
"1056","arsltarmdcrnatw",2021,326,0.34741,14.4823287671233,1193.2,1326.458,14.4726712328767
"1057","arsltarmdcrnatw",2021,327,0.34678,14.4823287671233,1193.2,1326.458,14.4726712328767
"1058","arsltarmdcrnatw",2021,328,0.34611,14.4823287671233,1193.2,1326.458,14.4726712328767
"1059","arsltarmdcrnatw",2021,329,0.34544,14.4823287671233,1193.2,1326.458,14.4726712328767
"1060","arsltarmdcrnatw",2021,330,0.34479,14.4823287671233,1193.2,1326.458,14.4726712328767
"1061","arsltarmdcrnatw",2021,331,0.34415,14.4823287671233,1193.2,1326.458,14.4726712328767
"1062","arsltarmdcrnatw",2021,332,0.34353,14.4823287671233,1193.2,1326.458,14.4726712328767
"1063","arsltarmdcrnatw",2021,333,0.34292,14.4823287671233,1193.2,1326.458,14.4726712328767
"1064","arsltarmdcrnatw",2021,334,0.34232,14.4823287671233,1193.2,1326.458,14.4726712328767
"1065","arsltarmdcrnatw",2021,335,0.34174,14.4823287671233,1193.2,1326.458,14.4726712328767
"1066","arsltarmdcrnatw",2021,336,0.34118,14.4823287671233,1193.2,1326.458,14.4726712328767
"1067","arsltarmdcrnatw",2021,337,0.34059,14.4823287671233,1193.2,1326.458,14.4726712328767
"1068","arsltarmdcrnatw",2021,338,0.33994,14.4823287671233,1193.2,1326.458,14.4726712328767
"1069","arsltarmdcrnatw",2021,339,0.3393,14.4823287671233,1193.2,1326.458,14.4726712328767
"1070","arsltarmdcrnatw",2021,340,0.33869,14.4823287671233,1193.2,1326.458,14.4726712328767
"1071","arsltarmdcrnatw",2021,341,0.33818,14.4823287671233,1193.2,1326.458,14.4726712328767
"1072","arsltarmdcrnatw",2021,342,0.33769,14.4823287671233,1193.2,1326.458,14.4726712328767
"1073","arsltarmdcrnatw",2021,343,0.33713,14.4823287671233,1193.2,1326.458,14.4726712328767
"1074","arsltarmdcrnatw",2021,344,0.33658,14.4823287671233,1193.2,1326.458,14.4726712328767
"1075","arsltarmdcrnatw",2021,345,0.33609,14.4823287671233,1193.2,1326.458,14.4726712328767
"1076","arsltarmdcrnatw",2021,346,0.33573,14.4823287671233,1193.2,1326.458,14.4726712328767
"1077","arsltarmdcrnatw",2021,347,0.33545,14.4823287671233,1193.2,1326.458,14.4726712328767
"1078","arsltarmdcrnatw",2021,348,0.3352,14.4823287671233,1193.2,1326.458,14.4726712328767
"1079","arsltarmdcrnatw",2021,349,0.33499,14.4823287671233,1193.2,1326.458,14.4726712328767
"1080","arsltarmdcrnatw",2021,350,0.33483,14.4823287671233,1193.2,1326.458,14.4726712328767
"1081","arsltarmdcrnatw",2021,351,0.33474,14.4823287671233,1193.2,1326.458,14.4726712328767
"1082","arsltarmdcrnatw",2021,352,0.33478,14.4823287671233,1193.2,1326.458,14.4726712328767
"1083","arsltarmdcrnatw",2021,353,0.33495,14.4823287671233,1193.2,1326.458,14.4726712328767
"1084","arsltarmdcrnatw",2021,354,0.33519,14.4823287671233,1193.2,1326.458,14.4726712328767
"1085","arsltarmdcrnatw",2021,355,0.33544,14.4823287671233,1193.2,1326.458,14.4726712328767
"1086","arsltarmdcrnatw",2021,356,0.33564,14.4823287671233,1193.2,1326.458,14.4726712328767
"1087","arsltarmdcrnatw",2021,357,0.33588,14.4823287671233,1193.2,1326.458,14.4726712328767
"1088","arsltarmdcrnatw",2021,358,0.33627,14.4823287671233,1193.2,1326.458,14.4726712328767
"1089","arsltarmdcrnatw",2021,359,0.3367,14.4823287671233,1193.2,1326.458,14.4726712328767
"1090","arsltarmdcrnatw",2021,360,0.33712,14.4823287671233,1193.2,1326.458,14.4726712328767
"1091","arsltarmdcrnatw",2021,361,0.33743,14.4823287671233,1193.2,1326.458,14.4726712328767
"1092","arsltarmdcrnatw",2021,362,0.33775,14.4823287671233,1193.2,1326.458,14.4726712328767
"1093","arsltarmdcrnatw",2021,363,0.33816,14.4823287671233,1193.2,1326.458,14.4726712328767
"1094","arsltarmdcrnatw",2021,364,0.3386,14.4823287671233,1193.2,1326.458,14.4726712328767
"1095","arsltarmdcrnatw",2021,365,0.33901,14.4823287671233,1193.2,1326.458,14.4726712328767
"1096","arsltarmdcrnatw",2022,1,0.3393,13.9818767123288,1254.17,1326.458,14.4726712328767
"1097","arsltarmdcrnatw",2022,2,0.33951,13.9818767123288,1254.17,1326.458,14.4726712328767
"1098","arsltarmdcrnatw",2022,3,0.33972,13.9818767123288,1254.17,1326.458,14.4726712328767
"1099","arsltarmdcrnatw",2022,4,0.33992,13.9818767123288,1254.17,1326.458,14.4726712328767
"1100","arsltarmdcrnatw",2022,5,0.34011,13.9818767123288,1254.17,1326.458,14.4726712328767
"1101","arsltarmdcrnatw",2022,6,0.34028,13.9818767123288,1254.17,1326.458,14.4726712328767
"1102","arsltarmdcrnatw",2022,7,0.34042,13.9818767123288,1254.17,1326.458,14.4726712328767
"1103","arsltarmdcrnatw",2022,8,0.34054,13.9818767123288,1254.17,1326.458,14.4726712328767
"1104","arsltarmdcrnatw",2022,9,0.34063,13.9818767123288,1254.17,1326.458,14.4726712328767
"1105","arsltarmdcrnatw",2022,10,0.34068,13.9818767123288,1254.17,1326.458,14.4726712328767
"1106","arsltarmdcrnatw",2022,11,0.34065,13.9818767123288,1254.17,1326.458,14.4726712328767
"1107","arsltarmdcrnatw",2022,12,0.34052,13.9818767123288,1254.17,1326.458,14.4726712328767
"1108","arsltarmdcrnatw",2022,13,0.34034,13.9818767123288,1254.17,1326.458,14.4726712328767
"1109","arsltarmdcrnatw",2022,14,0.34019,13.9818767123288,1254.17,1326.458,14.4726712328767
"1110","arsltarmdcrnatw",2022,15,0.34011,13.9818767123288,1254.17,1326.458,14.4726712328767
"1111","arsltarmdcrnatw",2022,16,0.34005,13.9818767123288,1254.17,1326.458,14.4726712328767
"1112","arsltarmdcrnatw",2022,17,0.33994,13.9818767123288,1254.17,1326.458,14.4726712328767
"1113","arsltarmdcrnatw",2022,18,0.33982,13.9818767123288,1254.17,1326.458,14.4726712328767
"1114","arsltarmdcrnatw",2022,19,0.3397,13.9818767123288,1254.17,1326.458,14.4726712328767
"1115","arsltarmdcrnatw",2022,20,0.33963,13.9818767123288,1254.17,1326.458,14.4726712328767
"1116","arsltarmdcrnatw",2022,21,0.33959,13.9818767123288,1254.17,1326.458,14.4726712328767
"1117","arsltarmdcrnatw",2022,22,0.33957,13.9818767123288,1254.17,1326.458,14.4726712328767
"1118","arsltarmdcrnatw",2022,23,0.33957,13.9818767123288,1254.17,1326.458,14.4726712328767
"1119","arsltarmdcrnatw",2022,24,0.33958,13.9818767123288,1254.17,1326.458,14.4726712328767
"1120","arsltarmdcrnatw",2022,25,0.33959,13.9818767123288,1254.17,1326.458,14.4726712328767
"1121","arsltarmdcrnatw",2022,26,0.33961,13.9818767123288,1254.17,1326.458,14.4726712328767
"1122","arsltarmdcrnatw",2022,27,0.33962,13.9818767123288,1254.17,1326.458,14.4726712328767
"1123","arsltarmdcrnatw",2022,28,0.33962,13.9818767123288,1254.17,1326.458,14.4726712328767
"1124","arsltarmdcrnatw",2022,29,0.3396,13.9818767123288,1254.17,1326.458,14.4726712328767
"1125","arsltarmdcrnatw",2022,30,0.33958,13.9818767123288,1254.17,1326.458,14.4726712328767
"1126","arsltarmdcrnatw",2022,31,0.33956,13.9818767123288,1254.17,1326.458,14.4726712328767
"1127","arsltarmdcrnatw",2022,32,0.33954,13.9818767123288,1254.17,1326.458,14.4726712328767
"1128","arsltarmdcrnatw",2022,33,0.33953,13.9818767123288,1254.17,1326.458,14.4726712328767
"1129","arsltarmdcrnatw",2022,34,0.33951,13.9818767123288,1254.17,1326.458,14.4726712328767
"1130","arsltarmdcrnatw",2022,35,0.33947,13.9818767123288,1254.17,1326.458,14.4726712328767
"1131","arsltarmdcrnatw",2022,36,0.33939,13.9818767123288,1254.17,1326.458,14.4726712328767
"1132","arsltarmdcrnatw",2022,37,0.3393,13.9818767123288,1254.17,1326.458,14.4726712328767
"1133","arsltarmdcrnatw",2022,38,0.33923,13.9818767123288,1254.17,1326.458,14.4726712328767
"1134","arsltarmdcrnatw",2022,39,0.33919,13.9818767123288,1254.17,1326.458,14.4726712328767
"1135","arsltarmdcrnatw",2022,40,0.33919,13.9818767123288,1254.17,1326.458,14.4726712328767
"1136","arsltarmdcrnatw",2022,41,0.33917,13.9818767123288,1254.17,1326.458,14.4726712328767
"1137","arsltarmdcrnatw",2022,42,0.33915,13.9818767123288,1254.17,1326.458,14.4726712328767
"1138","arsltarmdcrnatw",2022,43,0.33913,13.9818767123288,1254.17,1326.458,14.4726712328767
"1139","arsltarmdcrnatw",2022,44,0.33913,13.9818767123288,1254.17,1326.458,14.4726712328767
"1140","arsltarmdcrnatw",2022,45,0.33913,13.9818767123288,1254.17,1326.458,14.4726712328767
"1141","arsltarmdcrnatw",2022,46,0.33916,13.9818767123288,1254.17,1326.458,14.4726712328767
"1142","arsltarmdcrnatw",2022,47,0.33921,13.9818767123288,1254.17,1326.458,14.4726712328767
"1143","arsltarmdcrnatw",2022,48,0.33929,13.9818767123288,1254.17,1326.458,14.4726712328767
"1144","arsltarmdcrnatw",2022,49,0.33942,13.9818767123288,1254.17,1326.458,14.4726712328767
"1145","arsltarmdcrnatw",2022,50,0.33959,13.9818767123288,1254.17,1326.458,14.4726712328767
"1146","arsltarmdcrnatw",2022,51,0.33979,13.9818767123288,1254.17,1326.458,14.4726712328767
"1147","arsltarmdcrnatw",2022,52,0.33999,13.9818767123288,1254.17,1326.458,14.4726712328767
"1148","arsltarmdcrnatw",2022,53,0.34017,13.9818767123288,1254.17,1326.458,14.4726712328767
"1149","arsltarmdcrnatw",2022,54,0.34034,13.9818767123288,1254.17,1326.458,14.4726712328767
"1150","arsltarmdcrnatw",2022,55,0.3405,13.9818767123288,1254.17,1326.458,14.4726712328767
"1151","arsltarmdcrnatw",2022,56,0.34066,13.9818767123288,1254.17,1326.458,14.4726712328767
"1152","arsltarmdcrnatw",2022,57,0.34085,13.9818767123288,1254.17,1326.458,14.4726712328767
"1153","arsltarmdcrnatw",2022,58,0.34105,13.9818767123288,1254.17,1326.458,14.4726712328767
"1154","arsltarmdcrnatw",2022,59,0.34124,13.9818767123288,1254.17,1326.458,14.4726712328767
"1155","arsltarmdcrnatw",2022,60,0.34139,13.9818767123288,1254.17,1326.458,14.4726712328767
"1156","arsltarmdcrnatw",2022,61,0.34155,13.9818767123288,1254.17,1326.458,14.4726712328767
"1157","arsltarmdcrnatw",2022,62,0.34174,13.9818767123288,1254.17,1326.458,14.4726712328767
"1158","arsltarmdcrnatw",2022,63,0.342,13.9818767123288,1254.17,1326.458,14.4726712328767
"1159","arsltarmdcrnatw",2022,64,0.34229,13.9818767123288,1254.17,1326.458,14.4726712328767
"1160","arsltarmdcrnatw",2022,65,0.34255,13.9818767123288,1254.17,1326.458,14.4726712328767
"1161","arsltarmdcrnatw",2022,66,0.34283,13.9818767123288,1254.17,1326.458,14.4726712328767
"1162","arsltarmdcrnatw",2022,67,0.34315,13.9818767123288,1254.17,1326.458,14.4726712328767
"1163","arsltarmdcrnatw",2022,68,0.34355,13.9818767123288,1254.17,1326.458,14.4726712328767
"1164","arsltarmdcrnatw",2022,69,0.34403,13.9818767123288,1254.17,1326.458,14.4726712328767
"1165","arsltarmdcrnatw",2022,70,0.34454,13.9818767123288,1254.17,1326.458,14.4726712328767
"1166","arsltarmdcrnatw",2022,71,0.34508,13.9818767123288,1254.17,1326.458,14.4726712328767
"1167","arsltarmdcrnatw",2022,72,0.34565,13.9818767123288,1254.17,1326.458,14.4726712328767
"1168","arsltarmdcrnatw",2022,73,0.34626,13.9818767123288,1254.17,1326.458,14.4726712328767
"1169","arsltarmdcrnatw",2022,74,0.3469,13.9818767123288,1254.17,1326.458,14.4726712328767
"1170","arsltarmdcrnatw",2022,75,0.3476,13.9818767123288,1254.17,1326.458,14.4726712328767
"1171","arsltarmdcrnatw",2022,76,0.34832,13.9818767123288,1254.17,1326.458,14.4726712328767
"1172","arsltarmdcrnatw",2022,77,0.34908,13.9818767123288,1254.17,1326.458,14.4726712328767
"1173","arsltarmdcrnatw",2022,78,0.34986,13.9818767123288,1254.17,1326.458,14.4726712328767
"1174","arsltarmdcrnatw",2022,79,0.35067,13.9818767123288,1254.17,1326.458,14.4726712328767
"1175","arsltarmdcrnatw",2022,80,0.35153,13.9818767123288,1254.17,1326.458,14.4726712328767
"1176","arsltarmdcrnatw",2022,81,0.35244,13.9818767123288,1254.17,1326.458,14.4726712328767
"1177","arsltarmdcrnatw",2022,82,0.35339,13.9818767123288,1254.17,1326.458,14.4726712328767
"1178","arsltarmdcrnatw",2022,83,0.35436,13.9818767123288,1254.17,1326.458,14.4726712328767
"1179","arsltarmdcrnatw",2022,84,0.35537,13.9818767123288,1254.17,1326.458,14.4726712328767
"1180","arsltarmdcrnatw",2022,85,0.35639,13.9818767123288,1254.17,1326.458,14.4726712328767
"1181","arsltarmdcrnatw",2022,86,0.35741,13.9818767123288,1254.17,1326.458,14.4726712328767
"1182","arsltarmdcrnatw",2022,87,0.35844,13.9818767123288,1254.17,1326.458,14.4726712328767
"1183","arsltarmdcrnatw",2022,88,0.3595,13.9818767123288,1254.17,1326.458,14.4726712328767
"1184","arsltarmdcrnatw",2022,89,0.36059,13.9818767123288,1254.17,1326.458,14.4726712328767
"1185","arsltarmdcrnatw",2022,90,0.36171,13.9818767123288,1254.17,1326.458,14.4726712328767
"1186","arsltarmdcrnatw",2022,91,0.36283,13.9818767123288,1254.17,1326.458,14.4726712328767
"1187","arsltarmdcrnatw",2022,92,0.36395,13.9818767123288,1254.17,1326.458,14.4726712328767
"1188","arsltarmdcrnatw",2022,93,0.3651,13.9818767123288,1254.17,1326.458,14.4726712328767
"1189","arsltarmdcrnatw",2022,94,0.36632,13.9818767123288,1254.17,1326.458,14.4726712328767
"1190","arsltarmdcrnatw",2022,95,0.36756,13.9818767123288,1254.17,1326.458,14.4726712328767
"1191","arsltarmdcrnatw",2022,96,0.36879,13.9818767123288,1254.17,1326.458,14.4726712328767
"1192","arsltarmdcrnatw",2022,97,0.36997,13.9818767123288,1254.17,1326.458,14.4726712328767
"1193","arsltarmdcrnatw",2022,98,0.37115,13.9818767123288,1254.17,1326.458,14.4726712328767
"1194","arsltarmdcrnatw",2022,99,0.37237,13.9818767123288,1254.17,1326.458,14.4726712328767
"1195","arsltarmdcrnatw",2022,100,0.37363,13.9818767123288,1254.17,1326.458,14.4726712328767
"1196","arsltarmdcrnatw",2022,101,0.37491,13.9818767123288,1254.17,1326.458,14.4726712328767
"1197","arsltarmdcrnatw",2022,102,0.37617,13.9818767123288,1254.17,1326.458,14.4726712328767
"1198","arsltarmdcrnatw",2022,103,0.37742,13.9818767123288,1254.17,1326.458,14.4726712328767
"1199","arsltarmdcrnatw",2022,104,0.37862,13.9818767123288,1254.17,1326.458,14.4726712328767
"1200","arsltarmdcrnatw",2022,105,0.37977,13.9818767123288,1254.17,1326.458,14.4726712328767
"1201","arsltarmdcrnatw",2022,106,0.38084,13.9818767123288,1254.17,1326.458,14.4726712328767
"1202","arsltarmdcrnatw",2022,107,0.38182,13.9818767123288,1254.17,1326.458,14.4726712328767
"1203","arsltarmdcrnatw",2022,108,0.38272,13.9818767123288,1254.17,1326.458,14.4726712328767
"1204","arsltarmdcrnatw",2022,109,0.38359,13.9818767123288,1254.17,1326.458,14.4726712328767
"1205","arsltarmdcrnatw",2022,110,0.38446,13.9818767123288,1254.17,1326.458,14.4726712328767
"1206","arsltarmdcrnatw",2022,111,0.38537,13.9818767123288,1254.17,1326.458,14.4726712328767
"1207","arsltarmdcrnatw",2022,112,0.38628,13.9818767123288,1254.17,1326.458,14.4726712328767
"1208","arsltarmdcrnatw",2022,113,0.38714,13.9818767123288,1254.17,1326.458,14.4726712328767
"1209","arsltarmdcrnatw",2022,114,0.38797,13.9818767123288,1254.17,1326.458,14.4726712328767
"1210","arsltarmdcrnatw",2022,115,0.3888,13.9818767123288,1254.17,1326.458,14.4726712328767
"1211","arsltarmdcrnatw",2022,116,0.38967,13.9818767123288,1254.17,1326.458,14.4726712328767
"1212","arsltarmdcrnatw",2022,117,0.39057,13.9818767123288,1254.17,1326.458,14.4726712328767
"1213","arsltarmdcrnatw",2022,118,0.39148,13.9818767123288,1254.17,1326.458,14.4726712328767
"1214","arsltarmdcrnatw",2022,119,0.3924,13.9818767123288,1254.17,1326.458,14.4726712328767
"1215","arsltarmdcrnatw",2022,120,0.39331,13.9818767123288,1254.17,1326.458,14.4726712328767
"1216","arsltarmdcrnatw",2022,121,0.39421,13.9818767123288,1254.17,1326.458,14.4726712328767
"1217","arsltarmdcrnatw",2022,122,0.3951,13.9818767123288,1254.17,1326.458,14.4726712328767
"1218","arsltarmdcrnatw",2022,123,0.39597,13.9818767123288,1254.17,1326.458,14.4726712328767
"1219","arsltarmdcrnatw",2022,124,0.39681,13.9818767123288,1254.17,1326.458,14.4726712328767
"1220","arsltarmdcrnatw",2022,125,0.39761,13.9818767123288,1254.17,1326.458,14.4726712328767
"1221","arsltarmdcrnatw",2022,126,0.39843,13.9818767123288,1254.17,1326.458,14.4726712328767
"1222","arsltarmdcrnatw",2022,127,0.3993,13.9818767123288,1254.17,1326.458,14.4726712328767
"1223","arsltarmdcrnatw",2022,128,0.40018,13.9818767123288,1254.17,1326.458,14.4726712328767
"1224","arsltarmdcrnatw",2022,129,0.40101,13.9818767123288,1254.17,1326.458,14.4726712328767
"1225","arsltarmdcrnatw",2022,130,0.40175,13.9818767123288,1254.17,1326.458,14.4726712328767
"1226","arsltarmdcrnatw",2022,131,0.40245,13.9818767123288,1254.17,1326.458,14.4726712328767
"1227","arsltarmdcrnatw",2022,132,0.40316,13.9818767123288,1254.17,1326.458,14.4726712328767
"1228","arsltarmdcrnatw",2022,133,0.40385,13.9818767123288,1254.17,1326.458,14.4726712328767
"1229","arsltarmdcrnatw",2022,134,0.4045,13.9818767123288,1254.17,1326.458,14.4726712328767
"1230","arsltarmdcrnatw",2022,135,0.40507,13.9818767123288,1254.17,1326.458,14.4726712328767
"1231","arsltarmdcrnatw",2022,136,0.40557,13.9818767123288,1254.17,1326.458,14.4726712328767
"1232","arsltarmdcrnatw",2022,137,0.40603,13.9818767123288,1254.17,1326.458,14.4726712328767
"1233","arsltarmdcrnatw",2022,138,0.40646,13.9818767123288,1254.17,1326.458,14.4726712328767
"1234","arsltarmdcrnatw",2022,139,0.40683,13.9818767123288,1254.17,1326.458,14.4726712328767
"1235","arsltarmdcrnatw",2022,140,0.40715,13.9818767123288,1254.17,1326.458,14.4726712328767
"1236","arsltarmdcrnatw",2022,141,0.40735,13.9818767123288,1254.17,1326.458,14.4726712328767
"1237","arsltarmdcrnatw",2022,142,0.40743,13.9818767123288,1254.17,1326.458,14.4726712328767
"1238","arsltarmdcrnatw",2022,143,0.40745,13.9818767123288,1254.17,1326.458,14.4726712328767
"1239","arsltarmdcrnatw",2022,144,0.40748,13.9818767123288,1254.17,1326.458,14.4726712328767
"1240","arsltarmdcrnatw",2022,145,0.40757,13.9818767123288,1254.17,1326.458,14.4726712328767
"1241","arsltarmdcrnatw",2022,146,0.40763,13.9818767123288,1254.17,1326.458,14.4726712328767
"1242","arsltarmdcrnatw",2022,147,0.40757,13.9818767123288,1254.17,1326.458,14.4726712328767
"1243","arsltarmdcrnatw",2022,148,0.40748,13.9818767123288,1254.17,1326.458,14.4726712328767
"1244","arsltarmdcrnatw",2022,149,0.40741,13.9818767123288,1254.17,1326.458,14.4726712328767
"1245","arsltarmdcrnatw",2022,150,0.40744,13.9818767123288,1254.17,1326.458,14.4726712328767
"1246","arsltarmdcrnatw",2022,151,0.40755,13.9818767123288,1254.17,1326.458,14.4726712328767
"1247","arsltarmdcrnatw",2022,152,0.40765,13.9818767123288,1254.17,1326.458,14.4726712328767
"1248","arsltarmdcrnatw",2022,153,0.40776,13.9818767123288,1254.17,1326.458,14.4726712328767
"1249","arsltarmdcrnatw",2022,154,0.40785,13.9818767123288,1254.17,1326.458,14.4726712328767
"1250","arsltarmdcrnatw",2022,155,0.40794,13.9818767123288,1254.17,1326.458,14.4726712328767
"1251","arsltarmdcrnatw",2022,156,0.40801,13.9818767123288,1254.17,1326.458,14.4726712328767
"1252","arsltarmdcrnatw",2022,157,0.4081,13.9818767123288,1254.17,1326.458,14.4726712328767
"1253","arsltarmdcrnatw",2022,158,0.40819,13.9818767123288,1254.17,1326.458,14.4726712328767
"1254","arsltarmdcrnatw",2022,159,0.40828,13.9818767123288,1254.17,1326.458,14.4726712328767
"1255","arsltarmdcrnatw",2022,160,0.40836,13.9818767123288,1254.17,1326.458,14.4726712328767
"1256","arsltarmdcrnatw",2022,161,0.40843,13.9818767123288,1254.17,1326.458,14.4726712328767
"1257","arsltarmdcrnatw",2022,162,0.40848,13.9818767123288,1254.17,1326.458,14.4726712328767
"1258","arsltarmdcrnatw",2022,163,0.40852,13.9818767123288,1254.17,1326.458,14.4726712328767
"1259","arsltarmdcrnatw",2022,164,0.40852,13.9818767123288,1254.17,1326.458,14.4726712328767
"1260","arsltarmdcrnatw",2022,165,0.40852,13.9818767123288,1254.17,1326.458,14.4726712328767
"1261","arsltarmdcrnatw",2022,166,0.40851,13.9818767123288,1254.17,1326.458,14.4726712328767
"1262","arsltarmdcrnatw",2022,167,0.40851,13.9818767123288,1254.17,1326.458,14.4726712328767
"1263","arsltarmdcrnatw",2022,168,0.4085,13.9818767123288,1254.17,1326.458,14.4726712328767
"1264","arsltarmdcrnatw",2022,169,0.40847,13.9818767123288,1254.17,1326.458,14.4726712328767
"1265","arsltarmdcrnatw",2022,170,0.4084,13.9818767123288,1254.17,1326.458,14.4726712328767
"1266","arsltarmdcrnatw",2022,171,0.40826,13.9818767123288,1254.17,1326.458,14.4726712328767
"1267","arsltarmdcrnatw",2022,172,0.40809,13.9818767123288,1254.17,1326.458,14.4726712328767
"1268","arsltarmdcrnatw",2022,173,0.40794,13.9818767123288,1254.17,1326.458,14.4726712328767
"1269","arsltarmdcrnatw",2022,174,0.40783,13.9818767123288,1254.17,1326.458,14.4726712328767
"1270","arsltarmdcrnatw",2022,175,0.40772,13.9818767123288,1254.17,1326.458,14.4726712328767
"1271","arsltarmdcrnatw",2022,176,0.40754,13.9818767123288,1254.17,1326.458,14.4726712328767
"1272","arsltarmdcrnatw",2022,177,0.40733,13.9818767123288,1254.17,1326.458,14.4726712328767
"1273","arsltarmdcrnatw",2022,178,0.40714,13.9818767123288,1254.17,1326.458,14.4726712328767
"1274","arsltarmdcrnatw",2022,179,0.40701,13.9818767123288,1254.17,1326.458,14.4726712328767
"1275","arsltarmdcrnatw",2022,180,0.40699,13.9818767123288,1254.17,1326.458,14.4726712328767
"1276","arsltarmdcrnatw",2022,181,0.40706,13.9818767123288,1254.17,1326.458,14.4726712328767
"1277","arsltarmdcrnatw",2022,182,0.40716,13.9818767123288,1254.17,1326.458,14.4726712328767
"1278","arsltarmdcrnatw",2022,183,0.40724,13.9818767123288,1254.17,1326.458,14.4726712328767
"1279","arsltarmdcrnatw",2022,184,0.40723,13.9818767123288,1254.17,1326.458,14.4726712328767
"1280","arsltarmdcrnatw",2022,185,0.40723,13.9818767123288,1254.17,1326.458,14.4726712328767
"1281","arsltarmdcrnatw",2022,186,0.40731,13.9818767123288,1254.17,1326.458,14.4726712328767
"1282","arsltarmdcrnatw",2022,187,0.40742,13.9818767123288,1254.17,1326.458,14.4726712328767
"1283","arsltarmdcrnatw",2022,188,0.40747,13.9818767123288,1254.17,1326.458,14.4726712328767
"1284","arsltarmdcrnatw",2022,189,0.40741,13.9818767123288,1254.17,1326.458,14.4726712328767
"1285","arsltarmdcrnatw",2022,190,0.40723,13.9818767123288,1254.17,1326.458,14.4726712328767
"1286","arsltarmdcrnatw",2022,191,0.40699,13.9818767123288,1254.17,1326.458,14.4726712328767
"1287","arsltarmdcrnatw",2022,192,0.40672,13.9818767123288,1254.17,1326.458,14.4726712328767
"1288","arsltarmdcrnatw",2022,193,0.40644,13.9818767123288,1254.17,1326.458,14.4726712328767
"1289","arsltarmdcrnatw",2022,194,0.40618,13.9818767123288,1254.17,1326.458,14.4726712328767
"1290","arsltarmdcrnatw",2022,195,0.40591,13.9818767123288,1254.17,1326.458,14.4726712328767
"1291","arsltarmdcrnatw",2022,196,0.40557,13.9818767123288,1254.17,1326.458,14.4726712328767
"1292","arsltarmdcrnatw",2022,197,0.40518,13.9818767123288,1254.17,1326.458,14.4726712328767
"1293","arsltarmdcrnatw",2022,198,0.40477,13.9818767123288,1254.17,1326.458,14.4726712328767
"1294","arsltarmdcrnatw",2022,199,0.40435,13.9818767123288,1254.17,1326.458,14.4726712328767
"1295","arsltarmdcrnatw",2022,200,0.40393,13.9818767123288,1254.17,1326.458,14.4726712328767
"1296","arsltarmdcrnatw",2022,201,0.40355,13.9818767123288,1254.17,1326.458,14.4726712328767
"1297","arsltarmdcrnatw",2022,202,0.4032,13.9818767123288,1254.17,1326.458,14.4726712328767
"1298","arsltarmdcrnatw",2022,203,0.40291,13.9818767123288,1254.17,1326.458,14.4726712328767
"1299","arsltarmdcrnatw",2022,204,0.40272,13.9818767123288,1254.17,1326.458,14.4726712328767
"1300","arsltarmdcrnatw",2022,205,0.40262,13.9818767123288,1254.17,1326.458,14.4726712328767
"1301","arsltarmdcrnatw",2022,206,0.40254,13.9818767123288,1254.17,1326.458,14.4726712328767
"1302","arsltarmdcrnatw",2022,207,0.40243,13.9818767123288,1254.17,1326.458,14.4726712328767
"1303","arsltarmdcrnatw",2022,208,0.40223,13.9818767123288,1254.17,1326.458,14.4726712328767
"1304","arsltarmdcrnatw",2022,209,0.40201,13.9818767123288,1254.17,1326.458,14.4726712328767
"1305","arsltarmdcrnatw",2022,210,0.40187,13.9818767123288,1254.17,1326.458,14.4726712328767
"1306","arsltarmdcrnatw",2022,211,0.40175,13.9818767123288,1254.17,1326.458,14.4726712328767
"1307","arsltarmdcrnatw",2022,212,0.40157,13.9818767123288,1254.17,1326.458,14.4726712328767
"1308","arsltarmdcrnatw",2022,213,0.40129,13.9818767123288,1254.17,1326.458,14.4726712328767
"1309","arsltarmdcrnatw",2022,214,0.40094,13.9818767123288,1254.17,1326.458,14.4726712328767
"1310","arsltarmdcrnatw",2022,215,0.40056,13.9818767123288,1254.17,1326.458,14.4726712328767
"1311","arsltarmdcrnatw",2022,216,0.40017,13.9818767123288,1254.17,1326.458,14.4726712328767
"1312","arsltarmdcrnatw",2022,217,0.39976,13.9818767123288,1254.17,1326.458,14.4726712328767
"1313","arsltarmdcrnatw",2022,218,0.39933,13.9818767123288,1254.17,1326.458,14.4726712328767
"1314","arsltarmdcrnatw",2022,219,0.39876,13.9818767123288,1254.17,1326.458,14.4726712328767
"1315","arsltarmdcrnatw",2022,220,0.398,13.9818767123288,1254.17,1326.458,14.4726712328767
"1316","arsltarmdcrnatw",2022,221,0.39718,13.9818767123288,1254.17,1326.458,14.4726712328767
"1317","arsltarmdcrnatw",2022,222,0.39643,13.9818767123288,1254.17,1326.458,14.4726712328767
"1318","arsltarmdcrnatw",2022,223,0.39586,13.9818767123288,1254.17,1326.458,14.4726712328767
"1319","arsltarmdcrnatw",2022,224,0.39536,13.9818767123288,1254.17,1326.458,14.4726712328767
"1320","arsltarmdcrnatw",2022,225,0.39475,13.9818767123288,1254.17,1326.458,14.4726712328767
"1321","arsltarmdcrnatw",2022,226,0.39412,13.9818767123288,1254.17,1326.458,14.4726712328767
"1322","arsltarmdcrnatw",2022,227,0.39354,13.9818767123288,1254.17,1326.458,14.4726712328767
"1323","arsltarmdcrnatw",2022,228,0.3931,13.9818767123288,1254.17,1326.458,14.4726712328767
"1324","arsltarmdcrnatw",2022,229,0.39281,13.9818767123288,1254.17,1326.458,14.4726712328767
"1325","arsltarmdcrnatw",2022,230,0.3926,13.9818767123288,1254.17,1326.458,14.4726712328767
"1326","arsltarmdcrnatw",2022,231,0.39244,13.9818767123288,1254.17,1326.458,14.4726712328767
"1327","arsltarmdcrnatw",2022,232,0.39228,13.9818767123288,1254.17,1326.458,14.4726712328767
"1328","arsltarmdcrnatw",2022,233,0.39209,13.9818767123288,1254.17,1326.458,14.4726712328767
"1329","arsltarmdcrnatw",2022,234,0.39196,13.9818767123288,1254.17,1326.458,14.4726712328767
"1330","arsltarmdcrnatw",2022,235,0.39196,13.9818767123288,1254.17,1326.458,14.4726712328767
"1331","arsltarmdcrnatw",2022,236,0.39206,13.9818767123288,1254.17,1326.458,14.4726712328767
"1332","arsltarmdcrnatw",2022,237,0.39222,13.9818767123288,1254.17,1326.458,14.4726712328767
"1333","arsltarmdcrnatw",2022,238,0.3924,13.9818767123288,1254.17,1326.458,14.4726712328767
"1334","arsltarmdcrnatw",2022,239,0.39256,13.9818767123288,1254.17,1326.458,14.4726712328767
"1335","arsltarmdcrnatw",2022,240,0.39267,13.9818767123288,1254.17,1326.458,14.4726712328767
"1336","arsltarmdcrnatw",2022,241,0.39269,13.9818767123288,1254.17,1326.458,14.4726712328767
"1337","arsltarmdcrnatw",2022,242,0.39258,13.9818767123288,1254.17,1326.458,14.4726712328767
"1338","arsltarmdcrnatw",2022,243,0.39242,13.9818767123288,1254.17,1326.458,14.4726712328767
"1339","arsltarmdcrnatw",2022,244,0.39229,13.9818767123288,1254.17,1326.458,14.4726712328767
"1340","arsltarmdcrnatw",2022,245,0.39215,13.9818767123288,1254.17,1326.458,14.4726712328767
"1341","arsltarmdcrnatw",2022,246,0.39194,13.9818767123288,1254.17,1326.458,14.4726712328767
"1342","arsltarmdcrnatw",2022,247,0.39163,13.9818767123288,1254.17,1326.458,14.4726712328767
"1343","arsltarmdcrnatw",2022,248,0.39114,13.9818767123288,1254.17,1326.458,14.4726712328767
"1344","arsltarmdcrnatw",2022,249,0.39051,13.9818767123288,1254.17,1326.458,14.4726712328767
"1345","arsltarmdcrnatw",2022,250,0.38981,13.9818767123288,1254.17,1326.458,14.4726712328767
"1346","arsltarmdcrnatw",2022,251,0.38911,13.9818767123288,1254.17,1326.458,14.4726712328767
"1347","arsltarmdcrnatw",2022,252,0.38847,13.9818767123288,1254.17,1326.458,14.4726712328767
"1348","arsltarmdcrnatw",2022,253,0.38784,13.9818767123288,1254.17,1326.458,14.4726712328767
"1349","arsltarmdcrnatw",2022,254,0.38715,13.9818767123288,1254.17,1326.458,14.4726712328767
"1350","arsltarmdcrnatw",2022,255,0.3864,13.9818767123288,1254.17,1326.458,14.4726712328767
"1351","arsltarmdcrnatw",2022,256,0.38562,13.9818767123288,1254.17,1326.458,14.4726712328767
"1352","arsltarmdcrnatw",2022,257,0.38481,13.9818767123288,1254.17,1326.458,14.4726712328767
"1353","arsltarmdcrnatw",2022,258,0.38401,13.9818767123288,1254.17,1326.458,14.4726712328767
"1354","arsltarmdcrnatw",2022,259,0.38322,13.9818767123288,1254.17,1326.458,14.4726712328767
"1355","arsltarmdcrnatw",2022,260,0.38247,13.9818767123288,1254.17,1326.458,14.4726712328767
"1356","arsltarmdcrnatw",2022,261,0.38176,13.9818767123288,1254.17,1326.458,14.4726712328767
"1357","arsltarmdcrnatw",2022,262,0.38107,13.9818767123288,1254.17,1326.458,14.4726712328767
"1358","arsltarmdcrnatw",2022,263,0.38033,13.9818767123288,1254.17,1326.458,14.4726712328767
"1359","arsltarmdcrnatw",2022,264,0.37957,13.9818767123288,1254.17,1326.458,14.4726712328767
"1360","arsltarmdcrnatw",2022,265,0.37883,13.9818767123288,1254.17,1326.458,14.4726712328767
"1361","arsltarmdcrnatw",2022,266,0.37812,13.9818767123288,1254.17,1326.458,14.4726712328767
"1362","arsltarmdcrnatw",2022,267,0.37746,13.9818767123288,1254.17,1326.458,14.4726712328767
"1363","arsltarmdcrnatw",2022,268,0.37686,13.9818767123288,1254.17,1326.458,14.4726712328767
"1364","arsltarmdcrnatw",2022,269,0.37627,13.9818767123288,1254.17,1326.458,14.4726712328767
"1365","arsltarmdcrnatw",2022,270,0.37567,13.9818767123288,1254.17,1326.458,14.4726712328767
"1366","arsltarmdcrnatw",2022,271,0.37503,13.9818767123288,1254.17,1326.458,14.4726712328767
"1367","arsltarmdcrnatw",2022,272,0.37435,13.9818767123288,1254.17,1326.458,14.4726712328767
"1368","arsltarmdcrnatw",2022,273,0.37368,13.9818767123288,1254.17,1326.458,14.4726712328767
"1369","arsltarmdcrnatw",2022,274,0.37301,13.9818767123288,1254.17,1326.458,14.4726712328767
"1370","arsltarmdcrnatw",2022,275,0.37234,13.9818767123288,1254.17,1326.458,14.4726712328767
"1371","arsltarmdcrnatw",2022,276,0.37166,13.9818767123288,1254.17,1326.458,14.4726712328767
"1372","arsltarmdcrnatw",2022,277,0.37098,13.9818767123288,1254.17,1326.458,14.4726712328767
"1373","arsltarmdcrnatw",2022,278,0.37029,13.9818767123288,1254.17,1326.458,14.4726712328767
"1374","arsltarmdcrnatw",2022,279,0.3696,13.9818767123288,1254.17,1326.458,14.4726712328767
"1375","arsltarmdcrnatw",2022,280,0.36889,13.9818767123288,1254.17,1326.458,14.4726712328767
"1376","arsltarmdcrnatw",2022,281,0.36814,13.9818767123288,1254.17,1326.458,14.4726712328767
"1377","arsltarmdcrnatw",2022,282,0.36734,13.9818767123288,1254.17,1326.458,14.4726712328767
"1378","arsltarmdcrnatw",2022,283,0.36652,13.9818767123288,1254.17,1326.458,14.4726712328767
"1379","arsltarmdcrnatw",2022,284,0.36572,13.9818767123288,1254.17,1326.458,14.4726712328767
"1380","arsltarmdcrnatw",2022,285,0.36497,13.9818767123288,1254.17,1326.458,14.4726712328767
"1381","arsltarmdcrnatw",2022,286,0.36422,13.9818767123288,1254.17,1326.458,14.4726712328767
"1382","arsltarmdcrnatw",2022,287,0.36339,13.9818767123288,1254.17,1326.458,14.4726712328767
"1383","arsltarmdcrnatw",2022,288,0.36255,13.9818767123288,1254.17,1326.458,14.4726712328767
"1384","arsltarmdcrnatw",2022,289,0.36175,13.9818767123288,1254.17,1326.458,14.4726712328767
"1385","arsltarmdcrnatw",2022,290,0.36107,13.9818767123288,1254.17,1326.458,14.4726712328767
"1386","arsltarmdcrnatw",2022,291,0.36043,13.9818767123288,1254.17,1326.458,14.4726712328767
"1387","arsltarmdcrnatw",2022,292,0.35979,13.9818767123288,1254.17,1326.458,14.4726712328767
"1388","arsltarmdcrnatw",2022,293,0.35917,13.9818767123288,1254.17,1326.458,14.4726712328767
"1389","arsltarmdcrnatw",2022,294,0.35859,13.9818767123288,1254.17,1326.458,14.4726712328767
"1390","arsltarmdcrnatw",2022,295,0.35809,13.9818767123288,1254.17,1326.458,14.4726712328767
"1391","arsltarmdcrnatw",2022,296,0.35769,13.9818767123288,1254.17,1326.458,14.4726712328767
"1392","arsltarmdcrnatw",2022,297,0.35738,13.9818767123288,1254.17,1326.458,14.4726712328767
"1393","arsltarmdcrnatw",2022,298,0.35711,13.9818767123288,1254.17,1326.458,14.4726712328767
"1394","arsltarmdcrnatw",2022,299,0.35685,13.9818767123288,1254.17,1326.458,14.4726712328767
"1395","arsltarmdcrnatw",2022,300,0.35656,13.9818767123288,1254.17,1326.458,14.4726712328767
"1396","arsltarmdcrnatw",2022,301,0.35632,13.9818767123288,1254.17,1326.458,14.4726712328767
"1397","arsltarmdcrnatw",2022,302,0.35618,13.9818767123288,1254.17,1326.458,14.4726712328767
"1398","arsltarmdcrnatw",2022,303,0.35609,13.9818767123288,1254.17,1326.458,14.4726712328767
"1399","arsltarmdcrnatw",2022,304,0.35597,13.9818767123288,1254.17,1326.458,14.4726712328767
"1400","arsltarmdcrnatw",2022,305,0.35576,13.9818767123288,1254.17,1326.458,14.4726712328767
"1401","arsltarmdcrnatw",2022,306,0.35554,13.9818767123288,1254.17,1326.458,14.4726712328767
"1402","arsltarmdcrnatw",2022,307,0.35541,13.9818767123288,1254.17,1326.458,14.4726712328767
"1403","arsltarmdcrnatw",2022,308,0.3553,13.9818767123288,1254.17,1326.458,14.4726712328767
"1404","arsltarmdcrnatw",2022,309,0.35516,13.9818767123288,1254.17,1326.458,14.4726712328767
"1405","arsltarmdcrnatw",2022,310,0.35491,13.9818767123288,1254.17,1326.458,14.4726712328767
"1406","arsltarmdcrnatw",2022,311,0.35459,13.9818767123288,1254.17,1326.458,14.4726712328767
"1407","arsltarmdcrnatw",2022,312,0.35426,13.9818767123288,1254.17,1326.458,14.4726712328767
"1408","arsltarmdcrnatw",2022,313,0.35391,13.9818767123288,1254.17,1326.458,14.4726712328767
"1409","arsltarmdcrnatw",2022,314,0.35354,13.9818767123288,1254.17,1326.458,14.4726712328767
"1410","arsltarmdcrnatw",2022,315,0.35315,13.9818767123288,1254.17,1326.458,14.4726712328767
"1411","arsltarmdcrnatw",2022,316,0.35275,13.9818767123288,1254.17,1326.458,14.4726712328767
"1412","arsltarmdcrnatw",2022,317,0.35233,13.9818767123288,1254.17,1326.458,14.4726712328767
"1413","arsltarmdcrnatw",2022,318,0.3519,13.9818767123288,1254.17,1326.458,14.4726712328767
"1414","arsltarmdcrnatw",2022,319,0.35144,13.9818767123288,1254.17,1326.458,14.4726712328767
"1415","arsltarmdcrnatw",2022,320,0.35093,13.9818767123288,1254.17,1326.458,14.4726712328767
"1416","arsltarmdcrnatw",2022,321,0.35037,13.9818767123288,1254.17,1326.458,14.4726712328767
"1417","arsltarmdcrnatw",2022,322,0.34978,13.9818767123288,1254.17,1326.458,14.4726712328767
"1418","arsltarmdcrnatw",2022,323,0.34918,13.9818767123288,1254.17,1326.458,14.4726712328767
"1419","arsltarmdcrnatw",2022,324,0.3486,13.9818767123288,1254.17,1326.458,14.4726712328767
"1420","arsltarmdcrnatw",2022,325,0.348,13.9818767123288,1254.17,1326.458,14.4726712328767
"1421","arsltarmdcrnatw",2022,326,0.34736,13.9818767123288,1254.17,1326.458,14.4726712328767
"1422","arsltarmdcrnatw",2022,327,0.34669,13.9818767123288,1254.17,1326.458,14.4726712328767
"1423","arsltarmdcrnatw",2022,328,0.34604,13.9818767123288,1254.17,1326.458,14.4726712328767
"1424","arsltarmdcrnatw",2022,329,0.34542,13.9818767123288,1254.17,1326.458,14.4726712328767
"1425","arsltarmdcrnatw",2022,330,0.34479,13.9818767123288,1254.17,1326.458,14.4726712328767
"1426","arsltarmdcrnatw",2022,331,0.34412,13.9818767123288,1254.17,1326.458,14.4726712328767
"1427","arsltarmdcrnatw",2022,332,0.34343,13.9818767123288,1254.17,1326.458,14.4726712328767
"1428","arsltarmdcrnatw",2022,333,0.34277,13.9818767123288,1254.17,1326.458,14.4726712328767
"1429","arsltarmdcrnatw",2022,334,0.34218,13.9818767123288,1254.17,1326.458,14.4726712328767
"1430","arsltarmdcrnatw",2022,335,0.3416,13.9818767123288,1254.17,1326.458,14.4726712328767
"1431","arsltarmdcrnatw",2022,336,0.34098,13.9818767123288,1254.17,1326.458,14.4726712328767
"1432","arsltarmdcrnatw",2022,337,0.34036,13.9818767123288,1254.17,1326.458,14.4726712328767
"1433","arsltarmdcrnatw",2022,338,0.33977,13.9818767123288,1254.17,1326.458,14.4726712328767
"1434","arsltarmdcrnatw",2022,339,0.33926,13.9818767123288,1254.17,1326.458,14.4726712328767
"1435","arsltarmdcrnatw",2022,340,0.33876,13.9818767123288,1254.17,1326.458,14.4726712328767
"1436","arsltarmdcrnatw",2022,341,0.33822,13.9818767123288,1254.17,1326.458,14.4726712328767
"1437","arsltarmdcrnatw",2022,342,0.33769,13.9818767123288,1254.17,1326.458,14.4726712328767
"1438","arsltarmdcrnatw",2022,343,0.3372,13.9818767123288,1254.17,1326.458,14.4726712328767
"1439","arsltarmdcrnatw",2022,344,0.33681,13.9818767123288,1254.17,1326.458,14.4726712328767
"1440","arsltarmdcrnatw",2022,345,0.33649,13.9818767123288,1254.17,1326.458,14.4726712328767
"1441","arsltarmdcrnatw",2022,346,0.33621,13.9818767123288,1254.17,1326.458,14.4726712328767
"1442","arsltarmdcrnatw",2022,347,0.33596,13.9818767123288,1254.17,1326.458,14.4726712328767
"1443","arsltarmdcrnatw",2022,348,0.33576,13.9818767123288,1254.17,1326.458,14.4726712328767
"1444","arsltarmdcrnatw",2022,349,0.33559,13.9818767123288,1254.17,1326.458,14.4726712328767
"1445","arsltarmdcrnatw",2022,350,0.3355,13.9818767123288,1254.17,1326.458,14.4726712328767
"1446","arsltarmdcrnatw",2022,351,0.33549,13.9818767123288,1254.17,1326.458,14.4726712328767
"1447","arsltarmdcrnatw",2022,352,0.33556,13.9818767123288,1254.17,1326.458,14.4726712328767
"1448","arsltarmdcrnatw",2022,353,0.33568,13.9818767123288,1254.17,1326.458,14.4726712328767
"1449","arsltarmdcrnatw",2022,354,0.33583,13.9818767123288,1254.17,1326.458,14.4726712328767
"1450","arsltarmdcrnatw",2022,355,0.33599,13.9818767123288,1254.17,1326.458,14.4726712328767
"1451","arsltarmdcrnatw",2022,356,0.33616,13.9818767123288,1254.17,1326.458,14.4726712328767
"1452","arsltarmdcrnatw",2022,357,0.3363,13.9818767123288,1254.17,1326.458,14.4726712328767
"1453","arsltarmdcrnatw",2022,358,0.3364,13.9818767123288,1254.17,1326.458,14.4726712328767
"1454","arsltarmdcrnatw",2022,359,0.33653,13.9818767123288,1254.17,1326.458,14.4726712328767
"1455","arsltarmdcrnatw",2022,360,0.33672,13.9818767123288,1254.17,1326.458,14.4726712328767
"1456","arsltarmdcrnatw",2022,361,0.33693,13.9818767123288,1254.17,1326.458,14.4726712328767
"1457","arsltarmdcrnatw",2022,362,0.33712,13.9818767123288,1254.17,1326.458,14.4726712328767
"1458","arsltarmdcrnatw",2022,363,0.33725,13.9818767123288,1254.17,1326.458,14.4726712328767
"1459","arsltarmdcrnatw",2022,364,0.33736,13.9818767123288,1254.17,1326.458,14.4726712328767
"1460","arsltarmdcrnatw",2022,365,0.33749,13.9818767123288,1254.17,1326.458,14.4726712328767
"1461","arsltarmdcrnatw",2023,1,0.33762,14.8163835616438,1263.61,1326.458,14.4726712328767
"1462","arsltarmdcrnatw",2023,2,0.33774,14.8163835616438,1263.61,1326.458,14.4726712328767
"1463","arsltarmdcrnatw",2023,3,0.33783,14.8163835616438,1263.61,1326.458,14.4726712328767
"1464","arsltarmdcrnatw",2023,4,0.3379,14.8163835616438,1263.61,1326.458,14.4726712328767
"1465","arsltarmdcrnatw",2023,5,0.33796,14.8163835616438,1263.61,1326.458,14.4726712328767
"1466","arsltarmdcrnatw",2023,6,0.33801,14.8163835616438,1263.61,1326.458,14.4726712328767
"1467","arsltarmdcrnatw",2023,7,0.33806,14.8163835616438,1263.61,1326.458,14.4726712328767
"1468","arsltarmdcrnatw",2023,8,0.3381,14.8163835616438,1263.61,1326.458,14.4726712328767
"1469","arsltarmdcrnatw",2023,9,0.33811,14.8163835616438,1263.61,1326.458,14.4726712328767
"1470","arsltarmdcrnatw",2023,10,0.33808,14.8163835616438,1263.61,1326.458,14.4726712328767
"1471","arsltarmdcrnatw",2023,11,0.33803,14.8163835616438,1263.61,1326.458,14.4726712328767
"1472","arsltarmdcrnatw",2023,12,0.33799,14.8163835616438,1263.61,1326.458,14.4726712328767
"1473","arsltarmdcrnatw",2023,13,0.33797,14.8163835616438,1263.61,1326.458,14.4726712328767
"1474","arsltarmdcrnatw",2023,14,0.33795,14.8163835616438,1263.61,1326.458,14.4726712328767
"1475","arsltarmdcrnatw",2023,15,0.3379,14.8163835616438,1263.61,1326.458,14.4726712328767
"1476","arsltarmdcrnatw",2023,16,0.33785,14.8163835616438,1263.61,1326.458,14.4726712328767
"1477","arsltarmdcrnatw",2023,17,0.3378,14.8163835616438,1263.61,1326.458,14.4726712328767
"1478","arsltarmdcrnatw",2023,18,0.33778,14.8163835616438,1263.61,1326.458,14.4726712328767
"1479","arsltarmdcrnatw",2023,19,0.33778,14.8163835616438,1263.61,1326.458,14.4726712328767
"1480","arsltarmdcrnatw",2023,20,0.33777,14.8163835616438,1263.61,1326.458,14.4726712328767
"1481","arsltarmdcrnatw",2023,21,0.33776,14.8163835616438,1263.61,1326.458,14.4726712328767
"1482","arsltarmdcrnatw",2023,22,0.33776,14.8163835616438,1263.61,1326.458,14.4726712328767
"1483","arsltarmdcrnatw",2023,23,0.33779,14.8163835616438,1263.61,1326.458,14.4726712328767
"1484","arsltarmdcrnatw",2023,24,0.33783,14.8163835616438,1263.61,1326.458,14.4726712328767
"1485","arsltarmdcrnatw",2023,25,0.33788,14.8163835616438,1263.61,1326.458,14.4726712328767
"1486","arsltarmdcrnatw",2023,26,0.33793,14.8163835616438,1263.61,1326.458,14.4726712328767
"1487","arsltarmdcrnatw",2023,27,0.33799,14.8163835616438,1263.61,1326.458,14.4726712328767
"1488","arsltarmdcrnatw",2023,28,0.33805,14.8163835616438,1263.61,1326.458,14.4726712328767
"1489","arsltarmdcrnatw",2023,29,0.33812,14.8163835616438,1263.61,1326.458,14.4726712328767
"1490","arsltarmdcrnatw",2023,30,0.3382,14.8163835616438,1263.61,1326.458,14.4726712328767
"1491","arsltarmdcrnatw",2023,31,0.33829,14.8163835616438,1263.61,1326.458,14.4726712328767
"1492","arsltarmdcrnatw",2023,32,0.33838,14.8163835616438,1263.61,1326.458,14.4726712328767
"1493","arsltarmdcrnatw",2023,33,0.33849,14.8163835616438,1263.61,1326.458,14.4726712328767
"1494","arsltarmdcrnatw",2023,34,0.33864,14.8163835616438,1263.61,1326.458,14.4726712328767
"1495","arsltarmdcrnatw",2023,35,0.33879,14.8163835616438,1263.61,1326.458,14.4726712328767
"1496","arsltarmdcrnatw",2023,36,0.33895,14.8163835616438,1263.61,1326.458,14.4726712328767
"1497","arsltarmdcrnatw",2023,37,0.33908,14.8163835616438,1263.61,1326.458,14.4726712328767
"1498","arsltarmdcrnatw",2023,38,0.33924,14.8163835616438,1263.61,1326.458,14.4726712328767
"1499","arsltarmdcrnatw",2023,39,0.33944,14.8163835616438,1263.61,1326.458,14.4726712328767
"1500","arsltarmdcrnatw",2023,40,0.33965,14.8163835616438,1263.61,1326.458,14.4726712328767
"1501","arsltarmdcrnatw",2023,41,0.33985,14.8163835616438,1263.61,1326.458,14.4726712328767
"1502","arsltarmdcrnatw",2023,42,0.34,14.8163835616438,1263.61,1326.458,14.4726712328767
"1503","arsltarmdcrnatw",2023,43,0.34011,14.8163835616438,1263.61,1326.458,14.4726712328767
"1504","arsltarmdcrnatw",2023,44,0.34022,14.8163835616438,1263.61,1326.458,14.4726712328767
"1505","arsltarmdcrnatw",2023,45,0.34031,14.8163835616438,1263.61,1326.458,14.4726712328767
"1506","arsltarmdcrnatw",2023,46,0.34041,14.8163835616438,1263.61,1326.458,14.4726712328767
"1507","arsltarmdcrnatw",2023,47,0.34049,14.8163835616438,1263.61,1326.458,14.4726712328767
"1508","arsltarmdcrnatw",2023,48,0.34057,14.8163835616438,1263.61,1326.458,14.4726712328767
"1509","arsltarmdcrnatw",2023,49,0.34063,14.8163835616438,1263.61,1326.458,14.4726712328767
"1510","arsltarmdcrnatw",2023,50,0.34069,14.8163835616438,1263.61,1326.458,14.4726712328767
"1511","arsltarmdcrnatw",2023,51,0.34074,14.8163835616438,1263.61,1326.458,14.4726712328767
"1512","arsltarmdcrnatw",2023,52,0.34077,14.8163835616438,1263.61,1326.458,14.4726712328767
"1513","arsltarmdcrnatw",2023,53,0.34078,14.8163835616438,1263.61,1326.458,14.4726712328767
"1514","arsltarmdcrnatw",2023,54,0.34077,14.8163835616438,1263.61,1326.458,14.4726712328767
"1515","arsltarmdcrnatw",2023,55,0.34077,14.8163835616438,1263.61,1326.458,14.4726712328767
"1516","arsltarmdcrnatw",2023,56,0.34077,14.8163835616438,1263.61,1326.458,14.4726712328767
"1517","arsltarmdcrnatw",2023,57,0.34077,14.8163835616438,1263.61,1326.458,14.4726712328767
"1518","arsltarmdcrnatw",2023,58,0.34073,14.8163835616438,1263.61,1326.458,14.4726712328767
"1519","arsltarmdcrnatw",2023,59,0.34069,14.8163835616438,1263.61,1326.458,14.4726712328767
"1520","arsltarmdcrnatw",2023,60,0.34065,14.8163835616438,1263.61,1326.458,14.4726712328767
"1521","arsltarmdcrnatw",2023,61,0.34064,14.8163835616438,1263.61,1326.458,14.4726712328767
"1522","arsltarmdcrnatw",2023,62,0.34064,14.8163835616438,1263.61,1326.458,14.4726712328767
"1523","arsltarmdcrnatw",2023,63,0.34062,14.8163835616438,1263.61,1326.458,14.4726712328767
"1524","arsltarmdcrnatw",2023,64,0.34059,14.8163835616438,1263.61,1326.458,14.4726712328767
"1525","arsltarmdcrnatw",2023,65,0.34056,14.8163835616438,1263.61,1326.458,14.4726712328767
"1526","arsltarmdcrnatw",2023,66,0.34053,14.8163835616438,1263.61,1326.458,14.4726712328767
"1527","arsltarmdcrnatw",2023,67,0.34051,14.8163835616438,1263.61,1326.458,14.4726712328767
"1528","arsltarmdcrnatw",2023,68,0.34052,14.8163835616438,1263.61,1326.458,14.4726712328767
"1529","arsltarmdcrnatw",2023,69,0.34055,14.8163835616438,1263.61,1326.458,14.4726712328767
"1530","arsltarmdcrnatw",2023,70,0.34063,14.8163835616438,1263.61,1326.458,14.4726712328767
"1531","arsltarmdcrnatw",2023,71,0.34071,14.8163835616438,1263.61,1326.458,14.4726712328767
"1532","arsltarmdcrnatw",2023,72,0.3408,14.8163835616438,1263.61,1326.458,14.4726712328767
"1533","arsltarmdcrnatw",2023,73,0.34089,14.8163835616438,1263.61,1326.458,14.4726712328767
"1534","arsltarmdcrnatw",2023,74,0.341,14.8163835616438,1263.61,1326.458,14.4726712328767
"1535","arsltarmdcrnatw",2023,75,0.34115,14.8163835616438,1263.61,1326.458,14.4726712328767
"1536","arsltarmdcrnatw",2023,76,0.34131,14.8163835616438,1263.61,1326.458,14.4726712328767
"1537","arsltarmdcrnatw",2023,77,0.34147,14.8163835616438,1263.61,1326.458,14.4726712328767
"1538","arsltarmdcrnatw",2023,78,0.34165,14.8163835616438,1263.61,1326.458,14.4726712328767
"1539","arsltarmdcrnatw",2023,79,0.34186,14.8163835616438,1263.61,1326.458,14.4726712328767
"1540","arsltarmdcrnatw",2023,80,0.3421,14.8163835616438,1263.61,1326.458,14.4726712328767
"1541","arsltarmdcrnatw",2023,81,0.34236,14.8163835616438,1263.61,1326.458,14.4726712328767
"1542","arsltarmdcrnatw",2023,82,0.34261,14.8163835616438,1263.61,1326.458,14.4726712328767
"1543","arsltarmdcrnatw",2023,83,0.34287,14.8163835616438,1263.61,1326.458,14.4726712328767
"1544","arsltarmdcrnatw",2023,84,0.34318,14.8163835616438,1263.61,1326.458,14.4726712328767
"1545","arsltarmdcrnatw",2023,85,0.34356,14.8163835616438,1263.61,1326.458,14.4726712328767
"1546","arsltarmdcrnatw",2023,86,0.34391,14.8163835616438,1263.61,1326.458,14.4726712328767
"1547","arsltarmdcrnatw",2023,87,0.34417,14.8163835616438,1263.61,1326.458,14.4726712328767
"1548","arsltarmdcrnatw",2023,88,0.34444,14.8163835616438,1263.61,1326.458,14.4726712328767
"1549","arsltarmdcrnatw",2023,89,0.3448,14.8163835616438,1263.61,1326.458,14.4726712328767
"1550","arsltarmdcrnatw",2023,90,0.34536,14.8163835616438,1263.61,1326.458,14.4726712328767
"1551","arsltarmdcrnatw",2023,91,0.34597,14.8163835616438,1263.61,1326.458,14.4726712328767
"1552","arsltarmdcrnatw",2023,92,0.34649,14.8163835616438,1263.61,1326.458,14.4726712328767
"1553","arsltarmdcrnatw",2023,93,0.34705,14.8163835616438,1263.61,1326.458,14.4726712328767
"1554","arsltarmdcrnatw",2023,94,0.34773,14.8163835616438,1263.61,1326.458,14.4726712328767
"1555","arsltarmdcrnatw",2023,95,0.34866,14.8163835616438,1263.61,1326.458,14.4726712328767
"1556","arsltarmdcrnatw",2023,96,0.34975,14.8163835616438,1263.61,1326.458,14.4726712328767
"1557","arsltarmdcrnatw",2023,97,0.35091,14.8163835616438,1263.61,1326.458,14.4726712328767
"1558","arsltarmdcrnatw",2023,98,0.35214,14.8163835616438,1263.61,1326.458,14.4726712328767
"1559","arsltarmdcrnatw",2023,99,0.35348,14.8163835616438,1263.61,1326.458,14.4726712328767
"1560","arsltarmdcrnatw",2023,100,0.35496,14.8163835616438,1263.61,1326.458,14.4726712328767
"1561","arsltarmdcrnatw",2023,101,0.35668,14.8163835616438,1263.61,1326.458,14.4726712328767
"1562","arsltarmdcrnatw",2023,102,0.35867,14.8163835616438,1263.61,1326.458,14.4726712328767
"1563","arsltarmdcrnatw",2023,103,0.36089,14.8163835616438,1263.61,1326.458,14.4726712328767
"1564","arsltarmdcrnatw",2023,104,0.36325,14.8163835616438,1263.61,1326.458,14.4726712328767
"1565","arsltarmdcrnatw",2023,105,0.3657,14.8163835616438,1263.61,1326.458,14.4726712328767
"1566","arsltarmdcrnatw",2023,106,0.36818,14.8163835616438,1263.61,1326.458,14.4726712328767
"1567","arsltarmdcrnatw",2023,107,0.37061,14.8163835616438,1263.61,1326.458,14.4726712328767
"1568","arsltarmdcrnatw",2023,108,0.37294,14.8163835616438,1263.61,1326.458,14.4726712328767
"1569","arsltarmdcrnatw",2023,109,0.3751,14.8163835616438,1263.61,1326.458,14.4726712328767
"1570","arsltarmdcrnatw",2023,110,0.37739,14.8163835616438,1263.61,1326.458,14.4726712328767
"1571","arsltarmdcrnatw",2023,111,0.38001,14.8163835616438,1263.61,1326.458,14.4726712328767
"1572","arsltarmdcrnatw",2023,112,0.38272,14.8163835616438,1263.61,1326.458,14.4726712328767
"1573","arsltarmdcrnatw",2023,113,0.38527,14.8163835616438,1263.61,1326.458,14.4726712328767
"1574","arsltarmdcrnatw",2023,114,0.38742,14.8163835616438,1263.61,1326.458,14.4726712328767
"1575","arsltarmdcrnatw",2023,115,0.38935,14.8163835616438,1263.61,1326.458,14.4726712328767
"1576","arsltarmdcrnatw",2023,116,0.39133,14.8163835616438,1263.61,1326.458,14.4726712328767
"1577","arsltarmdcrnatw",2023,117,0.39327,14.8163835616438,1263.61,1326.458,14.4726712328767
"1578","arsltarmdcrnatw",2023,118,0.39509,14.8163835616438,1263.61,1326.458,14.4726712328767
"1579","arsltarmdcrnatw",2023,119,0.3967,14.8163835616438,1263.61,1326.458,14.4726712328767
"1580","arsltarmdcrnatw",2023,120,0.39808,14.8163835616438,1263.61,1326.458,14.4726712328767
"1581","arsltarmdcrnatw",2023,121,0.39929,14.8163835616438,1263.61,1326.458,14.4726712328767
"1582","arsltarmdcrnatw",2023,122,0.40038,14.8163835616438,1263.61,1326.458,14.4726712328767
"1583","arsltarmdcrnatw",2023,123,0.40141,14.8163835616438,1263.61,1326.458,14.4726712328767
"1584","arsltarmdcrnatw",2023,124,0.40243,14.8163835616438,1263.61,1326.458,14.4726712328767
"1585","arsltarmdcrnatw",2023,125,0.40334,14.8163835616438,1263.61,1326.458,14.4726712328767
"1586","arsltarmdcrnatw",2023,126,0.40408,14.8163835616438,1263.61,1326.458,14.4726712328767
"1587","arsltarmdcrnatw",2023,127,0.4047,14.8163835616438,1263.61,1326.458,14.4726712328767
"1588","arsltarmdcrnatw",2023,128,0.40526,14.8163835616438,1263.61,1326.458,14.4726712328767
"1589","arsltarmdcrnatw",2023,129,0.40584,14.8163835616438,1263.61,1326.458,14.4726712328767
"1590","arsltarmdcrnatw",2023,130,0.40634,14.8163835616438,1263.61,1326.458,14.4726712328767
"1591","arsltarmdcrnatw",2023,131,0.40667,14.8163835616438,1263.61,1326.458,14.4726712328767
"1592","arsltarmdcrnatw",2023,132,0.4069,14.8163835616438,1263.61,1326.458,14.4726712328767
"1593","arsltarmdcrnatw",2023,133,0.40711,14.8163835616438,1263.61,1326.458,14.4726712328767
"1594","arsltarmdcrnatw",2023,134,0.40738,14.8163835616438,1263.61,1326.458,14.4726712328767
"1595","arsltarmdcrnatw",2023,135,0.40763,14.8163835616438,1263.61,1326.458,14.4726712328767
"1596","arsltarmdcrnatw",2023,136,0.40778,14.8163835616438,1263.61,1326.458,14.4726712328767
"1597","arsltarmdcrnatw",2023,137,0.40789,14.8163835616438,1263.61,1326.458,14.4726712328767
"1598","arsltarmdcrnatw",2023,138,0.40798,14.8163835616438,1263.61,1326.458,14.4726712328767
"1599","arsltarmdcrnatw",2023,139,0.40811,14.8163835616438,1263.61,1326.458,14.4726712328767
"1600","arsltarmdcrnatw",2023,140,0.40822,14.8163835616438,1263.61,1326.458,14.4726712328767
"1601","arsltarmdcrnatw",2023,141,0.40824,14.8163835616438,1263.61,1326.458,14.4726712328767
"1602","arsltarmdcrnatw",2023,142,0.4082,14.8163835616438,1263.61,1326.458,14.4726712328767
"1603","arsltarmdcrnatw",2023,143,0.40811,14.8163835616438,1263.61,1326.458,14.4726712328767
"1604","arsltarmdcrnatw",2023,144,0.40799,14.8163835616438,1263.61,1326.458,14.4726712328767
"1605","arsltarmdcrnatw",2023,145,0.40788,14.8163835616438,1263.61,1326.458,14.4726712328767
"1606","arsltarmdcrnatw",2023,146,0.40777,14.8163835616438,1263.61,1326.458,14.4726712328767
"1607","arsltarmdcrnatw",2023,147,0.40771,14.8163835616438,1263.61,1326.458,14.4726712328767
"1608","arsltarmdcrnatw",2023,148,0.4077,14.8163835616438,1263.61,1326.458,14.4726712328767
"1609","arsltarmdcrnatw",2023,149,0.40772,14.8163835616438,1263.61,1326.458,14.4726712328767
"1610","arsltarmdcrnatw",2023,150,0.4077,14.8163835616438,1263.61,1326.458,14.4726712328767
"1611","arsltarmdcrnatw",2023,151,0.40768,14.8163835616438,1263.61,1326.458,14.4726712328767
"1612","arsltarmdcrnatw",2023,152,0.40767,14.8163835616438,1263.61,1326.458,14.4726712328767
"1613","arsltarmdcrnatw",2023,153,0.4077,14.8163835616438,1263.61,1326.458,14.4726712328767
"1614","arsltarmdcrnatw",2023,154,0.40778,14.8163835616438,1263.61,1326.458,14.4726712328767
"1615","arsltarmdcrnatw",2023,155,0.40788,14.8163835616438,1263.61,1326.458,14.4726712328767
"1616","arsltarmdcrnatw",2023,156,0.40801,14.8163835616438,1263.61,1326.458,14.4726712328767
"1617","arsltarmdcrnatw",2023,157,0.40814,14.8163835616438,1263.61,1326.458,14.4726712328767
"1618","arsltarmdcrnatw",2023,158,0.40826,14.8163835616438,1263.61,1326.458,14.4726712328767
"1619","arsltarmdcrnatw",2023,159,0.40841,14.8163835616438,1263.61,1326.458,14.4726712328767
"1620","arsltarmdcrnatw",2023,160,0.40862,14.8163835616438,1263.61,1326.458,14.4726712328767
"1621","arsltarmdcrnatw",2023,161,0.40884,14.8163835616438,1263.61,1326.458,14.4726712328767
"1622","arsltarmdcrnatw",2023,162,0.40906,14.8163835616438,1263.61,1326.458,14.4726712328767
"1623","arsltarmdcrnatw",2023,163,0.40923,14.8163835616438,1263.61,1326.458,14.4726712328767
"1624","arsltarmdcrnatw",2023,164,0.40939,14.8163835616438,1263.61,1326.458,14.4726712328767
"1625","arsltarmdcrnatw",2023,165,0.40958,14.8163835616438,1263.61,1326.458,14.4726712328767
"1626","arsltarmdcrnatw",2023,166,0.40977,14.8163835616438,1263.61,1326.458,14.4726712328767
"1627","arsltarmdcrnatw",2023,167,0.40994,14.8163835616438,1263.61,1326.458,14.4726712328767
"1628","arsltarmdcrnatw",2023,168,0.41007,14.8163835616438,1263.61,1326.458,14.4726712328767
"1629","arsltarmdcrnatw",2023,169,0.41021,14.8163835616438,1263.61,1326.458,14.4726712328767
"1630","arsltarmdcrnatw",2023,170,0.41042,14.8163835616438,1263.61,1326.458,14.4726712328767
"1631","arsltarmdcrnatw",2023,171,0.41063,14.8163835616438,1263.61,1326.458,14.4726712328767
"1632","arsltarmdcrnatw",2023,172,0.41079,14.8163835616438,1263.61,1326.458,14.4726712328767
"1633","arsltarmdcrnatw",2023,173,0.41086,14.8163835616438,1263.61,1326.458,14.4726712328767
"1634","arsltarmdcrnatw",2023,174,0.41092,14.8163835616438,1263.61,1326.458,14.4726712328767
"1635","arsltarmdcrnatw",2023,175,0.41103,14.8163835616438,1263.61,1326.458,14.4726712328767
"1636","arsltarmdcrnatw",2023,176,0.41114,14.8163835616438,1263.61,1326.458,14.4726712328767
"1637","arsltarmdcrnatw",2023,177,0.41118,14.8163835616438,1263.61,1326.458,14.4726712328767
"1638","arsltarmdcrnatw",2023,178,0.41109,14.8163835616438,1263.61,1326.458,14.4726712328767
"1639","arsltarmdcrnatw",2023,179,0.41088,14.8163835616438,1263.61,1326.458,14.4726712328767
"1640","arsltarmdcrnatw",2023,180,0.41061,14.8163835616438,1263.61,1326.458,14.4726712328767
"1641","arsltarmdcrnatw",2023,181,0.41029,14.8163835616438,1263.61,1326.458,14.4726712328767
"1642","arsltarmdcrnatw",2023,182,0.40993,14.8163835616438,1263.61,1326.458,14.4726712328767
"1643","arsltarmdcrnatw",2023,183,0.40952,14.8163835616438,1263.61,1326.458,14.4726712328767
"1644","arsltarmdcrnatw",2023,184,0.40907,14.8163835616438,1263.61,1326.458,14.4726712328767
"1645","arsltarmdcrnatw",2023,185,0.40859,14.8163835616438,1263.61,1326.458,14.4726712328767
"1646","arsltarmdcrnatw",2023,186,0.40808,14.8163835616438,1263.61,1326.458,14.4726712328767
"1647","arsltarmdcrnatw",2023,187,0.40755,14.8163835616438,1263.61,1326.458,14.4726712328767
"1648","arsltarmdcrnatw",2023,188,0.40695,14.8163835616438,1263.61,1326.458,14.4726712328767
"1649","arsltarmdcrnatw",2023,189,0.40626,14.8163835616438,1263.61,1326.458,14.4726712328767
"1650","arsltarmdcrnatw",2023,190,0.40552,14.8163835616438,1263.61,1326.458,14.4726712328767
"1651","arsltarmdcrnatw",2023,191,0.40476,14.8163835616438,1263.61,1326.458,14.4726712328767
"1652","arsltarmdcrnatw",2023,192,0.40402,14.8163835616438,1263.61,1326.458,14.4726712328767
"1653","arsltarmdcrnatw",2023,193,0.40324,14.8163835616438,1263.61,1326.458,14.4726712328767
"1654","arsltarmdcrnatw",2023,194,0.40237,14.8163835616438,1263.61,1326.458,14.4726712328767
"1655","arsltarmdcrnatw",2023,195,0.40146,14.8163835616438,1263.61,1326.458,14.4726712328767
"1656","arsltarmdcrnatw",2023,196,0.40055,14.8163835616438,1263.61,1326.458,14.4726712328767
"1657","arsltarmdcrnatw",2023,197,0.39969,14.8163835616438,1263.61,1326.458,14.4726712328767
"1658","arsltarmdcrnatw",2023,198,0.39883,14.8163835616438,1263.61,1326.458,14.4726712328767
"1659","arsltarmdcrnatw",2023,199,0.3979,14.8163835616438,1263.61,1326.458,14.4726712328767
"1660","arsltarmdcrnatw",2023,200,0.39694,14.8163835616438,1263.61,1326.458,14.4726712328767
"1661","arsltarmdcrnatw",2023,201,0.39594,14.8163835616438,1263.61,1326.458,14.4726712328767
"1662","arsltarmdcrnatw",2023,202,0.39495,14.8163835616438,1263.61,1326.458,14.4726712328767
"1663","arsltarmdcrnatw",2023,203,0.39398,14.8163835616438,1263.61,1326.458,14.4726712328767
"1664","arsltarmdcrnatw",2023,204,0.39304,14.8163835616438,1263.61,1326.458,14.4726712328767
"1665","arsltarmdcrnatw",2023,205,0.39217,14.8163835616438,1263.61,1326.458,14.4726712328767
"1666","arsltarmdcrnatw",2023,206,0.39137,14.8163835616438,1263.61,1326.458,14.4726712328767
"1667","arsltarmdcrnatw",2023,207,0.3906,14.8163835616438,1263.61,1326.458,14.4726712328767
"1668","arsltarmdcrnatw",2023,208,0.3898,14.8163835616438,1263.61,1326.458,14.4726712328767
"1669","arsltarmdcrnatw",2023,209,0.389,14.8163835616438,1263.61,1326.458,14.4726712328767
"1670","arsltarmdcrnatw",2023,210,0.38825,14.8163835616438,1263.61,1326.458,14.4726712328767
"1671","arsltarmdcrnatw",2023,211,0.38757,14.8163835616438,1263.61,1326.458,14.4726712328767
"1672","arsltarmdcrnatw",2023,212,0.38698,14.8163835616438,1263.61,1326.458,14.4726712328767
"1673","arsltarmdcrnatw",2023,213,0.38642,14.8163835616438,1263.61,1326.458,14.4726712328767
"1674","arsltarmdcrnatw",2023,214,0.38589,14.8163835616438,1263.61,1326.458,14.4726712328767
"1675","arsltarmdcrnatw",2023,215,0.38538,14.8163835616438,1263.61,1326.458,14.4726712328767
"1676","arsltarmdcrnatw",2023,216,0.38489,14.8163835616438,1263.61,1326.458,14.4726712328767
"1677","arsltarmdcrnatw",2023,217,0.38446,14.8163835616438,1263.61,1326.458,14.4726712328767
"1678","arsltarmdcrnatw",2023,218,0.3841,14.8163835616438,1263.61,1326.458,14.4726712328767
"1679","arsltarmdcrnatw",2023,219,0.38381,14.8163835616438,1263.61,1326.458,14.4726712328767
"1680","arsltarmdcrnatw",2023,220,0.38356,14.8163835616438,1263.61,1326.458,14.4726712328767
"1681","arsltarmdcrnatw",2023,221,0.38334,14.8163835616438,1263.61,1326.458,14.4726712328767
"1682","arsltarmdcrnatw",2023,222,0.38313,14.8163835616438,1263.61,1326.458,14.4726712328767
"1683","arsltarmdcrnatw",2023,223,0.38291,14.8163835616438,1263.61,1326.458,14.4726712328767
"1684","arsltarmdcrnatw",2023,224,0.38267,14.8163835616438,1263.61,1326.458,14.4726712328767
"1685","arsltarmdcrnatw",2023,225,0.38239,14.8163835616438,1263.61,1326.458,14.4726712328767
"1686","arsltarmdcrnatw",2023,226,0.38212,14.8163835616438,1263.61,1326.458,14.4726712328767
"1687","arsltarmdcrnatw",2023,227,0.3819,14.8163835616438,1263.61,1326.458,14.4726712328767
"1688","arsltarmdcrnatw",2023,228,0.38169,14.8163835616438,1263.61,1326.458,14.4726712328767
"1689","arsltarmdcrnatw",2023,229,0.38146,14.8163835616438,1263.61,1326.458,14.4726712328767
"1690","arsltarmdcrnatw",2023,230,0.38118,14.8163835616438,1263.61,1326.458,14.4726712328767
"1691","arsltarmdcrnatw",2023,231,0.38081,14.8163835616438,1263.61,1326.458,14.4726712328767
"1692","arsltarmdcrnatw",2023,232,0.38039,14.8163835616438,1263.61,1326.458,14.4726712328767
"1693","arsltarmdcrnatw",2023,233,0.37995,14.8163835616438,1263.61,1326.458,14.4726712328767
"1694","arsltarmdcrnatw",2023,234,0.37953,14.8163835616438,1263.61,1326.458,14.4726712328767
"1695","arsltarmdcrnatw",2023,235,0.37916,14.8163835616438,1263.61,1326.458,14.4726712328767
"1696","arsltarmdcrnatw",2023,236,0.37883,14.8163835616438,1263.61,1326.458,14.4726712328767
"1697","arsltarmdcrnatw",2023,237,0.37847,14.8163835616438,1263.61,1326.458,14.4726712328767
"1698","arsltarmdcrnatw",2023,238,0.37811,14.8163835616438,1263.61,1326.458,14.4726712328767
"1699","arsltarmdcrnatw",2023,239,0.37777,14.8163835616438,1263.61,1326.458,14.4726712328767
"1700","arsltarmdcrnatw",2023,240,0.37747,14.8163835616438,1263.61,1326.458,14.4726712328767
"1701","arsltarmdcrnatw",2023,241,0.3772,14.8163835616438,1263.61,1326.458,14.4726712328767
"1702","arsltarmdcrnatw",2023,242,0.37693,14.8163835616438,1263.61,1326.458,14.4726712328767
"1703","arsltarmdcrnatw",2023,243,0.37668,14.8163835616438,1263.61,1326.458,14.4726712328767
"1704","arsltarmdcrnatw",2023,244,0.37643,14.8163835616438,1263.61,1326.458,14.4726712328767
"1705","arsltarmdcrnatw",2023,245,0.37619,14.8163835616438,1263.61,1326.458,14.4726712328767
"1706","arsltarmdcrnatw",2023,246,0.37593,14.8163835616438,1263.61,1326.458,14.4726712328767
"1707","arsltarmdcrnatw",2023,247,0.37565,14.8163835616438,1263.61,1326.458,14.4726712328767
"1708","arsltarmdcrnatw",2023,248,0.37538,14.8163835616438,1263.61,1326.458,14.4726712328767
"1709","arsltarmdcrnatw",2023,249,0.37512,14.8163835616438,1263.61,1326.458,14.4726712328767
"1710","arsltarmdcrnatw",2023,250,0.37492,14.8163835616438,1263.61,1326.458,14.4726712328767
"1711","arsltarmdcrnatw",2023,251,0.37476,14.8163835616438,1263.61,1326.458,14.4726712328767
"1712","arsltarmdcrnatw",2023,252,0.37464,14.8163835616438,1263.61,1326.458,14.4726712328767
"1713","arsltarmdcrnatw",2023,253,0.37454,14.8163835616438,1263.61,1326.458,14.4726712328767
"1714","arsltarmdcrnatw",2023,254,0.37444,14.8163835616438,1263.61,1326.458,14.4726712328767
"1715","arsltarmdcrnatw",2023,255,0.37434,14.8163835616438,1263.61,1326.458,14.4726712328767
"1716","arsltarmdcrnatw",2023,256,0.37428,14.8163835616438,1263.61,1326.458,14.4726712328767
"1717","arsltarmdcrnatw",2023,257,0.37429,14.8163835616438,1263.61,1326.458,14.4726712328767
"1718","arsltarmdcrnatw",2023,258,0.37436,14.8163835616438,1263.61,1326.458,14.4726712328767
"1719","arsltarmdcrnatw",2023,259,0.37444,14.8163835616438,1263.61,1326.458,14.4726712328767
"1720","arsltarmdcrnatw",2023,260,0.37453,14.8163835616438,1263.61,1326.458,14.4726712328767
"1721","arsltarmdcrnatw",2023,261,0.37459,14.8163835616438,1263.61,1326.458,14.4726712328767
"1722","arsltarmdcrnatw",2023,262,0.3746,14.8163835616438,1263.61,1326.458,14.4726712328767
"1723","arsltarmdcrnatw",2023,263,0.37454,14.8163835616438,1263.61,1326.458,14.4726712328767
"1724","arsltarmdcrnatw",2023,264,0.37439,14.8163835616438,1263.61,1326.458,14.4726712328767
"1725","arsltarmdcrnatw",2023,265,0.37416,14.8163835616438,1263.61,1326.458,14.4726712328767
"1726","arsltarmdcrnatw",2023,266,0.3739,14.8163835616438,1263.61,1326.458,14.4726712328767
"1727","arsltarmdcrnatw",2023,267,0.37362,14.8163835616438,1263.61,1326.458,14.4726712328767
"1728","arsltarmdcrnatw",2023,268,0.37332,14.8163835616438,1263.61,1326.458,14.4726712328767
"1729","arsltarmdcrnatw",2023,269,0.37299,14.8163835616438,1263.61,1326.458,14.4726712328767
"1730","arsltarmdcrnatw",2023,270,0.37265,14.8163835616438,1263.61,1326.458,14.4726712328767
"1731","arsltarmdcrnatw",2023,271,0.37229,14.8163835616438,1263.61,1326.458,14.4726712328767
"1732","arsltarmdcrnatw",2023,272,0.37191,14.8163835616438,1263.61,1326.458,14.4726712328767
"1733","arsltarmdcrnatw",2023,273,0.37151,14.8163835616438,1263.61,1326.458,14.4726712328767
"1734","arsltarmdcrnatw",2023,274,0.37109,14.8163835616438,1263.61,1326.458,14.4726712328767
"1735","arsltarmdcrnatw",2023,275,0.3706,14.8163835616438,1263.61,1326.458,14.4726712328767
"1736","arsltarmdcrnatw",2023,276,0.37003,14.8163835616438,1263.61,1326.458,14.4726712328767
"1737","arsltarmdcrnatw",2023,277,0.36941,14.8163835616438,1263.61,1326.458,14.4726712328767
"1738","arsltarmdcrnatw",2023,278,0.36874,14.8163835616438,1263.61,1326.458,14.4726712328767
"1739","arsltarmdcrnatw",2023,279,0.36804,14.8163835616438,1263.61,1326.458,14.4726712328767
"1740","arsltarmdcrnatw",2023,280,0.36733,14.8163835616438,1263.61,1326.458,14.4726712328767
"1741","arsltarmdcrnatw",2023,281,0.36663,14.8163835616438,1263.61,1326.458,14.4726712328767
"1742","arsltarmdcrnatw",2023,282,0.36594,14.8163835616438,1263.61,1326.458,14.4726712328767
"1743","arsltarmdcrnatw",2023,283,0.36529,14.8163835616438,1263.61,1326.458,14.4726712328767
"1744","arsltarmdcrnatw",2023,284,0.36465,14.8163835616438,1263.61,1326.458,14.4726712328767
"1745","arsltarmdcrnatw",2023,285,0.36398,14.8163835616438,1263.61,1326.458,14.4726712328767
"1746","arsltarmdcrnatw",2023,286,0.3633,14.8163835616438,1263.61,1326.458,14.4726712328767
"1747","arsltarmdcrnatw",2023,287,0.36264,14.8163835616438,1263.61,1326.458,14.4726712328767
"1748","arsltarmdcrnatw",2023,288,0.36201,14.8163835616438,1263.61,1326.458,14.4726712328767
"1749","arsltarmdcrnatw",2023,289,0.36141,14.8163835616438,1263.61,1326.458,14.4726712328767
"1750","arsltarmdcrnatw",2023,290,0.3608,14.8163835616438,1263.61,1326.458,14.4726712328767
"1751","arsltarmdcrnatw",2023,291,0.3602,14.8163835616438,1263.61,1326.458,14.4726712328767
"1752","arsltarmdcrnatw",2023,292,0.35961,14.8163835616438,1263.61,1326.458,14.4726712328767
"1753","arsltarmdcrnatw",2023,293,0.35903,14.8163835616438,1263.61,1326.458,14.4726712328767
"1754","arsltarmdcrnatw",2023,294,0.35847,14.8163835616438,1263.61,1326.458,14.4726712328767
"1755","arsltarmdcrnatw",2023,295,0.35793,14.8163835616438,1263.61,1326.458,14.4726712328767
"1756","arsltarmdcrnatw",2023,296,0.35739,14.8163835616438,1263.61,1326.458,14.4726712328767
"1757","arsltarmdcrnatw",2023,297,0.35686,14.8163835616438,1263.61,1326.458,14.4726712328767
"1758","arsltarmdcrnatw",2023,298,0.35633,14.8163835616438,1263.61,1326.458,14.4726712328767
"1759","arsltarmdcrnatw",2023,299,0.35581,14.8163835616438,1263.61,1326.458,14.4726712328767
"1760","arsltarmdcrnatw",2023,300,0.35529,14.8163835616438,1263.61,1326.458,14.4726712328767
"1761","arsltarmdcrnatw",2023,301,0.35476,14.8163835616438,1263.61,1326.458,14.4726712328767
"1762","arsltarmdcrnatw",2023,302,0.35424,14.8163835616438,1263.61,1326.458,14.4726712328767
"1763","arsltarmdcrnatw",2023,303,0.35373,14.8163835616438,1263.61,1326.458,14.4726712328767
"1764","arsltarmdcrnatw",2023,304,0.35326,14.8163835616438,1263.61,1326.458,14.4726712328767
"1765","arsltarmdcrnatw",2023,305,0.3528,14.8163835616438,1263.61,1326.458,14.4726712328767
"1766","arsltarmdcrnatw",2023,306,0.35233,14.8163835616438,1263.61,1326.458,14.4726712328767
"1767","arsltarmdcrnatw",2023,307,0.35183,14.8163835616438,1263.61,1326.458,14.4726712328767
"1768","arsltarmdcrnatw",2023,308,0.3513,14.8163835616438,1263.61,1326.458,14.4726712328767
"1769","arsltarmdcrnatw",2023,309,0.35077,14.8163835616438,1263.61,1326.458,14.4726712328767
"1770","arsltarmdcrnatw",2023,310,0.35023,14.8163835616438,1263.61,1326.458,14.4726712328767
"1771","arsltarmdcrnatw",2023,311,0.3497,14.8163835616438,1263.61,1326.458,14.4726712328767
"1772","arsltarmdcrnatw",2023,312,0.34917,14.8163835616438,1263.61,1326.458,14.4726712328767
"1773","arsltarmdcrnatw",2023,313,0.34859,14.8163835616438,1263.61,1326.458,14.4726712328767
"1774","arsltarmdcrnatw",2023,314,0.34794,14.8163835616438,1263.61,1326.458,14.4726712328767
"1775","arsltarmdcrnatw",2023,315,0.34726,14.8163835616438,1263.61,1326.458,14.4726712328767
"1776","arsltarmdcrnatw",2023,316,0.34661,14.8163835616438,1263.61,1326.458,14.4726712328767
"1777","arsltarmdcrnatw",2023,317,0.34605,14.8163835616438,1263.61,1326.458,14.4726712328767
"1778","arsltarmdcrnatw",2023,318,0.34552,14.8163835616438,1263.61,1326.458,14.4726712328767
"1779","arsltarmdcrnatw",2023,319,0.34498,14.8163835616438,1263.61,1326.458,14.4726712328767
"1780","arsltarmdcrnatw",2023,320,0.34444,14.8163835616438,1263.61,1326.458,14.4726712328767
"1781","arsltarmdcrnatw",2023,321,0.34393,14.8163835616438,1263.61,1326.458,14.4726712328767
"1782","arsltarmdcrnatw",2023,322,0.34348,14.8163835616438,1263.61,1326.458,14.4726712328767
"1783","arsltarmdcrnatw",2023,323,0.34308,14.8163835616438,1263.61,1326.458,14.4726712328767
"1784","arsltarmdcrnatw",2023,324,0.34273,14.8163835616438,1263.61,1326.458,14.4726712328767
"1785","arsltarmdcrnatw",2023,325,0.3424,14.8163835616438,1263.61,1326.458,14.4726712328767
"1786","arsltarmdcrnatw",2023,326,0.34208,14.8163835616438,1263.61,1326.458,14.4726712328767
"1787","arsltarmdcrnatw",2023,327,0.34175,14.8163835616438,1263.61,1326.458,14.4726712328767
"1788","arsltarmdcrnatw",2023,328,0.34147,14.8163835616438,1263.61,1326.458,14.4726712328767
"1789","arsltarmdcrnatw",2023,329,0.34126,14.8163835616438,1263.61,1326.458,14.4726712328767
"1790","arsltarmdcrnatw",2023,330,0.34109,14.8163835616438,1263.61,1326.458,14.4726712328767
"1791","arsltarmdcrnatw",2023,331,0.3409,14.8163835616438,1263.61,1326.458,14.4726712328767
"1792","arsltarmdcrnatw",2023,332,0.34064,14.8163835616438,1263.61,1326.458,14.4726712328767
"1793","arsltarmdcrnatw",2023,333,0.34034,14.8163835616438,1263.61,1326.458,14.4726712328767
"1794","arsltarmdcrnatw",2023,334,0.34003,14.8163835616438,1263.61,1326.458,14.4726712328767
"1795","arsltarmdcrnatw",2023,335,0.33972,14.8163835616438,1263.61,1326.458,14.4726712328767
"1796","arsltarmdcrnatw",2023,336,0.33941,14.8163835616438,1263.61,1326.458,14.4726712328767
"1797","arsltarmdcrnatw",2023,337,0.33909,14.8163835616438,1263.61,1326.458,14.4726712328767
"1798","arsltarmdcrnatw",2023,338,0.33878,14.8163835616438,1263.61,1326.458,14.4726712328767
"1799","arsltarmdcrnatw",2023,339,0.33848,14.8163835616438,1263.61,1326.458,14.4726712328767
"1800","arsltarmdcrnatw",2023,340,0.33818,14.8163835616438,1263.61,1326.458,14.4726712328767
"1801","arsltarmdcrnatw",2023,341,0.33789,14.8163835616438,1263.61,1326.458,14.4726712328767
"1802","arsltarmdcrnatw",2023,342,0.33756,14.8163835616438,1263.61,1326.458,14.4726712328767
"1803","arsltarmdcrnatw",2023,343,0.33717,14.8163835616438,1263.61,1326.458,14.4726712328767
"1804","arsltarmdcrnatw",2023,344,0.33678,14.8163835616438,1263.61,1326.458,14.4726712328767
"1805","arsltarmdcrnatw",2023,345,0.33642,14.8163835616438,1263.61,1326.458,14.4726712328767
"1806","arsltarmdcrnatw",2023,346,0.33613,14.8163835616438,1263.61,1326.458,14.4726712328767
"1807","arsltarmdcrnatw",2023,347,0.33588,14.8163835616438,1263.61,1326.458,14.4726712328767
"1808","arsltarmdcrnatw",2023,348,0.33561,14.8163835616438,1263.61,1326.458,14.4726712328767
"1809","arsltarmdcrnatw",2023,349,0.33535,14.8163835616438,1263.61,1326.458,14.4726712328767
"1810","arsltarmdcrnatw",2023,350,0.33511,14.8163835616438,1263.61,1326.458,14.4726712328767
"1811","arsltarmdcrnatw",2023,351,0.33493,14.8163835616438,1263.61,1326.458,14.4726712328767
"1812","arsltarmdcrnatw",2023,352,0.33479,14.8163835616438,1263.61,1326.458,14.4726712328767
"1813","arsltarmdcrnatw",2023,353,0.33468,14.8163835616438,1263.61,1326.458,14.4726712328767
"1814","arsltarmdcrnatw",2023,354,0.33461,14.8163835616438,1263.61,1326.458,14.4726712328767
"1815","arsltarmdcrnatw",2023,355,0.33457,14.8163835616438,1263.61,1326.458,14.4726712328767
"1816","arsltarmdcrnatw",2023,356,0.33454,14.8163835616438,1263.61,1326.458,14.4726712328767
"1817","arsltarmdcrnatw",2023,357,0.33454,14.8163835616438,1263.61,1326.458,14.4726712328767
"1818","arsltarmdcrnatw",2023,358,0.33455,14.8163835616438,1263.61,1326.458,14.4726712328767
"1819","arsltarmdcrnatw",2023,359,0.33456,14.8163835616438,1263.61,1326.458,14.4726712328767
"1820","arsltarmdcrnatw",2023,360,0.33458,14.8163835616438,1263.61,1326.458,14.4726712328767
"1821","arsltarmdcrnatw",2023,361,0.33463,14.8163835616438,1263.61,1326.458,14.4726712328767
"1822","arsltarmdcrnatw",2023,362,0.33473,14.8163835616438,1263.61,1326.458,14.4726712328767
"1823","arsltarmdcrnatw",2023,363,0.33484,14.8163835616438,1263.61,1326.458,14.4726712328767
"1824","arsltarmdcrnatw",2023,364,0.33496,14.8163835616438,1263.61,1326.458,14.4726712328767
"1825","arsltarmdcrnatw",2023,365,0.33506,14.8163835616438,1263.61,1326.458,14.4726712328767
