"","site","year","doy","smooth_gcc_90","annual_temp","annual_precip","map","mat"
"1","bartlettir",2018,1,0.36689,6.73612328767123,1398.47,1385.97666666667,6.80341552511416
"2","bartlettir",2018,2,0.3677,6.73612328767123,1398.47,1385.97666666667,6.80341552511416
"3","bartlettir",2018,3,0.36862,6.73612328767123,1398.47,1385.97666666667,6.80341552511416
"4","bartlettir",2018,4,0.36976,6.73612328767123,1398.47,1385.97666666667,6.80341552511416
"5","bartlettir",2018,5,0.371,6.73612328767123,1398.47,1385.97666666667,6.80341552511416
"6","bartlettir",2018,6,0.3722,6.73612328767123,1398.47,1385.97666666667,6.80341552511416
"7","bartlettir",2018,7,0.37323,6.73612328767123,1398.47,1385.97666666667,6.80341552511416
"8","bartlettir",2018,8,0.37396,6.73612328767123,1398.47,1385.97666666667,6.80341552511416
"9","bartlettir",2018,9,0.37445,6.73612328767123,1398.47,1385.97666666667,6.80341552511416
"10","bartlettir",2018,10,0.37489,6.73612328767123,1398.47,1385.97666666667,6.80341552511416
"11","bartlettir",2018,11,0.37529,6.73612328767123,1398.47,1385.97666666667,6.80341552511416
"12","bartlettir",2018,12,0.37564,6.73612328767123,1398.47,1385.97666666667,6.80341552511416
"13","bartlettir",2018,13,0.37596,6.73612328767123,1398.47,1385.97666666667,6.80341552511416
"14","bartlettir",2018,14,0.37626,6.73612328767123,1398.47,1385.97666666667,6.80341552511416
"15","bartlettir",2018,15,0.37635,6.73612328767123,1398.47,1385.97666666667,6.80341552511416
"16","bartlettir",2018,16,0.37618,6.73612328767123,1398.47,1385.97666666667,6.80341552511416
"17","bartlettir",2018,17,0.37596,6.73612328767123,1398.47,1385.97666666667,6.80341552511416
"18","bartlettir",2018,18,0.37591,6.73612328767123,1398.47,1385.97666666667,6.80341552511416
"19","bartlettir",2018,19,0.3761,6.73612328767123,1398.47,1385.97666666667,6.80341552511416
"20","bartlettir",2018,20,0.37633,6.73612328767123,1398.47,1385.97666666667,6.80341552511416
"21","bartlettir",2018,21,0.37642,6.73612328767123,1398.47,1385.97666666667,6.80341552511416
"22","bartlettir",2018,22,0.37647,6.73612328767123,1398.47,1385.97666666667,6.80341552511416
"23","bartlettir",2018,23,0.37666,6.73612328767123,1398.47,1385.97666666667,6.80341552511416
"24","bartlettir",2018,24,0.37687,6.73612328767123,1398.47,1385.97666666667,6.80341552511416
"25","bartlettir",2018,25,0.37702,6.73612328767123,1398.47,1385.97666666667,6.80341552511416
"26","bartlettir",2018,26,0.37701,6.73612328767123,1398.47,1385.97666666667,6.80341552511416
"27","bartlettir",2018,27,0.37673,6.73612328767123,1398.47,1385.97666666667,6.80341552511416
"28","bartlettir",2018,28,0.37591,6.73612328767123,1398.47,1385.97666666667,6.80341552511416
"29","bartlettir",2018,29,0.37452,6.73612328767123,1398.47,1385.97666666667,6.80341552511416
"30","bartlettir",2018,30,0.37285,6.73612328767123,1398.47,1385.97666666667,6.80341552511416
"31","bartlettir",2018,31,0.37118,6.73612328767123,1398.47,1385.97666666667,6.80341552511416
"32","bartlettir",2018,32,0.36978,6.73612328767123,1398.47,1385.97666666667,6.80341552511416
"33","bartlettir",2018,33,0.36894,6.73612328767123,1398.47,1385.97666666667,6.80341552511416
"34","bartlettir",2018,34,0.36853,6.73612328767123,1398.47,1385.97666666667,6.80341552511416
"35","bartlettir",2018,35,0.36827,6.73612328767123,1398.47,1385.97666666667,6.80341552511416
"36","bartlettir",2018,36,0.36815,6.73612328767123,1398.47,1385.97666666667,6.80341552511416
"37","bartlettir",2018,37,0.36818,6.73612328767123,1398.47,1385.97666666667,6.80341552511416
"38","bartlettir",2018,38,0.36836,6.73612328767123,1398.47,1385.97666666667,6.80341552511416
"39","bartlettir",2018,39,0.3687,6.73612328767123,1398.47,1385.97666666667,6.80341552511416
"40","bartlettir",2018,40,0.3695,6.73612328767123,1398.47,1385.97666666667,6.80341552511416
"41","bartlettir",2018,41,0.37081,6.73612328767123,1398.47,1385.97666666667,6.80341552511416
"42","bartlettir",2018,42,0.3722,6.73612328767123,1398.47,1385.97666666667,6.80341552511416
"43","bartlettir",2018,43,0.37327,6.73612328767123,1398.47,1385.97666666667,6.80341552511416
"44","bartlettir",2018,44,0.3744,6.73612328767123,1398.47,1385.97666666667,6.80341552511416
"45","bartlettir",2018,45,0.37581,6.73612328767123,1398.47,1385.97666666667,6.80341552511416
"46","bartlettir",2018,46,0.37686,6.73612328767123,1398.47,1385.97666666667,6.80341552511416
"47","bartlettir",2018,47,0.37748,6.73612328767123,1398.47,1385.97666666667,6.80341552511416
"48","bartlettir",2018,48,0.37803,6.73612328767123,1398.47,1385.97666666667,6.80341552511416
"49","bartlettir",2018,49,0.37849,6.73612328767123,1398.47,1385.97666666667,6.80341552511416
"50","bartlettir",2018,50,0.37885,6.73612328767123,1398.47,1385.97666666667,6.80341552511416
"51","bartlettir",2018,51,0.3791,6.73612328767123,1398.47,1385.97666666667,6.80341552511416
"52","bartlettir",2018,52,0.37924,6.73612328767123,1398.47,1385.97666666667,6.80341552511416
"53","bartlettir",2018,53,0.37933,6.73612328767123,1398.47,1385.97666666667,6.80341552511416
"54","bartlettir",2018,54,0.37943,6.73612328767123,1398.47,1385.97666666667,6.80341552511416
"55","bartlettir",2018,55,0.37946,6.73612328767123,1398.47,1385.97666666667,6.80341552511416
"56","bartlettir",2018,56,0.37934,6.73612328767123,1398.47,1385.97666666667,6.80341552511416
"57","bartlettir",2018,57,0.37899,6.73612328767123,1398.47,1385.97666666667,6.80341552511416
"58","bartlettir",2018,58,0.37834,6.73612328767123,1398.47,1385.97666666667,6.80341552511416
"59","bartlettir",2018,59,0.37736,6.73612328767123,1398.47,1385.97666666667,6.80341552511416
"60","bartlettir",2018,60,0.37612,6.73612328767123,1398.47,1385.97666666667,6.80341552511416
"61","bartlettir",2018,61,0.37469,6.73612328767123,1398.47,1385.97666666667,6.80341552511416
"62","bartlettir",2018,62,0.37312,6.73612328767123,1398.47,1385.97666666667,6.80341552511416
"63","bartlettir",2018,63,0.37149,6.73612328767123,1398.47,1385.97666666667,6.80341552511416
"64","bartlettir",2018,64,0.36987,6.73612328767123,1398.47,1385.97666666667,6.80341552511416
"65","bartlettir",2018,65,0.36802,6.73612328767123,1398.47,1385.97666666667,6.80341552511416
"66","bartlettir",2018,66,0.3659,6.73612328767123,1398.47,1385.97666666667,6.80341552511416
"67","bartlettir",2018,67,0.36376,6.73612328767123,1398.47,1385.97666666667,6.80341552511416
"68","bartlettir",2018,68,0.36187,6.73612328767123,1398.47,1385.97666666667,6.80341552511416
"69","bartlettir",2018,69,0.35989,6.73612328767123,1398.47,1385.97666666667,6.80341552511416
"70","bartlettir",2018,70,0.35788,6.73612328767123,1398.47,1385.97666666667,6.80341552511416
"71","bartlettir",2018,71,0.35673,6.73612328767123,1398.47,1385.97666666667,6.80341552511416
"72","bartlettir",2018,72,0.35669,6.73612328767123,1398.47,1385.97666666667,6.80341552511416
"73","bartlettir",2018,73,0.3573,6.73612328767123,1398.47,1385.97666666667,6.80341552511416
"74","bartlettir",2018,74,0.35837,6.73612328767123,1398.47,1385.97666666667,6.80341552511416
"75","bartlettir",2018,75,0.35971,6.73612328767123,1398.47,1385.97666666667,6.80341552511416
"76","bartlettir",2018,76,0.36113,6.73612328767123,1398.47,1385.97666666667,6.80341552511416
"77","bartlettir",2018,77,0.36244,6.73612328767123,1398.47,1385.97666666667,6.80341552511416
"78","bartlettir",2018,78,0.36481,6.73612328767123,1398.47,1385.97666666667,6.80341552511416
"79","bartlettir",2018,79,0.36859,6.73612328767123,1398.47,1385.97666666667,6.80341552511416
"80","bartlettir",2018,80,0.37238,6.73612328767123,1398.47,1385.97666666667,6.80341552511416
"81","bartlettir",2018,81,0.3748,6.73612328767123,1398.47,1385.97666666667,6.80341552511416
"82","bartlettir",2018,82,0.37656,6.73612328767123,1398.47,1385.97666666667,6.80341552511416
"83","bartlettir",2018,83,0.37866,6.73612328767123,1398.47,1385.97666666667,6.80341552511416
"84","bartlettir",2018,84,0.38015,6.73612328767123,1398.47,1385.97666666667,6.80341552511416
"85","bartlettir",2018,85,0.38083,6.73612328767123,1398.47,1385.97666666667,6.80341552511416
"86","bartlettir",2018,86,0.38118,6.73612328767123,1398.47,1385.97666666667,6.80341552511416
"87","bartlettir",2018,87,0.38128,6.73612328767123,1398.47,1385.97666666667,6.80341552511416
"88","bartlettir",2018,88,0.38124,6.73612328767123,1398.47,1385.97666666667,6.80341552511416
"89","bartlettir",2018,89,0.38114,6.73612328767123,1398.47,1385.97666666667,6.80341552511416
"90","bartlettir",2018,90,0.38106,6.73612328767123,1398.47,1385.97666666667,6.80341552511416
"91","bartlettir",2018,91,0.3811,6.73612328767123,1398.47,1385.97666666667,6.80341552511416
"92","bartlettir",2018,92,0.38121,6.73612328767123,1398.47,1385.97666666667,6.80341552511416
"93","bartlettir",2018,93,0.38128,6.73612328767123,1398.47,1385.97666666667,6.80341552511416
"94","bartlettir",2018,94,0.38121,6.73612328767123,1398.47,1385.97666666667,6.80341552511416
"95","bartlettir",2018,95,0.38125,6.73612328767123,1398.47,1385.97666666667,6.80341552511416
"96","bartlettir",2018,96,0.38144,6.73612328767123,1398.47,1385.97666666667,6.80341552511416
"97","bartlettir",2018,97,0.3813,6.73612328767123,1398.47,1385.97666666667,6.80341552511416
"98","bartlettir",2018,98,0.38041,6.73612328767123,1398.47,1385.97666666667,6.80341552511416
"99","bartlettir",2018,99,0.37887,6.73612328767123,1398.47,1385.97666666667,6.80341552511416
"100","bartlettir",2018,100,0.37706,6.73612328767123,1398.47,1385.97666666667,6.80341552511416
"101","bartlettir",2018,101,0.37534,6.73612328767123,1398.47,1385.97666666667,6.80341552511416
"102","bartlettir",2018,102,0.37409,6.73612328767123,1398.47,1385.97666666667,6.80341552511416
"103","bartlettir",2018,103,0.37368,6.73612328767123,1398.47,1385.97666666667,6.80341552511416
"104","bartlettir",2018,104,0.37374,6.73612328767123,1398.47,1385.97666666667,6.80341552511416
"105","bartlettir",2018,105,0.37377,6.73612328767123,1398.47,1385.97666666667,6.80341552511416
"106","bartlettir",2018,106,0.37388,6.73612328767123,1398.47,1385.97666666667,6.80341552511416
"107","bartlettir",2018,107,0.37424,6.73612328767123,1398.47,1385.97666666667,6.80341552511416
"108","bartlettir",2018,108,0.37497,6.73612328767123,1398.47,1385.97666666667,6.80341552511416
"109","bartlettir",2018,109,0.37621,6.73612328767123,1398.47,1385.97666666667,6.80341552511416
"110","bartlettir",2018,110,0.37838,6.73612328767123,1398.47,1385.97666666667,6.80341552511416
"111","bartlettir",2018,111,0.38156,6.73612328767123,1398.47,1385.97666666667,6.80341552511416
"112","bartlettir",2018,112,0.38536,6.73612328767123,1398.47,1385.97666666667,6.80341552511416
"113","bartlettir",2018,113,0.3894,6.73612328767123,1398.47,1385.97666666667,6.80341552511416
"114","bartlettir",2018,114,0.39329,6.73612328767123,1398.47,1385.97666666667,6.80341552511416
"115","bartlettir",2018,115,0.39667,6.73612328767123,1398.47,1385.97666666667,6.80341552511416
"116","bartlettir",2018,116,0.40022,6.73612328767123,1398.47,1385.97666666667,6.80341552511416
"117","bartlettir",2018,117,0.40442,6.73612328767123,1398.47,1385.97666666667,6.80341552511416
"118","bartlettir",2018,118,0.4086,6.73612328767123,1398.47,1385.97666666667,6.80341552511416
"119","bartlettir",2018,119,0.41206,6.73612328767123,1398.47,1385.97666666667,6.80341552511416
"120","bartlettir",2018,120,0.41477,6.73612328767123,1398.47,1385.97666666667,6.80341552511416
"121","bartlettir",2018,121,0.41723,6.73612328767123,1398.47,1385.97666666667,6.80341552511416
"122","bartlettir",2018,122,0.41947,6.73612328767123,1398.47,1385.97666666667,6.80341552511416
"123","bartlettir",2018,123,0.42127,6.73612328767123,1398.47,1385.97666666667,6.80341552511416
"124","bartlettir",2018,124,0.42252,6.73612328767123,1398.47,1385.97666666667,6.80341552511416
"125","bartlettir",2018,125,0.42343,6.73612328767123,1398.47,1385.97666666667,6.80341552511416
"126","bartlettir",2018,126,0.42423,6.73612328767123,1398.47,1385.97666666667,6.80341552511416
"127","bartlettir",2018,127,0.42513,6.73612328767123,1398.47,1385.97666666667,6.80341552511416
"128","bartlettir",2018,128,0.42635,6.73612328767123,1398.47,1385.97666666667,6.80341552511416
"129","bartlettir",2018,129,0.42778,6.73612328767123,1398.47,1385.97666666667,6.80341552511416
"130","bartlettir",2018,130,0.42917,6.73612328767123,1398.47,1385.97666666667,6.80341552511416
"131","bartlettir",2018,131,0.43054,6.73612328767123,1398.47,1385.97666666667,6.80341552511416
"132","bartlettir",2018,132,0.4319,6.73612328767123,1398.47,1385.97666666667,6.80341552511416
"133","bartlettir",2018,133,0.43327,6.73612328767123,1398.47,1385.97666666667,6.80341552511416
"134","bartlettir",2018,134,0.43462,6.73612328767123,1398.47,1385.97666666667,6.80341552511416
"135","bartlettir",2018,135,0.43595,6.73612328767123,1398.47,1385.97666666667,6.80341552511416
"136","bartlettir",2018,136,0.43749,6.73612328767123,1398.47,1385.97666666667,6.80341552511416
"137","bartlettir",2018,137,0.43933,6.73612328767123,1398.47,1385.97666666667,6.80341552511416
"138","bartlettir",2018,138,0.44127,6.73612328767123,1398.47,1385.97666666667,6.80341552511416
"139","bartlettir",2018,139,0.44307,6.73612328767123,1398.47,1385.97666666667,6.80341552511416
"140","bartlettir",2018,140,0.44452,6.73612328767123,1398.47,1385.97666666667,6.80341552511416
"141","bartlettir",2018,141,0.44539,6.73612328767123,1398.47,1385.97666666667,6.80341552511416
"142","bartlettir",2018,142,0.4456,6.73612328767123,1398.47,1385.97666666667,6.80341552511416
"143","bartlettir",2018,143,0.44537,6.73612328767123,1398.47,1385.97666666667,6.80341552511416
"144","bartlettir",2018,144,0.44496,6.73612328767123,1398.47,1385.97666666667,6.80341552511416
"145","bartlettir",2018,145,0.44464,6.73612328767123,1398.47,1385.97666666667,6.80341552511416
"146","bartlettir",2018,146,0.44397,6.73612328767123,1398.47,1385.97666666667,6.80341552511416
"147","bartlettir",2018,147,0.44284,6.73612328767123,1398.47,1385.97666666667,6.80341552511416
"148","bartlettir",2018,148,0.44201,6.73612328767123,1398.47,1385.97666666667,6.80341552511416
"149","bartlettir",2018,149,0.44146,6.73612328767123,1398.47,1385.97666666667,6.80341552511416
"150","bartlettir",2018,150,0.44073,6.73612328767123,1398.47,1385.97666666667,6.80341552511416
"151","bartlettir",2018,151,0.43991,6.73612328767123,1398.47,1385.97666666667,6.80341552511416
"152","bartlettir",2018,152,0.43909,6.73612328767123,1398.47,1385.97666666667,6.80341552511416
"153","bartlettir",2018,153,0.43834,6.73612328767123,1398.47,1385.97666666667,6.80341552511416
"154","bartlettir",2018,154,0.43776,6.73612328767123,1398.47,1385.97666666667,6.80341552511416
"155","bartlettir",2018,155,0.43735,6.73612328767123,1398.47,1385.97666666667,6.80341552511416
"156","bartlettir",2018,156,0.43704,6.73612328767123,1398.47,1385.97666666667,6.80341552511416
"157","bartlettir",2018,157,0.43683,6.73612328767123,1398.47,1385.97666666667,6.80341552511416
"158","bartlettir",2018,158,0.4367,6.73612328767123,1398.47,1385.97666666667,6.80341552511416
"159","bartlettir",2018,159,0.43664,6.73612328767123,1398.47,1385.97666666667,6.80341552511416
"160","bartlettir",2018,160,0.43666,6.73612328767123,1398.47,1385.97666666667,6.80341552511416
"161","bartlettir",2018,161,0.43664,6.73612328767123,1398.47,1385.97666666667,6.80341552511416
"162","bartlettir",2018,162,0.43655,6.73612328767123,1398.47,1385.97666666667,6.80341552511416
"163","bartlettir",2018,163,0.43647,6.73612328767123,1398.47,1385.97666666667,6.80341552511416
"164","bartlettir",2018,164,0.43648,6.73612328767123,1398.47,1385.97666666667,6.80341552511416
"165","bartlettir",2018,165,0.43665,6.73612328767123,1398.47,1385.97666666667,6.80341552511416
"166","bartlettir",2018,166,0.43707,6.73612328767123,1398.47,1385.97666666667,6.80341552511416
"167","bartlettir",2018,167,0.43783,6.73612328767123,1398.47,1385.97666666667,6.80341552511416
"168","bartlettir",2018,168,0.43884,6.73612328767123,1398.47,1385.97666666667,6.80341552511416
"169","bartlettir",2018,169,0.43997,6.73612328767123,1398.47,1385.97666666667,6.80341552511416
"170","bartlettir",2018,170,0.44107,6.73612328767123,1398.47,1385.97666666667,6.80341552511416
"171","bartlettir",2018,171,0.44252,6.73612328767123,1398.47,1385.97666666667,6.80341552511416
"172","bartlettir",2018,172,0.44436,6.73612328767123,1398.47,1385.97666666667,6.80341552511416
"173","bartlettir",2018,173,0.44588,6.73612328767123,1398.47,1385.97666666667,6.80341552511416
"174","bartlettir",2018,174,0.44717,6.73612328767123,1398.47,1385.97666666667,6.80341552511416
"175","bartlettir",2018,175,0.44867,6.73612328767123,1398.47,1385.97666666667,6.80341552511416
"176","bartlettir",2018,176,0.45021,6.73612328767123,1398.47,1385.97666666667,6.80341552511416
"177","bartlettir",2018,177,0.45163,6.73612328767123,1398.47,1385.97666666667,6.80341552511416
"178","bartlettir",2018,178,0.45275,6.73612328767123,1398.47,1385.97666666667,6.80341552511416
"179","bartlettir",2018,179,0.45343,6.73612328767123,1398.47,1385.97666666667,6.80341552511416
"180","bartlettir",2018,180,0.45343,6.73612328767123,1398.47,1385.97666666667,6.80341552511416
"181","bartlettir",2018,181,0.45291,6.73612328767123,1398.47,1385.97666666667,6.80341552511416
"182","bartlettir",2018,182,0.4523,6.73612328767123,1398.47,1385.97666666667,6.80341552511416
"183","bartlettir",2018,183,0.45199,6.73612328767123,1398.47,1385.97666666667,6.80341552511416
"184","bartlettir",2018,184,0.45166,6.73612328767123,1398.47,1385.97666666667,6.80341552511416
"185","bartlettir",2018,185,0.45103,6.73612328767123,1398.47,1385.97666666667,6.80341552511416
"186","bartlettir",2018,186,0.45063,6.73612328767123,1398.47,1385.97666666667,6.80341552511416
"187","bartlettir",2018,187,0.4505,6.73612328767123,1398.47,1385.97666666667,6.80341552511416
"188","bartlettir",2018,188,0.45032,6.73612328767123,1398.47,1385.97666666667,6.80341552511416
"189","bartlettir",2018,189,0.4501,6.73612328767123,1398.47,1385.97666666667,6.80341552511416
"190","bartlettir",2018,190,0.44986,6.73612328767123,1398.47,1385.97666666667,6.80341552511416
"191","bartlettir",2018,191,0.44961,6.73612328767123,1398.47,1385.97666666667,6.80341552511416
"192","bartlettir",2018,192,0.44936,6.73612328767123,1398.47,1385.97666666667,6.80341552511416
"193","bartlettir",2018,193,0.44901,6.73612328767123,1398.47,1385.97666666667,6.80341552511416
"194","bartlettir",2018,194,0.44858,6.73612328767123,1398.47,1385.97666666667,6.80341552511416
"195","bartlettir",2018,195,0.44827,6.73612328767123,1398.47,1385.97666666667,6.80341552511416
"196","bartlettir",2018,196,0.44827,6.73612328767123,1398.47,1385.97666666667,6.80341552511416
"197","bartlettir",2018,197,0.44856,6.73612328767123,1398.47,1385.97666666667,6.80341552511416
"198","bartlettir",2018,198,0.44894,6.73612328767123,1398.47,1385.97666666667,6.80341552511416
"199","bartlettir",2018,199,0.44938,6.73612328767123,1398.47,1385.97666666667,6.80341552511416
"200","bartlettir",2018,200,0.44991,6.73612328767123,1398.47,1385.97666666667,6.80341552511416
"201","bartlettir",2018,201,0.45058,6.73612328767123,1398.47,1385.97666666667,6.80341552511416
"202","bartlettir",2018,202,0.45133,6.73612328767123,1398.47,1385.97666666667,6.80341552511416
"203","bartlettir",2018,203,0.45212,6.73612328767123,1398.47,1385.97666666667,6.80341552511416
"204","bartlettir",2018,204,0.45288,6.73612328767123,1398.47,1385.97666666667,6.80341552511416
"205","bartlettir",2018,205,0.45356,6.73612328767123,1398.47,1385.97666666667,6.80341552511416
"206","bartlettir",2018,206,0.45448,6.73612328767123,1398.47,1385.97666666667,6.80341552511416
"207","bartlettir",2018,207,0.45581,6.73612328767123,1398.47,1385.97666666667,6.80341552511416
"208","bartlettir",2018,208,0.4573,6.73612328767123,1398.47,1385.97666666667,6.80341552511416
"209","bartlettir",2018,209,0.45867,6.73612328767123,1398.47,1385.97666666667,6.80341552511416
"210","bartlettir",2018,210,0.45966,6.73612328767123,1398.47,1385.97666666667,6.80341552511416
"211","bartlettir",2018,211,0.46002,6.73612328767123,1398.47,1385.97666666667,6.80341552511416
"212","bartlettir",2018,212,0.45954,6.73612328767123,1398.47,1385.97666666667,6.80341552511416
"213","bartlettir",2018,213,0.45839,6.73612328767123,1398.47,1385.97666666667,6.80341552511416
"214","bartlettir",2018,214,0.45685,6.73612328767123,1398.47,1385.97666666667,6.80341552511416
"215","bartlettir",2018,215,0.4552,6.73612328767123,1398.47,1385.97666666667,6.80341552511416
"216","bartlettir",2018,216,0.4537,6.73612328767123,1398.47,1385.97666666667,6.80341552511416
"217","bartlettir",2018,217,0.45265,6.73612328767123,1398.47,1385.97666666667,6.80341552511416
"218","bartlettir",2018,218,0.45181,6.73612328767123,1398.47,1385.97666666667,6.80341552511416
"219","bartlettir",2018,219,0.45088,6.73612328767123,1398.47,1385.97666666667,6.80341552511416
"220","bartlettir",2018,220,0.45,6.73612328767123,1398.47,1385.97666666667,6.80341552511416
"221","bartlettir",2018,221,0.44932,6.73612328767123,1398.47,1385.97666666667,6.80341552511416
"222","bartlettir",2018,222,0.4488,6.73612328767123,1398.47,1385.97666666667,6.80341552511416
"223","bartlettir",2018,223,0.44832,6.73612328767123,1398.47,1385.97666666667,6.80341552511416
"224","bartlettir",2018,224,0.44792,6.73612328767123,1398.47,1385.97666666667,6.80341552511416
"225","bartlettir",2018,225,0.44773,6.73612328767123,1398.47,1385.97666666667,6.80341552511416
"226","bartlettir",2018,226,0.44784,6.73612328767123,1398.47,1385.97666666667,6.80341552511416
"227","bartlettir",2018,227,0.4481,6.73612328767123,1398.47,1385.97666666667,6.80341552511416
"228","bartlettir",2018,228,0.44839,6.73612328767123,1398.47,1385.97666666667,6.80341552511416
"229","bartlettir",2018,229,0.44857,6.73612328767123,1398.47,1385.97666666667,6.80341552511416
"230","bartlettir",2018,230,0.44853,6.73612328767123,1398.47,1385.97666666667,6.80341552511416
"231","bartlettir",2018,231,0.44824,6.73612328767123,1398.47,1385.97666666667,6.80341552511416
"232","bartlettir",2018,232,0.44782,6.73612328767123,1398.47,1385.97666666667,6.80341552511416
"233","bartlettir",2018,233,0.44733,6.73612328767123,1398.47,1385.97666666667,6.80341552511416
"234","bartlettir",2018,234,0.44679,6.73612328767123,1398.47,1385.97666666667,6.80341552511416
"235","bartlettir",2018,235,0.44626,6.73612328767123,1398.47,1385.97666666667,6.80341552511416
"236","bartlettir",2018,236,0.44578,6.73612328767123,1398.47,1385.97666666667,6.80341552511416
"237","bartlettir",2018,237,0.44525,6.73612328767123,1398.47,1385.97666666667,6.80341552511416
"238","bartlettir",2018,238,0.44458,6.73612328767123,1398.47,1385.97666666667,6.80341552511416
"239","bartlettir",2018,239,0.44388,6.73612328767123,1398.47,1385.97666666667,6.80341552511416
"240","bartlettir",2018,240,0.44323,6.73612328767123,1398.47,1385.97666666667,6.80341552511416
"241","bartlettir",2018,241,0.44271,6.73612328767123,1398.47,1385.97666666667,6.80341552511416
"242","bartlettir",2018,242,0.44243,6.73612328767123,1398.47,1385.97666666667,6.80341552511416
"243","bartlettir",2018,243,0.44257,6.73612328767123,1398.47,1385.97666666667,6.80341552511416
"244","bartlettir",2018,244,0.44307,6.73612328767123,1398.47,1385.97666666667,6.80341552511416
"245","bartlettir",2018,245,0.44358,6.73612328767123,1398.47,1385.97666666667,6.80341552511416
"246","bartlettir",2018,246,0.44376,6.73612328767123,1398.47,1385.97666666667,6.80341552511416
"247","bartlettir",2018,247,0.44394,6.73612328767123,1398.47,1385.97666666667,6.80341552511416
"248","bartlettir",2018,248,0.44433,6.73612328767123,1398.47,1385.97666666667,6.80341552511416
"249","bartlettir",2018,249,0.44437,6.73612328767123,1398.47,1385.97666666667,6.80341552511416
"250","bartlettir",2018,250,0.44403,6.73612328767123,1398.47,1385.97666666667,6.80341552511416
"251","bartlettir",2018,251,0.44361,6.73612328767123,1398.47,1385.97666666667,6.80341552511416
"252","bartlettir",2018,252,0.44311,6.73612328767123,1398.47,1385.97666666667,6.80341552511416
"253","bartlettir",2018,253,0.44251,6.73612328767123,1398.47,1385.97666666667,6.80341552511416
"254","bartlettir",2018,254,0.44183,6.73612328767123,1398.47,1385.97666666667,6.80341552511416
"255","bartlettir",2018,255,0.44104,6.73612328767123,1398.47,1385.97666666667,6.80341552511416
"256","bartlettir",2018,256,0.44002,6.73612328767123,1398.47,1385.97666666667,6.80341552511416
"257","bartlettir",2018,257,0.43869,6.73612328767123,1398.47,1385.97666666667,6.80341552511416
"258","bartlettir",2018,258,0.43718,6.73612328767123,1398.47,1385.97666666667,6.80341552511416
"259","bartlettir",2018,259,0.43561,6.73612328767123,1398.47,1385.97666666667,6.80341552511416
"260","bartlettir",2018,260,0.4341,6.73612328767123,1398.47,1385.97666666667,6.80341552511416
"261","bartlettir",2018,261,0.43277,6.73612328767123,1398.47,1385.97666666667,6.80341552511416
"262","bartlettir",2018,262,0.43172,6.73612328767123,1398.47,1385.97666666667,6.80341552511416
"263","bartlettir",2018,263,0.43089,6.73612328767123,1398.47,1385.97666666667,6.80341552511416
"264","bartlettir",2018,264,0.43015,6.73612328767123,1398.47,1385.97666666667,6.80341552511416
"265","bartlettir",2018,265,0.42934,6.73612328767123,1398.47,1385.97666666667,6.80341552511416
"266","bartlettir",2018,266,0.42834,6.73612328767123,1398.47,1385.97666666667,6.80341552511416
"267","bartlettir",2018,267,0.427,6.73612328767123,1398.47,1385.97666666667,6.80341552511416
"268","bartlettir",2018,268,0.42523,6.73612328767123,1398.47,1385.97666666667,6.80341552511416
"269","bartlettir",2018,269,0.42318,6.73612328767123,1398.47,1385.97666666667,6.80341552511416
"270","bartlettir",2018,270,0.42102,6.73612328767123,1398.47,1385.97666666667,6.80341552511416
"271","bartlettir",2018,271,0.41891,6.73612328767123,1398.47,1385.97666666667,6.80341552511416
"272","bartlettir",2018,272,0.41649,6.73612328767123,1398.47,1385.97666666667,6.80341552511416
"273","bartlettir",2018,273,0.41372,6.73612328767123,1398.47,1385.97666666667,6.80341552511416
"274","bartlettir",2018,274,0.4113,6.73612328767123,1398.47,1385.97666666667,6.80341552511416
"275","bartlettir",2018,275,0.40905,6.73612328767123,1398.47,1385.97666666667,6.80341552511416
"276","bartlettir",2018,276,0.40649,6.73612328767123,1398.47,1385.97666666667,6.80341552511416
"277","bartlettir",2018,277,0.40383,6.73612328767123,1398.47,1385.97666666667,6.80341552511416
"278","bartlettir",2018,278,0.40131,6.73612328767123,1398.47,1385.97666666667,6.80341552511416
"279","bartlettir",2018,279,0.39917,6.73612328767123,1398.47,1385.97666666667,6.80341552511416
"280","bartlettir",2018,280,0.39764,6.73612328767123,1398.47,1385.97666666667,6.80341552511416
"281","bartlettir",2018,281,0.39674,6.73612328767123,1398.47,1385.97666666667,6.80341552511416
"282","bartlettir",2018,282,0.39624,6.73612328767123,1398.47,1385.97666666667,6.80341552511416
"283","bartlettir",2018,283,0.39601,6.73612328767123,1398.47,1385.97666666667,6.80341552511416
"284","bartlettir",2018,284,0.39591,6.73612328767123,1398.47,1385.97666666667,6.80341552511416
"285","bartlettir",2018,285,0.39647,6.73612328767123,1398.47,1385.97666666667,6.80341552511416
"286","bartlettir",2018,286,0.39767,6.73612328767123,1398.47,1385.97666666667,6.80341552511416
"287","bartlettir",2018,287,0.39854,6.73612328767123,1398.47,1385.97666666667,6.80341552511416
"288","bartlettir",2018,288,0.3992,6.73612328767123,1398.47,1385.97666666667,6.80341552511416
"289","bartlettir",2018,289,0.40026,6.73612328767123,1398.47,1385.97666666667,6.80341552511416
"290","bartlettir",2018,290,0.4015,6.73612328767123,1398.47,1385.97666666667,6.80341552511416
"291","bartlettir",2018,291,0.40265,6.73612328767123,1398.47,1385.97666666667,6.80341552511416
"292","bartlettir",2018,292,0.40349,6.73612328767123,1398.47,1385.97666666667,6.80341552511416
"293","bartlettir",2018,293,0.40377,6.73612328767123,1398.47,1385.97666666667,6.80341552511416
"294","bartlettir",2018,294,0.40347,6.73612328767123,1398.47,1385.97666666667,6.80341552511416
"295","bartlettir",2018,295,0.40284,6.73612328767123,1398.47,1385.97666666667,6.80341552511416
"296","bartlettir",2018,296,0.40207,6.73612328767123,1398.47,1385.97666666667,6.80341552511416
"297","bartlettir",2018,297,0.40135,6.73612328767123,1398.47,1385.97666666667,6.80341552511416
"298","bartlettir",2018,298,0.40003,6.73612328767123,1398.47,1385.97666666667,6.80341552511416
"299","bartlettir",2018,299,0.39811,6.73612328767123,1398.47,1385.97666666667,6.80341552511416
"300","bartlettir",2018,300,0.39672,6.73612328767123,1398.47,1385.97666666667,6.80341552511416
"301","bartlettir",2018,301,0.3959,6.73612328767123,1398.47,1385.97666666667,6.80341552511416
"302","bartlettir",2018,302,0.39499,6.73612328767123,1398.47,1385.97666666667,6.80341552511416
"303","bartlettir",2018,303,0.39409,6.73612328767123,1398.47,1385.97666666667,6.80341552511416
"304","bartlettir",2018,304,0.3933,6.73612328767123,1398.47,1385.97666666667,6.80341552511416
"305","bartlettir",2018,305,0.39271,6.73612328767123,1398.47,1385.97666666667,6.80341552511416
"306","bartlettir",2018,306,0.39241,6.73612328767123,1398.47,1385.97666666667,6.80341552511416
"307","bartlettir",2018,307,0.39265,6.73612328767123,1398.47,1385.97666666667,6.80341552511416
"308","bartlettir",2018,308,0.39339,6.73612328767123,1398.47,1385.97666666667,6.80341552511416
"309","bartlettir",2018,309,0.39436,6.73612328767123,1398.47,1385.97666666667,6.80341552511416
"310","bartlettir",2018,310,0.39528,6.73612328767123,1398.47,1385.97666666667,6.80341552511416
"311","bartlettir",2018,311,0.39586,6.73612328767123,1398.47,1385.97666666667,6.80341552511416
"312","bartlettir",2018,312,0.39581,6.73612328767123,1398.47,1385.97666666667,6.80341552511416
"313","bartlettir",2018,313,0.39517,6.73612328767123,1398.47,1385.97666666667,6.80341552511416
"314","bartlettir",2018,314,0.3942,6.73612328767123,1398.47,1385.97666666667,6.80341552511416
"315","bartlettir",2018,315,0.39298,6.73612328767123,1398.47,1385.97666666667,6.80341552511416
"316","bartlettir",2018,316,0.39162,6.73612328767123,1398.47,1385.97666666667,6.80341552511416
"317","bartlettir",2018,317,0.3902,6.73612328767123,1398.47,1385.97666666667,6.80341552511416
"318","bartlettir",2018,318,0.38882,6.73612328767123,1398.47,1385.97666666667,6.80341552511416
"319","bartlettir",2018,319,0.38695,6.73612328767123,1398.47,1385.97666666667,6.80341552511416
"320","bartlettir",2018,320,0.38441,6.73612328767123,1398.47,1385.97666666667,6.80341552511416
"321","bartlettir",2018,321,0.38182,6.73612328767123,1398.47,1385.97666666667,6.80341552511416
"322","bartlettir",2018,322,0.37983,6.73612328767123,1398.47,1385.97666666667,6.80341552511416
"323","bartlettir",2018,323,0.37799,6.73612328767123,1398.47,1385.97666666667,6.80341552511416
"324","bartlettir",2018,324,0.37595,6.73612328767123,1398.47,1385.97666666667,6.80341552511416
"325","bartlettir",2018,325,0.3744,6.73612328767123,1398.47,1385.97666666667,6.80341552511416
"326","bartlettir",2018,326,0.37348,6.73612328767123,1398.47,1385.97666666667,6.80341552511416
"327","bartlettir",2018,327,0.37283,6.73612328767123,1398.47,1385.97666666667,6.80341552511416
"328","bartlettir",2018,328,0.3724,6.73612328767123,1398.47,1385.97666666667,6.80341552511416
"329","bartlettir",2018,329,0.37217,6.73612328767123,1398.47,1385.97666666667,6.80341552511416
"330","bartlettir",2018,330,0.3721,6.73612328767123,1398.47,1385.97666666667,6.80341552511416
"331","bartlettir",2018,331,0.37216,6.73612328767123,1398.47,1385.97666666667,6.80341552511416
"332","bartlettir",2018,332,0.37263,6.73612328767123,1398.47,1385.97666666667,6.80341552511416
"333","bartlettir",2018,333,0.37357,6.73612328767123,1398.47,1385.97666666667,6.80341552511416
"334","bartlettir",2018,334,0.37459,6.73612328767123,1398.47,1385.97666666667,6.80341552511416
"335","bartlettir",2018,335,0.37532,6.73612328767123,1398.47,1385.97666666667,6.80341552511416
"336","bartlettir",2018,336,0.37611,6.73612328767123,1398.47,1385.97666666667,6.80341552511416
"337","bartlettir",2018,337,0.37719,6.73612328767123,1398.47,1385.97666666667,6.80341552511416
"338","bartlettir",2018,338,0.37797,6.73612328767123,1398.47,1385.97666666667,6.80341552511416
"339","bartlettir",2018,339,0.37841,6.73612328767123,1398.47,1385.97666666667,6.80341552511416
"340","bartlettir",2018,340,0.37882,6.73612328767123,1398.47,1385.97666666667,6.80341552511416
"341","bartlettir",2018,341,0.37917,6.73612328767123,1398.47,1385.97666666667,6.80341552511416
"342","bartlettir",2018,342,0.37943,6.73612328767123,1398.47,1385.97666666667,6.80341552511416
"343","bartlettir",2018,343,0.37957,6.73612328767123,1398.47,1385.97666666667,6.80341552511416
"344","bartlettir",2018,344,0.37958,6.73612328767123,1398.47,1385.97666666667,6.80341552511416
"345","bartlettir",2018,345,0.37921,6.73612328767123,1398.47,1385.97666666667,6.80341552511416
"346","bartlettir",2018,346,0.37848,6.73612328767123,1398.47,1385.97666666667,6.80341552511416
"347","bartlettir",2018,347,0.37771,6.73612328767123,1398.47,1385.97666666667,6.80341552511416
"348","bartlettir",2018,348,0.37721,6.73612328767123,1398.47,1385.97666666667,6.80341552511416
"349","bartlettir",2018,349,0.37683,6.73612328767123,1398.47,1385.97666666667,6.80341552511416
"350","bartlettir",2018,350,0.37637,6.73612328767123,1398.47,1385.97666666667,6.80341552511416
"351","bartlettir",2018,351,0.37607,6.73612328767123,1398.47,1385.97666666667,6.80341552511416
"352","bartlettir",2018,352,0.37602,6.73612328767123,1398.47,1385.97666666667,6.80341552511416
"353","bartlettir",2018,353,0.37614,6.73612328767123,1398.47,1385.97666666667,6.80341552511416
"354","bartlettir",2018,354,0.37636,6.73612328767123,1398.47,1385.97666666667,6.80341552511416
"355","bartlettir",2018,355,0.3766,6.73612328767123,1398.47,1385.97666666667,6.80341552511416
"356","bartlettir",2018,356,0.3768,6.73612328767123,1398.47,1385.97666666667,6.80341552511416
"357","bartlettir",2018,357,0.37688,6.73612328767123,1398.47,1385.97666666667,6.80341552511416
"358","bartlettir",2018,358,0.37702,6.73612328767123,1398.47,1385.97666666667,6.80341552511416
"359","bartlettir",2018,359,0.37733,6.73612328767123,1398.47,1385.97666666667,6.80341552511416
"360","bartlettir",2018,360,0.3777,6.73612328767123,1398.47,1385.97666666667,6.80341552511416
"361","bartlettir",2018,361,0.37798,6.73612328767123,1398.47,1385.97666666667,6.80341552511416
"362","bartlettir",2018,362,0.37804,6.73612328767123,1398.47,1385.97666666667,6.80341552511416
"363","bartlettir",2018,363,0.37776,6.73612328767123,1398.47,1385.97666666667,6.80341552511416
"364","bartlettir",2018,364,0.37691,6.73612328767123,1398.47,1385.97666666667,6.80341552511416
"365","bartlettir",2018,365,0.37556,6.73612328767123,1398.47,1385.97666666667,6.80341552511416
"366","bartlettir",2019,1,0.37393,6.07704109589041,1496.75,1385.97666666667,6.80341552511416
"367","bartlettir",2019,2,0.37227,6.07704109589041,1496.75,1385.97666666667,6.80341552511416
"368","bartlettir",2019,3,0.37081,6.07704109589041,1496.75,1385.97666666667,6.80341552511416
"369","bartlettir",2019,4,0.36979,6.07704109589041,1496.75,1385.97666666667,6.80341552511416
"370","bartlettir",2019,5,0.36893,6.07704109589041,1496.75,1385.97666666667,6.80341552511416
"371","bartlettir",2019,6,0.36794,6.07704109589041,1496.75,1385.97666666667,6.80341552511416
"372","bartlettir",2019,7,0.36704,6.07704109589041,1496.75,1385.97666666667,6.80341552511416
"373","bartlettir",2019,8,0.36646,6.07704109589041,1496.75,1385.97666666667,6.80341552511416
"374","bartlettir",2019,9,0.36648,6.07704109589041,1496.75,1385.97666666667,6.80341552511416
"375","bartlettir",2019,10,0.36684,6.07704109589041,1496.75,1385.97666666667,6.80341552511416
"376","bartlettir",2019,11,0.36696,6.07704109589041,1496.75,1385.97666666667,6.80341552511416
"377","bartlettir",2019,12,0.36691,6.07704109589041,1496.75,1385.97666666667,6.80341552511416
"378","bartlettir",2019,13,0.3671,6.07704109589041,1496.75,1385.97666666667,6.80341552511416
"379","bartlettir",2019,14,0.36743,6.07704109589041,1496.75,1385.97666666667,6.80341552511416
"380","bartlettir",2019,15,0.3678,6.07704109589041,1496.75,1385.97666666667,6.80341552511416
"381","bartlettir",2019,16,0.36812,6.07704109589041,1496.75,1385.97666666667,6.80341552511416
"382","bartlettir",2019,17,0.3683,6.07704109589041,1496.75,1385.97666666667,6.80341552511416
"383","bartlettir",2019,18,0.36822,6.07704109589041,1496.75,1385.97666666667,6.80341552511416
"384","bartlettir",2019,19,0.36794,6.07704109589041,1496.75,1385.97666666667,6.80341552511416
"385","bartlettir",2019,20,0.36765,6.07704109589041,1496.75,1385.97666666667,6.80341552511416
"386","bartlettir",2019,21,0.36755,6.07704109589041,1496.75,1385.97666666667,6.80341552511416
"387","bartlettir",2019,22,0.36706,6.07704109589041,1496.75,1385.97666666667,6.80341552511416
"388","bartlettir",2019,23,0.36616,6.07704109589041,1496.75,1385.97666666667,6.80341552511416
"389","bartlettir",2019,24,0.36585,6.07704109589041,1496.75,1385.97666666667,6.80341552511416
"390","bartlettir",2019,25,0.36652,6.07704109589041,1496.75,1385.97666666667,6.80341552511416
"391","bartlettir",2019,26,0.36777,6.07704109589041,1496.75,1385.97666666667,6.80341552511416
"392","bartlettir",2019,27,0.36933,6.07704109589041,1496.75,1385.97666666667,6.80341552511416
"393","bartlettir",2019,28,0.37097,6.07704109589041,1496.75,1385.97666666667,6.80341552511416
"394","bartlettir",2019,29,0.37243,6.07704109589041,1496.75,1385.97666666667,6.80341552511416
"395","bartlettir",2019,30,0.37348,6.07704109589041,1496.75,1385.97666666667,6.80341552511416
"396","bartlettir",2019,31,0.37439,6.07704109589041,1496.75,1385.97666666667,6.80341552511416
"397","bartlettir",2019,32,0.3754,6.07704109589041,1496.75,1385.97666666667,6.80341552511416
"398","bartlettir",2019,33,0.37625,6.07704109589041,1496.75,1385.97666666667,6.80341552511416
"399","bartlettir",2019,34,0.37666,6.07704109589041,1496.75,1385.97666666667,6.80341552511416
"400","bartlettir",2019,35,0.37655,6.07704109589041,1496.75,1385.97666666667,6.80341552511416
"401","bartlettir",2019,36,0.37618,6.07704109589041,1496.75,1385.97666666667,6.80341552511416
"402","bartlettir",2019,37,0.37577,6.07704109589041,1496.75,1385.97666666667,6.80341552511416
"403","bartlettir",2019,38,0.37509,6.07704109589041,1496.75,1385.97666666667,6.80341552511416
"404","bartlettir",2019,39,0.37389,6.07704109589041,1496.75,1385.97666666667,6.80341552511416
"405","bartlettir",2019,40,0.37241,6.07704109589041,1496.75,1385.97666666667,6.80341552511416
"406","bartlettir",2019,41,0.37088,6.07704109589041,1496.75,1385.97666666667,6.80341552511416
"407","bartlettir",2019,42,0.36954,6.07704109589041,1496.75,1385.97666666667,6.80341552511416
"408","bartlettir",2019,43,0.36861,6.07704109589041,1496.75,1385.97666666667,6.80341552511416
"409","bartlettir",2019,44,0.36804,6.07704109589041,1496.75,1385.97666666667,6.80341552511416
"410","bartlettir",2019,45,0.36759,6.07704109589041,1496.75,1385.97666666667,6.80341552511416
"411","bartlettir",2019,46,0.36724,6.07704109589041,1496.75,1385.97666666667,6.80341552511416
"412","bartlettir",2019,47,0.36699,6.07704109589041,1496.75,1385.97666666667,6.80341552511416
"413","bartlettir",2019,48,0.36681,6.07704109589041,1496.75,1385.97666666667,6.80341552511416
"414","bartlettir",2019,49,0.3667,6.07704109589041,1496.75,1385.97666666667,6.80341552511416
"415","bartlettir",2019,50,0.36678,6.07704109589041,1496.75,1385.97666666667,6.80341552511416
"416","bartlettir",2019,51,0.36712,6.07704109589041,1496.75,1385.97666666667,6.80341552511416
"417","bartlettir",2019,52,0.3676,6.07704109589041,1496.75,1385.97666666667,6.80341552511416
"418","bartlettir",2019,53,0.3681,6.07704109589041,1496.75,1385.97666666667,6.80341552511416
"419","bartlettir",2019,54,0.36851,6.07704109589041,1496.75,1385.97666666667,6.80341552511416
"420","bartlettir",2019,55,0.36872,6.07704109589041,1496.75,1385.97666666667,6.80341552511416
"421","bartlettir",2019,56,0.36861,6.07704109589041,1496.75,1385.97666666667,6.80341552511416
"422","bartlettir",2019,57,0.36827,6.07704109589041,1496.75,1385.97666666667,6.80341552511416
"423","bartlettir",2019,58,0.36791,6.07704109589041,1496.75,1385.97666666667,6.80341552511416
"424","bartlettir",2019,59,0.36771,6.07704109589041,1496.75,1385.97666666667,6.80341552511416
"425","bartlettir",2019,60,0.36748,6.07704109589041,1496.75,1385.97666666667,6.80341552511416
"426","bartlettir",2019,61,0.36711,6.07704109589041,1496.75,1385.97666666667,6.80341552511416
"427","bartlettir",2019,62,0.36695,6.07704109589041,1496.75,1385.97666666667,6.80341552511416
"428","bartlettir",2019,63,0.36707,6.07704109589041,1496.75,1385.97666666667,6.80341552511416
"429","bartlettir",2019,64,0.36731,6.07704109589041,1496.75,1385.97666666667,6.80341552511416
"430","bartlettir",2019,65,0.36763,6.07704109589041,1496.75,1385.97666666667,6.80341552511416
"431","bartlettir",2019,66,0.36801,6.07704109589041,1496.75,1385.97666666667,6.80341552511416
"432","bartlettir",2019,67,0.36839,6.07704109589041,1496.75,1385.97666666667,6.80341552511416
"433","bartlettir",2019,68,0.36875,6.07704109589041,1496.75,1385.97666666667,6.80341552511416
"434","bartlettir",2019,69,0.36915,6.07704109589041,1496.75,1385.97666666667,6.80341552511416
"435","bartlettir",2019,70,0.36965,6.07704109589041,1496.75,1385.97666666667,6.80341552511416
"436","bartlettir",2019,71,0.3702,6.07704109589041,1496.75,1385.97666666667,6.80341552511416
"437","bartlettir",2019,72,0.37074,6.07704109589041,1496.75,1385.97666666667,6.80341552511416
"438","bartlettir",2019,73,0.3712,6.07704109589041,1496.75,1385.97666666667,6.80341552511416
"439","bartlettir",2019,74,0.37154,6.07704109589041,1496.75,1385.97666666667,6.80341552511416
"440","bartlettir",2019,75,0.37173,6.07704109589041,1496.75,1385.97666666667,6.80341552511416
"441","bartlettir",2019,76,0.37182,6.07704109589041,1496.75,1385.97666666667,6.80341552511416
"442","bartlettir",2019,77,0.37185,6.07704109589041,1496.75,1385.97666666667,6.80341552511416
"443","bartlettir",2019,78,0.37183,6.07704109589041,1496.75,1385.97666666667,6.80341552511416
"444","bartlettir",2019,79,0.3718,6.07704109589041,1496.75,1385.97666666667,6.80341552511416
"445","bartlettir",2019,80,0.3718,6.07704109589041,1496.75,1385.97666666667,6.80341552511416
"446","bartlettir",2019,81,0.37172,6.07704109589041,1496.75,1385.97666666667,6.80341552511416
"447","bartlettir",2019,82,0.37152,6.07704109589041,1496.75,1385.97666666667,6.80341552511416
"448","bartlettir",2019,83,0.37132,6.07704109589041,1496.75,1385.97666666667,6.80341552511416
"449","bartlettir",2019,84,0.37126,6.07704109589041,1496.75,1385.97666666667,6.80341552511416
"450","bartlettir",2019,85,0.37157,6.07704109589041,1496.75,1385.97666666667,6.80341552511416
"451","bartlettir",2019,86,0.37207,6.07704109589041,1496.75,1385.97666666667,6.80341552511416
"452","bartlettir",2019,87,0.37232,6.07704109589041,1496.75,1385.97666666667,6.80341552511416
"453","bartlettir",2019,88,0.37219,6.07704109589041,1496.75,1385.97666666667,6.80341552511416
"454","bartlettir",2019,89,0.37189,6.07704109589041,1496.75,1385.97666666667,6.80341552511416
"455","bartlettir",2019,90,0.37152,6.07704109589041,1496.75,1385.97666666667,6.80341552511416
"456","bartlettir",2019,91,0.37116,6.07704109589041,1496.75,1385.97666666667,6.80341552511416
"457","bartlettir",2019,92,0.37092,6.07704109589041,1496.75,1385.97666666667,6.80341552511416
"458","bartlettir",2019,93,0.37088,6.07704109589041,1496.75,1385.97666666667,6.80341552511416
"459","bartlettir",2019,94,0.37083,6.07704109589041,1496.75,1385.97666666667,6.80341552511416
"460","bartlettir",2019,95,0.37062,6.07704109589041,1496.75,1385.97666666667,6.80341552511416
"461","bartlettir",2019,96,0.37038,6.07704109589041,1496.75,1385.97666666667,6.80341552511416
"462","bartlettir",2019,97,0.37026,6.07704109589041,1496.75,1385.97666666667,6.80341552511416
"463","bartlettir",2019,98,0.37041,6.07704109589041,1496.75,1385.97666666667,6.80341552511416
"464","bartlettir",2019,99,0.37098,6.07704109589041,1496.75,1385.97666666667,6.80341552511416
"465","bartlettir",2019,100,0.37191,6.07704109589041,1496.75,1385.97666666667,6.80341552511416
"466","bartlettir",2019,101,0.37308,6.07704109589041,1496.75,1385.97666666667,6.80341552511416
"467","bartlettir",2019,102,0.3745,6.07704109589041,1496.75,1385.97666666667,6.80341552511416
"468","bartlettir",2019,103,0.37618,6.07704109589041,1496.75,1385.97666666667,6.80341552511416
"469","bartlettir",2019,104,0.37814,6.07704109589041,1496.75,1385.97666666667,6.80341552511416
"470","bartlettir",2019,105,0.38039,6.07704109589041,1496.75,1385.97666666667,6.80341552511416
"471","bartlettir",2019,106,0.38349,6.07704109589041,1496.75,1385.97666666667,6.80341552511416
"472","bartlettir",2019,107,0.38749,6.07704109589041,1496.75,1385.97666666667,6.80341552511416
"473","bartlettir",2019,108,0.39156,6.07704109589041,1496.75,1385.97666666667,6.80341552511416
"474","bartlettir",2019,109,0.3949,6.07704109589041,1496.75,1385.97666666667,6.80341552511416
"475","bartlettir",2019,110,0.39785,6.07704109589041,1496.75,1385.97666666667,6.80341552511416
"476","bartlettir",2019,111,0.40096,6.07704109589041,1496.75,1385.97666666667,6.80341552511416
"477","bartlettir",2019,112,0.4037,6.07704109589041,1496.75,1385.97666666667,6.80341552511416
"478","bartlettir",2019,113,0.40608,6.07704109589041,1496.75,1385.97666666667,6.80341552511416
"479","bartlettir",2019,114,0.40845,6.07704109589041,1496.75,1385.97666666667,6.80341552511416
"480","bartlettir",2019,115,0.41071,6.07704109589041,1496.75,1385.97666666667,6.80341552511416
"481","bartlettir",2019,116,0.41279,6.07704109589041,1496.75,1385.97666666667,6.80341552511416
"482","bartlettir",2019,117,0.4146,6.07704109589041,1496.75,1385.97666666667,6.80341552511416
"483","bartlettir",2019,118,0.41607,6.07704109589041,1496.75,1385.97666666667,6.80341552511416
"484","bartlettir",2019,119,0.41675,6.07704109589041,1496.75,1385.97666666667,6.80341552511416
"485","bartlettir",2019,120,0.41668,6.07704109589041,1496.75,1385.97666666667,6.80341552511416
"486","bartlettir",2019,121,0.41643,6.07704109589041,1496.75,1385.97666666667,6.80341552511416
"487","bartlettir",2019,122,0.41663,6.07704109589041,1496.75,1385.97666666667,6.80341552511416
"488","bartlettir",2019,123,0.41696,6.07704109589041,1496.75,1385.97666666667,6.80341552511416
"489","bartlettir",2019,124,0.41705,6.07704109589041,1496.75,1385.97666666667,6.80341552511416
"490","bartlettir",2019,125,0.41741,6.07704109589041,1496.75,1385.97666666667,6.80341552511416
"491","bartlettir",2019,126,0.41795,6.07704109589041,1496.75,1385.97666666667,6.80341552511416
"492","bartlettir",2019,127,0.41837,6.07704109589041,1496.75,1385.97666666667,6.80341552511416
"493","bartlettir",2019,128,0.41878,6.07704109589041,1496.75,1385.97666666667,6.80341552511416
"494","bartlettir",2019,129,0.41932,6.07704109589041,1496.75,1385.97666666667,6.80341552511416
"495","bartlettir",2019,130,0.4201,6.07704109589041,1496.75,1385.97666666667,6.80341552511416
"496","bartlettir",2019,131,0.42125,6.07704109589041,1496.75,1385.97666666667,6.80341552511416
"497","bartlettir",2019,132,0.42292,6.07704109589041,1496.75,1385.97666666667,6.80341552511416
"498","bartlettir",2019,133,0.42499,6.07704109589041,1496.75,1385.97666666667,6.80341552511416
"499","bartlettir",2019,134,0.42716,6.07704109589041,1496.75,1385.97666666667,6.80341552511416
"500","bartlettir",2019,135,0.42916,6.07704109589041,1496.75,1385.97666666667,6.80341552511416
"501","bartlettir",2019,136,0.43152,6.07704109589041,1496.75,1385.97666666667,6.80341552511416
"502","bartlettir",2019,137,0.43433,6.07704109589041,1496.75,1385.97666666667,6.80341552511416
"503","bartlettir",2019,138,0.43672,6.07704109589041,1496.75,1385.97666666667,6.80341552511416
"504","bartlettir",2019,139,0.43872,6.07704109589041,1496.75,1385.97666666667,6.80341552511416
"505","bartlettir",2019,140,0.44089,6.07704109589041,1496.75,1385.97666666667,6.80341552511416
"506","bartlettir",2019,141,0.44306,6.07704109589041,1496.75,1385.97666666667,6.80341552511416
"507","bartlettir",2019,142,0.4451,6.07704109589041,1496.75,1385.97666666667,6.80341552511416
"508","bartlettir",2019,143,0.44684,6.07704109589041,1496.75,1385.97666666667,6.80341552511416
"509","bartlettir",2019,144,0.44813,6.07704109589041,1496.75,1385.97666666667,6.80341552511416
"510","bartlettir",2019,145,0.44899,6.07704109589041,1496.75,1385.97666666667,6.80341552511416
"511","bartlettir",2019,146,0.44955,6.07704109589041,1496.75,1385.97666666667,6.80341552511416
"512","bartlettir",2019,147,0.44986,6.07704109589041,1496.75,1385.97666666667,6.80341552511416
"513","bartlettir",2019,148,0.44995,6.07704109589041,1496.75,1385.97666666667,6.80341552511416
"514","bartlettir",2019,149,0.44987,6.07704109589041,1496.75,1385.97666666667,6.80341552511416
"515","bartlettir",2019,150,0.44965,6.07704109589041,1496.75,1385.97666666667,6.80341552511416
"516","bartlettir",2019,151,0.44913,6.07704109589041,1496.75,1385.97666666667,6.80341552511416
"517","bartlettir",2019,152,0.44823,6.07704109589041,1496.75,1385.97666666667,6.80341552511416
"518","bartlettir",2019,153,0.44711,6.07704109589041,1496.75,1385.97666666667,6.80341552511416
"519","bartlettir",2019,154,0.44591,6.07704109589041,1496.75,1385.97666666667,6.80341552511416
"520","bartlettir",2019,155,0.44479,6.07704109589041,1496.75,1385.97666666667,6.80341552511416
"521","bartlettir",2019,156,0.44391,6.07704109589041,1496.75,1385.97666666667,6.80341552511416
"522","bartlettir",2019,157,0.44295,6.07704109589041,1496.75,1385.97666666667,6.80341552511416
"523","bartlettir",2019,158,0.44171,6.07704109589041,1496.75,1385.97666666667,6.80341552511416
"524","bartlettir",2019,159,0.44052,6.07704109589041,1496.75,1385.97666666667,6.80341552511416
"525","bartlettir",2019,160,0.43972,6.07704109589041,1496.75,1385.97666666667,6.80341552511416
"526","bartlettir",2019,161,0.43922,6.07704109589041,1496.75,1385.97666666667,6.80341552511416
"527","bartlettir",2019,162,0.43878,6.07704109589041,1496.75,1385.97666666667,6.80341552511416
"528","bartlettir",2019,163,0.4385,6.07704109589041,1496.75,1385.97666666667,6.80341552511416
"529","bartlettir",2019,164,0.43849,6.07704109589041,1496.75,1385.97666666667,6.80341552511416
"530","bartlettir",2019,165,0.43874,6.07704109589041,1496.75,1385.97666666667,6.80341552511416
"531","bartlettir",2019,166,0.43916,6.07704109589041,1496.75,1385.97666666667,6.80341552511416
"532","bartlettir",2019,167,0.43969,6.07704109589041,1496.75,1385.97666666667,6.80341552511416
"533","bartlettir",2019,168,0.44024,6.07704109589041,1496.75,1385.97666666667,6.80341552511416
"534","bartlettir",2019,169,0.44074,6.07704109589041,1496.75,1385.97666666667,6.80341552511416
"535","bartlettir",2019,170,0.44128,6.07704109589041,1496.75,1385.97666666667,6.80341552511416
"536","bartlettir",2019,171,0.44194,6.07704109589041,1496.75,1385.97666666667,6.80341552511416
"537","bartlettir",2019,172,0.44263,6.07704109589041,1496.75,1385.97666666667,6.80341552511416
"538","bartlettir",2019,173,0.44328,6.07704109589041,1496.75,1385.97666666667,6.80341552511416
"539","bartlettir",2019,174,0.44409,6.07704109589041,1496.75,1385.97666666667,6.80341552511416
"540","bartlettir",2019,175,0.44506,6.07704109589041,1496.75,1385.97666666667,6.80341552511416
"541","bartlettir",2019,176,0.44583,6.07704109589041,1496.75,1385.97666666667,6.80341552511416
"542","bartlettir",2019,177,0.44635,6.07704109589041,1496.75,1385.97666666667,6.80341552511416
"543","bartlettir",2019,178,0.44681,6.07704109589041,1496.75,1385.97666666667,6.80341552511416
"544","bartlettir",2019,179,0.44722,6.07704109589041,1496.75,1385.97666666667,6.80341552511416
"545","bartlettir",2019,180,0.44758,6.07704109589041,1496.75,1385.97666666667,6.80341552511416
"546","bartlettir",2019,181,0.4479,6.07704109589041,1496.75,1385.97666666667,6.80341552511416
"547","bartlettir",2019,182,0.44819,6.07704109589041,1496.75,1385.97666666667,6.80341552511416
"548","bartlettir",2019,183,0.44836,6.07704109589041,1496.75,1385.97666666667,6.80341552511416
"549","bartlettir",2019,184,0.44841,6.07704109589041,1496.75,1385.97666666667,6.80341552511416
"550","bartlettir",2019,185,0.44845,6.07704109589041,1496.75,1385.97666666667,6.80341552511416
"551","bartlettir",2019,186,0.4486,6.07704109589041,1496.75,1385.97666666667,6.80341552511416
"552","bartlettir",2019,187,0.44878,6.07704109589041,1496.75,1385.97666666667,6.80341552511416
"553","bartlettir",2019,188,0.44888,6.07704109589041,1496.75,1385.97666666667,6.80341552511416
"554","bartlettir",2019,189,0.44903,6.07704109589041,1496.75,1385.97666666667,6.80341552511416
"555","bartlettir",2019,190,0.44935,6.07704109589041,1496.75,1385.97666666667,6.80341552511416
"556","bartlettir",2019,191,0.44982,6.07704109589041,1496.75,1385.97666666667,6.80341552511416
"557","bartlettir",2019,192,0.45038,6.07704109589041,1496.75,1385.97666666667,6.80341552511416
"558","bartlettir",2019,193,0.45093,6.07704109589041,1496.75,1385.97666666667,6.80341552511416
"559","bartlettir",2019,194,0.45139,6.07704109589041,1496.75,1385.97666666667,6.80341552511416
"560","bartlettir",2019,195,0.4517,6.07704109589041,1496.75,1385.97666666667,6.80341552511416
"561","bartlettir",2019,196,0.45187,6.07704109589041,1496.75,1385.97666666667,6.80341552511416
"562","bartlettir",2019,197,0.45201,6.07704109589041,1496.75,1385.97666666667,6.80341552511416
"563","bartlettir",2019,198,0.45208,6.07704109589041,1496.75,1385.97666666667,6.80341552511416
"564","bartlettir",2019,199,0.45206,6.07704109589041,1496.75,1385.97666666667,6.80341552511416
"565","bartlettir",2019,200,0.45193,6.07704109589041,1496.75,1385.97666666667,6.80341552511416
"566","bartlettir",2019,201,0.45166,6.07704109589041,1496.75,1385.97666666667,6.80341552511416
"567","bartlettir",2019,202,0.45117,6.07704109589041,1496.75,1385.97666666667,6.80341552511416
"568","bartlettir",2019,203,0.45046,6.07704109589041,1496.75,1385.97666666667,6.80341552511416
"569","bartlettir",2019,204,0.44962,6.07704109589041,1496.75,1385.97666666667,6.80341552511416
"570","bartlettir",2019,205,0.44875,6.07704109589041,1496.75,1385.97666666667,6.80341552511416
"571","bartlettir",2019,206,0.44792,6.07704109589041,1496.75,1385.97666666667,6.80341552511416
"572","bartlettir",2019,207,0.44724,6.07704109589041,1496.75,1385.97666666667,6.80341552511416
"573","bartlettir",2019,208,0.44645,6.07704109589041,1496.75,1385.97666666667,6.80341552511416
"574","bartlettir",2019,209,0.44542,6.07704109589041,1496.75,1385.97666666667,6.80341552511416
"575","bartlettir",2019,210,0.44446,6.07704109589041,1496.75,1385.97666666667,6.80341552511416
"576","bartlettir",2019,211,0.44386,6.07704109589041,1496.75,1385.97666666667,6.80341552511416
"577","bartlettir",2019,212,0.44358,6.07704109589041,1496.75,1385.97666666667,6.80341552511416
"578","bartlettir",2019,213,0.44339,6.07704109589041,1496.75,1385.97666666667,6.80341552511416
"579","bartlettir",2019,214,0.4433,6.07704109589041,1496.75,1385.97666666667,6.80341552511416
"580","bartlettir",2019,215,0.44344,6.07704109589041,1496.75,1385.97666666667,6.80341552511416
"581","bartlettir",2019,216,0.44385,6.07704109589041,1496.75,1385.97666666667,6.80341552511416
"582","bartlettir",2019,217,0.44442,6.07704109589041,1496.75,1385.97666666667,6.80341552511416
"583","bartlettir",2019,218,0.44504,6.07704109589041,1496.75,1385.97666666667,6.80341552511416
"584","bartlettir",2019,219,0.4456,6.07704109589041,1496.75,1385.97666666667,6.80341552511416
"585","bartlettir",2019,220,0.44597,6.07704109589041,1496.75,1385.97666666667,6.80341552511416
"586","bartlettir",2019,221,0.44642,6.07704109589041,1496.75,1385.97666666667,6.80341552511416
"587","bartlettir",2019,222,0.44709,6.07704109589041,1496.75,1385.97666666667,6.80341552511416
"588","bartlettir",2019,223,0.44771,6.07704109589041,1496.75,1385.97666666667,6.80341552511416
"589","bartlettir",2019,224,0.44805,6.07704109589041,1496.75,1385.97666666667,6.80341552511416
"590","bartlettir",2019,225,0.44823,6.07704109589041,1496.75,1385.97666666667,6.80341552511416
"591","bartlettir",2019,226,0.44842,6.07704109589041,1496.75,1385.97666666667,6.80341552511416
"592","bartlettir",2019,227,0.44838,6.07704109589041,1496.75,1385.97666666667,6.80341552511416
"593","bartlettir",2019,228,0.44797,6.07704109589041,1496.75,1385.97666666667,6.80341552511416
"594","bartlettir",2019,229,0.44728,6.07704109589041,1496.75,1385.97666666667,6.80341552511416
"595","bartlettir",2019,230,0.44641,6.07704109589041,1496.75,1385.97666666667,6.80341552511416
"596","bartlettir",2019,231,0.44545,6.07704109589041,1496.75,1385.97666666667,6.80341552511416
"597","bartlettir",2019,232,0.4445,6.07704109589041,1496.75,1385.97666666667,6.80341552511416
"598","bartlettir",2019,233,0.44366,6.07704109589041,1496.75,1385.97666666667,6.80341552511416
"599","bartlettir",2019,234,0.44276,6.07704109589041,1496.75,1385.97666666667,6.80341552511416
"600","bartlettir",2019,235,0.44167,6.07704109589041,1496.75,1385.97666666667,6.80341552511416
"601","bartlettir",2019,236,0.44057,6.07704109589041,1496.75,1385.97666666667,6.80341552511416
"602","bartlettir",2019,237,0.43965,6.07704109589041,1496.75,1385.97666666667,6.80341552511416
"603","bartlettir",2019,238,0.43866,6.07704109589041,1496.75,1385.97666666667,6.80341552511416
"604","bartlettir",2019,239,0.43752,6.07704109589041,1496.75,1385.97666666667,6.80341552511416
"605","bartlettir",2019,240,0.43666,6.07704109589041,1496.75,1385.97666666667,6.80341552511416
"606","bartlettir",2019,241,0.43621,6.07704109589041,1496.75,1385.97666666667,6.80341552511416
"607","bartlettir",2019,242,0.436,6.07704109589041,1496.75,1385.97666666667,6.80341552511416
"608","bartlettir",2019,243,0.43593,6.07704109589041,1496.75,1385.97666666667,6.80341552511416
"609","bartlettir",2019,244,0.43591,6.07704109589041,1496.75,1385.97666666667,6.80341552511416
"610","bartlettir",2019,245,0.43585,6.07704109589041,1496.75,1385.97666666667,6.80341552511416
"611","bartlettir",2019,246,0.43564,6.07704109589041,1496.75,1385.97666666667,6.80341552511416
"612","bartlettir",2019,247,0.43547,6.07704109589041,1496.75,1385.97666666667,6.80341552511416
"613","bartlettir",2019,248,0.43549,6.07704109589041,1496.75,1385.97666666667,6.80341552511416
"614","bartlettir",2019,249,0.43556,6.07704109589041,1496.75,1385.97666666667,6.80341552511416
"615","bartlettir",2019,250,0.43555,6.07704109589041,1496.75,1385.97666666667,6.80341552511416
"616","bartlettir",2019,251,0.43532,6.07704109589041,1496.75,1385.97666666667,6.80341552511416
"617","bartlettir",2019,252,0.43474,6.07704109589041,1496.75,1385.97666666667,6.80341552511416
"618","bartlettir",2019,253,0.43375,6.07704109589041,1496.75,1385.97666666667,6.80341552511416
"619","bartlettir",2019,254,0.43245,6.07704109589041,1496.75,1385.97666666667,6.80341552511416
"620","bartlettir",2019,255,0.43097,6.07704109589041,1496.75,1385.97666666667,6.80341552511416
"621","bartlettir",2019,256,0.42941,6.07704109589041,1496.75,1385.97666666667,6.80341552511416
"622","bartlettir",2019,257,0.42787,6.07704109589041,1496.75,1385.97666666667,6.80341552511416
"623","bartlettir",2019,258,0.42646,6.07704109589041,1496.75,1385.97666666667,6.80341552511416
"624","bartlettir",2019,259,0.42485,6.07704109589041,1496.75,1385.97666666667,6.80341552511416
"625","bartlettir",2019,260,0.42286,6.07704109589041,1496.75,1385.97666666667,6.80341552511416
"626","bartlettir",2019,261,0.42091,6.07704109589041,1496.75,1385.97666666667,6.80341552511416
"627","bartlettir",2019,262,0.41937,6.07704109589041,1496.75,1385.97666666667,6.80341552511416
"628","bartlettir",2019,263,0.4182,6.07704109589041,1496.75,1385.97666666667,6.80341552511416
"629","bartlettir",2019,264,0.41711,6.07704109589041,1496.75,1385.97666666667,6.80341552511416
"630","bartlettir",2019,265,0.41617,6.07704109589041,1496.75,1385.97666666667,6.80341552511416
"631","bartlettir",2019,266,0.41561,6.07704109589041,1496.75,1385.97666666667,6.80341552511416
"632","bartlettir",2019,267,0.41546,6.07704109589041,1496.75,1385.97666666667,6.80341552511416
"633","bartlettir",2019,268,0.41552,6.07704109589041,1496.75,1385.97666666667,6.80341552511416
"634","bartlettir",2019,269,0.41557,6.07704109589041,1496.75,1385.97666666667,6.80341552511416
"635","bartlettir",2019,270,0.41541,6.07704109589041,1496.75,1385.97666666667,6.80341552511416
"636","bartlettir",2019,271,0.41482,6.07704109589041,1496.75,1385.97666666667,6.80341552511416
"637","bartlettir",2019,272,0.41392,6.07704109589041,1496.75,1385.97666666667,6.80341552511416
"638","bartlettir",2019,273,0.41295,6.07704109589041,1496.75,1385.97666666667,6.80341552511416
"639","bartlettir",2019,274,0.41188,6.07704109589041,1496.75,1385.97666666667,6.80341552511416
"640","bartlettir",2019,275,0.41069,6.07704109589041,1496.75,1385.97666666667,6.80341552511416
"641","bartlettir",2019,276,0.40936,6.07704109589041,1496.75,1385.97666666667,6.80341552511416
"642","bartlettir",2019,277,0.40787,6.07704109589041,1496.75,1385.97666666667,6.80341552511416
"643","bartlettir",2019,278,0.40585,6.07704109589041,1496.75,1385.97666666667,6.80341552511416
"644","bartlettir",2019,279,0.40321,6.07704109589041,1496.75,1385.97666666667,6.80341552511416
"645","bartlettir",2019,280,0.40028,6.07704109589041,1496.75,1385.97666666667,6.80341552511416
"646","bartlettir",2019,281,0.3974,6.07704109589041,1496.75,1385.97666666667,6.80341552511416
"647","bartlettir",2019,282,0.3949,6.07704109589041,1496.75,1385.97666666667,6.80341552511416
"648","bartlettir",2019,283,0.39313,6.07704109589041,1496.75,1385.97666666667,6.80341552511416
"649","bartlettir",2019,284,0.39179,6.07704109589041,1496.75,1385.97666666667,6.80341552511416
"650","bartlettir",2019,285,0.3905,6.07704109589041,1496.75,1385.97666666667,6.80341552511416
"651","bartlettir",2019,286,0.38948,6.07704109589041,1496.75,1385.97666666667,6.80341552511416
"652","bartlettir",2019,287,0.38894,6.07704109589041,1496.75,1385.97666666667,6.80341552511416
"653","bartlettir",2019,288,0.38932,6.07704109589041,1496.75,1385.97666666667,6.80341552511416
"654","bartlettir",2019,289,0.39033,6.07704109589041,1496.75,1385.97666666667,6.80341552511416
"655","bartlettir",2019,290,0.39119,6.07704109589041,1496.75,1385.97666666667,6.80341552511416
"656","bartlettir",2019,291,0.39205,6.07704109589041,1496.75,1385.97666666667,6.80341552511416
"657","bartlettir",2019,292,0.3935,6.07704109589041,1496.75,1385.97666666667,6.80341552511416
"658","bartlettir",2019,293,0.39526,6.07704109589041,1496.75,1385.97666666667,6.80341552511416
"659","bartlettir",2019,294,0.3971,6.07704109589041,1496.75,1385.97666666667,6.80341552511416
"660","bartlettir",2019,295,0.39876,6.07704109589041,1496.75,1385.97666666667,6.80341552511416
"661","bartlettir",2019,296,0.40001,6.07704109589041,1496.75,1385.97666666667,6.80341552511416
"662","bartlettir",2019,297,0.40098,6.07704109589041,1496.75,1385.97666666667,6.80341552511416
"663","bartlettir",2019,298,0.40196,6.07704109589041,1496.75,1385.97666666667,6.80341552511416
"664","bartlettir",2019,299,0.40288,6.07704109589041,1496.75,1385.97666666667,6.80341552511416
"665","bartlettir",2019,300,0.40365,6.07704109589041,1496.75,1385.97666666667,6.80341552511416
"666","bartlettir",2019,301,0.40422,6.07704109589041,1496.75,1385.97666666667,6.80341552511416
"667","bartlettir",2019,302,0.4045,6.07704109589041,1496.75,1385.97666666667,6.80341552511416
"668","bartlettir",2019,303,0.40459,6.07704109589041,1496.75,1385.97666666667,6.80341552511416
"669","bartlettir",2019,304,0.40459,6.07704109589041,1496.75,1385.97666666667,6.80341552511416
"670","bartlettir",2019,305,0.40446,6.07704109589041,1496.75,1385.97666666667,6.80341552511416
"671","bartlettir",2019,306,0.40414,6.07704109589041,1496.75,1385.97666666667,6.80341552511416
"672","bartlettir",2019,307,0.40358,6.07704109589041,1496.75,1385.97666666667,6.80341552511416
"673","bartlettir",2019,308,0.40275,6.07704109589041,1496.75,1385.97666666667,6.80341552511416
"674","bartlettir",2019,309,0.40138,6.07704109589041,1496.75,1385.97666666667,6.80341552511416
"675","bartlettir",2019,310,0.39951,6.07704109589041,1496.75,1385.97666666667,6.80341552511416
"676","bartlettir",2019,311,0.39754,6.07704109589041,1496.75,1385.97666666667,6.80341552511416
"677","bartlettir",2019,312,0.39582,6.07704109589041,1496.75,1385.97666666667,6.80341552511416
"678","bartlettir",2019,313,0.39381,6.07704109589041,1496.75,1385.97666666667,6.80341552511416
"679","bartlettir",2019,314,0.39132,6.07704109589041,1496.75,1385.97666666667,6.80341552511416
"680","bartlettir",2019,315,0.38931,6.07704109589041,1496.75,1385.97666666667,6.80341552511416
"681","bartlettir",2019,316,0.3878,6.07704109589041,1496.75,1385.97666666667,6.80341552511416
"682","bartlettir",2019,317,0.38626,6.07704109589041,1496.75,1385.97666666667,6.80341552511416
"683","bartlettir",2019,318,0.38476,6.07704109589041,1496.75,1385.97666666667,6.80341552511416
"684","bartlettir",2019,319,0.38339,6.07704109589041,1496.75,1385.97666666667,6.80341552511416
"685","bartlettir",2019,320,0.38224,6.07704109589041,1496.75,1385.97666666667,6.80341552511416
"686","bartlettir",2019,321,0.38137,6.07704109589041,1496.75,1385.97666666667,6.80341552511416
"687","bartlettir",2019,322,0.38113,6.07704109589041,1496.75,1385.97666666667,6.80341552511416
"688","bartlettir",2019,323,0.38147,6.07704109589041,1496.75,1385.97666666667,6.80341552511416
"689","bartlettir",2019,324,0.3819,6.07704109589041,1496.75,1385.97666666667,6.80341552511416
"690","bartlettir",2019,325,0.38195,6.07704109589041,1496.75,1385.97666666667,6.80341552511416
"691","bartlettir",2019,326,0.38187,6.07704109589041,1496.75,1385.97666666667,6.80341552511416
"692","bartlettir",2019,327,0.38201,6.07704109589041,1496.75,1385.97666666667,6.80341552511416
"693","bartlettir",2019,328,0.38196,6.07704109589041,1496.75,1385.97666666667,6.80341552511416
"694","bartlettir",2019,329,0.38163,6.07704109589041,1496.75,1385.97666666667,6.80341552511416
"695","bartlettir",2019,330,0.3812,6.07704109589041,1496.75,1385.97666666667,6.80341552511416
"696","bartlettir",2019,331,0.38071,6.07704109589041,1496.75,1385.97666666667,6.80341552511416
"697","bartlettir",2019,332,0.38019,6.07704109589041,1496.75,1385.97666666667,6.80341552511416
"698","bartlettir",2019,333,0.37967,6.07704109589041,1496.75,1385.97666666667,6.80341552511416
"699","bartlettir",2019,334,0.37919,6.07704109589041,1496.75,1385.97666666667,6.80341552511416
"700","bartlettir",2019,335,0.37868,6.07704109589041,1496.75,1385.97666666667,6.80341552511416
"701","bartlettir",2019,336,0.37809,6.07704109589041,1496.75,1385.97666666667,6.80341552511416
"702","bartlettir",2019,337,0.37748,6.07704109589041,1496.75,1385.97666666667,6.80341552511416
"703","bartlettir",2019,338,0.37692,6.07704109589041,1496.75,1385.97666666667,6.80341552511416
"704","bartlettir",2019,339,0.37644,6.07704109589041,1496.75,1385.97666666667,6.80341552511416
"705","bartlettir",2019,340,0.37598,6.07704109589041,1496.75,1385.97666666667,6.80341552511416
"706","bartlettir",2019,341,0.37548,6.07704109589041,1496.75,1385.97666666667,6.80341552511416
"707","bartlettir",2019,342,0.37486,6.07704109589041,1496.75,1385.97666666667,6.80341552511416
"708","bartlettir",2019,343,0.37414,6.07704109589041,1496.75,1385.97666666667,6.80341552511416
"709","bartlettir",2019,344,0.3734,6.07704109589041,1496.75,1385.97666666667,6.80341552511416
"710","bartlettir",2019,345,0.3727,6.07704109589041,1496.75,1385.97666666667,6.80341552511416
"711","bartlettir",2019,346,0.37209,6.07704109589041,1496.75,1385.97666666667,6.80341552511416
"712","bartlettir",2019,347,0.37166,6.07704109589041,1496.75,1385.97666666667,6.80341552511416
"713","bartlettir",2019,348,0.37145,6.07704109589041,1496.75,1385.97666666667,6.80341552511416
"714","bartlettir",2019,349,0.37141,6.07704109589041,1496.75,1385.97666666667,6.80341552511416
"715","bartlettir",2019,350,0.37148,6.07704109589041,1496.75,1385.97666666667,6.80341552511416
"716","bartlettir",2019,351,0.37158,6.07704109589041,1496.75,1385.97666666667,6.80341552511416
"717","bartlettir",2019,352,0.37163,6.07704109589041,1496.75,1385.97666666667,6.80341552511416
"718","bartlettir",2019,353,0.37158,6.07704109589041,1496.75,1385.97666666667,6.80341552511416
"719","bartlettir",2019,354,0.37142,6.07704109589041,1496.75,1385.97666666667,6.80341552511416
"720","bartlettir",2019,355,0.37125,6.07704109589041,1496.75,1385.97666666667,6.80341552511416
"721","bartlettir",2019,356,0.37106,6.07704109589041,1496.75,1385.97666666667,6.80341552511416
"722","bartlettir",2019,357,0.37085,6.07704109589041,1496.75,1385.97666666667,6.80341552511416
"723","bartlettir",2019,358,0.37063,6.07704109589041,1496.75,1385.97666666667,6.80341552511416
"724","bartlettir",2019,359,0.3704,6.07704109589041,1496.75,1385.97666666667,6.80341552511416
"725","bartlettir",2019,360,0.37001,6.07704109589041,1496.75,1385.97666666667,6.80341552511416
"726","bartlettir",2019,361,0.36945,6.07704109589041,1496.75,1385.97666666667,6.80341552511416
"727","bartlettir",2019,362,0.36891,6.07704109589041,1496.75,1385.97666666667,6.80341552511416
"728","bartlettir",2019,363,0.36859,6.07704109589041,1496.75,1385.97666666667,6.80341552511416
"729","bartlettir",2019,364,0.36828,6.07704109589041,1496.75,1385.97666666667,6.80341552511416
"730","bartlettir",2019,365,0.36782,6.07704109589041,1496.75,1385.97666666667,6.80341552511416
"731","bartlettir",2020,1,0.36757,7.59708219178082,1262.71,1385.97666666667,6.80341552511416
"732","bartlettir",2020,2,0.36776,7.59708219178082,1262.71,1385.97666666667,6.80341552511416
"733","bartlettir",2020,3,0.36831,7.59708219178082,1262.71,1385.97666666667,6.80341552511416
"734","bartlettir",2020,4,0.36904,7.59708219178082,1262.71,1385.97666666667,6.80341552511416
"735","bartlettir",2020,5,0.36981,7.59708219178082,1262.71,1385.97666666667,6.80341552511416
"736","bartlettir",2020,6,0.37045,7.59708219178082,1262.71,1385.97666666667,6.80341552511416
"737","bartlettir",2020,7,0.37081,7.59708219178082,1262.71,1385.97666666667,6.80341552511416
"738","bartlettir",2020,8,0.3709,7.59708219178082,1262.71,1385.97666666667,6.80341552511416
"739","bartlettir",2020,9,0.3709,7.59708219178082,1262.71,1385.97666666667,6.80341552511416
"740","bartlettir",2020,10,0.37087,7.59708219178082,1262.71,1385.97666666667,6.80341552511416
"741","bartlettir",2020,11,0.37084,7.59708219178082,1262.71,1385.97666666667,6.80341552511416
"742","bartlettir",2020,12,0.37028,7.59708219178082,1262.71,1385.97666666667,6.80341552511416
"743","bartlettir",2020,13,0.36926,7.59708219178082,1262.71,1385.97666666667,6.80341552511416
"744","bartlettir",2020,14,0.36873,7.59708219178082,1262.71,1385.97666666667,6.80341552511416
"745","bartlettir",2020,15,0.36881,7.59708219178082,1262.71,1385.97666666667,6.80341552511416
"746","bartlettir",2020,16,0.369,7.59708219178082,1262.71,1385.97666666667,6.80341552511416
"747","bartlettir",2020,17,0.36928,7.59708219178082,1262.71,1385.97666666667,6.80341552511416
"748","bartlettir",2020,18,0.36963,7.59708219178082,1262.71,1385.97666666667,6.80341552511416
"749","bartlettir",2020,19,0.37003,7.59708219178082,1262.71,1385.97666666667,6.80341552511416
"750","bartlettir",2020,20,0.37047,7.59708219178082,1262.71,1385.97666666667,6.80341552511416
"751","bartlettir",2020,21,0.37121,7.59708219178082,1262.71,1385.97666666667,6.80341552511416
"752","bartlettir",2020,22,0.37232,7.59708219178082,1262.71,1385.97666666667,6.80341552511416
"753","bartlettir",2020,23,0.37342,7.59708219178082,1262.71,1385.97666666667,6.80341552511416
"754","bartlettir",2020,24,0.37416,7.59708219178082,1262.71,1385.97666666667,6.80341552511416
"755","bartlettir",2020,25,0.37507,7.59708219178082,1262.71,1385.97666666667,6.80341552511416
"756","bartlettir",2020,26,0.37628,7.59708219178082,1262.71,1385.97666666667,6.80341552511416
"757","bartlettir",2020,27,0.37688,7.59708219178082,1262.71,1385.97666666667,6.80341552511416
"758","bartlettir",2020,28,0.37658,7.59708219178082,1262.71,1385.97666666667,6.80341552511416
"759","bartlettir",2020,29,0.37578,7.59708219178082,1262.71,1385.97666666667,6.80341552511416
"760","bartlettir",2020,30,0.37465,7.59708219178082,1262.71,1385.97666666667,6.80341552511416
"761","bartlettir",2020,31,0.37337,7.59708219178082,1262.71,1385.97666666667,6.80341552511416
"762","bartlettir",2020,32,0.37209,7.59708219178082,1262.71,1385.97666666667,6.80341552511416
"763","bartlettir",2020,33,0.37099,7.59708219178082,1262.71,1385.97666666667,6.80341552511416
"764","bartlettir",2020,34,0.36979,7.59708219178082,1262.71,1385.97666666667,6.80341552511416
"765","bartlettir",2020,35,0.36825,7.59708219178082,1262.71,1385.97666666667,6.80341552511416
"766","bartlettir",2020,36,0.36657,7.59708219178082,1262.71,1385.97666666667,6.80341552511416
"767","bartlettir",2020,37,0.36498,7.59708219178082,1262.71,1385.97666666667,6.80341552511416
"768","bartlettir",2020,38,0.36367,7.59708219178082,1262.71,1385.97666666667,6.80341552511416
"769","bartlettir",2020,39,0.36287,7.59708219178082,1262.71,1385.97666666667,6.80341552511416
"770","bartlettir",2020,40,0.36255,7.59708219178082,1262.71,1385.97666666667,6.80341552511416
"771","bartlettir",2020,41,0.36253,7.59708219178082,1262.71,1385.97666666667,6.80341552511416
"772","bartlettir",2020,42,0.36273,7.59708219178082,1262.71,1385.97666666667,6.80341552511416
"773","bartlettir",2020,43,0.36308,7.59708219178082,1262.71,1385.97666666667,6.80341552511416
"774","bartlettir",2020,44,0.36352,7.59708219178082,1262.71,1385.97666666667,6.80341552511416
"775","bartlettir",2020,45,0.36395,7.59708219178082,1262.71,1385.97666666667,6.80341552511416
"776","bartlettir",2020,46,0.36491,7.59708219178082,1262.71,1385.97666666667,6.80341552511416
"777","bartlettir",2020,47,0.36649,7.59708219178082,1262.71,1385.97666666667,6.80341552511416
"778","bartlettir",2020,48,0.36803,7.59708219178082,1262.71,1385.97666666667,6.80341552511416
"779","bartlettir",2020,49,0.36887,7.59708219178082,1262.71,1385.97666666667,6.80341552511416
"780","bartlettir",2020,50,0.36883,7.59708219178082,1262.71,1385.97666666667,6.80341552511416
"781","bartlettir",2020,51,0.36849,7.59708219178082,1262.71,1385.97666666667,6.80341552511416
"782","bartlettir",2020,52,0.36828,7.59708219178082,1262.71,1385.97666666667,6.80341552511416
"783","bartlettir",2020,53,0.36806,7.59708219178082,1262.71,1385.97666666667,6.80341552511416
"784","bartlettir",2020,54,0.36754,7.59708219178082,1262.71,1385.97666666667,6.80341552511416
"785","bartlettir",2020,55,0.36687,7.59708219178082,1262.71,1385.97666666667,6.80341552511416
"786","bartlettir",2020,56,0.36623,7.59708219178082,1262.71,1385.97666666667,6.80341552511416
"787","bartlettir",2020,57,0.36578,7.59708219178082,1262.71,1385.97666666667,6.80341552511416
"788","bartlettir",2020,58,0.36567,7.59708219178082,1262.71,1385.97666666667,6.80341552511416
"789","bartlettir",2020,59,0.36586,7.59708219178082,1262.71,1385.97666666667,6.80341552511416
"790","bartlettir",2020,60,0.36618,7.59708219178082,1262.71,1385.97666666667,6.80341552511416
"791","bartlettir",2020,61,0.36655,7.59708219178082,1262.71,1385.97666666667,6.80341552511416
"792","bartlettir",2020,62,0.36692,7.59708219178082,1262.71,1385.97666666667,6.80341552511416
"793","bartlettir",2020,63,0.36759,7.59708219178082,1262.71,1385.97666666667,6.80341552511416
"794","bartlettir",2020,64,0.36858,7.59708219178082,1262.71,1385.97666666667,6.80341552511416
"795","bartlettir",2020,65,0.36936,7.59708219178082,1262.71,1385.97666666667,6.80341552511416
"796","bartlettir",2020,66,0.36994,7.59708219178082,1262.71,1385.97666666667,6.80341552511416
"797","bartlettir",2020,67,0.37063,7.59708219178082,1262.71,1385.97666666667,6.80341552511416
"798","bartlettir",2020,68,0.37134,7.59708219178082,1262.71,1385.97666666667,6.80341552511416
"799","bartlettir",2020,69,0.37202,7.59708219178082,1262.71,1385.97666666667,6.80341552511416
"800","bartlettir",2020,70,0.37258,7.59708219178082,1262.71,1385.97666666667,6.80341552511416
"801","bartlettir",2020,71,0.37294,7.59708219178082,1262.71,1385.97666666667,6.80341552511416
"802","bartlettir",2020,72,0.37292,7.59708219178082,1262.71,1385.97666666667,6.80341552511416
"803","bartlettir",2020,73,0.37257,7.59708219178082,1262.71,1385.97666666667,6.80341552511416
"804","bartlettir",2020,74,0.37219,7.59708219178082,1262.71,1385.97666666667,6.80341552511416
"805","bartlettir",2020,75,0.37207,7.59708219178082,1262.71,1385.97666666667,6.80341552511416
"806","bartlettir",2020,76,0.37217,7.59708219178082,1262.71,1385.97666666667,6.80341552511416
"807","bartlettir",2020,77,0.37227,7.59708219178082,1262.71,1385.97666666667,6.80341552511416
"808","bartlettir",2020,78,0.37246,7.59708219178082,1262.71,1385.97666666667,6.80341552511416
"809","bartlettir",2020,79,0.37274,7.59708219178082,1262.71,1385.97666666667,6.80341552511416
"810","bartlettir",2020,80,0.37308,7.59708219178082,1262.71,1385.97666666667,6.80341552511416
"811","bartlettir",2020,81,0.37347,7.59708219178082,1262.71,1385.97666666667,6.80341552511416
"812","bartlettir",2020,82,0.37391,7.59708219178082,1262.71,1385.97666666667,6.80341552511416
"813","bartlettir",2020,83,0.37439,7.59708219178082,1262.71,1385.97666666667,6.80341552511416
"814","bartlettir",2020,84,0.37491,7.59708219178082,1262.71,1385.97666666667,6.80341552511416
"815","bartlettir",2020,85,0.37554,7.59708219178082,1262.71,1385.97666666667,6.80341552511416
"816","bartlettir",2020,86,0.37632,7.59708219178082,1262.71,1385.97666666667,6.80341552511416
"817","bartlettir",2020,87,0.37718,7.59708219178082,1262.71,1385.97666666667,6.80341552511416
"818","bartlettir",2020,88,0.37807,7.59708219178082,1262.71,1385.97666666667,6.80341552511416
"819","bartlettir",2020,89,0.3789,7.59708219178082,1262.71,1385.97666666667,6.80341552511416
"820","bartlettir",2020,90,0.37963,7.59708219178082,1262.71,1385.97666666667,6.80341552511416
"821","bartlettir",2020,91,0.38026,7.59708219178082,1262.71,1385.97666666667,6.80341552511416
"822","bartlettir",2020,92,0.38086,7.59708219178082,1262.71,1385.97666666667,6.80341552511416
"823","bartlettir",2020,93,0.38142,7.59708219178082,1262.71,1385.97666666667,6.80341552511416
"824","bartlettir",2020,94,0.38195,7.59708219178082,1262.71,1385.97666666667,6.80341552511416
"825","bartlettir",2020,95,0.38246,7.59708219178082,1262.71,1385.97666666667,6.80341552511416
"826","bartlettir",2020,96,0.38294,7.59708219178082,1262.71,1385.97666666667,6.80341552511416
"827","bartlettir",2020,97,0.3834,7.59708219178082,1262.71,1385.97666666667,6.80341552511416
"828","bartlettir",2020,98,0.38383,7.59708219178082,1262.71,1385.97666666667,6.80341552511416
"829","bartlettir",2020,99,0.38424,7.59708219178082,1262.71,1385.97666666667,6.80341552511416
"830","bartlettir",2020,100,0.38464,7.59708219178082,1262.71,1385.97666666667,6.80341552511416
"831","bartlettir",2020,101,0.38504,7.59708219178082,1262.71,1385.97666666667,6.80341552511416
"832","bartlettir",2020,102,0.38544,7.59708219178082,1262.71,1385.97666666667,6.80341552511416
"833","bartlettir",2020,103,0.38577,7.59708219178082,1262.71,1385.97666666667,6.80341552511416
"834","bartlettir",2020,104,0.38599,7.59708219178082,1262.71,1385.97666666667,6.80341552511416
"835","bartlettir",2020,105,0.38611,7.59708219178082,1262.71,1385.97666666667,6.80341552511416
"836","bartlettir",2020,106,0.3862,7.59708219178082,1262.71,1385.97666666667,6.80341552511416
"837","bartlettir",2020,107,0.38629,7.59708219178082,1262.71,1385.97666666667,6.80341552511416
"838","bartlettir",2020,108,0.38645,7.59708219178082,1262.71,1385.97666666667,6.80341552511416
"839","bartlettir",2020,109,0.38673,7.59708219178082,1262.71,1385.97666666667,6.80341552511416
"840","bartlettir",2020,110,0.38698,7.59708219178082,1262.71,1385.97666666667,6.80341552511416
"841","bartlettir",2020,111,0.38709,7.59708219178082,1262.71,1385.97666666667,6.80341552511416
"842","bartlettir",2020,112,0.38718,7.59708219178082,1262.71,1385.97666666667,6.80341552511416
"843","bartlettir",2020,113,0.38736,7.59708219178082,1262.71,1385.97666666667,6.80341552511416
"844","bartlettir",2020,114,0.38775,7.59708219178082,1262.71,1385.97666666667,6.80341552511416
"845","bartlettir",2020,115,0.38845,7.59708219178082,1262.71,1385.97666666667,6.80341552511416
"846","bartlettir",2020,116,0.38966,7.59708219178082,1262.71,1385.97666666667,6.80341552511416
"847","bartlettir",2020,117,0.39136,7.59708219178082,1262.71,1385.97666666667,6.80341552511416
"848","bartlettir",2020,118,0.39331,7.59708219178082,1262.71,1385.97666666667,6.80341552511416
"849","bartlettir",2020,119,0.39528,7.59708219178082,1262.71,1385.97666666667,6.80341552511416
"850","bartlettir",2020,120,0.39706,7.59708219178082,1262.71,1385.97666666667,6.80341552511416
"851","bartlettir",2020,121,0.39841,7.59708219178082,1262.71,1385.97666666667,6.80341552511416
"852","bartlettir",2020,122,0.3995,7.59708219178082,1262.71,1385.97666666667,6.80341552511416
"853","bartlettir",2020,123,0.40058,7.59708219178082,1262.71,1385.97666666667,6.80341552511416
"854","bartlettir",2020,124,0.40158,7.59708219178082,1262.71,1385.97666666667,6.80341552511416
"855","bartlettir",2020,125,0.40239,7.59708219178082,1262.71,1385.97666666667,6.80341552511416
"856","bartlettir",2020,126,0.40259,7.59708219178082,1262.71,1385.97666666667,6.80341552511416
"857","bartlettir",2020,127,0.40235,7.59708219178082,1262.71,1385.97666666667,6.80341552511416
"858","bartlettir",2020,128,0.40251,7.59708219178082,1262.71,1385.97666666667,6.80341552511416
"859","bartlettir",2020,129,0.40288,7.59708219178082,1262.71,1385.97666666667,6.80341552511416
"860","bartlettir",2020,130,0.40288,7.59708219178082,1262.71,1385.97666666667,6.80341552511416
"861","bartlettir",2020,131,0.40275,7.59708219178082,1262.71,1385.97666666667,6.80341552511416
"862","bartlettir",2020,132,0.40274,7.59708219178082,1262.71,1385.97666666667,6.80341552511416
"863","bartlettir",2020,133,0.40308,7.59708219178082,1262.71,1385.97666666667,6.80341552511416
"864","bartlettir",2020,134,0.40403,7.59708219178082,1262.71,1385.97666666667,6.80341552511416
"865","bartlettir",2020,135,0.4057,7.59708219178082,1262.71,1385.97666666667,6.80341552511416
"866","bartlettir",2020,136,0.40794,7.59708219178082,1262.71,1385.97666666667,6.80341552511416
"867","bartlettir",2020,137,0.41056,7.59708219178082,1262.71,1385.97666666667,6.80341552511416
"868","bartlettir",2020,138,0.41339,7.59708219178082,1262.71,1385.97666666667,6.80341552511416
"869","bartlettir",2020,139,0.41623,7.59708219178082,1262.71,1385.97666666667,6.80341552511416
"870","bartlettir",2020,140,0.41891,7.59708219178082,1262.71,1385.97666666667,6.80341552511416
"871","bartlettir",2020,141,0.42174,7.59708219178082,1262.71,1385.97666666667,6.80341552511416
"872","bartlettir",2020,142,0.425,7.59708219178082,1262.71,1385.97666666667,6.80341552511416
"873","bartlettir",2020,143,0.42844,7.59708219178082,1262.71,1385.97666666667,6.80341552511416
"874","bartlettir",2020,144,0.43179,7.59708219178082,1262.71,1385.97666666667,6.80341552511416
"875","bartlettir",2020,145,0.43481,7.59708219178082,1262.71,1385.97666666667,6.80341552511416
"876","bartlettir",2020,146,0.43724,7.59708219178082,1262.71,1385.97666666667,6.80341552511416
"877","bartlettir",2020,147,0.43931,7.59708219178082,1262.71,1385.97666666667,6.80341552511416
"878","bartlettir",2020,148,0.44129,7.59708219178082,1262.71,1385.97666666667,6.80341552511416
"879","bartlettir",2020,149,0.44305,7.59708219178082,1262.71,1385.97666666667,6.80341552511416
"880","bartlettir",2020,150,0.44444,7.59708219178082,1262.71,1385.97666666667,6.80341552511416
"881","bartlettir",2020,151,0.44537,7.59708219178082,1262.71,1385.97666666667,6.80341552511416
"882","bartlettir",2020,152,0.44598,7.59708219178082,1262.71,1385.97666666667,6.80341552511416
"883","bartlettir",2020,153,0.44646,7.59708219178082,1262.71,1385.97666666667,6.80341552511416
"884","bartlettir",2020,154,0.44667,7.59708219178082,1262.71,1385.97666666667,6.80341552511416
"885","bartlettir",2020,155,0.44642,7.59708219178082,1262.71,1385.97666666667,6.80341552511416
"886","bartlettir",2020,156,0.44586,7.59708219178082,1262.71,1385.97666666667,6.80341552511416
"887","bartlettir",2020,157,0.44514,7.59708219178082,1262.71,1385.97666666667,6.80341552511416
"888","bartlettir",2020,158,0.44441,7.59708219178082,1262.71,1385.97666666667,6.80341552511416
"889","bartlettir",2020,159,0.44382,7.59708219178082,1262.71,1385.97666666667,6.80341552511416
"890","bartlettir",2020,160,0.443,7.59708219178082,1262.71,1385.97666666667,6.80341552511416
"891","bartlettir",2020,161,0.4418,7.59708219178082,1262.71,1385.97666666667,6.80341552511416
"892","bartlettir",2020,162,0.4406,7.59708219178082,1262.71,1385.97666666667,6.80341552511416
"893","bartlettir",2020,163,0.43983,7.59708219178082,1262.71,1385.97666666667,6.80341552511416
"894","bartlettir",2020,164,0.4393,7.59708219178082,1262.71,1385.97666666667,6.80341552511416
"895","bartlettir",2020,165,0.43873,7.59708219178082,1262.71,1385.97666666667,6.80341552511416
"896","bartlettir",2020,166,0.43839,7.59708219178082,1262.71,1385.97666666667,6.80341552511416
"897","bartlettir",2020,167,0.43826,7.59708219178082,1262.71,1385.97666666667,6.80341552511416
"898","bartlettir",2020,168,0.43818,7.59708219178082,1262.71,1385.97666666667,6.80341552511416
"899","bartlettir",2020,169,0.43819,7.59708219178082,1262.71,1385.97666666667,6.80341552511416
"900","bartlettir",2020,170,0.43833,7.59708219178082,1262.71,1385.97666666667,6.80341552511416
"901","bartlettir",2020,171,0.43864,7.59708219178082,1262.71,1385.97666666667,6.80341552511416
"902","bartlettir",2020,172,0.43915,7.59708219178082,1262.71,1385.97666666667,6.80341552511416
"903","bartlettir",2020,173,0.44018,7.59708219178082,1262.71,1385.97666666667,6.80341552511416
"904","bartlettir",2020,174,0.44173,7.59708219178082,1262.71,1385.97666666667,6.80341552511416
"905","bartlettir",2020,175,0.44335,7.59708219178082,1262.71,1385.97666666667,6.80341552511416
"906","bartlettir",2020,176,0.4446,7.59708219178082,1262.71,1385.97666666667,6.80341552511416
"907","bartlettir",2020,177,0.44596,7.59708219178082,1262.71,1385.97666666667,6.80341552511416
"908","bartlettir",2020,178,0.44767,7.59708219178082,1262.71,1385.97666666667,6.80341552511416
"909","bartlettir",2020,179,0.4489,7.59708219178082,1262.71,1385.97666666667,6.80341552511416
"910","bartlettir",2020,180,0.44948,7.59708219178082,1262.71,1385.97666666667,6.80341552511416
"911","bartlettir",2020,181,0.44983,7.59708219178082,1262.71,1385.97666666667,6.80341552511416
"912","bartlettir",2020,182,0.45001,7.59708219178082,1262.71,1385.97666666667,6.80341552511416
"913","bartlettir",2020,183,0.45012,7.59708219178082,1262.71,1385.97666666667,6.80341552511416
"914","bartlettir",2020,184,0.45021,7.59708219178082,1262.71,1385.97666666667,6.80341552511416
"915","bartlettir",2020,185,0.45036,7.59708219178082,1262.71,1385.97666666667,6.80341552511416
"916","bartlettir",2020,186,0.45046,7.59708219178082,1262.71,1385.97666666667,6.80341552511416
"917","bartlettir",2020,187,0.45038,7.59708219178082,1262.71,1385.97666666667,6.80341552511416
"918","bartlettir",2020,188,0.45019,7.59708219178082,1262.71,1385.97666666667,6.80341552511416
"919","bartlettir",2020,189,0.44996,7.59708219178082,1262.71,1385.97666666667,6.80341552511416
"920","bartlettir",2020,190,0.44977,7.59708219178082,1262.71,1385.97666666667,6.80341552511416
"921","bartlettir",2020,191,0.44967,7.59708219178082,1262.71,1385.97666666667,6.80341552511416
"922","bartlettir",2020,192,0.44973,7.59708219178082,1262.71,1385.97666666667,6.80341552511416
"923","bartlettir",2020,193,0.44993,7.59708219178082,1262.71,1385.97666666667,6.80341552511416
"924","bartlettir",2020,194,0.4502,7.59708219178082,1262.71,1385.97666666667,6.80341552511416
"925","bartlettir",2020,195,0.45048,7.59708219178082,1262.71,1385.97666666667,6.80341552511416
"926","bartlettir",2020,196,0.45071,7.59708219178082,1262.71,1385.97666666667,6.80341552511416
"927","bartlettir",2020,197,0.45084,7.59708219178082,1262.71,1385.97666666667,6.80341552511416
"928","bartlettir",2020,198,0.45097,7.59708219178082,1262.71,1385.97666666667,6.80341552511416
"929","bartlettir",2020,199,0.45114,7.59708219178082,1262.71,1385.97666666667,6.80341552511416
"930","bartlettir",2020,200,0.45125,7.59708219178082,1262.71,1385.97666666667,6.80341552511416
"931","bartlettir",2020,201,0.45116,7.59708219178082,1262.71,1385.97666666667,6.80341552511416
"932","bartlettir",2020,202,0.45064,7.59708219178082,1262.71,1385.97666666667,6.80341552511416
"933","bartlettir",2020,203,0.44984,7.59708219178082,1262.71,1385.97666666667,6.80341552511416
"934","bartlettir",2020,204,0.44921,7.59708219178082,1262.71,1385.97666666667,6.80341552511416
"935","bartlettir",2020,205,0.44878,7.59708219178082,1262.71,1385.97666666667,6.80341552511416
"936","bartlettir",2020,206,0.4483,7.59708219178082,1262.71,1385.97666666667,6.80341552511416
"937","bartlettir",2020,207,0.44781,7.59708219178082,1262.71,1385.97666666667,6.80341552511416
"938","bartlettir",2020,208,0.44733,7.59708219178082,1262.71,1385.97666666667,6.80341552511416
"939","bartlettir",2020,209,0.44689,7.59708219178082,1262.71,1385.97666666667,6.80341552511416
"940","bartlettir",2020,210,0.44652,7.59708219178082,1262.71,1385.97666666667,6.80341552511416
"941","bartlettir",2020,211,0.44623,7.59708219178082,1262.71,1385.97666666667,6.80341552511416
"942","bartlettir",2020,212,0.44595,7.59708219178082,1262.71,1385.97666666667,6.80341552511416
"943","bartlettir",2020,213,0.44567,7.59708219178082,1262.71,1385.97666666667,6.80341552511416
"944","bartlettir",2020,214,0.44533,7.59708219178082,1262.71,1385.97666666667,6.80341552511416
"945","bartlettir",2020,215,0.44496,7.59708219178082,1262.71,1385.97666666667,6.80341552511416
"946","bartlettir",2020,216,0.44461,7.59708219178082,1262.71,1385.97666666667,6.80341552511416
"947","bartlettir",2020,217,0.44427,7.59708219178082,1262.71,1385.97666666667,6.80341552511416
"948","bartlettir",2020,218,0.4439,7.59708219178082,1262.71,1385.97666666667,6.80341552511416
"949","bartlettir",2020,219,0.44351,7.59708219178082,1262.71,1385.97666666667,6.80341552511416
"950","bartlettir",2020,220,0.44312,7.59708219178082,1262.71,1385.97666666667,6.80341552511416
"951","bartlettir",2020,221,0.44274,7.59708219178082,1262.71,1385.97666666667,6.80341552511416
"952","bartlettir",2020,222,0.4424,7.59708219178082,1262.71,1385.97666666667,6.80341552511416
"953","bartlettir",2020,223,0.44213,7.59708219178082,1262.71,1385.97666666667,6.80341552511416
"954","bartlettir",2020,224,0.44185,7.59708219178082,1262.71,1385.97666666667,6.80341552511416
"955","bartlettir",2020,225,0.44151,7.59708219178082,1262.71,1385.97666666667,6.80341552511416
"956","bartlettir",2020,226,0.44119,7.59708219178082,1262.71,1385.97666666667,6.80341552511416
"957","bartlettir",2020,227,0.44098,7.59708219178082,1262.71,1385.97666666667,6.80341552511416
"958","bartlettir",2020,228,0.44112,7.59708219178082,1262.71,1385.97666666667,6.80341552511416
"959","bartlettir",2020,229,0.4415,7.59708219178082,1262.71,1385.97666666667,6.80341552511416
"960","bartlettir",2020,230,0.44168,7.59708219178082,1262.71,1385.97666666667,6.80341552511416
"961","bartlettir",2020,231,0.44175,7.59708219178082,1262.71,1385.97666666667,6.80341552511416
"962","bartlettir",2020,232,0.442,7.59708219178082,1262.71,1385.97666666667,6.80341552511416
"963","bartlettir",2020,233,0.44229,7.59708219178082,1262.71,1385.97666666667,6.80341552511416
"964","bartlettir",2020,234,0.44249,7.59708219178082,1262.71,1385.97666666667,6.80341552511416
"965","bartlettir",2020,235,0.44245,7.59708219178082,1262.71,1385.97666666667,6.80341552511416
"966","bartlettir",2020,236,0.44203,7.59708219178082,1262.71,1385.97666666667,6.80341552511416
"967","bartlettir",2020,237,0.44113,7.59708219178082,1262.71,1385.97666666667,6.80341552511416
"968","bartlettir",2020,238,0.43987,7.59708219178082,1262.71,1385.97666666667,6.80341552511416
"969","bartlettir",2020,239,0.43837,7.59708219178082,1262.71,1385.97666666667,6.80341552511416
"970","bartlettir",2020,240,0.43679,7.59708219178082,1262.71,1385.97666666667,6.80341552511416
"971","bartlettir",2020,241,0.43528,7.59708219178082,1262.71,1385.97666666667,6.80341552511416
"972","bartlettir",2020,242,0.43398,7.59708219178082,1262.71,1385.97666666667,6.80341552511416
"973","bartlettir",2020,243,0.43275,7.59708219178082,1262.71,1385.97666666667,6.80341552511416
"974","bartlettir",2020,244,0.43139,7.59708219178082,1262.71,1385.97666666667,6.80341552511416
"975","bartlettir",2020,245,0.42998,7.59708219178082,1262.71,1385.97666666667,6.80341552511416
"976","bartlettir",2020,246,0.42859,7.59708219178082,1262.71,1385.97666666667,6.80341552511416
"977","bartlettir",2020,247,0.4273,7.59708219178082,1262.71,1385.97666666667,6.80341552511416
"978","bartlettir",2020,248,0.42618,7.59708219178082,1262.71,1385.97666666667,6.80341552511416
"979","bartlettir",2020,249,0.42534,7.59708219178082,1262.71,1385.97666666667,6.80341552511416
"980","bartlettir",2020,250,0.42472,7.59708219178082,1262.71,1385.97666666667,6.80341552511416
"981","bartlettir",2020,251,0.42415,7.59708219178082,1262.71,1385.97666666667,6.80341552511416
"982","bartlettir",2020,252,0.42343,7.59708219178082,1262.71,1385.97666666667,6.80341552511416
"983","bartlettir",2020,253,0.42285,7.59708219178082,1262.71,1385.97666666667,6.80341552511416
"984","bartlettir",2020,254,0.42249,7.59708219178082,1262.71,1385.97666666667,6.80341552511416
"985","bartlettir",2020,255,0.42189,7.59708219178082,1262.71,1385.97666666667,6.80341552511416
"986","bartlettir",2020,256,0.42102,7.59708219178082,1262.71,1385.97666666667,6.80341552511416
"987","bartlettir",2020,257,0.42012,7.59708219178082,1262.71,1385.97666666667,6.80341552511416
"988","bartlettir",2020,258,0.41915,7.59708219178082,1262.71,1385.97666666667,6.80341552511416
"989","bartlettir",2020,259,0.41808,7.59708219178082,1262.71,1385.97666666667,6.80341552511416
"990","bartlettir",2020,260,0.41688,7.59708219178082,1262.71,1385.97666666667,6.80341552511416
"991","bartlettir",2020,261,0.41551,7.59708219178082,1262.71,1385.97666666667,6.80341552511416
"992","bartlettir",2020,262,0.41366,7.59708219178082,1262.71,1385.97666666667,6.80341552511416
"993","bartlettir",2020,263,0.41137,7.59708219178082,1262.71,1385.97666666667,6.80341552511416
"994","bartlettir",2020,264,0.40908,7.59708219178082,1262.71,1385.97666666667,6.80341552511416
"995","bartlettir",2020,265,0.40727,7.59708219178082,1262.71,1385.97666666667,6.80341552511416
"996","bartlettir",2020,266,0.40538,7.59708219178082,1262.71,1385.97666666667,6.80341552511416
"997","bartlettir",2020,267,0.40318,7.59708219178082,1262.71,1385.97666666667,6.80341552511416
"998","bartlettir",2020,268,0.40161,7.59708219178082,1262.71,1385.97666666667,6.80341552511416
"999","bartlettir",2020,269,0.40093,7.59708219178082,1262.71,1385.97666666667,6.80341552511416
"1000","bartlettir",2020,270,0.40068,7.59708219178082,1262.71,1385.97666666667,6.80341552511416
"1001","bartlettir",2020,271,0.4007,7.59708219178082,1262.71,1385.97666666667,6.80341552511416
"1002","bartlettir",2020,272,0.40085,7.59708219178082,1262.71,1385.97666666667,6.80341552511416
"1003","bartlettir",2020,273,0.40099,7.59708219178082,1262.71,1385.97666666667,6.80341552511416
"1004","bartlettir",2020,274,0.40097,7.59708219178082,1262.71,1385.97666666667,6.80341552511416
"1005","bartlettir",2020,275,0.40139,7.59708219178082,1262.71,1385.97666666667,6.80341552511416
"1006","bartlettir",2020,276,0.40247,7.59708219178082,1262.71,1385.97666666667,6.80341552511416
"1007","bartlettir",2020,277,0.40351,7.59708219178082,1262.71,1385.97666666667,6.80341552511416
"1008","bartlettir",2020,278,0.40376,7.59708219178082,1262.71,1385.97666666667,6.80341552511416
"1009","bartlettir",2020,279,0.4034,7.59708219178082,1262.71,1385.97666666667,6.80341552511416
"1010","bartlettir",2020,280,0.40299,7.59708219178082,1262.71,1385.97666666667,6.80341552511416
"1011","bartlettir",2020,281,0.40237,7.59708219178082,1262.71,1385.97666666667,6.80341552511416
"1012","bartlettir",2020,282,0.40115,7.59708219178082,1262.71,1385.97666666667,6.80341552511416
"1013","bartlettir",2020,283,0.39921,7.59708219178082,1262.71,1385.97666666667,6.80341552511416
"1014","bartlettir",2020,284,0.39691,7.59708219178082,1262.71,1385.97666666667,6.80341552511416
"1015","bartlettir",2020,285,0.39455,7.59708219178082,1262.71,1385.97666666667,6.80341552511416
"1016","bartlettir",2020,286,0.39248,7.59708219178082,1262.71,1385.97666666667,6.80341552511416
"1017","bartlettir",2020,287,0.39102,7.59708219178082,1262.71,1385.97666666667,6.80341552511416
"1018","bartlettir",2020,288,0.39009,7.59708219178082,1262.71,1385.97666666667,6.80341552511416
"1019","bartlettir",2020,289,0.38934,7.59708219178082,1262.71,1385.97666666667,6.80341552511416
"1020","bartlettir",2020,290,0.38874,7.59708219178082,1262.71,1385.97666666667,6.80341552511416
"1021","bartlettir",2020,291,0.38829,7.59708219178082,1262.71,1385.97666666667,6.80341552511416
"1022","bartlettir",2020,292,0.38794,7.59708219178082,1262.71,1385.97666666667,6.80341552511416
"1023","bartlettir",2020,293,0.38767,7.59708219178082,1262.71,1385.97666666667,6.80341552511416
"1024","bartlettir",2020,294,0.38766,7.59708219178082,1262.71,1385.97666666667,6.80341552511416
"1025","bartlettir",2020,295,0.38798,7.59708219178082,1262.71,1385.97666666667,6.80341552511416
"1026","bartlettir",2020,296,0.38848,7.59708219178082,1262.71,1385.97666666667,6.80341552511416
"1027","bartlettir",2020,297,0.38902,7.59708219178082,1262.71,1385.97666666667,6.80341552511416
"1028","bartlettir",2020,298,0.38945,7.59708219178082,1262.71,1385.97666666667,6.80341552511416
"1029","bartlettir",2020,299,0.38961,7.59708219178082,1262.71,1385.97666666667,6.80341552511416
"1030","bartlettir",2020,300,0.38949,7.59708219178082,1262.71,1385.97666666667,6.80341552511416
"1031","bartlettir",2020,301,0.38924,7.59708219178082,1262.71,1385.97666666667,6.80341552511416
"1032","bartlettir",2020,302,0.38895,7.59708219178082,1262.71,1385.97666666667,6.80341552511416
"1033","bartlettir",2020,303,0.3887,7.59708219178082,1262.71,1385.97666666667,6.80341552511416
"1034","bartlettir",2020,304,0.3884,7.59708219178082,1262.71,1385.97666666667,6.80341552511416
"1035","bartlettir",2020,305,0.38803,7.59708219178082,1262.71,1385.97666666667,6.80341552511416
"1036","bartlettir",2020,306,0.38773,7.59708219178082,1262.71,1385.97666666667,6.80341552511416
"1037","bartlettir",2020,307,0.38752,7.59708219178082,1262.71,1385.97666666667,6.80341552511416
"1038","bartlettir",2020,308,0.38733,7.59708219178082,1262.71,1385.97666666667,6.80341552511416
"1039","bartlettir",2020,309,0.38715,7.59708219178082,1262.71,1385.97666666667,6.80341552511416
"1040","bartlettir",2020,310,0.38697,7.59708219178082,1262.71,1385.97666666667,6.80341552511416
"1041","bartlettir",2020,311,0.38678,7.59708219178082,1262.71,1385.97666666667,6.80341552511416
"1042","bartlettir",2020,312,0.38658,7.59708219178082,1262.71,1385.97666666667,6.80341552511416
"1043","bartlettir",2020,313,0.38642,7.59708219178082,1262.71,1385.97666666667,6.80341552511416
"1044","bartlettir",2020,314,0.38631,7.59708219178082,1262.71,1385.97666666667,6.80341552511416
"1045","bartlettir",2020,315,0.38622,7.59708219178082,1262.71,1385.97666666667,6.80341552511416
"1046","bartlettir",2020,316,0.38612,7.59708219178082,1262.71,1385.97666666667,6.80341552511416
"1047","bartlettir",2020,317,0.38597,7.59708219178082,1262.71,1385.97666666667,6.80341552511416
"1048","bartlettir",2020,318,0.38573,7.59708219178082,1262.71,1385.97666666667,6.80341552511416
"1049","bartlettir",2020,319,0.38528,7.59708219178082,1262.71,1385.97666666667,6.80341552511416
"1050","bartlettir",2020,320,0.38461,7.59708219178082,1262.71,1385.97666666667,6.80341552511416
"1051","bartlettir",2020,321,0.38383,7.59708219178082,1262.71,1385.97666666667,6.80341552511416
"1052","bartlettir",2020,322,0.38309,7.59708219178082,1262.71,1385.97666666667,6.80341552511416
"1053","bartlettir",2020,323,0.38251,7.59708219178082,1262.71,1385.97666666667,6.80341552511416
"1054","bartlettir",2020,324,0.38221,7.59708219178082,1262.71,1385.97666666667,6.80341552511416
"1055","bartlettir",2020,325,0.3821,7.59708219178082,1262.71,1385.97666666667,6.80341552511416
"1056","bartlettir",2020,326,0.38203,7.59708219178082,1262.71,1385.97666666667,6.80341552511416
"1057","bartlettir",2020,327,0.38205,7.59708219178082,1262.71,1385.97666666667,6.80341552511416
"1058","bartlettir",2020,328,0.38221,7.59708219178082,1262.71,1385.97666666667,6.80341552511416
"1059","bartlettir",2020,329,0.38284,7.59708219178082,1262.71,1385.97666666667,6.80341552511416
"1060","bartlettir",2020,330,0.38379,7.59708219178082,1262.71,1385.97666666667,6.80341552511416
"1061","bartlettir",2020,331,0.38448,7.59708219178082,1262.71,1385.97666666667,6.80341552511416
"1062","bartlettir",2020,332,0.38505,7.59708219178082,1262.71,1385.97666666667,6.80341552511416
"1063","bartlettir",2020,333,0.3859,7.59708219178082,1262.71,1385.97666666667,6.80341552511416
"1064","bartlettir",2020,334,0.38686,7.59708219178082,1262.71,1385.97666666667,6.80341552511416
"1065","bartlettir",2020,335,0.38774,7.59708219178082,1262.71,1385.97666666667,6.80341552511416
"1066","bartlettir",2020,336,0.38836,7.59708219178082,1262.71,1385.97666666667,6.80341552511416
"1067","bartlettir",2020,337,0.38854,7.59708219178082,1262.71,1385.97666666667,6.80341552511416
"1068","bartlettir",2020,338,0.38826,7.59708219178082,1262.71,1385.97666666667,6.80341552511416
"1069","bartlettir",2020,339,0.38765,7.59708219178082,1262.71,1385.97666666667,6.80341552511416
"1070","bartlettir",2020,340,0.3868,7.59708219178082,1262.71,1385.97666666667,6.80341552511416
"1071","bartlettir",2020,341,0.38578,7.59708219178082,1262.71,1385.97666666667,6.80341552511416
"1072","bartlettir",2020,342,0.38465,7.59708219178082,1262.71,1385.97666666667,6.80341552511416
"1073","bartlettir",2020,343,0.38349,7.59708219178082,1262.71,1385.97666666667,6.80341552511416
"1074","bartlettir",2020,344,0.38204,7.59708219178082,1262.71,1385.97666666667,6.80341552511416
"1075","bartlettir",2020,345,0.38015,7.59708219178082,1262.71,1385.97666666667,6.80341552511416
"1076","bartlettir",2020,346,0.37806,7.59708219178082,1262.71,1385.97666666667,6.80341552511416
"1077","bartlettir",2020,347,0.37602,7.59708219178082,1262.71,1385.97666666667,6.80341552511416
"1078","bartlettir",2020,348,0.37427,7.59708219178082,1262.71,1385.97666666667,6.80341552511416
"1079","bartlettir",2020,349,0.37308,7.59708219178082,1262.71,1385.97666666667,6.80341552511416
"1080","bartlettir",2020,350,0.37218,7.59708219178082,1262.71,1385.97666666667,6.80341552511416
"1081","bartlettir",2020,351,0.37129,7.59708219178082,1262.71,1385.97666666667,6.80341552511416
"1082","bartlettir",2020,352,0.37057,7.59708219178082,1262.71,1385.97666666667,6.80341552511416
"1083","bartlettir",2020,353,0.37018,7.59708219178082,1262.71,1385.97666666667,6.80341552511416
"1084","bartlettir",2020,354,0.37051,7.59708219178082,1262.71,1385.97666666667,6.80341552511416
"1085","bartlettir",2020,355,0.37134,7.59708219178082,1262.71,1385.97666666667,6.80341552511416
"1086","bartlettir",2020,356,0.37189,7.59708219178082,1262.71,1385.97666666667,6.80341552511416
"1087","bartlettir",2020,357,0.37232,7.59708219178082,1262.71,1385.97666666667,6.80341552511416
"1088","bartlettir",2020,358,0.37314,7.59708219178082,1262.71,1385.97666666667,6.80341552511416
"1089","bartlettir",2020,359,0.37412,7.59708219178082,1262.71,1385.97666666667,6.80341552511416
"1090","bartlettir",2020,360,0.37506,7.59708219178082,1262.71,1385.97666666667,6.80341552511416
"1091","bartlettir",2020,361,0.37572,7.59708219178082,1262.71,1385.97666666667,6.80341552511416
"1092","bartlettir",2020,362,0.3759,7.59708219178082,1262.71,1385.97666666667,6.80341552511416
"1093","bartlettir",2020,363,0.37536,7.59708219178082,1262.71,1385.97666666667,6.80341552511416
"1094","bartlettir",2020,364,0.37429,7.59708219178082,1262.71,1385.97666666667,6.80341552511416
"1095","bartlettir",2020,365,0.37316,7.59708219178082,1262.71,1385.97666666667,6.80341552511416
