"","site","year","doy","smooth_gcc_90","annual_temp","annual_precip","map","mat"
"1","bostonu",2019,1,0.31588,10.6450136986301,1392.52,1292.574,11.4258273972603
"2","bostonu",2019,2,0.31574,10.6450136986301,1392.52,1292.574,11.4258273972603
"3","bostonu",2019,3,0.3152,10.6450136986301,1392.52,1292.574,11.4258273972603
"4","bostonu",2019,4,0.31431,10.6450136986301,1392.52,1292.574,11.4258273972603
"5","bostonu",2019,5,0.31332,10.6450136986301,1392.52,1292.574,11.4258273972603
"6","bostonu",2019,6,0.31245,10.6450136986301,1392.52,1292.574,11.4258273972603
"7","bostonu",2019,7,0.31194,10.6450136986301,1392.52,1292.574,11.4258273972603
"8","bostonu",2019,8,0.31174,10.6450136986301,1392.52,1292.574,11.4258273972603
"9","bostonu",2019,9,0.31166,10.6450136986301,1392.52,1292.574,11.4258273972603
"10","bostonu",2019,10,0.31172,10.6450136986301,1392.52,1292.574,11.4258273972603
"11","bostonu",2019,11,0.31193,10.6450136986301,1392.52,1292.574,11.4258273972603
"12","bostonu",2019,12,0.31229,10.6450136986301,1392.52,1292.574,11.4258273972603
"13","bostonu",2019,13,0.31295,10.6450136986301,1392.52,1292.574,11.4258273972603
"14","bostonu",2019,14,0.31393,10.6450136986301,1392.52,1292.574,11.4258273972603
"15","bostonu",2019,15,0.31506,10.6450136986301,1392.52,1292.574,11.4258273972603
"16","bostonu",2019,16,0.31614,10.6450136986301,1392.52,1292.574,11.4258273972603
"17","bostonu",2019,17,0.31701,10.6450136986301,1392.52,1292.574,11.4258273972603
"18","bostonu",2019,18,0.31773,10.6450136986301,1392.52,1292.574,11.4258273972603
"19","bostonu",2019,19,0.31843,10.6450136986301,1392.52,1292.574,11.4258273972603
"20","bostonu",2019,20,0.31907,10.6450136986301,1392.52,1292.574,11.4258273972603
"21","bostonu",2019,21,0.31959,10.6450136986301,1392.52,1292.574,11.4258273972603
"22","bostonu",2019,22,0.31992,10.6450136986301,1392.52,1292.574,11.4258273972603
"23","bostonu",2019,23,0.32003,10.6450136986301,1392.52,1292.574,11.4258273972603
"24","bostonu",2019,24,0.31994,10.6450136986301,1392.52,1292.574,11.4258273972603
"25","bostonu",2019,25,0.31973,10.6450136986301,1392.52,1292.574,11.4258273972603
"26","bostonu",2019,26,0.31946,10.6450136986301,1392.52,1292.574,11.4258273972603
"27","bostonu",2019,27,0.31919,10.6450136986301,1392.52,1292.574,11.4258273972603
"28","bostonu",2019,28,0.31886,10.6450136986301,1392.52,1292.574,11.4258273972603
"29","bostonu",2019,29,0.31838,10.6450136986301,1392.52,1292.574,11.4258273972603
"30","bostonu",2019,30,0.31784,10.6450136986301,1392.52,1292.574,11.4258273972603
"31","bostonu",2019,31,0.31732,10.6450136986301,1392.52,1292.574,11.4258273972603
"32","bostonu",2019,32,0.31688,10.6450136986301,1392.52,1292.574,11.4258273972603
"33","bostonu",2019,33,0.31654,10.6450136986301,1392.52,1292.574,11.4258273972603
"34","bostonu",2019,34,0.31626,10.6450136986301,1392.52,1292.574,11.4258273972603
"35","bostonu",2019,35,0.31603,10.6450136986301,1392.52,1292.574,11.4258273972603
"36","bostonu",2019,36,0.31584,10.6450136986301,1392.52,1292.574,11.4258273972603
"37","bostonu",2019,37,0.31568,10.6450136986301,1392.52,1292.574,11.4258273972603
"38","bostonu",2019,38,0.31554,10.6450136986301,1392.52,1292.574,11.4258273972603
"39","bostonu",2019,39,0.31543,10.6450136986301,1392.52,1292.574,11.4258273972603
"40","bostonu",2019,40,0.31532,10.6450136986301,1392.52,1292.574,11.4258273972603
"41","bostonu",2019,41,0.31523,10.6450136986301,1392.52,1292.574,11.4258273972603
"42","bostonu",2019,42,0.31514,10.6450136986301,1392.52,1292.574,11.4258273972603
"43","bostonu",2019,43,0.3152,10.6450136986301,1392.52,1292.574,11.4258273972603
"44","bostonu",2019,44,0.31538,10.6450136986301,1392.52,1292.574,11.4258273972603
"45","bostonu",2019,45,0.31541,10.6450136986301,1392.52,1292.574,11.4258273972603
"46","bostonu",2019,46,0.31534,10.6450136986301,1392.52,1292.574,11.4258273972603
"47","bostonu",2019,47,0.31526,10.6450136986301,1392.52,1292.574,11.4258273972603
"48","bostonu",2019,48,0.31502,10.6450136986301,1392.52,1292.574,11.4258273972603
"49","bostonu",2019,49,0.31437,10.6450136986301,1392.52,1292.574,11.4258273972603
"50","bostonu",2019,50,0.31336,10.6450136986301,1392.52,1292.574,11.4258273972603
"51","bostonu",2019,51,0.31227,10.6450136986301,1392.52,1292.574,11.4258273972603
"52","bostonu",2019,52,0.31139,10.6450136986301,1392.52,1292.574,11.4258273972603
"53","bostonu",2019,53,0.31102,10.6450136986301,1392.52,1292.574,11.4258273972603
"54","bostonu",2019,54,0.31127,10.6450136986301,1392.52,1292.574,11.4258273972603
"55","bostonu",2019,55,0.31193,10.6450136986301,1392.52,1292.574,11.4258273972603
"56","bostonu",2019,56,0.3128,10.6450136986301,1392.52,1292.574,11.4258273972603
"57","bostonu",2019,57,0.31364,10.6450136986301,1392.52,1292.574,11.4258273972603
"58","bostonu",2019,58,0.31424,10.6450136986301,1392.52,1292.574,11.4258273972603
"59","bostonu",2019,59,0.31476,10.6450136986301,1392.52,1292.574,11.4258273972603
"60","bostonu",2019,60,0.31541,10.6450136986301,1392.52,1292.574,11.4258273972603
"61","bostonu",2019,61,0.31605,10.6450136986301,1392.52,1292.574,11.4258273972603
"62","bostonu",2019,62,0.31654,10.6450136986301,1392.52,1292.574,11.4258273972603
"63","bostonu",2019,63,0.31674,10.6450136986301,1392.52,1292.574,11.4258273972603
"64","bostonu",2019,64,0.31641,10.6450136986301,1392.52,1292.574,11.4258273972603
"65","bostonu",2019,65,0.31559,10.6450136986301,1392.52,1292.574,11.4258273972603
"66","bostonu",2019,66,0.31454,10.6450136986301,1392.52,1292.574,11.4258273972603
"67","bostonu",2019,67,0.31355,10.6450136986301,1392.52,1292.574,11.4258273972603
"68","bostonu",2019,68,0.31289,10.6450136986301,1392.52,1292.574,11.4258273972603
"69","bostonu",2019,69,0.31269,10.6450136986301,1392.52,1292.574,11.4258273972603
"70","bostonu",2019,70,0.31279,10.6450136986301,1392.52,1292.574,11.4258273972603
"71","bostonu",2019,71,0.31304,10.6450136986301,1392.52,1292.574,11.4258273972603
"72","bostonu",2019,72,0.31327,10.6450136986301,1392.52,1292.574,11.4258273972603
"73","bostonu",2019,73,0.31333,10.6450136986301,1392.52,1292.574,11.4258273972603
"74","bostonu",2019,74,0.31313,10.6450136986301,1392.52,1292.574,11.4258273972603
"75","bostonu",2019,75,0.31277,10.6450136986301,1392.52,1292.574,11.4258273972603
"76","bostonu",2019,76,0.31235,10.6450136986301,1392.52,1292.574,11.4258273972603
"77","bostonu",2019,77,0.31201,10.6450136986301,1392.52,1292.574,11.4258273972603
"78","bostonu",2019,78,0.31184,10.6450136986301,1392.52,1292.574,11.4258273972603
"79","bostonu",2019,79,0.31184,10.6450136986301,1392.52,1292.574,11.4258273972603
"80","bostonu",2019,80,0.31191,10.6450136986301,1392.52,1292.574,11.4258273972603
"81","bostonu",2019,81,0.31202,10.6450136986301,1392.52,1292.574,11.4258273972603
"82","bostonu",2019,82,0.31213,10.6450136986301,1392.52,1292.574,11.4258273972603
"83","bostonu",2019,83,0.3122,10.6450136986301,1392.52,1292.574,11.4258273972603
"84","bostonu",2019,84,0.31234,10.6450136986301,1392.52,1292.574,11.4258273972603
"85","bostonu",2019,85,0.31263,10.6450136986301,1392.52,1292.574,11.4258273972603
"86","bostonu",2019,86,0.31297,10.6450136986301,1392.52,1292.574,11.4258273972603
"87","bostonu",2019,87,0.31329,10.6450136986301,1392.52,1292.574,11.4258273972603
"88","bostonu",2019,88,0.31349,10.6450136986301,1392.52,1292.574,11.4258273972603
"89","bostonu",2019,89,0.31349,10.6450136986301,1392.52,1292.574,11.4258273972603
"90","bostonu",2019,90,0.31332,10.6450136986301,1392.52,1292.574,11.4258273972603
"91","bostonu",2019,91,0.31306,10.6450136986301,1392.52,1292.574,11.4258273972603
"92","bostonu",2019,92,0.31279,10.6450136986301,1392.52,1292.574,11.4258273972603
"93","bostonu",2019,93,0.31258,10.6450136986301,1392.52,1292.574,11.4258273972603
"94","bostonu",2019,94,0.31241,10.6450136986301,1392.52,1292.574,11.4258273972603
"95","bostonu",2019,95,0.31223,10.6450136986301,1392.52,1292.574,11.4258273972603
"96","bostonu",2019,96,0.31208,10.6450136986301,1392.52,1292.574,11.4258273972603
"97","bostonu",2019,97,0.31199,10.6450136986301,1392.52,1292.574,11.4258273972603
"98","bostonu",2019,98,0.31202,10.6450136986301,1392.52,1292.574,11.4258273972603
"99","bostonu",2019,99,0.31216,10.6450136986301,1392.52,1292.574,11.4258273972603
"100","bostonu",2019,100,0.31237,10.6450136986301,1392.52,1292.574,11.4258273972603
"101","bostonu",2019,101,0.31264,10.6450136986301,1392.52,1292.574,11.4258273972603
"102","bostonu",2019,102,0.31295,10.6450136986301,1392.52,1292.574,11.4258273972603
"103","bostonu",2019,103,0.31329,10.6450136986301,1392.52,1292.574,11.4258273972603
"104","bostonu",2019,104,0.31367,10.6450136986301,1392.52,1292.574,11.4258273972603
"105","bostonu",2019,105,0.31413,10.6450136986301,1392.52,1292.574,11.4258273972603
"106","bostonu",2019,106,0.31464,10.6450136986301,1392.52,1292.574,11.4258273972603
"107","bostonu",2019,107,0.31517,10.6450136986301,1392.52,1292.574,11.4258273972603
"108","bostonu",2019,108,0.31569,10.6450136986301,1392.52,1292.574,11.4258273972603
"109","bostonu",2019,109,0.31621,10.6450136986301,1392.52,1292.574,11.4258273972603
"110","bostonu",2019,110,0.31674,10.6450136986301,1392.52,1292.574,11.4258273972603
"111","bostonu",2019,111,0.31727,10.6450136986301,1392.52,1292.574,11.4258273972603
"112","bostonu",2019,112,0.31781,10.6450136986301,1392.52,1292.574,11.4258273972603
"113","bostonu",2019,113,0.31834,10.6450136986301,1392.52,1292.574,11.4258273972603
"114","bostonu",2019,114,0.31881,10.6450136986301,1392.52,1292.574,11.4258273972603
"115","bostonu",2019,115,0.31921,10.6450136986301,1392.52,1292.574,11.4258273972603
"116","bostonu",2019,116,0.31961,10.6450136986301,1392.52,1292.574,11.4258273972603
"117","bostonu",2019,117,0.32006,10.6450136986301,1392.52,1292.574,11.4258273972603
"118","bostonu",2019,118,0.32062,10.6450136986301,1392.52,1292.574,11.4258273972603
"119","bostonu",2019,119,0.32126,10.6450136986301,1392.52,1292.574,11.4258273972603
"120","bostonu",2019,120,0.32194,10.6450136986301,1392.52,1292.574,11.4258273972603
"121","bostonu",2019,121,0.32271,10.6450136986301,1392.52,1292.574,11.4258273972603
"122","bostonu",2019,122,0.32361,10.6450136986301,1392.52,1292.574,11.4258273972603
"123","bostonu",2019,123,0.32468,10.6450136986301,1392.52,1292.574,11.4258273972603
"124","bostonu",2019,124,0.32599,10.6450136986301,1392.52,1292.574,11.4258273972603
"125","bostonu",2019,125,0.32749,10.6450136986301,1392.52,1292.574,11.4258273972603
"126","bostonu",2019,126,0.32907,10.6450136986301,1392.52,1292.574,11.4258273972603
"127","bostonu",2019,127,0.33063,10.6450136986301,1392.52,1292.574,11.4258273972603
"128","bostonu",2019,128,0.33204,10.6450136986301,1392.52,1292.574,11.4258273972603
"129","bostonu",2019,129,0.33308,10.6450136986301,1392.52,1292.574,11.4258273972603
"130","bostonu",2019,130,0.33381,10.6450136986301,1392.52,1292.574,11.4258273972603
"131","bostonu",2019,131,0.33456,10.6450136986301,1392.52,1292.574,11.4258273972603
"132","bostonu",2019,132,0.33567,10.6450136986301,1392.52,1292.574,11.4258273972603
"133","bostonu",2019,133,0.33748,10.6450136986301,1392.52,1292.574,11.4258273972603
"134","bostonu",2019,134,0.34008,10.6450136986301,1392.52,1292.574,11.4258273972603
"135","bostonu",2019,135,0.34323,10.6450136986301,1392.52,1292.574,11.4258273972603
"136","bostonu",2019,136,0.34673,10.6450136986301,1392.52,1292.574,11.4258273972603
"137","bostonu",2019,137,0.35038,10.6450136986301,1392.52,1292.574,11.4258273972603
"138","bostonu",2019,138,0.35398,10.6450136986301,1392.52,1292.574,11.4258273972603
"139","bostonu",2019,139,0.35792,10.6450136986301,1392.52,1292.574,11.4258273972603
"140","bostonu",2019,140,0.36241,10.6450136986301,1392.52,1292.574,11.4258273972603
"141","bostonu",2019,141,0.36701,10.6450136986301,1392.52,1292.574,11.4258273972603
"142","bostonu",2019,142,0.37127,10.6450136986301,1392.52,1292.574,11.4258273972603
"143","bostonu",2019,143,0.37476,10.6450136986301,1392.52,1292.574,11.4258273972603
"144","bostonu",2019,144,0.37748,10.6450136986301,1392.52,1292.574,11.4258273972603
"145","bostonu",2019,145,0.37979,10.6450136986301,1392.52,1292.574,11.4258273972603
"146","bostonu",2019,146,0.38174,10.6450136986301,1392.52,1292.574,11.4258273972603
"147","bostonu",2019,147,0.3834,10.6450136986301,1392.52,1292.574,11.4258273972603
"148","bostonu",2019,148,0.38482,10.6450136986301,1392.52,1292.574,11.4258273972603
"149","bostonu",2019,149,0.38602,10.6450136986301,1392.52,1292.574,11.4258273972603
"150","bostonu",2019,150,0.38697,10.6450136986301,1392.52,1292.574,11.4258273972603
"151","bostonu",2019,151,0.38764,10.6450136986301,1392.52,1292.574,11.4258273972603
"152","bostonu",2019,152,0.38801,10.6450136986301,1392.52,1292.574,11.4258273972603
"153","bostonu",2019,153,0.38806,10.6450136986301,1392.52,1292.574,11.4258273972603
"154","bostonu",2019,154,0.38755,10.6450136986301,1392.52,1292.574,11.4258273972603
"155","bostonu",2019,155,0.38643,10.6450136986301,1392.52,1292.574,11.4258273972603
"156","bostonu",2019,156,0.38501,10.6450136986301,1392.52,1292.574,11.4258273972603
"157","bostonu",2019,157,0.38357,10.6450136986301,1392.52,1292.574,11.4258273972603
"158","bostonu",2019,158,0.38239,10.6450136986301,1392.52,1292.574,11.4258273972603
"159","bostonu",2019,159,0.38145,10.6450136986301,1392.52,1292.574,11.4258273972603
"160","bostonu",2019,160,0.38054,10.6450136986301,1392.52,1292.574,11.4258273972603
"161","bostonu",2019,161,0.37967,10.6450136986301,1392.52,1292.574,11.4258273972603
"162","bostonu",2019,162,0.37883,10.6450136986301,1392.52,1292.574,11.4258273972603
"163","bostonu",2019,163,0.37802,10.6450136986301,1392.52,1292.574,11.4258273972603
"164","bostonu",2019,164,0.37724,10.6450136986301,1392.52,1292.574,11.4258273972603
"165","bostonu",2019,165,0.37645,10.6450136986301,1392.52,1292.574,11.4258273972603
"166","bostonu",2019,166,0.37571,10.6450136986301,1392.52,1292.574,11.4258273972603
"167","bostonu",2019,167,0.37505,10.6450136986301,1392.52,1292.574,11.4258273972603
"168","bostonu",2019,168,0.37448,10.6450136986301,1392.52,1292.574,11.4258273972603
"169","bostonu",2019,169,0.37393,10.6450136986301,1392.52,1292.574,11.4258273972603
"170","bostonu",2019,170,0.37333,10.6450136986301,1392.52,1292.574,11.4258273972603
"171","bostonu",2019,171,0.37275,10.6450136986301,1392.52,1292.574,11.4258273972603
"172","bostonu",2019,172,0.37229,10.6450136986301,1392.52,1292.574,11.4258273972603
"173","bostonu",2019,173,0.37201,10.6450136986301,1392.52,1292.574,11.4258273972603
"174","bostonu",2019,174,0.37206,10.6450136986301,1392.52,1292.574,11.4258273972603
"175","bostonu",2019,175,0.3724,10.6450136986301,1392.52,1292.574,11.4258273972603
"176","bostonu",2019,176,0.37286,10.6450136986301,1392.52,1292.574,11.4258273972603
"177","bostonu",2019,177,0.37328,10.6450136986301,1392.52,1292.574,11.4258273972603
"178","bostonu",2019,178,0.37347,10.6450136986301,1392.52,1292.574,11.4258273972603
"179","bostonu",2019,179,0.37346,10.6450136986301,1392.52,1292.574,11.4258273972603
"180","bostonu",2019,180,0.37337,10.6450136986301,1392.52,1292.574,11.4258273972603
"181","bostonu",2019,181,0.37319,10.6450136986301,1392.52,1292.574,11.4258273972603
"182","bostonu",2019,182,0.37294,10.6450136986301,1392.52,1292.574,11.4258273972603
"183","bostonu",2019,183,0.37259,10.6450136986301,1392.52,1292.574,11.4258273972603
"184","bostonu",2019,184,0.37212,10.6450136986301,1392.52,1292.574,11.4258273972603
"185","bostonu",2019,185,0.37153,10.6450136986301,1392.52,1292.574,11.4258273972603
"186","bostonu",2019,186,0.37089,10.6450136986301,1392.52,1292.574,11.4258273972603
"187","bostonu",2019,187,0.37027,10.6450136986301,1392.52,1292.574,11.4258273972603
"188","bostonu",2019,188,0.36976,10.6450136986301,1392.52,1292.574,11.4258273972603
"189","bostonu",2019,189,0.3693,10.6450136986301,1392.52,1292.574,11.4258273972603
"190","bostonu",2019,190,0.36883,10.6450136986301,1392.52,1292.574,11.4258273972603
"191","bostonu",2019,191,0.36833,10.6450136986301,1392.52,1292.574,11.4258273972603
"192","bostonu",2019,192,0.36781,10.6450136986301,1392.52,1292.574,11.4258273972603
"193","bostonu",2019,193,0.36726,10.6450136986301,1392.52,1292.574,11.4258273972603
"194","bostonu",2019,194,0.36668,10.6450136986301,1392.52,1292.574,11.4258273972603
"195","bostonu",2019,195,0.36606,10.6450136986301,1392.52,1292.574,11.4258273972603
"196","bostonu",2019,196,0.36541,10.6450136986301,1392.52,1292.574,11.4258273972603
"197","bostonu",2019,197,0.36474,10.6450136986301,1392.52,1292.574,11.4258273972603
"198","bostonu",2019,198,0.36404,10.6450136986301,1392.52,1292.574,11.4258273972603
"199","bostonu",2019,199,0.36317,10.6450136986301,1392.52,1292.574,11.4258273972603
"200","bostonu",2019,200,0.36209,10.6450136986301,1392.52,1292.574,11.4258273972603
"201","bostonu",2019,201,0.36105,10.6450136986301,1392.52,1292.574,11.4258273972603
"202","bostonu",2019,202,0.36025,10.6450136986301,1392.52,1292.574,11.4258273972603
"203","bostonu",2019,203,0.35993,10.6450136986301,1392.52,1292.574,11.4258273972603
"204","bostonu",2019,204,0.36043,10.6450136986301,1392.52,1292.574,11.4258273972603
"205","bostonu",2019,205,0.36139,10.6450136986301,1392.52,1292.574,11.4258273972603
"206","bostonu",2019,206,0.36202,10.6450136986301,1392.52,1292.574,11.4258273972603
"207","bostonu",2019,207,0.36258,10.6450136986301,1392.52,1292.574,11.4258273972603
"208","bostonu",2019,208,0.36339,10.6450136986301,1392.52,1292.574,11.4258273972603
"209","bostonu",2019,209,0.36378,10.6450136986301,1392.52,1292.574,11.4258273972603
"210","bostonu",2019,210,0.36353,10.6450136986301,1392.52,1292.574,11.4258273972603
"211","bostonu",2019,211,0.36295,10.6450136986301,1392.52,1292.574,11.4258273972603
"212","bostonu",2019,212,0.36219,10.6450136986301,1392.52,1292.574,11.4258273972603
"213","bostonu",2019,213,0.36142,10.6450136986301,1392.52,1292.574,11.4258273972603
"214","bostonu",2019,214,0.36079,10.6450136986301,1392.52,1292.574,11.4258273972603
"215","bostonu",2019,215,0.36019,10.6450136986301,1392.52,1292.574,11.4258273972603
"216","bostonu",2019,216,0.35948,10.6450136986301,1392.52,1292.574,11.4258273972603
"217","bostonu",2019,217,0.35877,10.6450136986301,1392.52,1292.574,11.4258273972603
"218","bostonu",2019,218,0.35815,10.6450136986301,1392.52,1292.574,11.4258273972603
"219","bostonu",2019,219,0.35772,10.6450136986301,1392.52,1292.574,11.4258273972603
"220","bostonu",2019,220,0.35749,10.6450136986301,1392.52,1292.574,11.4258273972603
"221","bostonu",2019,221,0.35739,10.6450136986301,1392.52,1292.574,11.4258273972603
"222","bostonu",2019,222,0.35738,10.6450136986301,1392.52,1292.574,11.4258273972603
"223","bostonu",2019,223,0.35744,10.6450136986301,1392.52,1292.574,11.4258273972603
"224","bostonu",2019,224,0.35752,10.6450136986301,1392.52,1292.574,11.4258273972603
"225","bostonu",2019,225,0.35763,10.6450136986301,1392.52,1292.574,11.4258273972603
"226","bostonu",2019,226,0.3578,10.6450136986301,1392.52,1292.574,11.4258273972603
"227","bostonu",2019,227,0.35803,10.6450136986301,1392.52,1292.574,11.4258273972603
"228","bostonu",2019,228,0.35832,10.6450136986301,1392.52,1292.574,11.4258273972603
"229","bostonu",2019,229,0.35867,10.6450136986301,1392.52,1292.574,11.4258273972603
"230","bostonu",2019,230,0.35918,10.6450136986301,1392.52,1292.574,11.4258273972603
"231","bostonu",2019,231,0.35981,10.6450136986301,1392.52,1292.574,11.4258273972603
"232","bostonu",2019,232,0.36033,10.6450136986301,1392.52,1292.574,11.4258273972603
"233","bostonu",2019,233,0.36053,10.6450136986301,1392.52,1292.574,11.4258273972603
"234","bostonu",2019,234,0.36021,10.6450136986301,1392.52,1292.574,11.4258273972603
"235","bostonu",2019,235,0.35947,10.6450136986301,1392.52,1292.574,11.4258273972603
"236","bostonu",2019,236,0.35857,10.6450136986301,1392.52,1292.574,11.4258273972603
"237","bostonu",2019,237,0.35753,10.6450136986301,1392.52,1292.574,11.4258273972603
"238","bostonu",2019,238,0.35639,10.6450136986301,1392.52,1292.574,11.4258273972603
"239","bostonu",2019,239,0.35515,10.6450136986301,1392.52,1292.574,11.4258273972603
"240","bostonu",2019,240,0.35216,10.6450136986301,1392.52,1292.574,11.4258273972603
"241","bostonu",2019,241,0.34685,10.6450136986301,1392.52,1292.574,11.4258273972603
"242","bostonu",2019,242,0.34094,10.6450136986301,1392.52,1292.574,11.4258273972603
"243","bostonu",2019,243,0.33612,10.6450136986301,1392.52,1292.574,11.4258273972603
"244","bostonu",2019,244,0.33408,10.6450136986301,1392.52,1292.574,11.4258273972603
"245","bostonu",2019,245,0.33407,10.6450136986301,1392.52,1292.574,11.4258273972603
"246","bostonu",2019,246,0.33442,10.6450136986301,1392.52,1292.574,11.4258273972603
"247","bostonu",2019,247,0.33551,10.6450136986301,1392.52,1292.574,11.4258273972603
"248","bostonu",2019,248,0.33773,10.6450136986301,1392.52,1292.574,11.4258273972603
"249","bostonu",2019,249,0.34145,10.6450136986301,1392.52,1292.574,11.4258273972603
"250","bostonu",2019,250,0.34523,10.6450136986301,1392.52,1292.574,11.4258273972603
"251","bostonu",2019,251,0.34762,10.6450136986301,1392.52,1292.574,11.4258273972603
"252","bostonu",2019,252,0.34898,10.6450136986301,1392.52,1292.574,11.4258273972603
"253","bostonu",2019,253,0.3497,10.6450136986301,1392.52,1292.574,11.4258273972603
"254","bostonu",2019,254,0.35015,10.6450136986301,1392.52,1292.574,11.4258273972603
"255","bostonu",2019,255,0.35004,10.6450136986301,1392.52,1292.574,11.4258273972603
"256","bostonu",2019,256,0.34912,10.6450136986301,1392.52,1292.574,11.4258273972603
"257","bostonu",2019,257,0.34783,10.6450136986301,1392.52,1292.574,11.4258273972603
"258","bostonu",2019,258,0.3466,10.6450136986301,1392.52,1292.574,11.4258273972603
"259","bostonu",2019,259,0.34586,10.6450136986301,1392.52,1292.574,11.4258273972603
"260","bostonu",2019,260,0.3456,10.6450136986301,1392.52,1292.574,11.4258273972603
"261","bostonu",2019,261,0.3455,10.6450136986301,1392.52,1292.574,11.4258273972603
"262","bostonu",2019,262,0.34554,10.6450136986301,1392.52,1292.574,11.4258273972603
"263","bostonu",2019,263,0.34569,10.6450136986301,1392.52,1292.574,11.4258273972603
"264","bostonu",2019,264,0.34593,10.6450136986301,1392.52,1292.574,11.4258273972603
"265","bostonu",2019,265,0.34636,10.6450136986301,1392.52,1292.574,11.4258273972603
"266","bostonu",2019,266,0.34701,10.6450136986301,1392.52,1292.574,11.4258273972603
"267","bostonu",2019,267,0.34769,10.6450136986301,1392.52,1292.574,11.4258273972603
"268","bostonu",2019,268,0.34824,10.6450136986301,1392.52,1292.574,11.4258273972603
"269","bostonu",2019,269,0.34848,10.6450136986301,1392.52,1292.574,11.4258273972603
"270","bostonu",2019,270,0.3484,10.6450136986301,1392.52,1292.574,11.4258273972603
"271","bostonu",2019,271,0.34814,10.6450136986301,1392.52,1292.574,11.4258273972603
"272","bostonu",2019,272,0.34778,10.6450136986301,1392.52,1292.574,11.4258273972603
"273","bostonu",2019,273,0.3474,10.6450136986301,1392.52,1292.574,11.4258273972603
"274","bostonu",2019,274,0.34708,10.6450136986301,1392.52,1292.574,11.4258273972603
"275","bostonu",2019,275,0.34673,10.6450136986301,1392.52,1292.574,11.4258273972603
"276","bostonu",2019,276,0.34628,10.6450136986301,1392.52,1292.574,11.4258273972603
"277","bostonu",2019,277,0.34579,10.6450136986301,1392.52,1292.574,11.4258273972603
"278","bostonu",2019,278,0.34533,10.6450136986301,1392.52,1292.574,11.4258273972603
"279","bostonu",2019,279,0.34496,10.6450136986301,1392.52,1292.574,11.4258273972603
"280","bostonu",2019,280,0.34469,10.6450136986301,1392.52,1292.574,11.4258273972603
"281","bostonu",2019,281,0.34449,10.6450136986301,1392.52,1292.574,11.4258273972603
"282","bostonu",2019,282,0.3443,10.6450136986301,1392.52,1292.574,11.4258273972603
"283","bostonu",2019,283,0.34409,10.6450136986301,1392.52,1292.574,11.4258273972603
"284","bostonu",2019,284,0.34383,10.6450136986301,1392.52,1292.574,11.4258273972603
"285","bostonu",2019,285,0.34378,10.6450136986301,1392.52,1292.574,11.4258273972603
"286","bostonu",2019,286,0.34403,10.6450136986301,1392.52,1292.574,11.4258273972603
"287","bostonu",2019,287,0.34426,10.6450136986301,1392.52,1292.574,11.4258273972603
"288","bostonu",2019,288,0.34417,10.6450136986301,1392.52,1292.574,11.4258273972603
"289","bostonu",2019,289,0.34345,10.6450136986301,1392.52,1292.574,11.4258273972603
"290","bostonu",2019,290,0.34209,10.6450136986301,1392.52,1292.574,11.4258273972603
"291","bostonu",2019,291,0.34032,10.6450136986301,1392.52,1292.574,11.4258273972603
"292","bostonu",2019,292,0.33816,10.6450136986301,1392.52,1292.574,11.4258273972603
"293","bostonu",2019,293,0.33566,10.6450136986301,1392.52,1292.574,11.4258273972603
"294","bostonu",2019,294,0.33286,10.6450136986301,1392.52,1292.574,11.4258273972603
"295","bostonu",2019,295,0.3292,10.6450136986301,1392.52,1292.574,11.4258273972603
"296","bostonu",2019,296,0.32459,10.6450136986301,1392.52,1292.574,11.4258273972603
"297","bostonu",2019,297,0.31973,10.6450136986301,1392.52,1292.574,11.4258273972603
"298","bostonu",2019,298,0.31531,10.6450136986301,1392.52,1292.574,11.4258273972603
"299","bostonu",2019,299,0.31204,10.6450136986301,1392.52,1292.574,11.4258273972603
"300","bostonu",2019,300,0.30994,10.6450136986301,1392.52,1292.574,11.4258273972603
"301","bostonu",2019,301,0.30847,10.6450136986301,1392.52,1292.574,11.4258273972603
"302","bostonu",2019,302,0.30745,10.6450136986301,1392.52,1292.574,11.4258273972603
"303","bostonu",2019,303,0.30668,10.6450136986301,1392.52,1292.574,11.4258273972603
"304","bostonu",2019,304,0.30599,10.6450136986301,1392.52,1292.574,11.4258273972603
"305","bostonu",2019,305,0.30568,10.6450136986301,1392.52,1292.574,11.4258273972603
"306","bostonu",2019,306,0.30596,10.6450136986301,1392.52,1292.574,11.4258273972603
"307","bostonu",2019,307,0.30652,10.6450136986301,1392.52,1292.574,11.4258273972603
"308","bostonu",2019,308,0.30704,10.6450136986301,1392.52,1292.574,11.4258273972603
"309","bostonu",2019,309,0.30721,10.6450136986301,1392.52,1292.574,11.4258273972603
"310","bostonu",2019,310,0.30689,10.6450136986301,1392.52,1292.574,11.4258273972603
"311","bostonu",2019,311,0.3063,10.6450136986301,1392.52,1292.574,11.4258273972603
"312","bostonu",2019,312,0.30561,10.6450136986301,1392.52,1292.574,11.4258273972603
"313","bostonu",2019,313,0.30504,10.6450136986301,1392.52,1292.574,11.4258273972603
"314","bostonu",2019,314,0.30478,10.6450136986301,1392.52,1292.574,11.4258273972603
"315","bostonu",2019,315,0.30488,10.6450136986301,1392.52,1292.574,11.4258273972603
"316","bostonu",2019,316,0.30523,10.6450136986301,1392.52,1292.574,11.4258273972603
"317","bostonu",2019,317,0.30573,10.6450136986301,1392.52,1292.574,11.4258273972603
"318","bostonu",2019,318,0.30627,10.6450136986301,1392.52,1292.574,11.4258273972603
"319","bostonu",2019,319,0.30677,10.6450136986301,1392.52,1292.574,11.4258273972603
"320","bostonu",2019,320,0.3073,10.6450136986301,1392.52,1292.574,11.4258273972603
"321","bostonu",2019,321,0.30797,10.6450136986301,1392.52,1292.574,11.4258273972603
"322","bostonu",2019,322,0.3087,10.6450136986301,1392.52,1292.574,11.4258273972603
"323","bostonu",2019,323,0.30942,10.6450136986301,1392.52,1292.574,11.4258273972603
"324","bostonu",2019,324,0.31007,10.6450136986301,1392.52,1292.574,11.4258273972603
"325","bostonu",2019,325,0.31063,10.6450136986301,1392.52,1292.574,11.4258273972603
"326","bostonu",2019,326,0.31113,10.6450136986301,1392.52,1292.574,11.4258273972603
"327","bostonu",2019,327,0.3116,10.6450136986301,1392.52,1292.574,11.4258273972603
"328","bostonu",2019,328,0.31205,10.6450136986301,1392.52,1292.574,11.4258273972603
"329","bostonu",2019,329,0.31251,10.6450136986301,1392.52,1292.574,11.4258273972603
"330","bostonu",2019,330,0.31295,10.6450136986301,1392.52,1292.574,11.4258273972603
"331","bostonu",2019,331,0.31334,10.6450136986301,1392.52,1292.574,11.4258273972603
"332","bostonu",2019,332,0.31371,10.6450136986301,1392.52,1292.574,11.4258273972603
"333","bostonu",2019,333,0.31409,10.6450136986301,1392.52,1292.574,11.4258273972603
"334","bostonu",2019,334,0.3145,10.6450136986301,1392.52,1292.574,11.4258273972603
"335","bostonu",2019,335,0.31505,10.6450136986301,1392.52,1292.574,11.4258273972603
"336","bostonu",2019,336,0.31575,10.6450136986301,1392.52,1292.574,11.4258273972603
"337","bostonu",2019,337,0.3165,10.6450136986301,1392.52,1292.574,11.4258273972603
"338","bostonu",2019,338,0.31719,10.6450136986301,1392.52,1292.574,11.4258273972603
"339","bostonu",2019,339,0.31771,10.6450136986301,1392.52,1292.574,11.4258273972603
"340","bostonu",2019,340,0.31796,10.6450136986301,1392.52,1292.574,11.4258273972603
"341","bostonu",2019,341,0.31799,10.6450136986301,1392.52,1292.574,11.4258273972603
"342","bostonu",2019,342,0.31789,10.6450136986301,1392.52,1292.574,11.4258273972603
"343","bostonu",2019,343,0.31776,10.6450136986301,1392.52,1292.574,11.4258273972603
"344","bostonu",2019,344,0.3177,10.6450136986301,1392.52,1292.574,11.4258273972603
"345","bostonu",2019,345,0.31769,10.6450136986301,1392.52,1292.574,11.4258273972603
"346","bostonu",2019,346,0.31767,10.6450136986301,1392.52,1292.574,11.4258273972603
"347","bostonu",2019,347,0.31768,10.6450136986301,1392.52,1292.574,11.4258273972603
"348","bostonu",2019,348,0.31774,10.6450136986301,1392.52,1292.574,11.4258273972603
"349","bostonu",2019,349,0.3179,10.6450136986301,1392.52,1292.574,11.4258273972603
"350","bostonu",2019,350,0.31825,10.6450136986301,1392.52,1292.574,11.4258273972603
"351","bostonu",2019,351,0.31879,10.6450136986301,1392.52,1292.574,11.4258273972603
"352","bostonu",2019,352,0.31937,10.6450136986301,1392.52,1292.574,11.4258273972603
"353","bostonu",2019,353,0.31986,10.6450136986301,1392.52,1292.574,11.4258273972603
"354","bostonu",2019,354,0.32013,10.6450136986301,1392.52,1292.574,11.4258273972603
"355","bostonu",2019,355,0.32013,10.6450136986301,1392.52,1292.574,11.4258273972603
"356","bostonu",2019,356,0.31997,10.6450136986301,1392.52,1292.574,11.4258273972603
"357","bostonu",2019,357,0.31969,10.6450136986301,1392.52,1292.574,11.4258273972603
"358","bostonu",2019,358,0.31931,10.6450136986301,1392.52,1292.574,11.4258273972603
"359","bostonu",2019,359,0.31889,10.6450136986301,1392.52,1292.574,11.4258273972603
"360","bostonu",2019,360,0.31829,10.6450136986301,1392.52,1292.574,11.4258273972603
"361","bostonu",2019,361,0.31745,10.6450136986301,1392.52,1292.574,11.4258273972603
"362","bostonu",2019,362,0.31654,10.6450136986301,1392.52,1292.574,11.4258273972603
"363","bostonu",2019,363,0.31573,10.6450136986301,1392.52,1292.574,11.4258273972603
"364","bostonu",2019,364,0.31518,10.6450136986301,1392.52,1292.574,11.4258273972603
"365","bostonu",2019,365,0.31487,10.6450136986301,1392.52,1292.574,11.4258273972603
"366","bostonu",2020,1,0.31468,11.636904109589,1036.11,1292.574,11.4258273972603
"367","bostonu",2020,2,0.31459,11.636904109589,1036.11,1292.574,11.4258273972603
"368","bostonu",2020,3,0.31482,11.636904109589,1036.11,1292.574,11.4258273972603
"369","bostonu",2020,4,0.31531,11.636904109589,1036.11,1292.574,11.4258273972603
"370","bostonu",2020,5,0.31563,11.636904109589,1036.11,1292.574,11.4258273972603
"371","bostonu",2020,6,0.31572,11.636904109589,1036.11,1292.574,11.4258273972603
"372","bostonu",2020,7,0.31584,11.636904109589,1036.11,1292.574,11.4258273972603
"373","bostonu",2020,8,0.31595,11.636904109589,1036.11,1292.574,11.4258273972603
"374","bostonu",2020,9,0.31603,11.636904109589,1036.11,1292.574,11.4258273972603
"375","bostonu",2020,10,0.31603,11.636904109589,1036.11,1292.574,11.4258273972603
"376","bostonu",2020,11,0.31584,11.636904109589,1036.11,1292.574,11.4258273972603
"377","bostonu",2020,12,0.31548,11.636904109589,1036.11,1292.574,11.4258273972603
"378","bostonu",2020,13,0.31508,11.636904109589,1036.11,1292.574,11.4258273972603
"379","bostonu",2020,14,0.31481,11.636904109589,1036.11,1292.574,11.4258273972603
"380","bostonu",2020,15,0.31481,11.636904109589,1036.11,1292.574,11.4258273972603
"381","bostonu",2020,16,0.31523,11.636904109589,1036.11,1292.574,11.4258273972603
"382","bostonu",2020,17,0.31599,11.636904109589,1036.11,1292.574,11.4258273972603
"383","bostonu",2020,18,0.31687,11.636904109589,1036.11,1292.574,11.4258273972603
"384","bostonu",2020,19,0.31768,11.636904109589,1036.11,1292.574,11.4258273972603
"385","bostonu",2020,20,0.31821,11.636904109589,1036.11,1292.574,11.4258273972603
"386","bostonu",2020,21,0.31853,11.636904109589,1036.11,1292.574,11.4258273972603
"387","bostonu",2020,22,0.31883,11.636904109589,1036.11,1292.574,11.4258273972603
"388","bostonu",2020,23,0.31906,11.636904109589,1036.11,1292.574,11.4258273972603
"389","bostonu",2020,24,0.31917,11.636904109589,1036.11,1292.574,11.4258273972603
"390","bostonu",2020,25,0.31911,11.636904109589,1036.11,1292.574,11.4258273972603
"391","bostonu",2020,26,0.31879,11.636904109589,1036.11,1292.574,11.4258273972603
"392","bostonu",2020,27,0.31823,11.636904109589,1036.11,1292.574,11.4258273972603
"393","bostonu",2020,28,0.31752,11.636904109589,1036.11,1292.574,11.4258273972603
"394","bostonu",2020,29,0.31679,11.636904109589,1036.11,1292.574,11.4258273972603
"395","bostonu",2020,30,0.31614,11.636904109589,1036.11,1292.574,11.4258273972603
"396","bostonu",2020,31,0.31548,11.636904109589,1036.11,1292.574,11.4258273972603
"397","bostonu",2020,32,0.31474,11.636904109589,1036.11,1292.574,11.4258273972603
"398","bostonu",2020,33,0.314,11.636904109589,1036.11,1292.574,11.4258273972603
"399","bostonu",2020,34,0.31334,11.636904109589,1036.11,1292.574,11.4258273972603
"400","bostonu",2020,35,0.31287,11.636904109589,1036.11,1292.574,11.4258273972603
"401","bostonu",2020,36,0.31254,11.636904109589,1036.11,1292.574,11.4258273972603
"402","bostonu",2020,37,0.3123,11.636904109589,1036.11,1292.574,11.4258273972603
"403","bostonu",2020,38,0.31215,11.636904109589,1036.11,1292.574,11.4258273972603
"404","bostonu",2020,39,0.3121,11.636904109589,1036.11,1292.574,11.4258273972603
"405","bostonu",2020,40,0.31218,11.636904109589,1036.11,1292.574,11.4258273972603
"406","bostonu",2020,41,0.31244,11.636904109589,1036.11,1292.574,11.4258273972603
"407","bostonu",2020,42,0.31287,11.636904109589,1036.11,1292.574,11.4258273972603
"408","bostonu",2020,43,0.3134,11.636904109589,1036.11,1292.574,11.4258273972603
"409","bostonu",2020,44,0.31395,11.636904109589,1036.11,1292.574,11.4258273972603
"410","bostonu",2020,45,0.31446,11.636904109589,1036.11,1292.574,11.4258273972603
"411","bostonu",2020,46,0.31501,11.636904109589,1036.11,1292.574,11.4258273972603
"412","bostonu",2020,47,0.31568,11.636904109589,1036.11,1292.574,11.4258273972603
"413","bostonu",2020,48,0.31636,11.636904109589,1036.11,1292.574,11.4258273972603
"414","bostonu",2020,49,0.31695,11.636904109589,1036.11,1292.574,11.4258273972603
"415","bostonu",2020,50,0.31735,11.636904109589,1036.11,1292.574,11.4258273972603
"416","bostonu",2020,51,0.3175,11.636904109589,1036.11,1292.574,11.4258273972603
"417","bostonu",2020,52,0.31747,11.636904109589,1036.11,1292.574,11.4258273972603
"418","bostonu",2020,53,0.31737,11.636904109589,1036.11,1292.574,11.4258273972603
"419","bostonu",2020,54,0.31731,11.636904109589,1036.11,1292.574,11.4258273972603
"420","bostonu",2020,55,0.31736,11.636904109589,1036.11,1292.574,11.4258273972603
"421","bostonu",2020,56,0.31751,11.636904109589,1036.11,1292.574,11.4258273972603
"422","bostonu",2020,57,0.31765,11.636904109589,1036.11,1292.574,11.4258273972603
"423","bostonu",2020,58,0.31776,11.636904109589,1036.11,1292.574,11.4258273972603
"424","bostonu",2020,59,0.31786,11.636904109589,1036.11,1292.574,11.4258273972603
"425","bostonu",2020,60,0.31794,11.636904109589,1036.11,1292.574,11.4258273972603
"426","bostonu",2020,61,0.31809,11.636904109589,1036.11,1292.574,11.4258273972603
"427","bostonu",2020,62,0.31836,11.636904109589,1036.11,1292.574,11.4258273972603
"428","bostonu",2020,63,0.31866,11.636904109589,1036.11,1292.574,11.4258273972603
"429","bostonu",2020,64,0.31891,11.636904109589,1036.11,1292.574,11.4258273972603
"430","bostonu",2020,65,0.31904,11.636904109589,1036.11,1292.574,11.4258273972603
"431","bostonu",2020,66,0.31897,11.636904109589,1036.11,1292.574,11.4258273972603
"432","bostonu",2020,67,0.31873,11.636904109589,1036.11,1292.574,11.4258273972603
"433","bostonu",2020,68,0.31843,11.636904109589,1036.11,1292.574,11.4258273972603
"434","bostonu",2020,69,0.31814,11.636904109589,1036.11,1292.574,11.4258273972603
"435","bostonu",2020,70,0.31795,11.636904109589,1036.11,1292.574,11.4258273972603
"436","bostonu",2020,71,0.3179,11.636904109589,1036.11,1292.574,11.4258273972603
"437","bostonu",2020,72,0.31792,11.636904109589,1036.11,1292.574,11.4258273972603
"438","bostonu",2020,73,0.31796,11.636904109589,1036.11,1292.574,11.4258273972603
"439","bostonu",2020,74,0.31797,11.636904109589,1036.11,1292.574,11.4258273972603
"440","bostonu",2020,75,0.31791,11.636904109589,1036.11,1292.574,11.4258273972603
"441","bostonu",2020,76,0.31775,11.636904109589,1036.11,1292.574,11.4258273972603
"442","bostonu",2020,77,0.31754,11.636904109589,1036.11,1292.574,11.4258273972603
"443","bostonu",2020,78,0.31731,11.636904109589,1036.11,1292.574,11.4258273972603
"444","bostonu",2020,79,0.31708,11.636904109589,1036.11,1292.574,11.4258273972603
"445","bostonu",2020,80,0.31689,11.636904109589,1036.11,1292.574,11.4258273972603
"446","bostonu",2020,81,0.31673,11.636904109589,1036.11,1292.574,11.4258273972603
"447","bostonu",2020,82,0.31658,11.636904109589,1036.11,1292.574,11.4258273972603
"448","bostonu",2020,83,0.31642,11.636904109589,1036.11,1292.574,11.4258273972603
"449","bostonu",2020,84,0.31625,11.636904109589,1036.11,1292.574,11.4258273972603
"450","bostonu",2020,85,0.31605,11.636904109589,1036.11,1292.574,11.4258273972603
"451","bostonu",2020,86,0.31575,11.636904109589,1036.11,1292.574,11.4258273972603
"452","bostonu",2020,87,0.31534,11.636904109589,1036.11,1292.574,11.4258273972603
"453","bostonu",2020,88,0.31492,11.636904109589,1036.11,1292.574,11.4258273972603
"454","bostonu",2020,89,0.31459,11.636904109589,1036.11,1292.574,11.4258273972603
"455","bostonu",2020,90,0.31444,11.636904109589,1036.11,1292.574,11.4258273972603
"456","bostonu",2020,91,0.31447,11.636904109589,1036.11,1292.574,11.4258273972603
"457","bostonu",2020,92,0.31458,11.636904109589,1036.11,1292.574,11.4258273972603
"458","bostonu",2020,93,0.31476,11.636904109589,1036.11,1292.574,11.4258273972603
"459","bostonu",2020,94,0.31498,11.636904109589,1036.11,1292.574,11.4258273972603
"460","bostonu",2020,95,0.31523,11.636904109589,1036.11,1292.574,11.4258273972603
"461","bostonu",2020,96,0.31562,11.636904109589,1036.11,1292.574,11.4258273972603
"462","bostonu",2020,97,0.31621,11.636904109589,1036.11,1292.574,11.4258273972603
"463","bostonu",2020,98,0.31687,11.636904109589,1036.11,1292.574,11.4258273972603
"464","bostonu",2020,99,0.31749,11.636904109589,1036.11,1292.574,11.4258273972603
"465","bostonu",2020,100,0.31796,11.636904109589,1036.11,1292.574,11.4258273972603
"466","bostonu",2020,101,0.31826,11.636904109589,1036.11,1292.574,11.4258273972603
"467","bostonu",2020,102,0.31848,11.636904109589,1036.11,1292.574,11.4258273972603
"468","bostonu",2020,103,0.31862,11.636904109589,1036.11,1292.574,11.4258273972603
"469","bostonu",2020,104,0.31869,11.636904109589,1036.11,1292.574,11.4258273972603
"470","bostonu",2020,105,0.31868,11.636904109589,1036.11,1292.574,11.4258273972603
"471","bostonu",2020,106,0.31856,11.636904109589,1036.11,1292.574,11.4258273972603
"472","bostonu",2020,107,0.31833,11.636904109589,1036.11,1292.574,11.4258273972603
"473","bostonu",2020,108,0.31805,11.636904109589,1036.11,1292.574,11.4258273972603
"474","bostonu",2020,109,0.31778,11.636904109589,1036.11,1292.574,11.4258273972603
"475","bostonu",2020,110,0.31759,11.636904109589,1036.11,1292.574,11.4258273972603
"476","bostonu",2020,111,0.31739,11.636904109589,1036.11,1292.574,11.4258273972603
"477","bostonu",2020,112,0.31714,11.636904109589,1036.11,1292.574,11.4258273972603
"478","bostonu",2020,113,0.31691,11.636904109589,1036.11,1292.574,11.4258273972603
"479","bostonu",2020,114,0.31681,11.636904109589,1036.11,1292.574,11.4258273972603
"480","bostonu",2020,115,0.31693,11.636904109589,1036.11,1292.574,11.4258273972603
"481","bostonu",2020,116,0.3173,11.636904109589,1036.11,1292.574,11.4258273972603
"482","bostonu",2020,117,0.31785,11.636904109589,1036.11,1292.574,11.4258273972603
"483","bostonu",2020,118,0.31852,11.636904109589,1036.11,1292.574,11.4258273972603
"484","bostonu",2020,119,0.31925,11.636904109589,1036.11,1292.574,11.4258273972603
"485","bostonu",2020,120,0.32,11.636904109589,1036.11,1292.574,11.4258273972603
"486","bostonu",2020,121,0.32083,11.636904109589,1036.11,1292.574,11.4258273972603
"487","bostonu",2020,122,0.3218,11.636904109589,1036.11,1292.574,11.4258273972603
"488","bostonu",2020,123,0.32283,11.636904109589,1036.11,1292.574,11.4258273972603
"489","bostonu",2020,124,0.32382,11.636904109589,1036.11,1292.574,11.4258273972603
"490","bostonu",2020,125,0.32469,11.636904109589,1036.11,1292.574,11.4258273972603
"491","bostonu",2020,126,0.32526,11.636904109589,1036.11,1292.574,11.4258273972603
"492","bostonu",2020,127,0.32556,11.636904109589,1036.11,1292.574,11.4258273972603
"493","bostonu",2020,128,0.32582,11.636904109589,1036.11,1292.574,11.4258273972603
"494","bostonu",2020,129,0.32627,11.636904109589,1036.11,1292.574,11.4258273972603
"495","bostonu",2020,130,0.32712,11.636904109589,1036.11,1292.574,11.4258273972603
"496","bostonu",2020,131,0.32831,11.636904109589,1036.11,1292.574,11.4258273972603
"497","bostonu",2020,132,0.32962,11.636904109589,1036.11,1292.574,11.4258273972603
"498","bostonu",2020,133,0.33113,11.636904109589,1036.11,1292.574,11.4258273972603
"499","bostonu",2020,134,0.33289,11.636904109589,1036.11,1292.574,11.4258273972603
"500","bostonu",2020,135,0.33496,11.636904109589,1036.11,1292.574,11.4258273972603
"501","bostonu",2020,136,0.33739,11.636904109589,1036.11,1292.574,11.4258273972603
"502","bostonu",2020,137,0.34014,11.636904109589,1036.11,1292.574,11.4258273972603
"503","bostonu",2020,138,0.34317,11.636904109589,1036.11,1292.574,11.4258273972603
"504","bostonu",2020,139,0.3464,11.636904109589,1036.11,1292.574,11.4258273972603
"505","bostonu",2020,140,0.3498,11.636904109589,1036.11,1292.574,11.4258273972603
"506","bostonu",2020,141,0.35363,11.636904109589,1036.11,1292.574,11.4258273972603
"507","bostonu",2020,142,0.358,11.636904109589,1036.11,1292.574,11.4258273972603
"508","bostonu",2020,143,0.36257,11.636904109589,1036.11,1292.574,11.4258273972603
"509","bostonu",2020,144,0.36702,11.636904109589,1036.11,1292.574,11.4258273972603
"510","bostonu",2020,145,0.37103,11.636904109589,1036.11,1292.574,11.4258273972603
"511","bostonu",2020,146,0.3749,11.636904109589,1036.11,1292.574,11.4258273972603
"512","bostonu",2020,147,0.37892,11.636904109589,1036.11,1292.574,11.4258273972603
"513","bostonu",2020,148,0.38278,11.636904109589,1036.11,1292.574,11.4258273972603
"514","bostonu",2020,149,0.38615,11.636904109589,1036.11,1292.574,11.4258273972603
"515","bostonu",2020,150,0.38868,11.636904109589,1036.11,1292.574,11.4258273972603
"516","bostonu",2020,151,0.39032,11.636904109589,1036.11,1292.574,11.4258273972603
"517","bostonu",2020,152,0.39132,11.636904109589,1036.11,1292.574,11.4258273972603
"518","bostonu",2020,153,0.39184,11.636904109589,1036.11,1292.574,11.4258273972603
"519","bostonu",2020,154,0.39201,11.636904109589,1036.11,1292.574,11.4258273972603
"520","bostonu",2020,155,0.392,11.636904109589,1036.11,1292.574,11.4258273972603
"521","bostonu",2020,156,0.39157,11.636904109589,1036.11,1292.574,11.4258273972603
"522","bostonu",2020,157,0.39057,11.636904109589,1036.11,1292.574,11.4258273972603
"523","bostonu",2020,158,0.38926,11.636904109589,1036.11,1292.574,11.4258273972603
"524","bostonu",2020,159,0.38789,11.636904109589,1036.11,1292.574,11.4258273972603
"525","bostonu",2020,160,0.38672,11.636904109589,1036.11,1292.574,11.4258273972603
"526","bostonu",2020,161,0.38535,11.636904109589,1036.11,1292.574,11.4258273972603
"527","bostonu",2020,162,0.38367,11.636904109589,1036.11,1292.574,11.4258273972603
"528","bostonu",2020,163,0.38234,11.636904109589,1036.11,1292.574,11.4258273972603
"529","bostonu",2020,164,0.38132,11.636904109589,1036.11,1292.574,11.4258273972603
"530","bostonu",2020,165,0.38031,11.636904109589,1036.11,1292.574,11.4258273972603
"531","bostonu",2020,166,0.37958,11.636904109589,1036.11,1292.574,11.4258273972603
"532","bostonu",2020,167,0.37935,11.636904109589,1036.11,1292.574,11.4258273972603
"533","bostonu",2020,168,0.37952,11.636904109589,1036.11,1292.574,11.4258273972603
"534","bostonu",2020,169,0.37986,11.636904109589,1036.11,1292.574,11.4258273972603
"535","bostonu",2020,170,0.38013,11.636904109589,1036.11,1292.574,11.4258273972603
"536","bostonu",2020,171,0.38012,11.636904109589,1036.11,1292.574,11.4258273972603
"537","bostonu",2020,172,0.37992,11.636904109589,1036.11,1292.574,11.4258273972603
"538","bostonu",2020,173,0.37971,11.636904109589,1036.11,1292.574,11.4258273972603
"539","bostonu",2020,174,0.37942,11.636904109589,1036.11,1292.574,11.4258273972603
"540","bostonu",2020,175,0.37897,11.636904109589,1036.11,1292.574,11.4258273972603
"541","bostonu",2020,176,0.37829,11.636904109589,1036.11,1292.574,11.4258273972603
"542","bostonu",2020,177,0.37718,11.636904109589,1036.11,1292.574,11.4258273972603
"543","bostonu",2020,178,0.37568,11.636904109589,1036.11,1292.574,11.4258273972603
"544","bostonu",2020,179,0.37409,11.636904109589,1036.11,1292.574,11.4258273972603
"545","bostonu",2020,180,0.37268,11.636904109589,1036.11,1292.574,11.4258273972603
"546","bostonu",2020,181,0.37175,11.636904109589,1036.11,1292.574,11.4258273972603
"547","bostonu",2020,182,0.3714,11.636904109589,1036.11,1292.574,11.4258273972603
"548","bostonu",2020,183,0.37141,11.636904109589,1036.11,1292.574,11.4258273972603
"549","bostonu",2020,184,0.37163,11.636904109589,1036.11,1292.574,11.4258273972603
"550","bostonu",2020,185,0.37188,11.636904109589,1036.11,1292.574,11.4258273972603
"551","bostonu",2020,186,0.372,11.636904109589,1036.11,1292.574,11.4258273972603
"552","bostonu",2020,187,0.37218,11.636904109589,1036.11,1292.574,11.4258273972603
"553","bostonu",2020,188,0.37261,11.636904109589,1036.11,1292.574,11.4258273972603
"554","bostonu",2020,189,0.37308,11.636904109589,1036.11,1292.574,11.4258273972603
"555","bostonu",2020,190,0.37341,11.636904109589,1036.11,1292.574,11.4258273972603
"556","bostonu",2020,191,0.3734,11.636904109589,1036.11,1292.574,11.4258273972603
"557","bostonu",2020,192,0.37296,11.636904109589,1036.11,1292.574,11.4258273972603
"558","bostonu",2020,193,0.3722,11.636904109589,1036.11,1292.574,11.4258273972603
"559","bostonu",2020,194,0.37129,11.636904109589,1036.11,1292.574,11.4258273972603
"560","bostonu",2020,195,0.37038,11.636904109589,1036.11,1292.574,11.4258273972603
"561","bostonu",2020,196,0.36963,11.636904109589,1036.11,1292.574,11.4258273972603
"562","bostonu",2020,197,0.36897,11.636904109589,1036.11,1292.574,11.4258273972603
"563","bostonu",2020,198,0.36826,11.636904109589,1036.11,1292.574,11.4258273972603
"564","bostonu",2020,199,0.36754,11.636904109589,1036.11,1292.574,11.4258273972603
"565","bostonu",2020,200,0.36684,11.636904109589,1036.11,1292.574,11.4258273972603
"566","bostonu",2020,201,0.3662,11.636904109589,1036.11,1292.574,11.4258273972603
"567","bostonu",2020,202,0.36567,11.636904109589,1036.11,1292.574,11.4258273972603
"568","bostonu",2020,203,0.36524,11.636904109589,1036.11,1292.574,11.4258273972603
"569","bostonu",2020,204,0.36488,11.636904109589,1036.11,1292.574,11.4258273972603
"570","bostonu",2020,205,0.36457,11.636904109589,1036.11,1292.574,11.4258273972603
"571","bostonu",2020,206,0.36429,11.636904109589,1036.11,1292.574,11.4258273972603
"572","bostonu",2020,207,0.36399,11.636904109589,1036.11,1292.574,11.4258273972603
"573","bostonu",2020,208,0.36366,11.636904109589,1036.11,1292.574,11.4258273972603
"574","bostonu",2020,209,0.36333,11.636904109589,1036.11,1292.574,11.4258273972603
"575","bostonu",2020,210,0.36299,11.636904109589,1036.11,1292.574,11.4258273972603
"576","bostonu",2020,211,0.36266,11.636904109589,1036.11,1292.574,11.4258273972603
"577","bostonu",2020,212,0.36231,11.636904109589,1036.11,1292.574,11.4258273972603
"578","bostonu",2020,213,0.36195,11.636904109589,1036.11,1292.574,11.4258273972603
"579","bostonu",2020,214,0.36163,11.636904109589,1036.11,1292.574,11.4258273972603
"580","bostonu",2020,215,0.3614,11.636904109589,1036.11,1292.574,11.4258273972603
"581","bostonu",2020,216,0.36132,11.636904109589,1036.11,1292.574,11.4258273972603
"582","bostonu",2020,217,0.36147,11.636904109589,1036.11,1292.574,11.4258273972603
"583","bostonu",2020,218,0.3618,11.636904109589,1036.11,1292.574,11.4258273972603
"584","bostonu",2020,219,0.36218,11.636904109589,1036.11,1292.574,11.4258273972603
"585","bostonu",2020,220,0.36248,11.636904109589,1036.11,1292.574,11.4258273972603
"586","bostonu",2020,221,0.36255,11.636904109589,1036.11,1292.574,11.4258273972603
"587","bostonu",2020,222,0.36236,11.636904109589,1036.11,1292.574,11.4258273972603
"588","bostonu",2020,223,0.36202,11.636904109589,1036.11,1292.574,11.4258273972603
"589","bostonu",2020,224,0.36163,11.636904109589,1036.11,1292.574,11.4258273972603
"590","bostonu",2020,225,0.36129,11.636904109589,1036.11,1292.574,11.4258273972603
"591","bostonu",2020,226,0.36109,11.636904109589,1036.11,1292.574,11.4258273972603
"592","bostonu",2020,227,0.36095,11.636904109589,1036.11,1292.574,11.4258273972603
"593","bostonu",2020,228,0.36078,11.636904109589,1036.11,1292.574,11.4258273972603
"594","bostonu",2020,229,0.36067,11.636904109589,1036.11,1292.574,11.4258273972603
"595","bostonu",2020,230,0.36071,11.636904109589,1036.11,1292.574,11.4258273972603
"596","bostonu",2020,231,0.361,11.636904109589,1036.11,1292.574,11.4258273972603
"597","bostonu",2020,232,0.36175,11.636904109589,1036.11,1292.574,11.4258273972603
"598","bostonu",2020,233,0.36289,11.636904109589,1036.11,1292.574,11.4258273972603
"599","bostonu",2020,234,0.36411,11.636904109589,1036.11,1292.574,11.4258273972603
"600","bostonu",2020,235,0.36509,11.636904109589,1036.11,1292.574,11.4258273972603
"601","bostonu",2020,236,0.36552,11.636904109589,1036.11,1292.574,11.4258273972603
"602","bostonu",2020,237,0.36524,11.636904109589,1036.11,1292.574,11.4258273972603
"603","bostonu",2020,238,0.36449,11.636904109589,1036.11,1292.574,11.4258273972603
"604","bostonu",2020,239,0.36349,11.636904109589,1036.11,1292.574,11.4258273972603
"605","bostonu",2020,240,0.3625,11.636904109589,1036.11,1292.574,11.4258273972603
"606","bostonu",2020,241,0.36174,11.636904109589,1036.11,1292.574,11.4258273972603
"607","bostonu",2020,242,0.36098,11.636904109589,1036.11,1292.574,11.4258273972603
"608","bostonu",2020,243,0.36006,11.636904109589,1036.11,1292.574,11.4258273972603
"609","bostonu",2020,244,0.35937,11.636904109589,1036.11,1292.574,11.4258273972603
"610","bostonu",2020,245,0.35914,11.636904109589,1036.11,1292.574,11.4258273972603
"611","bostonu",2020,246,0.35917,11.636904109589,1036.11,1292.574,11.4258273972603
"612","bostonu",2020,247,0.35918,11.636904109589,1036.11,1292.574,11.4258273972603
"613","bostonu",2020,248,0.35913,11.636904109589,1036.11,1292.574,11.4258273972603
"614","bostonu",2020,249,0.35914,11.636904109589,1036.11,1292.574,11.4258273972603
"615","bostonu",2020,250,0.35917,11.636904109589,1036.11,1292.574,11.4258273972603
"616","bostonu",2020,251,0.35917,11.636904109589,1036.11,1292.574,11.4258273972603
"617","bostonu",2020,252,0.35911,11.636904109589,1036.11,1292.574,11.4258273972603
"618","bostonu",2020,253,0.35906,11.636904109589,1036.11,1292.574,11.4258273972603
"619","bostonu",2020,254,0.35907,11.636904109589,1036.11,1292.574,11.4258273972603
"620","bostonu",2020,255,0.35909,11.636904109589,1036.11,1292.574,11.4258273972603
"621","bostonu",2020,256,0.35905,11.636904109589,1036.11,1292.574,11.4258273972603
"622","bostonu",2020,257,0.35891,11.636904109589,1036.11,1292.574,11.4258273972603
"623","bostonu",2020,258,0.35856,11.636904109589,1036.11,1292.574,11.4258273972603
"624","bostonu",2020,259,0.35802,11.636904109589,1036.11,1292.574,11.4258273972603
"625","bostonu",2020,260,0.35744,11.636904109589,1036.11,1292.574,11.4258273972603
"626","bostonu",2020,261,0.35695,11.636904109589,1036.11,1292.574,11.4258273972603
"627","bostonu",2020,262,0.3567,11.636904109589,1036.11,1292.574,11.4258273972603
"628","bostonu",2020,263,0.35666,11.636904109589,1036.11,1292.574,11.4258273972603
"629","bostonu",2020,264,0.35674,11.636904109589,1036.11,1292.574,11.4258273972603
"630","bostonu",2020,265,0.35692,11.636904109589,1036.11,1292.574,11.4258273972603
"631","bostonu",2020,266,0.35717,11.636904109589,1036.11,1292.574,11.4258273972603
"632","bostonu",2020,267,0.35747,11.636904109589,1036.11,1292.574,11.4258273972603
"633","bostonu",2020,268,0.35799,11.636904109589,1036.11,1292.574,11.4258273972603
"634","bostonu",2020,269,0.35875,11.636904109589,1036.11,1292.574,11.4258273972603
"635","bostonu",2020,270,0.35958,11.636904109589,1036.11,1292.574,11.4258273972603
"636","bostonu",2020,271,0.36026,11.636904109589,1036.11,1292.574,11.4258273972603
"637","bostonu",2020,272,0.36062,11.636904109589,1036.11,1292.574,11.4258273972603
"638","bostonu",2020,273,0.36077,11.636904109589,1036.11,1292.574,11.4258273972603
"639","bostonu",2020,274,0.36089,11.636904109589,1036.11,1292.574,11.4258273972603
"640","bostonu",2020,275,0.36091,11.636904109589,1036.11,1292.574,11.4258273972603
"641","bostonu",2020,276,0.36073,11.636904109589,1036.11,1292.574,11.4258273972603
"642","bostonu",2020,277,0.36027,11.636904109589,1036.11,1292.574,11.4258273972603
"643","bostonu",2020,278,0.35942,11.636904109589,1036.11,1292.574,11.4258273972603
"644","bostonu",2020,279,0.35821,11.636904109589,1036.11,1292.574,11.4258273972603
"645","bostonu",2020,280,0.35674,11.636904109589,1036.11,1292.574,11.4258273972603
"646","bostonu",2020,281,0.35515,11.636904109589,1036.11,1292.574,11.4258273972603
"647","bostonu",2020,282,0.35353,11.636904109589,1036.11,1292.574,11.4258273972603
"648","bostonu",2020,283,0.35184,11.636904109589,1036.11,1292.574,11.4258273972603
"649","bostonu",2020,284,0.34998,11.636904109589,1036.11,1292.574,11.4258273972603
"650","bostonu",2020,285,0.34802,11.636904109589,1036.11,1292.574,11.4258273972603
"651","bostonu",2020,286,0.34607,11.636904109589,1036.11,1292.574,11.4258273972603
"652","bostonu",2020,287,0.34418,11.636904109589,1036.11,1292.574,11.4258273972603
"653","bostonu",2020,288,0.34243,11.636904109589,1036.11,1292.574,11.4258273972603
"654","bostonu",2020,289,0.34077,11.636904109589,1036.11,1292.574,11.4258273972603
"655","bostonu",2020,290,0.33912,11.636904109589,1036.11,1292.574,11.4258273972603
"656","bostonu",2020,291,0.33738,11.636904109589,1036.11,1292.574,11.4258273972603
"657","bostonu",2020,292,0.33546,11.636904109589,1036.11,1292.574,11.4258273972603
"658","bostonu",2020,293,0.33312,11.636904109589,1036.11,1292.574,11.4258273972603
"659","bostonu",2020,294,0.33037,11.636904109589,1036.11,1292.574,11.4258273972603
"660","bostonu",2020,295,0.32755,11.636904109589,1036.11,1292.574,11.4258273972603
"661","bostonu",2020,296,0.325,11.636904109589,1036.11,1292.574,11.4258273972603
"662","bostonu",2020,297,0.32304,11.636904109589,1036.11,1292.574,11.4258273972603
"663","bostonu",2020,298,0.32173,11.636904109589,1036.11,1292.574,11.4258273972603
"664","bostonu",2020,299,0.32084,11.636904109589,1036.11,1292.574,11.4258273972603
"665","bostonu",2020,300,0.32024,11.636904109589,1036.11,1292.574,11.4258273972603
"666","bostonu",2020,301,0.31984,11.636904109589,1036.11,1292.574,11.4258273972603
"667","bostonu",2020,302,0.31952,11.636904109589,1036.11,1292.574,11.4258273972603
"668","bostonu",2020,303,0.31976,11.636904109589,1036.11,1292.574,11.4258273972603
"669","bostonu",2020,304,0.32071,11.636904109589,1036.11,1292.574,11.4258273972603
"670","bostonu",2020,305,0.3218,11.636904109589,1036.11,1292.574,11.4258273972603
"671","bostonu",2020,306,0.32246,11.636904109589,1036.11,1292.574,11.4258273972603
"672","bostonu",2020,307,0.32211,11.636904109589,1036.11,1292.574,11.4258273972603
"673","bostonu",2020,308,0.3204,11.636904109589,1036.11,1292.574,11.4258273972603
"674","bostonu",2020,309,0.31774,11.636904109589,1036.11,1292.574,11.4258273972603
"675","bostonu",2020,310,0.31463,11.636904109589,1036.11,1292.574,11.4258273972603
"676","bostonu",2020,311,0.31162,11.636904109589,1036.11,1292.574,11.4258273972603
"677","bostonu",2020,312,0.30922,11.636904109589,1036.11,1292.574,11.4258273972603
"678","bostonu",2020,313,0.30718,11.636904109589,1036.11,1292.574,11.4258273972603
"679","bostonu",2020,314,0.30507,11.636904109589,1036.11,1292.574,11.4258273972603
"680","bostonu",2020,315,0.30323,11.636904109589,1036.11,1292.574,11.4258273972603
"681","bostonu",2020,316,0.30197,11.636904109589,1036.11,1292.574,11.4258273972603
"682","bostonu",2020,317,0.3016,11.636904109589,1036.11,1292.574,11.4258273972603
"683","bostonu",2020,318,0.30261,11.636904109589,1036.11,1292.574,11.4258273972603
"684","bostonu",2020,319,0.30483,11.636904109589,1036.11,1292.574,11.4258273972603
"685","bostonu",2020,320,0.3076,11.636904109589,1036.11,1292.574,11.4258273972603
"686","bostonu",2020,321,0.31025,11.636904109589,1036.11,1292.574,11.4258273972603
"687","bostonu",2020,322,0.31211,11.636904109589,1036.11,1292.574,11.4258273972603
"688","bostonu",2020,323,0.31359,11.636904109589,1036.11,1292.574,11.4258273972603
"689","bostonu",2020,324,0.31517,11.636904109589,1036.11,1292.574,11.4258273972603
"690","bostonu",2020,325,0.31632,11.636904109589,1036.11,1292.574,11.4258273972603
"691","bostonu",2020,326,0.31654,11.636904109589,1036.11,1292.574,11.4258273972603
"692","bostonu",2020,327,0.31616,11.636904109589,1036.11,1292.574,11.4258273972603
"693","bostonu",2020,328,0.316,11.636904109589,1036.11,1292.574,11.4258273972603
"694","bostonu",2020,329,0.31608,11.636904109589,1036.11,1292.574,11.4258273972603
"695","bostonu",2020,330,0.31598,11.636904109589,1036.11,1292.574,11.4258273972603
"696","bostonu",2020,331,0.31582,11.636904109589,1036.11,1292.574,11.4258273972603
"697","bostonu",2020,332,0.31576,11.636904109589,1036.11,1292.574,11.4258273972603
"698","bostonu",2020,333,0.31592,11.636904109589,1036.11,1292.574,11.4258273972603
"699","bostonu",2020,334,0.31639,11.636904109589,1036.11,1292.574,11.4258273972603
"700","bostonu",2020,335,0.31705,11.636904109589,1036.11,1292.574,11.4258273972603
"701","bostonu",2020,336,0.31775,11.636904109589,1036.11,1292.574,11.4258273972603
"702","bostonu",2020,337,0.31834,11.636904109589,1036.11,1292.574,11.4258273972603
"703","bostonu",2020,338,0.31866,11.636904109589,1036.11,1292.574,11.4258273972603
"704","bostonu",2020,339,0.31861,11.636904109589,1036.11,1292.574,11.4258273972603
"705","bostonu",2020,340,0.31828,11.636904109589,1036.11,1292.574,11.4258273972603
"706","bostonu",2020,341,0.31783,11.636904109589,1036.11,1292.574,11.4258273972603
"707","bostonu",2020,342,0.31744,11.636904109589,1036.11,1292.574,11.4258273972603
"708","bostonu",2020,343,0.31726,11.636904109589,1036.11,1292.574,11.4258273972603
"709","bostonu",2020,344,0.31729,11.636904109589,1036.11,1292.574,11.4258273972603
"710","bostonu",2020,345,0.31743,11.636904109589,1036.11,1292.574,11.4258273972603
"711","bostonu",2020,346,0.31768,11.636904109589,1036.11,1292.574,11.4258273972603
"712","bostonu",2020,347,0.31802,11.636904109589,1036.11,1292.574,11.4258273972603
"713","bostonu",2020,348,0.31846,11.636904109589,1036.11,1292.574,11.4258273972603
"714","bostonu",2020,349,0.31914,11.636904109589,1036.11,1292.574,11.4258273972603
"715","bostonu",2020,350,0.32008,11.636904109589,1036.11,1292.574,11.4258273972603
"716","bostonu",2020,351,0.32109,11.636904109589,1036.11,1292.574,11.4258273972603
"717","bostonu",2020,352,0.32196,11.636904109589,1036.11,1292.574,11.4258273972603
"718","bostonu",2020,353,0.32249,11.636904109589,1036.11,1292.574,11.4258273972603
"719","bostonu",2020,354,0.3227,11.636904109589,1036.11,1292.574,11.4258273972603
"720","bostonu",2020,355,0.32274,11.636904109589,1036.11,1292.574,11.4258273972603
"721","bostonu",2020,356,0.32263,11.636904109589,1036.11,1292.574,11.4258273972603
"722","bostonu",2020,357,0.32238,11.636904109589,1036.11,1292.574,11.4258273972603
"723","bostonu",2020,358,0.32199,11.636904109589,1036.11,1292.574,11.4258273972603
"724","bostonu",2020,359,0.32138,11.636904109589,1036.11,1292.574,11.4258273972603
"725","bostonu",2020,360,0.32053,11.636904109589,1036.11,1292.574,11.4258273972603
"726","bostonu",2020,361,0.31958,11.636904109589,1036.11,1292.574,11.4258273972603
"727","bostonu",2020,362,0.31865,11.636904109589,1036.11,1292.574,11.4258273972603
"728","bostonu",2020,363,0.3179,11.636904109589,1036.11,1292.574,11.4258273972603
"729","bostonu",2020,364,0.31717,11.636904109589,1036.11,1292.574,11.4258273972603
"730","bostonu",2020,365,0.31635,11.636904109589,1036.11,1292.574,11.4258273972603
"731","bostonu",2021,1,0.31494,11.6296849315068,1563.12,1292.574,11.4258273972603
"732","bostonu",2021,2,0.31462,11.6296849315068,1563.12,1292.574,11.4258273972603
"733","bostonu",2021,3,0.31473,11.6296849315068,1563.12,1292.574,11.4258273972603
"734","bostonu",2021,4,0.31515,11.6296849315068,1563.12,1292.574,11.4258273972603
"735","bostonu",2021,5,0.31572,11.6296849315068,1563.12,1292.574,11.4258273972603
"736","bostonu",2021,6,0.31628,11.6296849315068,1563.12,1292.574,11.4258273972603
"737","bostonu",2021,7,0.31666,11.6296849315068,1563.12,1292.574,11.4258273972603
"738","bostonu",2021,8,0.3169,11.6296849315068,1563.12,1292.574,11.4258273972603
"739","bostonu",2021,9,0.31715,11.6296849315068,1563.12,1292.574,11.4258273972603
"740","bostonu",2021,10,0.31738,11.6296849315068,1563.12,1292.574,11.4258273972603
"741","bostonu",2021,11,0.31759,11.6296849315068,1563.12,1292.574,11.4258273972603
"742","bostonu",2021,12,0.31775,11.6296849315068,1563.12,1292.574,11.4258273972603
"743","bostonu",2021,13,0.31778,11.6296849315068,1563.12,1292.574,11.4258273972603
"744","bostonu",2021,14,0.31769,11.6296849315068,1563.12,1292.574,11.4258273972603
"745","bostonu",2021,15,0.31753,11.6296849315068,1563.12,1292.574,11.4258273972603
"746","bostonu",2021,16,0.31741,11.6296849315068,1563.12,1292.574,11.4258273972603
"747","bostonu",2021,17,0.3174,11.6296849315068,1563.12,1292.574,11.4258273972603
"748","bostonu",2021,18,0.3175,11.6296849315068,1563.12,1292.574,11.4258273972603
"749","bostonu",2021,19,0.31767,11.6296849315068,1563.12,1292.574,11.4258273972603
"750","bostonu",2021,20,0.31789,11.6296849315068,1563.12,1292.574,11.4258273972603
"751","bostonu",2021,21,0.31815,11.6296849315068,1563.12,1292.574,11.4258273972603
"752","bostonu",2021,22,0.31844,11.6296849315068,1563.12,1292.574,11.4258273972603
"753","bostonu",2021,23,0.3188,11.6296849315068,1563.12,1292.574,11.4258273972603
"754","bostonu",2021,24,0.31926,11.6296849315068,1563.12,1292.574,11.4258273972603
"755","bostonu",2021,25,0.31974,11.6296849315068,1563.12,1292.574,11.4258273972603
"756","bostonu",2021,26,0.32019,11.6296849315068,1563.12,1292.574,11.4258273972603
"757","bostonu",2021,27,0.32056,11.6296849315068,1563.12,1292.574,11.4258273972603
"758","bostonu",2021,28,0.32081,11.6296849315068,1563.12,1292.574,11.4258273972603
"759","bostonu",2021,29,0.32099,11.6296849315068,1563.12,1292.574,11.4258273972603
"760","bostonu",2021,30,0.32116,11.6296849315068,1563.12,1292.574,11.4258273972603
"761","bostonu",2021,31,0.32135,11.6296849315068,1563.12,1292.574,11.4258273972603
"762","bostonu",2021,32,0.32162,11.6296849315068,1563.12,1292.574,11.4258273972603
"763","bostonu",2021,33,0.32203,11.6296849315068,1563.12,1292.574,11.4258273972603
"764","bostonu",2021,34,0.32255,11.6296849315068,1563.12,1292.574,11.4258273972603
"765","bostonu",2021,35,0.3231,11.6296849315068,1563.12,1292.574,11.4258273972603
"766","bostonu",2021,36,0.3236,11.6296849315068,1563.12,1292.574,11.4258273972603
"767","bostonu",2021,37,0.32398,11.6296849315068,1563.12,1292.574,11.4258273972603
"768","bostonu",2021,38,0.32422,11.6296849315068,1563.12,1292.574,11.4258273972603
"769","bostonu",2021,39,0.32439,11.6296849315068,1563.12,1292.574,11.4258273972603
"770","bostonu",2021,40,0.3245,11.6296849315068,1563.12,1292.574,11.4258273972603
"771","bostonu",2021,41,0.32458,11.6296849315068,1563.12,1292.574,11.4258273972603
"772","bostonu",2021,42,0.32465,11.6296849315068,1563.12,1292.574,11.4258273972603
"773","bostonu",2021,43,0.32469,11.6296849315068,1563.12,1292.574,11.4258273972603
"774","bostonu",2021,44,0.32467,11.6296849315068,1563.12,1292.574,11.4258273972603
"775","bostonu",2021,45,0.32463,11.6296849315068,1563.12,1292.574,11.4258273972603
"776","bostonu",2021,46,0.32457,11.6296849315068,1563.12,1292.574,11.4258273972603
"777","bostonu",2021,47,0.32453,11.6296849315068,1563.12,1292.574,11.4258273972603
"778","bostonu",2021,48,0.32461,11.6296849315068,1563.12,1292.574,11.4258273972603
"779","bostonu",2021,49,0.3248,11.6296849315068,1563.12,1292.574,11.4258273972603
"780","bostonu",2021,50,0.32496,11.6296849315068,1563.12,1292.574,11.4258273972603
"781","bostonu",2021,51,0.32496,11.6296849315068,1563.12,1292.574,11.4258273972603
"782","bostonu",2021,52,0.32464,11.6296849315068,1563.12,1292.574,11.4258273972603
"783","bostonu",2021,53,0.32383,11.6296849315068,1563.12,1292.574,11.4258273972603
"784","bostonu",2021,54,0.32262,11.6296849315068,1563.12,1292.574,11.4258273972603
"785","bostonu",2021,55,0.32126,11.6296849315068,1563.12,1292.574,11.4258273972603
"786","bostonu",2021,56,0.32001,11.6296849315068,1563.12,1292.574,11.4258273972603
"787","bostonu",2021,57,0.31914,11.6296849315068,1563.12,1292.574,11.4258273972603
"788","bostonu",2021,58,0.31857,11.6296849315068,1563.12,1292.574,11.4258273972603
"789","bostonu",2021,59,0.31811,11.6296849315068,1563.12,1292.574,11.4258273972603
"790","bostonu",2021,60,0.31778,11.6296849315068,1563.12,1292.574,11.4258273972603
"791","bostonu",2021,61,0.31759,11.6296849315068,1563.12,1292.574,11.4258273972603
"792","bostonu",2021,62,0.31756,11.6296849315068,1563.12,1292.574,11.4258273972603
"793","bostonu",2021,63,0.31788,11.6296849315068,1563.12,1292.574,11.4258273972603
"794","bostonu",2021,64,0.31856,11.6296849315068,1563.12,1292.574,11.4258273972603
"795","bostonu",2021,65,0.31935,11.6296849315068,1563.12,1292.574,11.4258273972603
"796","bostonu",2021,66,0.32004,11.6296849315068,1563.12,1292.574,11.4258273972603
"797","bostonu",2021,67,0.3204,11.6296849315068,1563.12,1292.574,11.4258273972603
"798","bostonu",2021,68,0.32033,11.6296849315068,1563.12,1292.574,11.4258273972603
"799","bostonu",2021,69,0.32002,11.6296849315068,1563.12,1292.574,11.4258273972603
"800","bostonu",2021,70,0.3196,11.6296849315068,1563.12,1292.574,11.4258273972603
"801","bostonu",2021,71,0.31919,11.6296849315068,1563.12,1292.574,11.4258273972603
"802","bostonu",2021,72,0.31895,11.6296849315068,1563.12,1292.574,11.4258273972603
"803","bostonu",2021,73,0.31883,11.6296849315068,1563.12,1292.574,11.4258273972603
"804","bostonu",2021,74,0.31872,11.6296849315068,1563.12,1292.574,11.4258273972603
"805","bostonu",2021,75,0.31863,11.6296849315068,1563.12,1292.574,11.4258273972603
"806","bostonu",2021,76,0.31856,11.6296849315068,1563.12,1292.574,11.4258273972603
"807","bostonu",2021,77,0.31853,11.6296849315068,1563.12,1292.574,11.4258273972603
"808","bostonu",2021,78,0.31858,11.6296849315068,1563.12,1292.574,11.4258273972603
"809","bostonu",2021,79,0.3187,11.6296849315068,1563.12,1292.574,11.4258273972603
"810","bostonu",2021,80,0.31886,11.6296849315068,1563.12,1292.574,11.4258273972603
"811","bostonu",2021,81,0.31902,11.6296849315068,1563.12,1292.574,11.4258273972603
"812","bostonu",2021,82,0.31914,11.6296849315068,1563.12,1292.574,11.4258273972603
"813","bostonu",2021,83,0.31923,11.6296849315068,1563.12,1292.574,11.4258273972603
"814","bostonu",2021,84,0.31931,11.6296849315068,1563.12,1292.574,11.4258273972603
"815","bostonu",2021,85,0.31939,11.6296849315068,1563.12,1292.574,11.4258273972603
"816","bostonu",2021,86,0.31947,11.6296849315068,1563.12,1292.574,11.4258273972603
"817","bostonu",2021,87,0.31955,11.6296849315068,1563.12,1292.574,11.4258273972603
"818","bostonu",2021,88,0.31965,11.6296849315068,1563.12,1292.574,11.4258273972603
"819","bostonu",2021,89,0.31979,11.6296849315068,1563.12,1292.574,11.4258273972603
"820","bostonu",2021,90,0.31994,11.6296849315068,1563.12,1292.574,11.4258273972603
"821","bostonu",2021,91,0.32008,11.6296849315068,1563.12,1292.574,11.4258273972603
"822","bostonu",2021,92,0.32017,11.6296849315068,1563.12,1292.574,11.4258273972603
"823","bostonu",2021,93,0.32017,11.6296849315068,1563.12,1292.574,11.4258273972603
"824","bostonu",2021,94,0.32006,11.6296849315068,1563.12,1292.574,11.4258273972603
"825","bostonu",2021,95,0.31991,11.6296849315068,1563.12,1292.574,11.4258273972603
"826","bostonu",2021,96,0.31978,11.6296849315068,1563.12,1292.574,11.4258273972603
"827","bostonu",2021,97,0.31973,11.6296849315068,1563.12,1292.574,11.4258273972603
"828","bostonu",2021,98,0.31976,11.6296849315068,1563.12,1292.574,11.4258273972603
"829","bostonu",2021,99,0.31984,11.6296849315068,1563.12,1292.574,11.4258273972603
"830","bostonu",2021,100,0.31996,11.6296849315068,1563.12,1292.574,11.4258273972603
"831","bostonu",2021,101,0.32013,11.6296849315068,1563.12,1292.574,11.4258273972603
"832","bostonu",2021,102,0.32034,11.6296849315068,1563.12,1292.574,11.4258273972603
"833","bostonu",2021,103,0.32059,11.6296849315068,1563.12,1292.574,11.4258273972603
"834","bostonu",2021,104,0.32086,11.6296849315068,1563.12,1292.574,11.4258273972603
"835","bostonu",2021,105,0.32117,11.6296849315068,1563.12,1292.574,11.4258273972603
"836","bostonu",2021,106,0.3215,11.6296849315068,1563.12,1292.574,11.4258273972603
"837","bostonu",2021,107,0.32187,11.6296849315068,1563.12,1292.574,11.4258273972603
"838","bostonu",2021,108,0.32227,11.6296849315068,1563.12,1292.574,11.4258273972603
"839","bostonu",2021,109,0.3227,11.6296849315068,1563.12,1292.574,11.4258273972603
"840","bostonu",2021,110,0.32316,11.6296849315068,1563.12,1292.574,11.4258273972603
"841","bostonu",2021,111,0.32367,11.6296849315068,1563.12,1292.574,11.4258273972603
"842","bostonu",2021,112,0.32423,11.6296849315068,1563.12,1292.574,11.4258273972603
"843","bostonu",2021,113,0.32484,11.6296849315068,1563.12,1292.574,11.4258273972603
"844","bostonu",2021,114,0.32552,11.6296849315068,1563.12,1292.574,11.4258273972603
"845","bostonu",2021,115,0.32626,11.6296849315068,1563.12,1292.574,11.4258273972603
"846","bostonu",2021,116,0.32706,11.6296849315068,1563.12,1292.574,11.4258273972603
"847","bostonu",2021,117,0.32791,11.6296849315068,1563.12,1292.574,11.4258273972603
"848","bostonu",2021,118,0.32891,11.6296849315068,1563.12,1292.574,11.4258273972603
"849","bostonu",2021,119,0.33,11.6296849315068,1563.12,1292.574,11.4258273972603
"850","bostonu",2021,120,0.33104,11.6296849315068,1563.12,1292.574,11.4258273972603
"851","bostonu",2021,121,0.33189,11.6296849315068,1563.12,1292.574,11.4258273972603
"852","bostonu",2021,122,0.33268,11.6296849315068,1563.12,1292.574,11.4258273972603
"853","bostonu",2021,123,0.33361,11.6296849315068,1563.12,1292.574,11.4258273972603
"854","bostonu",2021,124,0.33448,11.6296849315068,1563.12,1292.574,11.4258273972603
"855","bostonu",2021,125,0.33512,11.6296849315068,1563.12,1292.574,11.4258273972603
"856","bostonu",2021,126,0.33584,11.6296849315068,1563.12,1292.574,11.4258273972603
"857","bostonu",2021,127,0.33694,11.6296849315068,1563.12,1292.574,11.4258273972603
"858","bostonu",2021,128,0.33872,11.6296849315068,1563.12,1292.574,11.4258273972603
"859","bostonu",2021,129,0.34133,11.6296849315068,1563.12,1292.574,11.4258273972603
"860","bostonu",2021,130,0.34457,11.6296849315068,1563.12,1292.574,11.4258273972603
"861","bostonu",2021,131,0.34822,11.6296849315068,1563.12,1292.574,11.4258273972603
"862","bostonu",2021,132,0.35207,11.6296849315068,1563.12,1292.574,11.4258273972603
"863","bostonu",2021,133,0.35588,11.6296849315068,1563.12,1292.574,11.4258273972603
"864","bostonu",2021,134,0.36017,11.6296849315068,1563.12,1292.574,11.4258273972603
"865","bostonu",2021,135,0.36517,11.6296849315068,1563.12,1292.574,11.4258273972603
"866","bostonu",2021,136,0.37028,11.6296849315068,1563.12,1292.574,11.4258273972603
"867","bostonu",2021,137,0.37486,11.6296849315068,1563.12,1292.574,11.4258273972603
"868","bostonu",2021,138,0.3783,11.6296849315068,1563.12,1292.574,11.4258273972603
"869","bostonu",2021,139,0.38068,11.6296849315068,1563.12,1292.574,11.4258273972603
"870","bostonu",2021,140,0.38249,11.6296849315068,1563.12,1292.574,11.4258273972603
"871","bostonu",2021,141,0.3837,11.6296849315068,1563.12,1292.574,11.4258273972603
"872","bostonu",2021,142,0.38427,11.6296849315068,1563.12,1292.574,11.4258273972603
"873","bostonu",2021,143,0.38418,11.6296849315068,1563.12,1292.574,11.4258273972603
"874","bostonu",2021,144,0.3829,11.6296849315068,1563.12,1292.574,11.4258273972603
"875","bostonu",2021,145,0.3804,11.6296849315068,1563.12,1292.574,11.4258273972603
"876","bostonu",2021,146,0.37739,11.6296849315068,1563.12,1292.574,11.4258273972603
"877","bostonu",2021,147,0.37462,11.6296849315068,1563.12,1292.574,11.4258273972603
"878","bostonu",2021,148,0.37279,11.6296849315068,1563.12,1292.574,11.4258273972603
"879","bostonu",2021,149,0.37183,11.6296849315068,1563.12,1292.574,11.4258273972603
"880","bostonu",2021,150,0.37115,11.6296849315068,1563.12,1292.574,11.4258273972603
"881","bostonu",2021,151,0.37071,11.6296849315068,1563.12,1292.574,11.4258273972603
"882","bostonu",2021,152,0.37048,11.6296849315068,1563.12,1292.574,11.4258273972603
"883","bostonu",2021,153,0.37041,11.6296849315068,1563.12,1292.574,11.4258273972603
"884","bostonu",2021,154,0.3709,11.6296849315068,1563.12,1292.574,11.4258273972603
"885","bostonu",2021,155,0.37203,11.6296849315068,1563.12,1292.574,11.4258273972603
"886","bostonu",2021,156,0.37331,11.6296849315068,1563.12,1292.574,11.4258273972603
"887","bostonu",2021,157,0.37425,11.6296849315068,1563.12,1292.574,11.4258273972603
"888","bostonu",2021,158,0.37434,11.6296849315068,1563.12,1292.574,11.4258273972603
"889","bostonu",2021,159,0.37327,11.6296849315068,1563.12,1292.574,11.4258273972603
"890","bostonu",2021,160,0.37139,11.6296849315068,1563.12,1292.574,11.4258273972603
"891","bostonu",2021,161,0.36919,11.6296849315068,1563.12,1292.574,11.4258273972603
"892","bostonu",2021,162,0.36715,11.6296849315068,1563.12,1292.574,11.4258273972603
"893","bostonu",2021,163,0.36578,11.6296849315068,1563.12,1292.574,11.4258273972603
"894","bostonu",2021,164,0.365,11.6296849315068,1563.12,1292.574,11.4258273972603
"895","bostonu",2021,165,0.36442,11.6296849315068,1563.12,1292.574,11.4258273972603
"896","bostonu",2021,166,0.36401,11.6296849315068,1563.12,1292.574,11.4258273972603
"897","bostonu",2021,167,0.36375,11.6296849315068,1563.12,1292.574,11.4258273972603
"898","bostonu",2021,168,0.36361,11.6296849315068,1563.12,1292.574,11.4258273972603
"899","bostonu",2021,169,0.36378,11.6296849315068,1563.12,1292.574,11.4258273972603
"900","bostonu",2021,170,0.36432,11.6296849315068,1563.12,1292.574,11.4258273972603
"901","bostonu",2021,171,0.36501,11.6296849315068,1563.12,1292.574,11.4258273972603
"902","bostonu",2021,172,0.36563,11.6296849315068,1563.12,1292.574,11.4258273972603
"903","bostonu",2021,173,0.36595,11.6296849315068,1563.12,1292.574,11.4258273972603
"904","bostonu",2021,174,0.36593,11.6296849315068,1563.12,1292.574,11.4258273972603
"905","bostonu",2021,175,0.36571,11.6296849315068,1563.12,1292.574,11.4258273972603
"906","bostonu",2021,176,0.36532,11.6296849315068,1563.12,1292.574,11.4258273972603
"907","bostonu",2021,177,0.36477,11.6296849315068,1563.12,1292.574,11.4258273972603
"908","bostonu",2021,178,0.3641,11.6296849315068,1563.12,1292.574,11.4258273972603
"909","bostonu",2021,179,0.36331,11.6296849315068,1563.12,1292.574,11.4258273972603
"910","bostonu",2021,180,0.3624,11.6296849315068,1563.12,1292.574,11.4258273972603
"911","bostonu",2021,181,0.36142,11.6296849315068,1563.12,1292.574,11.4258273972603
"912","bostonu",2021,182,0.36044,11.6296849315068,1563.12,1292.574,11.4258273972603
"913","bostonu",2021,183,0.35949,11.6296849315068,1563.12,1292.574,11.4258273972603
"914","bostonu",2021,184,0.35848,11.6296849315068,1563.12,1292.574,11.4258273972603
"915","bostonu",2021,185,0.35736,11.6296849315068,1563.12,1292.574,11.4258273972603
"916","bostonu",2021,186,0.35623,11.6296849315068,1563.12,1292.574,11.4258273972603
"917","bostonu",2021,187,0.35521,11.6296849315068,1563.12,1292.574,11.4258273972603
"918","bostonu",2021,188,0.35441,11.6296849315068,1563.12,1292.574,11.4258273972603
"919","bostonu",2021,189,0.35374,11.6296849315068,1563.12,1292.574,11.4258273972603
"920","bostonu",2021,190,0.35305,11.6296849315068,1563.12,1292.574,11.4258273972603
"921","bostonu",2021,191,0.35239,11.6296849315068,1563.12,1292.574,11.4258273972603
"922","bostonu",2021,192,0.35178,11.6296849315068,1563.12,1292.574,11.4258273972603
"923","bostonu",2021,193,0.35125,11.6296849315068,1563.12,1292.574,11.4258273972603
"924","bostonu",2021,194,0.35087,11.6296849315068,1563.12,1292.574,11.4258273972603
"925","bostonu",2021,195,0.35067,11.6296849315068,1563.12,1292.574,11.4258273972603
"926","bostonu",2021,196,0.35069,11.6296849315068,1563.12,1292.574,11.4258273972603
"927","bostonu",2021,197,0.35096,11.6296849315068,1563.12,1292.574,11.4258273972603
"928","bostonu",2021,198,0.3515,11.6296849315068,1563.12,1292.574,11.4258273972603
"929","bostonu",2021,199,0.3525,11.6296849315068,1563.12,1292.574,11.4258273972603
"930","bostonu",2021,200,0.35392,11.6296849315068,1563.12,1292.574,11.4258273972603
"931","bostonu",2021,201,0.35549,11.6296849315068,1563.12,1292.574,11.4258273972603
"932","bostonu",2021,202,0.35694,11.6296849315068,1563.12,1292.574,11.4258273972603
"933","bostonu",2021,203,0.358,11.6296849315068,1563.12,1292.574,11.4258273972603
"934","bostonu",2021,204,0.35887,11.6296849315068,1563.12,1292.574,11.4258273972603
"935","bostonu",2021,205,0.35981,11.6296849315068,1563.12,1292.574,11.4258273972603
"936","bostonu",2021,206,0.36065,11.6296849315068,1563.12,1292.574,11.4258273972603
"937","bostonu",2021,207,0.36119,11.6296849315068,1563.12,1292.574,11.4258273972603
"938","bostonu",2021,208,0.36126,11.6296849315068,1563.12,1292.574,11.4258273972603
"939","bostonu",2021,209,0.36055,11.6296849315068,1563.12,1292.574,11.4258273972603
"940","bostonu",2021,210,0.35914,11.6296849315068,1563.12,1292.574,11.4258273972603
"941","bostonu",2021,211,0.35746,11.6296849315068,1563.12,1292.574,11.4258273972603
"942","bostonu",2021,212,0.35591,11.6296849315068,1563.12,1292.574,11.4258273972603
"943","bostonu",2021,213,0.35491,11.6296849315068,1563.12,1292.574,11.4258273972603
"944","bostonu",2021,214,0.35434,11.6296849315068,1563.12,1292.574,11.4258273972603
"945","bostonu",2021,215,0.35385,11.6296849315068,1563.12,1292.574,11.4258273972603
"946","bostonu",2021,216,0.35352,11.6296849315068,1563.12,1292.574,11.4258273972603
"947","bostonu",2021,217,0.35344,11.6296849315068,1563.12,1292.574,11.4258273972603
"948","bostonu",2021,218,0.35371,11.6296849315068,1563.12,1292.574,11.4258273972603
"949","bostonu",2021,219,0.3546,11.6296849315068,1563.12,1292.574,11.4258273972603
"950","bostonu",2021,220,0.35608,11.6296849315068,1563.12,1292.574,11.4258273972603
"951","bostonu",2021,221,0.35779,11.6296849315068,1563.12,1292.574,11.4258273972603
"952","bostonu",2021,222,0.35933,11.6296849315068,1563.12,1292.574,11.4258273972603
"953","bostonu",2021,223,0.36035,11.6296849315068,1563.12,1292.574,11.4258273972603
"954","bostonu",2021,224,0.36079,11.6296849315068,1563.12,1292.574,11.4258273972603
"955","bostonu",2021,225,0.36094,11.6296849315068,1563.12,1292.574,11.4258273972603
"956","bostonu",2021,226,0.36087,11.6296849315068,1563.12,1292.574,11.4258273972603
"957","bostonu",2021,227,0.36065,11.6296849315068,1563.12,1292.574,11.4258273972603
"958","bostonu",2021,228,0.36039,11.6296849315068,1563.12,1292.574,11.4258273972603
"959","bostonu",2021,229,0.35996,11.6296849315068,1563.12,1292.574,11.4258273972603
"960","bostonu",2021,230,0.35931,11.6296849315068,1563.12,1292.574,11.4258273972603
"961","bostonu",2021,231,0.35861,11.6296849315068,1563.12,1292.574,11.4258273972603
"962","bostonu",2021,232,0.358,11.6296849315068,1563.12,1292.574,11.4258273972603
"963","bostonu",2021,233,0.35764,11.6296849315068,1563.12,1292.574,11.4258273972603
"964","bostonu",2021,234,0.35759,11.6296849315068,1563.12,1292.574,11.4258273972603
"965","bostonu",2021,235,0.35772,11.6296849315068,1563.12,1292.574,11.4258273972603
"966","bostonu",2021,236,0.35788,11.6296849315068,1563.12,1292.574,11.4258273972603
"967","bostonu",2021,237,0.35794,11.6296849315068,1563.12,1292.574,11.4258273972603
"968","bostonu",2021,238,0.35775,11.6296849315068,1563.12,1292.574,11.4258273972603
"969","bostonu",2021,239,0.3572,11.6296849315068,1563.12,1292.574,11.4258273972603
"970","bostonu",2021,240,0.35641,11.6296849315068,1563.12,1292.574,11.4258273972603
"971","bostonu",2021,241,0.35553,11.6296849315068,1563.12,1292.574,11.4258273972603
"972","bostonu",2021,242,0.35476,11.6296849315068,1563.12,1292.574,11.4258273972603
"973","bostonu",2021,243,0.35424,11.6296849315068,1563.12,1292.574,11.4258273972603
"974","bostonu",2021,244,0.35403,11.6296849315068,1563.12,1292.574,11.4258273972603
"975","bostonu",2021,245,0.35399,11.6296849315068,1563.12,1292.574,11.4258273972603
"976","bostonu",2021,246,0.35411,11.6296849315068,1563.12,1292.574,11.4258273972603
"977","bostonu",2021,247,0.35434,11.6296849315068,1563.12,1292.574,11.4258273972603
"978","bostonu",2021,248,0.35467,11.6296849315068,1563.12,1292.574,11.4258273972603
"979","bostonu",2021,249,0.3552,11.6296849315068,1563.12,1292.574,11.4258273972603
"980","bostonu",2021,250,0.35592,11.6296849315068,1563.12,1292.574,11.4258273972603
"981","bostonu",2021,251,0.35664,11.6296849315068,1563.12,1292.574,11.4258273972603
"982","bostonu",2021,252,0.35718,11.6296849315068,1563.12,1292.574,11.4258273972603
"983","bostonu",2021,253,0.35735,11.6296849315068,1563.12,1292.574,11.4258273972603
"984","bostonu",2021,254,0.35717,11.6296849315068,1563.12,1292.574,11.4258273972603
"985","bostonu",2021,255,0.35685,11.6296849315068,1563.12,1292.574,11.4258273972603
"986","bostonu",2021,256,0.35644,11.6296849315068,1563.12,1292.574,11.4258273972603
"987","bostonu",2021,257,0.35601,11.6296849315068,1563.12,1292.574,11.4258273972603
"988","bostonu",2021,258,0.3556,11.6296849315068,1563.12,1292.574,11.4258273972603
"989","bostonu",2021,259,0.35501,11.6296849315068,1563.12,1292.574,11.4258273972603
"990","bostonu",2021,260,0.3541,11.6296849315068,1563.12,1292.574,11.4258273972603
"991","bostonu",2021,261,0.35314,11.6296849315068,1563.12,1292.574,11.4258273972603
"992","bostonu",2021,262,0.35236,11.6296849315068,1563.12,1292.574,11.4258273972603
"993","bostonu",2021,263,0.35201,11.6296849315068,1563.12,1292.574,11.4258273972603
"994","bostonu",2021,264,0.3523,11.6296849315068,1563.12,1292.574,11.4258273972603
"995","bostonu",2021,265,0.35311,11.6296849315068,1563.12,1292.574,11.4258273972603
"996","bostonu",2021,266,0.35408,11.6296849315068,1563.12,1292.574,11.4258273972603
"997","bostonu",2021,267,0.3549,11.6296849315068,1563.12,1292.574,11.4258273972603
"998","bostonu",2021,268,0.35524,11.6296849315068,1563.12,1292.574,11.4258273972603
"999","bostonu",2021,269,0.35506,11.6296849315068,1563.12,1292.574,11.4258273972603
"1000","bostonu",2021,270,0.35461,11.6296849315068,1563.12,1292.574,11.4258273972603
"1001","bostonu",2021,271,0.354,11.6296849315068,1563.12,1292.574,11.4258273972603
"1002","bostonu",2021,272,0.35331,11.6296849315068,1563.12,1292.574,11.4258273972603
"1003","bostonu",2021,273,0.35264,11.6296849315068,1563.12,1292.574,11.4258273972603
"1004","bostonu",2021,274,0.35178,11.6296849315068,1563.12,1292.574,11.4258273972603
"1005","bostonu",2021,275,0.35058,11.6296849315068,1563.12,1292.574,11.4258273972603
"1006","bostonu",2021,276,0.34928,11.6296849315068,1563.12,1292.574,11.4258273972603
"1007","bostonu",2021,277,0.34807,11.6296849315068,1563.12,1292.574,11.4258273972603
"1008","bostonu",2021,278,0.34717,11.6296849315068,1563.12,1292.574,11.4258273972603
"1009","bostonu",2021,279,0.34674,11.6296849315068,1563.12,1292.574,11.4258273972603
"1010","bostonu",2021,280,0.34658,11.6296849315068,1563.12,1292.574,11.4258273972603
"1011","bostonu",2021,281,0.34637,11.6296849315068,1563.12,1292.574,11.4258273972603
"1012","bostonu",2021,282,0.34628,11.6296849315068,1563.12,1292.574,11.4258273972603
"1013","bostonu",2021,283,0.3464,11.6296849315068,1563.12,1292.574,11.4258273972603
"1014","bostonu",2021,284,0.34637,11.6296849315068,1563.12,1292.574,11.4258273972603
"1015","bostonu",2021,285,0.34616,11.6296849315068,1563.12,1292.574,11.4258273972603
"1016","bostonu",2021,286,0.34594,11.6296849315068,1563.12,1292.574,11.4258273972603
"1017","bostonu",2021,287,0.34569,11.6296849315068,1563.12,1292.574,11.4258273972603
"1018","bostonu",2021,288,0.34536,11.6296849315068,1563.12,1292.574,11.4258273972603
"1019","bostonu",2021,289,0.34493,11.6296849315068,1563.12,1292.574,11.4258273972603
"1020","bostonu",2021,290,0.34451,11.6296849315068,1563.12,1292.574,11.4258273972603
"1021","bostonu",2021,291,0.34413,11.6296849315068,1563.12,1292.574,11.4258273972603
"1022","bostonu",2021,292,0.34364,11.6296849315068,1563.12,1292.574,11.4258273972603
"1023","bostonu",2021,293,0.34287,11.6296849315068,1563.12,1292.574,11.4258273972603
"1024","bostonu",2021,294,0.34168,11.6296849315068,1563.12,1292.574,11.4258273972603
"1025","bostonu",2021,295,0.33975,11.6296849315068,1563.12,1292.574,11.4258273972603
"1026","bostonu",2021,296,0.33719,11.6296849315068,1563.12,1292.574,11.4258273972603
"1027","bostonu",2021,297,0.33446,11.6296849315068,1563.12,1292.574,11.4258273972603
"1028","bostonu",2021,298,0.33201,11.6296849315068,1563.12,1292.574,11.4258273972603
"1029","bostonu",2021,299,0.33028,11.6296849315068,1563.12,1292.574,11.4258273972603
"1030","bostonu",2021,300,0.32938,11.6296849315068,1563.12,1292.574,11.4258273972603
"1031","bostonu",2021,301,0.32897,11.6296849315068,1563.12,1292.574,11.4258273972603
"1032","bostonu",2021,302,0.32881,11.6296849315068,1563.12,1292.574,11.4258273972603
"1033","bostonu",2021,303,0.32867,11.6296849315068,1563.12,1292.574,11.4258273972603
"1034","bostonu",2021,304,0.32832,11.6296849315068,1563.12,1292.574,11.4258273972603
"1035","bostonu",2021,305,0.32805,11.6296849315068,1563.12,1292.574,11.4258273972603
"1036","bostonu",2021,306,0.32808,11.6296849315068,1563.12,1292.574,11.4258273972603
"1037","bostonu",2021,307,0.32809,11.6296849315068,1563.12,1292.574,11.4258273972603
"1038","bostonu",2021,308,0.32775,11.6296849315068,1563.12,1292.574,11.4258273972603
"1039","bostonu",2021,309,0.32673,11.6296849315068,1563.12,1292.574,11.4258273972603
"1040","bostonu",2021,310,0.32466,11.6296849315068,1563.12,1292.574,11.4258273972603
"1041","bostonu",2021,311,0.32173,11.6296849315068,1563.12,1292.574,11.4258273972603
"1042","bostonu",2021,312,0.31848,11.6296849315068,1563.12,1292.574,11.4258273972603
"1043","bostonu",2021,313,0.31543,11.6296849315068,1563.12,1292.574,11.4258273972603
"1044","bostonu",2021,314,0.31312,11.6296849315068,1563.12,1292.574,11.4258273972603
"1045","bostonu",2021,315,0.31146,11.6296849315068,1563.12,1292.574,11.4258273972603
"1046","bostonu",2021,316,0.31003,11.6296849315068,1563.12,1292.574,11.4258273972603
"1047","bostonu",2021,317,0.30882,11.6296849315068,1563.12,1292.574,11.4258273972603
"1048","bostonu",2021,318,0.30781,11.6296849315068,1563.12,1292.574,11.4258273972603
"1049","bostonu",2021,319,0.30699,11.6296849315068,1563.12,1292.574,11.4258273972603
"1050","bostonu",2021,320,0.30651,11.6296849315068,1563.12,1292.574,11.4258273972603
"1051","bostonu",2021,321,0.30641,11.6296849315068,1563.12,1292.574,11.4258273972603
"1052","bostonu",2021,322,0.30652,11.6296849315068,1563.12,1292.574,11.4258273972603
"1053","bostonu",2021,323,0.30667,11.6296849315068,1563.12,1292.574,11.4258273972603
"1054","bostonu",2021,324,0.30672,11.6296849315068,1563.12,1292.574,11.4258273972603
"1055","bostonu",2021,325,0.30656,11.6296849315068,1563.12,1292.574,11.4258273972603
"1056","bostonu",2021,326,0.3063,11.6296849315068,1563.12,1292.574,11.4258273972603
"1057","bostonu",2021,327,0.30604,11.6296849315068,1563.12,1292.574,11.4258273972603
"1058","bostonu",2021,328,0.30592,11.6296849315068,1563.12,1292.574,11.4258273972603
"1059","bostonu",2021,329,0.30604,11.6296849315068,1563.12,1292.574,11.4258273972603
"1060","bostonu",2021,330,0.30652,11.6296849315068,1563.12,1292.574,11.4258273972603
"1061","bostonu",2021,331,0.30729,11.6296849315068,1563.12,1292.574,11.4258273972603
"1062","bostonu",2021,332,0.30823,11.6296849315068,1563.12,1292.574,11.4258273972603
"1063","bostonu",2021,333,0.30921,11.6296849315068,1563.12,1292.574,11.4258273972603
"1064","bostonu",2021,334,0.31011,11.6296849315068,1563.12,1292.574,11.4258273972603
"1065","bostonu",2021,335,0.311,11.6296849315068,1563.12,1292.574,11.4258273972603
"1066","bostonu",2021,336,0.31198,11.6296849315068,1563.12,1292.574,11.4258273972603
"1067","bostonu",2021,337,0.31299,11.6296849315068,1563.12,1292.574,11.4258273972603
"1068","bostonu",2021,338,0.31395,11.6296849315068,1563.12,1292.574,11.4258273972603
"1069","bostonu",2021,339,0.31479,11.6296849315068,1563.12,1292.574,11.4258273972603
"1070","bostonu",2021,340,0.31556,11.6296849315068,1563.12,1292.574,11.4258273972603
"1071","bostonu",2021,341,0.31631,11.6296849315068,1563.12,1292.574,11.4258273972603
"1072","bostonu",2021,342,0.317,11.6296849315068,1563.12,1292.574,11.4258273972603
"1073","bostonu",2021,343,0.31756,11.6296849315068,1563.12,1292.574,11.4258273972603
"1074","bostonu",2021,344,0.31795,11.6296849315068,1563.12,1292.574,11.4258273972603
"1075","bostonu",2021,345,0.31814,11.6296849315068,1563.12,1292.574,11.4258273972603
"1076","bostonu",2021,346,0.31818,11.6296849315068,1563.12,1292.574,11.4258273972603
"1077","bostonu",2021,347,0.31814,11.6296849315068,1563.12,1292.574,11.4258273972603
"1078","bostonu",2021,348,0.31806,11.6296849315068,1563.12,1292.574,11.4258273972603
"1079","bostonu",2021,349,0.31801,11.6296849315068,1563.12,1292.574,11.4258273972603
"1080","bostonu",2021,350,0.31791,11.6296849315068,1563.12,1292.574,11.4258273972603
"1081","bostonu",2021,351,0.31769,11.6296849315068,1563.12,1292.574,11.4258273972603
"1082","bostonu",2021,352,0.3174,11.6296849315068,1563.12,1292.574,11.4258273972603
"1083","bostonu",2021,353,0.3171,11.6296849315068,1563.12,1292.574,11.4258273972603
"1084","bostonu",2021,354,0.31683,11.6296849315068,1563.12,1292.574,11.4258273972603
"1085","bostonu",2021,355,0.31665,11.6296849315068,1563.12,1292.574,11.4258273972603
"1086","bostonu",2021,356,0.31653,11.6296849315068,1563.12,1292.574,11.4258273972603
"1087","bostonu",2021,357,0.31642,11.6296849315068,1563.12,1292.574,11.4258273972603
"1088","bostonu",2021,358,0.31627,11.6296849315068,1563.12,1292.574,11.4258273972603
"1089","bostonu",2021,359,0.31603,11.6296849315068,1563.12,1292.574,11.4258273972603
"1090","bostonu",2021,360,0.31552,11.6296849315068,1563.12,1292.574,11.4258273972603
"1091","bostonu",2021,361,0.31476,11.6296849315068,1563.12,1292.574,11.4258273972603
"1092","bostonu",2021,362,0.31395,11.6296849315068,1563.12,1292.574,11.4258273972603
"1093","bostonu",2021,363,0.31332,11.6296849315068,1563.12,1292.574,11.4258273972603
"1094","bostonu",2021,364,0.31309,11.6296849315068,1563.12,1292.574,11.4258273972603
"1095","bostonu",2021,365,0.31332,11.6296849315068,1563.12,1292.574,11.4258273972603
"1096","bostonu",2022,1,0.31387,11.4475479452055,972.82,1292.574,11.4258273972603
"1097","bostonu",2022,2,0.3146,11.4475479452055,972.82,1292.574,11.4258273972603
"1098","bostonu",2022,3,0.31537,11.4475479452055,972.82,1292.574,11.4258273972603
"1099","bostonu",2022,4,0.31605,11.4475479452055,972.82,1292.574,11.4258273972603
"1100","bostonu",2022,5,0.3168,11.4475479452055,972.82,1292.574,11.4258273972603
"1101","bostonu",2022,6,0.31775,11.4475479452055,972.82,1292.574,11.4258273972603
"1102","bostonu",2022,7,0.31874,11.4475479452055,972.82,1292.574,11.4258273972603
"1103","bostonu",2022,8,0.31961,11.4475479452055,972.82,1292.574,11.4258273972603
"1104","bostonu",2022,9,0.32021,11.4475479452055,972.82,1292.574,11.4258273972603
"1105","bostonu",2022,10,0.32043,11.4475479452055,972.82,1292.574,11.4258273972603
"1106","bostonu",2022,11,0.32038,11.4475479452055,972.82,1292.574,11.4258273972603
"1107","bostonu",2022,12,0.32019,11.4475479452055,972.82,1292.574,11.4258273972603
"1108","bostonu",2022,13,0.31997,11.4475479452055,972.82,1292.574,11.4258273972603
"1109","bostonu",2022,14,0.31988,11.4475479452055,972.82,1292.574,11.4258273972603
"1110","bostonu",2022,15,0.31991,11.4475479452055,972.82,1292.574,11.4258273972603
"1111","bostonu",2022,16,0.31997,11.4475479452055,972.82,1292.574,11.4258273972603
"1112","bostonu",2022,17,0.32008,11.4475479452055,972.82,1292.574,11.4258273972603
"1113","bostonu",2022,18,0.3202,11.4475479452055,972.82,1292.574,11.4258273972603
"1114","bostonu",2022,19,0.32033,11.4475479452055,972.82,1292.574,11.4258273972603
"1115","bostonu",2022,20,0.32042,11.4475479452055,972.82,1292.574,11.4258273972603
"1116","bostonu",2022,21,0.32047,11.4475479452055,972.82,1292.574,11.4258273972603
"1117","bostonu",2022,22,0.3205,11.4475479452055,972.82,1292.574,11.4258273972603
"1118","bostonu",2022,23,0.32059,11.4475479452055,972.82,1292.574,11.4258273972603
"1119","bostonu",2022,24,0.32076,11.4475479452055,972.82,1292.574,11.4258273972603
"1120","bostonu",2022,25,0.32108,11.4475479452055,972.82,1292.574,11.4258273972603
"1121","bostonu",2022,26,0.32151,11.4475479452055,972.82,1292.574,11.4258273972603
"1122","bostonu",2022,27,0.32199,11.4475479452055,972.82,1292.574,11.4258273972603
"1123","bostonu",2022,28,0.32246,11.4475479452055,972.82,1292.574,11.4258273972603
"1124","bostonu",2022,29,0.32287,11.4475479452055,972.82,1292.574,11.4258273972603
"1125","bostonu",2022,30,0.32325,11.4475479452055,972.82,1292.574,11.4258273972603
"1126","bostonu",2022,31,0.32365,11.4475479452055,972.82,1292.574,11.4258273972603
"1127","bostonu",2022,32,0.32404,11.4475479452055,972.82,1292.574,11.4258273972603
"1128","bostonu",2022,33,0.32436,11.4475479452055,972.82,1292.574,11.4258273972603
"1129","bostonu",2022,34,0.32459,11.4475479452055,972.82,1292.574,11.4258273972603
"1130","bostonu",2022,35,0.32468,11.4475479452055,972.82,1292.574,11.4258273972603
"1131","bostonu",2022,36,0.32466,11.4475479452055,972.82,1292.574,11.4258273972603
"1132","bostonu",2022,37,0.32461,11.4475479452055,972.82,1292.574,11.4258273972603
"1133","bostonu",2022,38,0.32456,11.4475479452055,972.82,1292.574,11.4258273972603
"1134","bostonu",2022,39,0.32456,11.4475479452055,972.82,1292.574,11.4258273972603
"1135","bostonu",2022,40,0.32468,11.4475479452055,972.82,1292.574,11.4258273972603
"1136","bostonu",2022,41,0.32487,11.4475479452055,972.82,1292.574,11.4258273972603
"1137","bostonu",2022,42,0.32503,11.4475479452055,972.82,1292.574,11.4258273972603
"1138","bostonu",2022,43,0.32508,11.4475479452055,972.82,1292.574,11.4258273972603
"1139","bostonu",2022,44,0.32494,11.4475479452055,972.82,1292.574,11.4258273972603
"1140","bostonu",2022,45,0.32451,11.4475479452055,972.82,1292.574,11.4258273972603
"1141","bostonu",2022,46,0.32385,11.4475479452055,972.82,1292.574,11.4258273972603
"1142","bostonu",2022,47,0.32309,11.4475479452055,972.82,1292.574,11.4258273972603
"1143","bostonu",2022,48,0.32236,11.4475479452055,972.82,1292.574,11.4258273972603
"1144","bostonu",2022,49,0.32179,11.4475479452055,972.82,1292.574,11.4258273972603
"1145","bostonu",2022,50,0.32134,11.4475479452055,972.82,1292.574,11.4258273972603
"1146","bostonu",2022,51,0.3209,11.4475479452055,972.82,1292.574,11.4258273972603
"1147","bostonu",2022,52,0.32052,11.4475479452055,972.82,1292.574,11.4258273972603
"1148","bostonu",2022,53,0.32023,11.4475479452055,972.82,1292.574,11.4258273972603
"1149","bostonu",2022,54,0.32009,11.4475479452055,972.82,1292.574,11.4258273972603
"1150","bostonu",2022,55,0.32018,11.4475479452055,972.82,1292.574,11.4258273972603
"1151","bostonu",2022,56,0.32048,11.4475479452055,972.82,1292.574,11.4258273972603
"1152","bostonu",2022,57,0.32086,11.4475479452055,972.82,1292.574,11.4258273972603
"1153","bostonu",2022,58,0.32119,11.4475479452055,972.82,1292.574,11.4258273972603
"1154","bostonu",2022,59,0.32134,11.4475479452055,972.82,1292.574,11.4258273972603
"1155","bostonu",2022,60,0.32126,11.4475479452055,972.82,1292.574,11.4258273972603
"1156","bostonu",2022,61,0.32107,11.4475479452055,972.82,1292.574,11.4258273972603
"1157","bostonu",2022,62,0.32083,11.4475479452055,972.82,1292.574,11.4258273972603
"1158","bostonu",2022,63,0.3206,11.4475479452055,972.82,1292.574,11.4258273972603
"1159","bostonu",2022,64,0.32045,11.4475479452055,972.82,1292.574,11.4258273972603
"1160","bostonu",2022,65,0.32039,11.4475479452055,972.82,1292.574,11.4258273972603
"1161","bostonu",2022,66,0.3204,11.4475479452055,972.82,1292.574,11.4258273972603
"1162","bostonu",2022,67,0.32044,11.4475479452055,972.82,1292.574,11.4258273972603
"1163","bostonu",2022,68,0.3205,11.4475479452055,972.82,1292.574,11.4258273972603
"1164","bostonu",2022,69,0.32054,11.4475479452055,972.82,1292.574,11.4258273972603
"1165","bostonu",2022,70,0.3206,11.4475479452055,972.82,1292.574,11.4258273972603
"1166","bostonu",2022,71,0.32069,11.4475479452055,972.82,1292.574,11.4258273972603
"1167","bostonu",2022,72,0.32078,11.4475479452055,972.82,1292.574,11.4258273972603
"1168","bostonu",2022,73,0.32083,11.4475479452055,972.82,1292.574,11.4258273972603
"1169","bostonu",2022,74,0.32079,11.4475479452055,972.82,1292.574,11.4258273972603
"1170","bostonu",2022,75,0.32069,11.4475479452055,972.82,1292.574,11.4258273972603
"1171","bostonu",2022,76,0.32055,11.4475479452055,972.82,1292.574,11.4258273972603
"1172","bostonu",2022,77,0.32036,11.4475479452055,972.82,1292.574,11.4258273972603
"1173","bostonu",2022,78,0.32011,11.4475479452055,972.82,1292.574,11.4258273972603
"1174","bostonu",2022,79,0.31981,11.4475479452055,972.82,1292.574,11.4258273972603
"1175","bostonu",2022,80,0.31947,11.4475479452055,972.82,1292.574,11.4258273972603
"1176","bostonu",2022,81,0.31899,11.4475479452055,972.82,1292.574,11.4258273972603
"1177","bostonu",2022,82,0.31835,11.4475479452055,972.82,1292.574,11.4258273972603
"1178","bostonu",2022,83,0.31769,11.4475479452055,972.82,1292.574,11.4258273972603
"1179","bostonu",2022,84,0.31713,11.4475479452055,972.82,1292.574,11.4258273972603
"1180","bostonu",2022,85,0.3168,11.4475479452055,972.82,1292.574,11.4258273972603
"1181","bostonu",2022,86,0.3167,11.4475479452055,972.82,1292.574,11.4258273972603
"1182","bostonu",2022,87,0.31669,11.4475479452055,972.82,1292.574,11.4258273972603
"1183","bostonu",2022,88,0.31677,11.4475479452055,972.82,1292.574,11.4258273972603
"1184","bostonu",2022,89,0.31693,11.4475479452055,972.82,1292.574,11.4258273972603
"1185","bostonu",2022,90,0.31715,11.4475479452055,972.82,1292.574,11.4258273972603
"1186","bostonu",2022,91,0.31752,11.4475479452055,972.82,1292.574,11.4258273972603
"1187","bostonu",2022,92,0.31807,11.4475479452055,972.82,1292.574,11.4258273972603
"1188","bostonu",2022,93,0.3187,11.4475479452055,972.82,1292.574,11.4258273972603
"1189","bostonu",2022,94,0.31934,11.4475479452055,972.82,1292.574,11.4258273972603
"1190","bostonu",2022,95,0.31991,11.4475479452055,972.82,1292.574,11.4258273972603
"1191","bostonu",2022,96,0.32042,11.4475479452055,972.82,1292.574,11.4258273972603
"1192","bostonu",2022,97,0.32096,11.4475479452055,972.82,1292.574,11.4258273972603
"1193","bostonu",2022,98,0.32148,11.4475479452055,972.82,1292.574,11.4258273972603
"1194","bostonu",2022,99,0.32193,11.4475479452055,972.82,1292.574,11.4258273972603
"1195","bostonu",2022,100,0.32225,11.4475479452055,972.82,1292.574,11.4258273972603
"1196","bostonu",2022,101,0.32246,11.4475479452055,972.82,1292.574,11.4258273972603
"1197","bostonu",2022,102,0.32259,11.4475479452055,972.82,1292.574,11.4258273972603
"1198","bostonu",2022,103,0.32266,11.4475479452055,972.82,1292.574,11.4258273972603
"1199","bostonu",2022,104,0.32271,11.4475479452055,972.82,1292.574,11.4258273972603
"1200","bostonu",2022,105,0.32275,11.4475479452055,972.82,1292.574,11.4258273972603
"1201","bostonu",2022,106,0.32272,11.4475479452055,972.82,1292.574,11.4258273972603
"1202","bostonu",2022,107,0.32259,11.4475479452055,972.82,1292.574,11.4258273972603
"1203","bostonu",2022,108,0.32242,11.4475479452055,972.82,1292.574,11.4258273972603
"1204","bostonu",2022,109,0.32228,11.4475479452055,972.82,1292.574,11.4258273972603
"1205","bostonu",2022,110,0.32224,11.4475479452055,972.82,1292.574,11.4258273972603
"1206","bostonu",2022,111,0.32228,11.4475479452055,972.82,1292.574,11.4258273972603
"1207","bostonu",2022,112,0.32234,11.4475479452055,972.82,1292.574,11.4258273972603
"1208","bostonu",2022,113,0.32244,11.4475479452055,972.82,1292.574,11.4258273972603
"1209","bostonu",2022,114,0.3226,11.4475479452055,972.82,1292.574,11.4258273972603
"1210","bostonu",2022,115,0.32284,11.4475479452055,972.82,1292.574,11.4258273972603
"1211","bostonu",2022,116,0.32317,11.4475479452055,972.82,1292.574,11.4258273972603
"1212","bostonu",2022,117,0.32357,11.4475479452055,972.82,1292.574,11.4258273972603
"1213","bostonu",2022,118,0.32403,11.4475479452055,972.82,1292.574,11.4258273972603
"1214","bostonu",2022,119,0.32455,11.4475479452055,972.82,1292.574,11.4258273972603
"1215","bostonu",2022,120,0.32511,11.4475479452055,972.82,1292.574,11.4258273972603
"1216","bostonu",2022,121,0.32559,11.4475479452055,972.82,1292.574,11.4258273972603
"1217","bostonu",2022,122,0.32596,11.4475479452055,972.82,1292.574,11.4258273972603
"1218","bostonu",2022,123,0.32636,11.4475479452055,972.82,1292.574,11.4258273972603
"1219","bostonu",2022,124,0.32696,11.4475479452055,972.82,1292.574,11.4258273972603
"1220","bostonu",2022,125,0.3279,11.4475479452055,972.82,1292.574,11.4258273972603
"1221","bostonu",2022,126,0.32899,11.4475479452055,972.82,1292.574,11.4258273972603
"1222","bostonu",2022,127,0.33009,11.4475479452055,972.82,1292.574,11.4258273972603
"1223","bostonu",2022,128,0.33146,11.4475479452055,972.82,1292.574,11.4258273972603
"1224","bostonu",2022,129,0.33334,11.4475479452055,972.82,1292.574,11.4258273972603
"1225","bostonu",2022,130,0.336,11.4475479452055,972.82,1292.574,11.4258273972603
"1226","bostonu",2022,131,0.33976,11.4475479452055,972.82,1292.574,11.4258273972603
"1227","bostonu",2022,132,0.34446,11.4475479452055,972.82,1292.574,11.4258273972603
"1228","bostonu",2022,133,0.34964,11.4475479452055,972.82,1292.574,11.4258273972603
"1229","bostonu",2022,134,0.35485,11.4475479452055,972.82,1292.574,11.4258273972603
"1230","bostonu",2022,135,0.35962,11.4475479452055,972.82,1292.574,11.4258273972603
"1231","bostonu",2022,136,0.36447,11.4475479452055,972.82,1292.574,11.4258273972603
"1232","bostonu",2022,137,0.36982,11.4475479452055,972.82,1292.574,11.4258273972603
"1233","bostonu",2022,138,0.3751,11.4475479452055,972.82,1292.574,11.4258273972603
"1234","bostonu",2022,139,0.37971,11.4475479452055,972.82,1292.574,11.4258273972603
"1235","bostonu",2022,140,0.38308,11.4475479452055,972.82,1292.574,11.4258273972603
"1236","bostonu",2022,141,0.38513,11.4475479452055,972.82,1292.574,11.4258273972603
"1237","bostonu",2022,142,0.38633,11.4475479452055,972.82,1292.574,11.4258273972603
"1238","bostonu",2022,143,0.38692,11.4475479452055,972.82,1292.574,11.4258273972603
"1239","bostonu",2022,144,0.38714,11.4475479452055,972.82,1292.574,11.4258273972603
"1240","bostonu",2022,145,0.38722,11.4475479452055,972.82,1292.574,11.4258273972603
"1241","bostonu",2022,146,0.38693,11.4475479452055,972.82,1292.574,11.4258273972603
"1242","bostonu",2022,147,0.38604,11.4475479452055,972.82,1292.574,11.4258273972603
"1243","bostonu",2022,148,0.38484,11.4475479452055,972.82,1292.574,11.4258273972603
"1244","bostonu",2022,149,0.3836,11.4475479452055,972.82,1292.574,11.4258273972603
"1245","bostonu",2022,150,0.38259,11.4475479452055,972.82,1292.574,11.4258273972603
"1246","bostonu",2022,151,0.38186,11.4475479452055,972.82,1292.574,11.4258273972603
"1247","bostonu",2022,152,0.3812,11.4475479452055,972.82,1292.574,11.4258273972603
"1248","bostonu",2022,153,0.38049,11.4475479452055,972.82,1292.574,11.4258273972603
"1249","bostonu",2022,154,0.37964,11.4475479452055,972.82,1292.574,11.4258273972603
"1250","bostonu",2022,155,0.37854,11.4475479452055,972.82,1292.574,11.4258273972603
"1251","bostonu",2022,156,0.37679,11.4475479452055,972.82,1292.574,11.4258273972603
"1252","bostonu",2022,157,0.37463,11.4475479452055,972.82,1292.574,11.4258273972603
"1253","bostonu",2022,158,0.37292,11.4475479452055,972.82,1292.574,11.4258273972603
"1254","bostonu",2022,159,0.37183,11.4475479452055,972.82,1292.574,11.4258273972603
"1255","bostonu",2022,160,0.37087,11.4475479452055,972.82,1292.574,11.4258273972603
"1256","bostonu",2022,161,0.36988,11.4475479452055,972.82,1292.574,11.4258273972603
"1257","bostonu",2022,162,0.3689,11.4475479452055,972.82,1292.574,11.4258273972603
"1258","bostonu",2022,163,0.36803,11.4475479452055,972.82,1292.574,11.4258273972603
"1259","bostonu",2022,164,0.36722,11.4475479452055,972.82,1292.574,11.4258273972603
"1260","bostonu",2022,165,0.36644,11.4475479452055,972.82,1292.574,11.4258273972603
"1261","bostonu",2022,166,0.36562,11.4475479452055,972.82,1292.574,11.4258273972603
"1262","bostonu",2022,167,0.3646,11.4475479452055,972.82,1292.574,11.4258273972603
"1263","bostonu",2022,168,0.36337,11.4475479452055,972.82,1292.574,11.4258273972603
"1264","bostonu",2022,169,0.36215,11.4475479452055,972.82,1292.574,11.4258273972603
"1265","bostonu",2022,170,0.36116,11.4475479452055,972.82,1292.574,11.4258273972603
"1266","bostonu",2022,171,0.3606,11.4475479452055,972.82,1292.574,11.4258273972603
"1267","bostonu",2022,172,0.3606,11.4475479452055,972.82,1292.574,11.4258273972603
"1268","bostonu",2022,173,0.36102,11.4475479452055,972.82,1292.574,11.4258273972603
"1269","bostonu",2022,174,0.36168,11.4475479452055,972.82,1292.574,11.4258273972603
"1270","bostonu",2022,175,0.36239,11.4475479452055,972.82,1292.574,11.4258273972603
"1271","bostonu",2022,176,0.36297,11.4475479452055,972.82,1292.574,11.4258273972603
"1272","bostonu",2022,177,0.36363,11.4475479452055,972.82,1292.574,11.4258273972603
"1273","bostonu",2022,178,0.36455,11.4475479452055,972.82,1292.574,11.4258273972603
"1274","bostonu",2022,179,0.36547,11.4475479452055,972.82,1292.574,11.4258273972603
"1275","bostonu",2022,180,0.36618,11.4475479452055,972.82,1292.574,11.4258273972603
"1276","bostonu",2022,181,0.36642,11.4475479452055,972.82,1292.574,11.4258273972603
"1277","bostonu",2022,182,0.36601,11.4475479452055,972.82,1292.574,11.4258273972603
"1278","bostonu",2022,183,0.36513,11.4475479452055,972.82,1292.574,11.4258273972603
"1279","bostonu",2022,184,0.36407,11.4475479452055,972.82,1292.574,11.4258273972603
"1280","bostonu",2022,185,0.36309,11.4475479452055,972.82,1292.574,11.4258273972603
"1281","bostonu",2022,186,0.36249,11.4475479452055,972.82,1292.574,11.4258273972603
"1282","bostonu",2022,187,0.36227,11.4475479452055,972.82,1292.574,11.4258273972603
"1283","bostonu",2022,188,0.36221,11.4475479452055,972.82,1292.574,11.4258273972603
"1284","bostonu",2022,189,0.36224,11.4475479452055,972.82,1292.574,11.4258273972603
"1285","bostonu",2022,190,0.36229,11.4475479452055,972.82,1292.574,11.4258273972603
"1286","bostonu",2022,191,0.36231,11.4475479452055,972.82,1292.574,11.4258273972603
"1287","bostonu",2022,192,0.36229,11.4475479452055,972.82,1292.574,11.4258273972603
"1288","bostonu",2022,193,0.36231,11.4475479452055,972.82,1292.574,11.4258273972603
"1289","bostonu",2022,194,0.36239,11.4475479452055,972.82,1292.574,11.4258273972603
"1290","bostonu",2022,195,0.36258,11.4475479452055,972.82,1292.574,11.4258273972603
"1291","bostonu",2022,196,0.3629,11.4475479452055,972.82,1292.574,11.4258273972603
"1292","bostonu",2022,197,0.36343,11.4475479452055,972.82,1292.574,11.4258273972603
"1293","bostonu",2022,198,0.36414,11.4475479452055,972.82,1292.574,11.4258273972603
"1294","bostonu",2022,199,0.36489,11.4475479452055,972.82,1292.574,11.4258273972603
"1295","bostonu",2022,200,0.36557,11.4475479452055,972.82,1292.574,11.4258273972603
"1296","bostonu",2022,201,0.36603,11.4475479452055,972.82,1292.574,11.4258273972603
"1297","bostonu",2022,202,0.36631,11.4475479452055,972.82,1292.574,11.4258273972603
"1298","bostonu",2022,203,0.36651,11.4475479452055,972.82,1292.574,11.4258273972603
"1299","bostonu",2022,204,0.36665,11.4475479452055,972.82,1292.574,11.4258273972603
"1300","bostonu",2022,205,0.36671,11.4475479452055,972.82,1292.574,11.4258273972603
"1301","bostonu",2022,206,0.3667,11.4475479452055,972.82,1292.574,11.4258273972603
"1302","bostonu",2022,207,0.36651,11.4475479452055,972.82,1292.574,11.4258273972603
"1303","bostonu",2022,208,0.36611,11.4475479452055,972.82,1292.574,11.4258273972603
"1304","bostonu",2022,209,0.36566,11.4475479452055,972.82,1292.574,11.4258273972603
"1305","bostonu",2022,210,0.3653,11.4475479452055,972.82,1292.574,11.4258273972603
"1306","bostonu",2022,211,0.36518,11.4475479452055,972.82,1292.574,11.4258273972603
"1307","bostonu",2022,212,0.36539,11.4475479452055,972.82,1292.574,11.4258273972603
"1308","bostonu",2022,213,0.36584,11.4475479452055,972.82,1292.574,11.4258273972603
"1309","bostonu",2022,214,0.36638,11.4475479452055,972.82,1292.574,11.4258273972603
"1310","bostonu",2022,215,0.36686,11.4475479452055,972.82,1292.574,11.4258273972603
"1311","bostonu",2022,216,0.36714,11.4475479452055,972.82,1292.574,11.4258273972603
"1312","bostonu",2022,217,0.36728,11.4475479452055,972.82,1292.574,11.4258273972603
"1313","bostonu",2022,218,0.36739,11.4475479452055,972.82,1292.574,11.4258273972603
"1314","bostonu",2022,219,0.36744,11.4475479452055,972.82,1292.574,11.4258273972603
"1315","bostonu",2022,220,0.36737,11.4475479452055,972.82,1292.574,11.4258273972603
"1316","bostonu",2022,221,0.36712,11.4475479452055,972.82,1292.574,11.4258273972603
"1317","bostonu",2022,222,0.36655,11.4475479452055,972.82,1292.574,11.4258273972603
"1318","bostonu",2022,223,0.36566,11.4475479452055,972.82,1292.574,11.4258273972603
"1319","bostonu",2022,224,0.36466,11.4475479452055,972.82,1292.574,11.4258273972603
"1320","bostonu",2022,225,0.36377,11.4475479452055,972.82,1292.574,11.4258273972603
"1321","bostonu",2022,226,0.36319,11.4475479452055,972.82,1292.574,11.4258273972603
"1322","bostonu",2022,227,0.3629,11.4475479452055,972.82,1292.574,11.4258273972603
"1323","bostonu",2022,228,0.36277,11.4475479452055,972.82,1292.574,11.4258273972603
"1324","bostonu",2022,229,0.36276,11.4475479452055,972.82,1292.574,11.4258273972603
"1325","bostonu",2022,230,0.36287,11.4475479452055,972.82,1292.574,11.4258273972603
"1326","bostonu",2022,231,0.36307,11.4475479452055,972.82,1292.574,11.4258273972603
"1327","bostonu",2022,232,0.3635,11.4475479452055,972.82,1292.574,11.4258273972603
"1328","bostonu",2022,233,0.3642,11.4475479452055,972.82,1292.574,11.4258273972603
"1329","bostonu",2022,234,0.36499,11.4475479452055,972.82,1292.574,11.4258273972603
"1330","bostonu",2022,235,0.36567,11.4475479452055,972.82,1292.574,11.4258273972603
"1331","bostonu",2022,236,0.36606,11.4475479452055,972.82,1292.574,11.4258273972603
"1332","bostonu",2022,237,0.36618,11.4475479452055,972.82,1292.574,11.4258273972603
"1333","bostonu",2022,238,0.36618,11.4475479452055,972.82,1292.574,11.4258273972603
"1334","bostonu",2022,239,0.3661,11.4475479452055,972.82,1292.574,11.4258273972603
"1335","bostonu",2022,240,0.36582,11.4475479452055,972.82,1292.574,11.4258273972603
"1336","bostonu",2022,241,0.36536,11.4475479452055,972.82,1292.574,11.4258273972603
"1337","bostonu",2022,242,0.36498,11.4475479452055,972.82,1292.574,11.4258273972603
"1338","bostonu",2022,243,0.36474,11.4475479452055,972.82,1292.574,11.4258273972603
"1339","bostonu",2022,244,0.36456,11.4475479452055,972.82,1292.574,11.4258273972603
"1340","bostonu",2022,245,0.36438,11.4475479452055,972.82,1292.574,11.4258273972603
"1341","bostonu",2022,246,0.36419,11.4475479452055,972.82,1292.574,11.4258273972603
"1342","bostonu",2022,247,0.36395,11.4475479452055,972.82,1292.574,11.4258273972603
"1343","bostonu",2022,248,0.36365,11.4475479452055,972.82,1292.574,11.4258273972603
"1344","bostonu",2022,249,0.3633,11.4475479452055,972.82,1292.574,11.4258273972603
"1345","bostonu",2022,250,0.3629,11.4475479452055,972.82,1292.574,11.4258273972603
"1346","bostonu",2022,251,0.36246,11.4475479452055,972.82,1292.574,11.4258273972603
"1347","bostonu",2022,252,0.36198,11.4475479452055,972.82,1292.574,11.4258273972603
"1348","bostonu",2022,253,0.36138,11.4475479452055,972.82,1292.574,11.4258273972603
"1349","bostonu",2022,254,0.36062,11.4475479452055,972.82,1292.574,11.4258273972603
"1350","bostonu",2022,255,0.35975,11.4475479452055,972.82,1292.574,11.4258273972603
"1351","bostonu",2022,256,0.35882,11.4475479452055,972.82,1292.574,11.4258273972603
"1352","bostonu",2022,257,0.35786,11.4475479452055,972.82,1292.574,11.4258273972603
"1353","bostonu",2022,258,0.35681,11.4475479452055,972.82,1292.574,11.4258273972603
"1354","bostonu",2022,259,0.35564,11.4475479452055,972.82,1292.574,11.4258273972603
"1355","bostonu",2022,260,0.35453,11.4475479452055,972.82,1292.574,11.4258273972603
"1356","bostonu",2022,261,0.35363,11.4475479452055,972.82,1292.574,11.4258273972603
"1357","bostonu",2022,262,0.35311,11.4475479452055,972.82,1292.574,11.4258273972603
"1358","bostonu",2022,263,0.35323,11.4475479452055,972.82,1292.574,11.4258273972603
"1359","bostonu",2022,264,0.35388,11.4475479452055,972.82,1292.574,11.4258273972603
"1360","bostonu",2022,265,0.3547,11.4475479452055,972.82,1292.574,11.4258273972603
"1361","bostonu",2022,266,0.35533,11.4475479452055,972.82,1292.574,11.4258273972603
"1362","bostonu",2022,267,0.35541,11.4475479452055,972.82,1292.574,11.4258273972603
"1363","bostonu",2022,268,0.35494,11.4475479452055,972.82,1292.574,11.4258273972603
"1364","bostonu",2022,269,0.35419,11.4475479452055,972.82,1292.574,11.4258273972603
"1365","bostonu",2022,270,0.35322,11.4475479452055,972.82,1292.574,11.4258273972603
"1366","bostonu",2022,271,0.35207,11.4475479452055,972.82,1292.574,11.4258273972603
"1367","bostonu",2022,272,0.35081,11.4475479452055,972.82,1292.574,11.4258273972603
"1368","bostonu",2022,273,0.34923,11.4475479452055,972.82,1292.574,11.4258273972603
"1369","bostonu",2022,274,0.34728,11.4475479452055,972.82,1292.574,11.4258273972603
"1370","bostonu",2022,275,0.34523,11.4475479452055,972.82,1292.574,11.4258273972603
"1371","bostonu",2022,276,0.34332,11.4475479452055,972.82,1292.574,11.4258273972603
"1372","bostonu",2022,277,0.34184,11.4475479452055,972.82,1292.574,11.4258273972603
"1373","bostonu",2022,278,0.34101,11.4475479452055,972.82,1292.574,11.4258273972603
"1374","bostonu",2022,279,0.34066,11.4475479452055,972.82,1292.574,11.4258273972603
"1375","bostonu",2022,280,0.34047,11.4475479452055,972.82,1292.574,11.4258273972603
"1376","bostonu",2022,281,0.34015,11.4475479452055,972.82,1292.574,11.4258273972603
"1377","bostonu",2022,282,0.33938,11.4475479452055,972.82,1292.574,11.4258273972603
"1378","bostonu",2022,283,0.33798,11.4475479452055,972.82,1292.574,11.4258273972603
"1379","bostonu",2022,284,0.33617,11.4475479452055,972.82,1292.574,11.4258273972603
"1380","bostonu",2022,285,0.33415,11.4475479452055,972.82,1292.574,11.4258273972603
"1381","bostonu",2022,286,0.33216,11.4475479452055,972.82,1292.574,11.4258273972603
"1382","bostonu",2022,287,0.33042,11.4475479452055,972.82,1292.574,11.4258273972603
"1383","bostonu",2022,288,0.32884,11.4475479452055,972.82,1292.574,11.4258273972603
"1384","bostonu",2022,289,0.32725,11.4475479452055,972.82,1292.574,11.4258273972603
"1385","bostonu",2022,290,0.32571,11.4475479452055,972.82,1292.574,11.4258273972603
"1386","bostonu",2022,291,0.32429,11.4475479452055,972.82,1292.574,11.4258273972603
"1387","bostonu",2022,292,0.32306,11.4475479452055,972.82,1292.574,11.4258273972603
"1388","bostonu",2022,293,0.32205,11.4475479452055,972.82,1292.574,11.4258273972603
"1389","bostonu",2022,294,0.32124,11.4475479452055,972.82,1292.574,11.4258273972603
"1390","bostonu",2022,295,0.32058,11.4475479452055,972.82,1292.574,11.4258273972603
"1391","bostonu",2022,296,0.32004,11.4475479452055,972.82,1292.574,11.4258273972603
"1392","bostonu",2022,297,0.31958,11.4475479452055,972.82,1292.574,11.4258273972603
"1393","bostonu",2022,298,0.31929,11.4475479452055,972.82,1292.574,11.4258273972603
"1394","bostonu",2022,299,0.31921,11.4475479452055,972.82,1292.574,11.4258273972603
"1395","bostonu",2022,300,0.31922,11.4475479452055,972.82,1292.574,11.4258273972603
"1396","bostonu",2022,301,0.31921,11.4475479452055,972.82,1292.574,11.4258273972603
"1397","bostonu",2022,302,0.31908,11.4475479452055,972.82,1292.574,11.4258273972603
"1398","bostonu",2022,303,0.31878,11.4475479452055,972.82,1292.574,11.4258273972603
"1399","bostonu",2022,304,0.3184,11.4475479452055,972.82,1292.574,11.4258273972603
"1400","bostonu",2022,305,0.31797,11.4475479452055,972.82,1292.574,11.4258273972603
"1401","bostonu",2022,306,0.31755,11.4475479452055,972.82,1292.574,11.4258273972603
"1402","bostonu",2022,307,0.31715,11.4475479452055,972.82,1292.574,11.4258273972603
"1403","bostonu",2022,308,0.31682,11.4475479452055,972.82,1292.574,11.4258273972603
"1404","bostonu",2022,309,0.31654,11.4475479452055,972.82,1292.574,11.4258273972603
"1405","bostonu",2022,310,0.31629,11.4475479452055,972.82,1292.574,11.4258273972603
"1406","bostonu",2022,311,0.31606,11.4475479452055,972.82,1292.574,11.4258273972603
"1407","bostonu",2022,312,0.31582,11.4475479452055,972.82,1292.574,11.4258273972603
"1408","bostonu",2022,313,0.31549,11.4475479452055,972.82,1292.574,11.4258273972603
"1409","bostonu",2022,314,0.31508,11.4475479452055,972.82,1292.574,11.4258273972603
"1410","bostonu",2022,315,0.31468,11.4475479452055,972.82,1292.574,11.4258273972603
"1411","bostonu",2022,316,0.31439,11.4475479452055,972.82,1292.574,11.4258273972603
"1412","bostonu",2022,317,0.31429,11.4475479452055,972.82,1292.574,11.4258273972603
"1413","bostonu",2022,318,0.31451,11.4475479452055,972.82,1292.574,11.4258273972603
"1414","bostonu",2022,319,0.31497,11.4475479452055,972.82,1292.574,11.4258273972603
"1415","bostonu",2022,320,0.31554,11.4475479452055,972.82,1292.574,11.4258273972603
"1416","bostonu",2022,321,0.31607,11.4475479452055,972.82,1292.574,11.4258273972603
"1417","bostonu",2022,322,0.31642,11.4475479452055,972.82,1292.574,11.4258273972603
"1418","bostonu",2022,323,0.31664,11.4475479452055,972.82,1292.574,11.4258273972603
"1419","bostonu",2022,324,0.31685,11.4475479452055,972.82,1292.574,11.4258273972603
"1420","bostonu",2022,325,0.31698,11.4475479452055,972.82,1292.574,11.4258273972603
"1421","bostonu",2022,326,0.31698,11.4475479452055,972.82,1292.574,11.4258273972603
"1422","bostonu",2022,327,0.31676,11.4475479452055,972.82,1292.574,11.4258273972603
"1423","bostonu",2022,328,0.31613,11.4475479452055,972.82,1292.574,11.4258273972603
"1424","bostonu",2022,329,0.31512,11.4475479452055,972.82,1292.574,11.4258273972603
"1425","bostonu",2022,330,0.31399,11.4475479452055,972.82,1292.574,11.4258273972603
"1426","bostonu",2022,331,0.31303,11.4475479452055,972.82,1292.574,11.4258273972603
"1427","bostonu",2022,332,0.3125,11.4475479452055,972.82,1292.574,11.4258273972603
"1428","bostonu",2022,333,0.31249,11.4475479452055,972.82,1292.574,11.4258273972603
"1429","bostonu",2022,334,0.31281,11.4475479452055,972.82,1292.574,11.4258273972603
"1430","bostonu",2022,335,0.3133,11.4475479452055,972.82,1292.574,11.4258273972603
"1431","bostonu",2022,336,0.31382,11.4475479452055,972.82,1292.574,11.4258273972603
"1432","bostonu",2022,337,0.31421,11.4475479452055,972.82,1292.574,11.4258273972603
"1433","bostonu",2022,338,0.31455,11.4475479452055,972.82,1292.574,11.4258273972603
"1434","bostonu",2022,339,0.31496,11.4475479452055,972.82,1292.574,11.4258273972603
"1435","bostonu",2022,340,0.31539,11.4475479452055,972.82,1292.574,11.4258273972603
"1436","bostonu",2022,341,0.31576,11.4475479452055,972.82,1292.574,11.4258273972603
"1437","bostonu",2022,342,0.31601,11.4475479452055,972.82,1292.574,11.4258273972603
"1438","bostonu",2022,343,0.31607,11.4475479452055,972.82,1292.574,11.4258273972603
"1439","bostonu",2022,344,0.31599,11.4475479452055,972.82,1292.574,11.4258273972603
"1440","bostonu",2022,345,0.31586,11.4475479452055,972.82,1292.574,11.4258273972603
"1441","bostonu",2022,346,0.3158,11.4475479452055,972.82,1292.574,11.4258273972603
"1442","bostonu",2022,347,0.31591,11.4475479452055,972.82,1292.574,11.4258273972603
"1443","bostonu",2022,348,0.31622,11.4475479452055,972.82,1292.574,11.4258273972603
"1444","bostonu",2022,349,0.31665,11.4475479452055,972.82,1292.574,11.4258273972603
"1445","bostonu",2022,350,0.31713,11.4475479452055,972.82,1292.574,11.4258273972603
"1446","bostonu",2022,351,0.31758,11.4475479452055,972.82,1292.574,11.4258273972603
"1447","bostonu",2022,352,0.31795,11.4475479452055,972.82,1292.574,11.4258273972603
"1448","bostonu",2022,353,0.31826,11.4475479452055,972.82,1292.574,11.4258273972603
"1449","bostonu",2022,354,0.31859,11.4475479452055,972.82,1292.574,11.4258273972603
"1450","bostonu",2022,355,0.31891,11.4475479452055,972.82,1292.574,11.4258273972603
"1451","bostonu",2022,356,0.31923,11.4475479452055,972.82,1292.574,11.4258273972603
"1452","bostonu",2022,357,0.31953,11.4475479452055,972.82,1292.574,11.4258273972603
"1453","bostonu",2022,358,0.31986,11.4475479452055,972.82,1292.574,11.4258273972603
"1454","bostonu",2022,359,0.32019,11.4475479452055,972.82,1292.574,11.4258273972603
"1455","bostonu",2022,360,0.32046,11.4475479452055,972.82,1292.574,11.4258273972603
"1456","bostonu",2022,361,0.3206,11.4475479452055,972.82,1292.574,11.4258273972603
"1457","bostonu",2022,362,0.32052,11.4475479452055,972.82,1292.574,11.4258273972603
"1458","bostonu",2022,363,0.32012,11.4475479452055,972.82,1292.574,11.4258273972603
"1459","bostonu",2022,364,0.31943,11.4475479452055,972.82,1292.574,11.4258273972603
"1460","bostonu",2022,365,0.31864,11.4475479452055,972.82,1292.574,11.4258273972603
"1461","bostonu",2023,1,0.31794,11.7699863013699,1498.3,1292.574,11.4258273972603
"1462","bostonu",2023,2,0.31751,11.7699863013699,1498.3,1292.574,11.4258273972603
"1463","bostonu",2023,3,0.31734,11.7699863013699,1498.3,1292.574,11.4258273972603
"1464","bostonu",2023,4,0.31726,11.7699863013699,1498.3,1292.574,11.4258273972603
"1465","bostonu",2023,5,0.31724,11.7699863013699,1498.3,1292.574,11.4258273972603
"1466","bostonu",2023,6,0.31725,11.7699863013699,1498.3,1292.574,11.4258273972603
"1467","bostonu",2023,7,0.31726,11.7699863013699,1498.3,1292.574,11.4258273972603
"1468","bostonu",2023,8,0.31747,11.7699863013699,1498.3,1292.574,11.4258273972603
"1469","bostonu",2023,9,0.31795,11.7699863013699,1498.3,1292.574,11.4258273972603
"1470","bostonu",2023,10,0.31852,11.7699863013699,1498.3,1292.574,11.4258273972603
"1471","bostonu",2023,11,0.319,11.7699863013699,1498.3,1292.574,11.4258273972603
"1472","bostonu",2023,12,0.31921,11.7699863013699,1498.3,1292.574,11.4258273972603
"1473","bostonu",2023,13,0.31895,11.7699863013699,1498.3,1292.574,11.4258273972603
"1474","bostonu",2023,14,0.31832,11.7699863013699,1498.3,1292.574,11.4258273972603
"1475","bostonu",2023,15,0.31756,11.7699863013699,1498.3,1292.574,11.4258273972603
"1476","bostonu",2023,16,0.31693,11.7699863013699,1498.3,1292.574,11.4258273972603
"1477","bostonu",2023,17,0.31668,11.7699863013699,1498.3,1292.574,11.4258273972603
"1478","bostonu",2023,18,0.31692,11.7699863013699,1498.3,1292.574,11.4258273972603
"1479","bostonu",2023,19,0.31745,11.7699863013699,1498.3,1292.574,11.4258273972603
"1480","bostonu",2023,20,0.31811,11.7699863013699,1498.3,1292.574,11.4258273972603
"1481","bostonu",2023,21,0.31872,11.7699863013699,1498.3,1292.574,11.4258273972603
"1482","bostonu",2023,22,0.31913,11.7699863013699,1498.3,1292.574,11.4258273972603
"1483","bostonu",2023,23,0.31941,11.7699863013699,1498.3,1292.574,11.4258273972603
"1484","bostonu",2023,24,0.31973,11.7699863013699,1498.3,1292.574,11.4258273972603
"1485","bostonu",2023,25,0.32005,11.7699863013699,1498.3,1292.574,11.4258273972603
"1486","bostonu",2023,26,0.32034,11.7699863013699,1498.3,1292.574,11.4258273972603
"1487","bostonu",2023,27,0.32054,11.7699863013699,1498.3,1292.574,11.4258273972603
"1488","bostonu",2023,28,0.32051,11.7699863013699,1498.3,1292.574,11.4258273972603
"1489","bostonu",2023,29,0.32022,11.7699863013699,1498.3,1292.574,11.4258273972603
"1490","bostonu",2023,30,0.31982,11.7699863013699,1498.3,1292.574,11.4258273972603
"1491","bostonu",2023,31,0.31946,11.7699863013699,1498.3,1292.574,11.4258273972603
"1492","bostonu",2023,32,0.3193,11.7699863013699,1498.3,1292.574,11.4258273972603
"1493","bostonu",2023,33,0.31956,11.7699863013699,1498.3,1292.574,11.4258273972603
"1494","bostonu",2023,34,0.32007,11.7699863013699,1498.3,1292.574,11.4258273972603
"1495","bostonu",2023,35,0.32038,11.7699863013699,1498.3,1292.574,11.4258273972603
"1496","bostonu",2023,36,0.32047,11.7699863013699,1498.3,1292.574,11.4258273972603
"1497","bostonu",2023,37,0.32057,11.7699863013699,1498.3,1292.574,11.4258273972603
"1498","bostonu",2023,38,0.32056,11.7699863013699,1498.3,1292.574,11.4258273972603
"1499","bostonu",2023,39,0.32038,11.7699863013699,1498.3,1292.574,11.4258273972603
"1500","bostonu",2023,40,0.32008,11.7699863013699,1498.3,1292.574,11.4258273972603
"1501","bostonu",2023,41,0.31972,11.7699863013699,1498.3,1292.574,11.4258273972603
"1502","bostonu",2023,42,0.31937,11.7699863013699,1498.3,1292.574,11.4258273972603
"1503","bostonu",2023,43,0.3191,11.7699863013699,1498.3,1292.574,11.4258273972603
"1504","bostonu",2023,44,0.31883,11.7699863013699,1498.3,1292.574,11.4258273972603
"1505","bostonu",2023,45,0.3185,11.7699863013699,1498.3,1292.574,11.4258273972603
"1506","bostonu",2023,46,0.31819,11.7699863013699,1498.3,1292.574,11.4258273972603
"1507","bostonu",2023,47,0.31797,11.7699863013699,1498.3,1292.574,11.4258273972603
"1508","bostonu",2023,48,0.31793,11.7699863013699,1498.3,1292.574,11.4258273972603
"1509","bostonu",2023,49,0.31816,11.7699863013699,1498.3,1292.574,11.4258273972603
"1510","bostonu",2023,50,0.31861,11.7699863013699,1498.3,1292.574,11.4258273972603
"1511","bostonu",2023,51,0.31912,11.7699863013699,1498.3,1292.574,11.4258273972603
"1512","bostonu",2023,52,0.31956,11.7699863013699,1498.3,1292.574,11.4258273972603
"1513","bostonu",2023,53,0.31977,11.7699863013699,1498.3,1292.574,11.4258273972603
"1514","bostonu",2023,54,0.31976,11.7699863013699,1498.3,1292.574,11.4258273972603
"1515","bostonu",2023,55,0.31966,11.7699863013699,1498.3,1292.574,11.4258273972603
"1516","bostonu",2023,56,0.31948,11.7699863013699,1498.3,1292.574,11.4258273972603
"1517","bostonu",2023,57,0.31924,11.7699863013699,1498.3,1292.574,11.4258273972603
"1518","bostonu",2023,58,0.31893,11.7699863013699,1498.3,1292.574,11.4258273972603
"1519","bostonu",2023,59,0.31845,11.7699863013699,1498.3,1292.574,11.4258273972603
"1520","bostonu",2023,60,0.31777,11.7699863013699,1498.3,1292.574,11.4258273972603
"1521","bostonu",2023,61,0.31703,11.7699863013699,1498.3,1292.574,11.4258273972603
"1522","bostonu",2023,62,0.31639,11.7699863013699,1498.3,1292.574,11.4258273972603
"1523","bostonu",2023,63,0.31599,11.7699863013699,1498.3,1292.574,11.4258273972603
"1524","bostonu",2023,64,0.31583,11.7699863013699,1498.3,1292.574,11.4258273972603
"1525","bostonu",2023,65,0.31579,11.7699863013699,1498.3,1292.574,11.4258273972603
"1526","bostonu",2023,66,0.31583,11.7699863013699,1498.3,1292.574,11.4258273972603
"1527","bostonu",2023,67,0.31592,11.7699863013699,1498.3,1292.574,11.4258273972603
"1528","bostonu",2023,68,0.31602,11.7699863013699,1498.3,1292.574,11.4258273972603
"1529","bostonu",2023,69,0.31617,11.7699863013699,1498.3,1292.574,11.4258273972603
"1530","bostonu",2023,70,0.31641,11.7699863013699,1498.3,1292.574,11.4258273972603
"1531","bostonu",2023,71,0.31672,11.7699863013699,1498.3,1292.574,11.4258273972603
"1532","bostonu",2023,72,0.31708,11.7699863013699,1498.3,1292.574,11.4258273972603
"1533","bostonu",2023,73,0.31746,11.7699863013699,1498.3,1292.574,11.4258273972603
"1534","bostonu",2023,74,0.31795,11.7699863013699,1498.3,1292.574,11.4258273972603
"1535","bostonu",2023,75,0.31857,11.7699863013699,1498.3,1292.574,11.4258273972603
"1536","bostonu",2023,76,0.31922,11.7699863013699,1498.3,1292.574,11.4258273972603
"1537","bostonu",2023,77,0.31979,11.7699863013699,1498.3,1292.574,11.4258273972603
"1538","bostonu",2023,78,0.32019,11.7699863013699,1498.3,1292.574,11.4258273972603
"1539","bostonu",2023,79,0.32041,11.7699863013699,1498.3,1292.574,11.4258273972603
"1540","bostonu",2023,80,0.32052,11.7699863013699,1498.3,1292.574,11.4258273972603
"1541","bostonu",2023,81,0.32054,11.7699863013699,1498.3,1292.574,11.4258273972603
"1542","bostonu",2023,82,0.3205,11.7699863013699,1498.3,1292.574,11.4258273972603
"1543","bostonu",2023,83,0.32041,11.7699863013699,1498.3,1292.574,11.4258273972603
"1544","bostonu",2023,84,0.32022,11.7699863013699,1498.3,1292.574,11.4258273972603
"1545","bostonu",2023,85,0.3199,11.7699863013699,1498.3,1292.574,11.4258273972603
"1546","bostonu",2023,86,0.31956,11.7699863013699,1498.3,1292.574,11.4258273972603
"1547","bostonu",2023,87,0.31928,11.7699863013699,1498.3,1292.574,11.4258273972603
"1548","bostonu",2023,88,0.31917,11.7699863013699,1498.3,1292.574,11.4258273972603
"1549","bostonu",2023,89,0.3192,11.7699863013699,1498.3,1292.574,11.4258273972603
"1550","bostonu",2023,90,0.3193,11.7699863013699,1498.3,1292.574,11.4258273972603
"1551","bostonu",2023,91,0.31944,11.7699863013699,1498.3,1292.574,11.4258273972603
"1552","bostonu",2023,92,0.31961,11.7699863013699,1498.3,1292.574,11.4258273972603
"1553","bostonu",2023,93,0.31979,11.7699863013699,1498.3,1292.574,11.4258273972603
"1554","bostonu",2023,94,0.32003,11.7699863013699,1498.3,1292.574,11.4258273972603
"1555","bostonu",2023,95,0.32035,11.7699863013699,1498.3,1292.574,11.4258273972603
"1556","bostonu",2023,96,0.32073,11.7699863013699,1498.3,1292.574,11.4258273972603
"1557","bostonu",2023,97,0.32113,11.7699863013699,1498.3,1292.574,11.4258273972603
"1558","bostonu",2023,98,0.3215,11.7699863013699,1498.3,1292.574,11.4258273972603
"1559","bostonu",2023,99,0.32189,11.7699863013699,1498.3,1292.574,11.4258273972603
"1560","bostonu",2023,100,0.3223,11.7699863013699,1498.3,1292.574,11.4258273972603
"1561","bostonu",2023,101,0.32271,11.7699863013699,1498.3,1292.574,11.4258273972603
"1562","bostonu",2023,102,0.32306,11.7699863013699,1498.3,1292.574,11.4258273972603
"1563","bostonu",2023,103,0.32332,11.7699863013699,1498.3,1292.574,11.4258273972603
"1564","bostonu",2023,104,0.3234,11.7699863013699,1498.3,1292.574,11.4258273972603
"1565","bostonu",2023,105,0.32333,11.7699863013699,1498.3,1292.574,11.4258273972603
"1566","bostonu",2023,106,0.32322,11.7699863013699,1498.3,1292.574,11.4258273972603
"1567","bostonu",2023,107,0.32316,11.7699863013699,1498.3,1292.574,11.4258273972603
"1568","bostonu",2023,108,0.32328,11.7699863013699,1498.3,1292.574,11.4258273972603
"1569","bostonu",2023,109,0.32358,11.7699863013699,1498.3,1292.574,11.4258273972603
"1570","bostonu",2023,110,0.32398,11.7699863013699,1498.3,1292.574,11.4258273972603
"1571","bostonu",2023,111,0.32445,11.7699863013699,1498.3,1292.574,11.4258273972603
"1572","bostonu",2023,112,0.32493,11.7699863013699,1498.3,1292.574,11.4258273972603
"1573","bostonu",2023,113,0.32537,11.7699863013699,1498.3,1292.574,11.4258273972603
"1574","bostonu",2023,114,0.32572,11.7699863013699,1498.3,1292.574,11.4258273972603
"1575","bostonu",2023,115,0.32599,11.7699863013699,1498.3,1292.574,11.4258273972603
"1576","bostonu",2023,116,0.32625,11.7699863013699,1498.3,1292.574,11.4258273972603
"1577","bostonu",2023,117,0.32658,11.7699863013699,1498.3,1292.574,11.4258273972603
"1578","bostonu",2023,118,0.32704,11.7699863013699,1498.3,1292.574,11.4258273972603
"1579","bostonu",2023,119,0.32734,11.7699863013699,1498.3,1292.574,11.4258273972603
"1580","bostonu",2023,120,0.32737,11.7699863013699,1498.3,1292.574,11.4258273972603
"1581","bostonu",2023,121,0.32753,11.7699863013699,1498.3,1292.574,11.4258273972603
"1582","bostonu",2023,122,0.32818,11.7699863013699,1498.3,1292.574,11.4258273972603
"1583","bostonu",2023,123,0.32971,11.7699863013699,1498.3,1292.574,11.4258273972603
"1584","bostonu",2023,124,0.33232,11.7699863013699,1498.3,1292.574,11.4258273972603
"1585","bostonu",2023,125,0.33576,11.7699863013699,1498.3,1292.574,11.4258273972603
"1586","bostonu",2023,126,0.33973,11.7699863013699,1498.3,1292.574,11.4258273972603
"1587","bostonu",2023,127,0.3439,11.7699863013699,1498.3,1292.574,11.4258273972603
"1588","bostonu",2023,128,0.34795,11.7699863013699,1498.3,1292.574,11.4258273972603
"1589","bostonu",2023,129,0.3524,11.7699863013699,1498.3,1292.574,11.4258273972603
"1590","bostonu",2023,130,0.35759,11.7699863013699,1498.3,1292.574,11.4258273972603
"1591","bostonu",2023,131,0.36292,11.7699863013699,1498.3,1292.574,11.4258273972603
"1592","bostonu",2023,132,0.36776,11.7699863013699,1498.3,1292.574,11.4258273972603
"1593","bostonu",2023,133,0.37153,11.7699863013699,1498.3,1292.574,11.4258273972603
"1594","bostonu",2023,134,0.37413,11.7699863013699,1498.3,1292.574,11.4258273972603
"1595","bostonu",2023,135,0.37604,11.7699863013699,1498.3,1292.574,11.4258273972603
"1596","bostonu",2023,136,0.37745,11.7699863013699,1498.3,1292.574,11.4258273972603
"1597","bostonu",2023,137,0.37856,11.7699863013699,1498.3,1292.574,11.4258273972603
"1598","bostonu",2023,138,0.37957,11.7699863013699,1498.3,1292.574,11.4258273972603
"1599","bostonu",2023,139,0.38032,11.7699863013699,1498.3,1292.574,11.4258273972603
"1600","bostonu",2023,140,0.38063,11.7699863013699,1498.3,1292.574,11.4258273972603
"1601","bostonu",2023,141,0.38068,11.7699863013699,1498.3,1292.574,11.4258273972603
"1602","bostonu",2023,142,0.38063,11.7699863013699,1498.3,1292.574,11.4258273972603
"1603","bostonu",2023,143,0.38066,11.7699863013699,1498.3,1292.574,11.4258273972603
"1604","bostonu",2023,144,0.38091,11.7699863013699,1498.3,1292.574,11.4258273972603
"1605","bostonu",2023,145,0.38124,11.7699863013699,1498.3,1292.574,11.4258273972603
"1606","bostonu",2023,146,0.38147,11.7699863013699,1498.3,1292.574,11.4258273972603
"1607","bostonu",2023,147,0.38136,11.7699863013699,1498.3,1292.574,11.4258273972603
"1608","bostonu",2023,148,0.38072,11.7699863013699,1498.3,1292.574,11.4258273972603
"1609","bostonu",2023,149,0.3793,11.7699863013699,1498.3,1292.574,11.4258273972603
"1610","bostonu",2023,150,0.37722,11.7699863013699,1498.3,1292.574,11.4258273972603
"1611","bostonu",2023,151,0.37484,11.7699863013699,1498.3,1292.574,11.4258273972603
"1612","bostonu",2023,152,0.37251,11.7699863013699,1498.3,1292.574,11.4258273972603
"1613","bostonu",2023,153,0.37058,11.7699863013699,1498.3,1292.574,11.4258273972603
"1614","bostonu",2023,154,0.36885,11.7699863013699,1498.3,1292.574,11.4258273972603
"1615","bostonu",2023,155,0.36701,11.7699863013699,1498.3,1292.574,11.4258273972603
"1616","bostonu",2023,156,0.36525,11.7699863013699,1498.3,1292.574,11.4258273972603
"1617","bostonu",2023,157,0.36378,11.7699863013699,1498.3,1292.574,11.4258273972603
"1618","bostonu",2023,158,0.36278,11.7699863013699,1498.3,1292.574,11.4258273972603
"1619","bostonu",2023,159,0.36249,11.7699863013699,1498.3,1292.574,11.4258273972603
"1620","bostonu",2023,160,0.36279,11.7699863013699,1498.3,1292.574,11.4258273972603
"1621","bostonu",2023,161,0.36337,11.7699863013699,1498.3,1292.574,11.4258273972603
"1622","bostonu",2023,162,0.3639,11.7699863013699,1498.3,1292.574,11.4258273972603
"1623","bostonu",2023,163,0.36405,11.7699863013699,1498.3,1292.574,11.4258273972603
"1624","bostonu",2023,164,0.36379,11.7699863013699,1498.3,1292.574,11.4258273972603
"1625","bostonu",2023,165,0.36336,11.7699863013699,1498.3,1292.574,11.4258273972603
"1626","bostonu",2023,166,0.36283,11.7699863013699,1498.3,1292.574,11.4258273972603
"1627","bostonu",2023,167,0.36229,11.7699863013699,1498.3,1292.574,11.4258273972603
"1628","bostonu",2023,168,0.36179,11.7699863013699,1498.3,1292.574,11.4258273972603
"1629","bostonu",2023,169,0.36127,11.7699863013699,1498.3,1292.574,11.4258273972603
"1630","bostonu",2023,170,0.36066,11.7699863013699,1498.3,1292.574,11.4258273972603
"1631","bostonu",2023,171,0.36005,11.7699863013699,1498.3,1292.574,11.4258273972603
"1632","bostonu",2023,172,0.35954,11.7699863013699,1498.3,1292.574,11.4258273972603
"1633","bostonu",2023,173,0.35922,11.7699863013699,1498.3,1292.574,11.4258273972603
"1634","bostonu",2023,174,0.35907,11.7699863013699,1498.3,1292.574,11.4258273972603
"1635","bostonu",2023,175,0.35898,11.7699863013699,1498.3,1292.574,11.4258273972603
"1636","bostonu",2023,176,0.35894,11.7699863013699,1498.3,1292.574,11.4258273972603
"1637","bostonu",2023,177,0.35896,11.7699863013699,1498.3,1292.574,11.4258273972603
"1638","bostonu",2023,178,0.35902,11.7699863013699,1498.3,1292.574,11.4258273972603
"1639","bostonu",2023,179,0.35927,11.7699863013699,1498.3,1292.574,11.4258273972603
"1640","bostonu",2023,180,0.35974,11.7699863013699,1498.3,1292.574,11.4258273972603
"1641","bostonu",2023,181,0.36033,11.7699863013699,1498.3,1292.574,11.4258273972603
"1642","bostonu",2023,182,0.3609,11.7699863013699,1498.3,1292.574,11.4258273972603
"1643","bostonu",2023,183,0.36134,11.7699863013699,1498.3,1292.574,11.4258273972603
"1644","bostonu",2023,184,0.36173,11.7699863013699,1498.3,1292.574,11.4258273972603
"1645","bostonu",2023,185,0.36215,11.7699863013699,1498.3,1292.574,11.4258273972603
"1646","bostonu",2023,186,0.36253,11.7699863013699,1498.3,1292.574,11.4258273972603
"1647","bostonu",2023,187,0.36277,11.7699863013699,1498.3,1292.574,11.4258273972603
"1648","bostonu",2023,188,0.36279,11.7699863013699,1498.3,1292.574,11.4258273972603
"1649","bostonu",2023,189,0.36245,11.7699863013699,1498.3,1292.574,11.4258273972603
"1650","bostonu",2023,190,0.3618,11.7699863013699,1498.3,1292.574,11.4258273972603
"1651","bostonu",2023,191,0.36102,11.7699863013699,1498.3,1292.574,11.4258273972603
"1652","bostonu",2023,192,0.36028,11.7699863013699,1498.3,1292.574,11.4258273972603
"1653","bostonu",2023,193,0.35978,11.7699863013699,1498.3,1292.574,11.4258273972603
"1654","bostonu",2023,194,0.35932,11.7699863013699,1498.3,1292.574,11.4258273972603
"1655","bostonu",2023,195,0.3588,11.7699863013699,1498.3,1292.574,11.4258273972603
"1656","bostonu",2023,196,0.35853,11.7699863013699,1498.3,1292.574,11.4258273972603
"1657","bostonu",2023,197,0.35881,11.7699863013699,1498.3,1292.574,11.4258273972603
"1658","bostonu",2023,198,0.35941,11.7699863013699,1498.3,1292.574,11.4258273972603
"1659","bostonu",2023,199,0.35989,11.7699863013699,1498.3,1292.574,11.4258273972603
"1660","bostonu",2023,200,0.36027,11.7699863013699,1498.3,1292.574,11.4258273972603
"1661","bostonu",2023,201,0.3608,11.7699863013699,1498.3,1292.574,11.4258273972603
"1662","bostonu",2023,202,0.36136,11.7699863013699,1498.3,1292.574,11.4258273972603
"1663","bostonu",2023,203,0.36181,11.7699863013699,1498.3,1292.574,11.4258273972603
"1664","bostonu",2023,204,0.362,11.7699863013699,1498.3,1292.574,11.4258273972603
"1665","bostonu",2023,205,0.36197,11.7699863013699,1498.3,1292.574,11.4258273972603
"1666","bostonu",2023,206,0.36181,11.7699863013699,1498.3,1292.574,11.4258273972603
"1667","bostonu",2023,207,0.36154,11.7699863013699,1498.3,1292.574,11.4258273972603
"1668","bostonu",2023,208,0.36114,11.7699863013699,1498.3,1292.574,11.4258273972603
"1669","bostonu",2023,209,0.36063,11.7699863013699,1498.3,1292.574,11.4258273972603
"1670","bostonu",2023,210,0.35978,11.7699863013699,1498.3,1292.574,11.4258273972603
"1671","bostonu",2023,211,0.35854,11.7699863013699,1498.3,1292.574,11.4258273972603
"1672","bostonu",2023,212,0.35718,11.7699863013699,1498.3,1292.574,11.4258273972603
"1673","bostonu",2023,213,0.35593,11.7699863013699,1498.3,1292.574,11.4258273972603
"1674","bostonu",2023,214,0.35505,11.7699863013699,1498.3,1292.574,11.4258273972603
"1675","bostonu",2023,215,0.35462,11.7699863013699,1498.3,1292.574,11.4258273972603
"1676","bostonu",2023,216,0.35447,11.7699863013699,1498.3,1292.574,11.4258273972603
"1677","bostonu",2023,217,0.35448,11.7699863013699,1498.3,1292.574,11.4258273972603
"1678","bostonu",2023,218,0.35456,11.7699863013699,1498.3,1292.574,11.4258273972603
"1679","bostonu",2023,219,0.35457,11.7699863013699,1498.3,1292.574,11.4258273972603
"1680","bostonu",2023,220,0.35457,11.7699863013699,1498.3,1292.574,11.4258273972603
"1681","bostonu",2023,221,0.3546,11.7699863013699,1498.3,1292.574,11.4258273972603
"1682","bostonu",2023,222,0.35462,11.7699863013699,1498.3,1292.574,11.4258273972603
"1683","bostonu",2023,223,0.35458,11.7699863013699,1498.3,1292.574,11.4258273972603
"1684","bostonu",2023,224,0.35443,11.7699863013699,1498.3,1292.574,11.4258273972603
"1685","bostonu",2023,225,0.35407,11.7699863013699,1498.3,1292.574,11.4258273972603
"1686","bostonu",2023,226,0.35353,11.7699863013699,1498.3,1292.574,11.4258273972603
"1687","bostonu",2023,227,0.35294,11.7699863013699,1498.3,1292.574,11.4258273972603
"1688","bostonu",2023,228,0.35245,11.7699863013699,1498.3,1292.574,11.4258273972603
"1689","bostonu",2023,229,0.3522,11.7699863013699,1498.3,1292.574,11.4258273972603
"1690","bostonu",2023,230,0.35235,11.7699863013699,1498.3,1292.574,11.4258273972603
"1691","bostonu",2023,231,0.35284,11.7699863013699,1498.3,1292.574,11.4258273972603
"1692","bostonu",2023,232,0.35349,11.7699863013699,1498.3,1292.574,11.4258273972603
"1693","bostonu",2023,233,0.3541,11.7699863013699,1498.3,1292.574,11.4258273972603
"1694","bostonu",2023,234,0.35448,11.7699863013699,1498.3,1292.574,11.4258273972603
"1695","bostonu",2023,235,0.35447,11.7699863013699,1498.3,1292.574,11.4258273972603
"1696","bostonu",2023,236,0.35416,11.7699863013699,1498.3,1292.574,11.4258273972603
"1697","bostonu",2023,237,0.35369,11.7699863013699,1498.3,1292.574,11.4258273972603
"1698","bostonu",2023,238,0.35323,11.7699863013699,1498.3,1292.574,11.4258273972603
"1699","bostonu",2023,239,0.35293,11.7699863013699,1498.3,1292.574,11.4258273972603
"1700","bostonu",2023,240,0.3529,11.7699863013699,1498.3,1292.574,11.4258273972603
"1701","bostonu",2023,241,0.35307,11.7699863013699,1498.3,1292.574,11.4258273972603
"1702","bostonu",2023,242,0.35337,11.7699863013699,1498.3,1292.574,11.4258273972603
"1703","bostonu",2023,243,0.35373,11.7699863013699,1498.3,1292.574,11.4258273972603
"1704","bostonu",2023,244,0.35407,11.7699863013699,1498.3,1292.574,11.4258273972603
"1705","bostonu",2023,245,0.35455,11.7699863013699,1498.3,1292.574,11.4258273972603
"1706","bostonu",2023,246,0.35524,11.7699863013699,1498.3,1292.574,11.4258273972603
"1707","bostonu",2023,247,0.35592,11.7699863013699,1498.3,1292.574,11.4258273972603
"1708","bostonu",2023,248,0.35635,11.7699863013699,1498.3,1292.574,11.4258273972603
"1709","bostonu",2023,249,0.35632,11.7699863013699,1498.3,1292.574,11.4258273972603
"1710","bostonu",2023,250,0.35562,11.7699863013699,1498.3,1292.574,11.4258273972603
"1711","bostonu",2023,251,0.35436,11.7699863013699,1498.3,1292.574,11.4258273972603
"1712","bostonu",2023,252,0.35281,11.7699863013699,1498.3,1292.574,11.4258273972603
"1713","bostonu",2023,253,0.35126,11.7699863013699,1498.3,1292.574,11.4258273972603
"1714","bostonu",2023,254,0.34995,11.7699863013699,1498.3,1292.574,11.4258273972603
"1715","bostonu",2023,255,0.34894,11.7699863013699,1498.3,1292.574,11.4258273972603
"1716","bostonu",2023,256,0.34804,11.7699863013699,1498.3,1292.574,11.4258273972603
"1717","bostonu",2023,257,0.34723,11.7699863013699,1498.3,1292.574,11.4258273972603
"1718","bostonu",2023,258,0.3465,11.7699863013699,1498.3,1292.574,11.4258273972603
"1719","bostonu",2023,259,0.34581,11.7699863013699,1498.3,1292.574,11.4258273972603
"1720","bostonu",2023,260,0.34517,11.7699863013699,1498.3,1292.574,11.4258273972603
"1721","bostonu",2023,261,0.34457,11.7699863013699,1498.3,1292.574,11.4258273972603
"1722","bostonu",2023,262,0.344,11.7699863013699,1498.3,1292.574,11.4258273972603
"1723","bostonu",2023,263,0.34346,11.7699863013699,1498.3,1292.574,11.4258273972603
"1724","bostonu",2023,264,0.34293,11.7699863013699,1498.3,1292.574,11.4258273972603
"1725","bostonu",2023,265,0.34237,11.7699863013699,1498.3,1292.574,11.4258273972603
"1726","bostonu",2023,266,0.34175,11.7699863013699,1498.3,1292.574,11.4258273972603
"1727","bostonu",2023,267,0.34115,11.7699863013699,1498.3,1292.574,11.4258273972603
"1728","bostonu",2023,268,0.34063,11.7699863013699,1498.3,1292.574,11.4258273972603
"1729","bostonu",2023,269,0.34026,11.7699863013699,1498.3,1292.574,11.4258273972603
"1730","bostonu",2023,270,0.34021,11.7699863013699,1498.3,1292.574,11.4258273972603
"1731","bostonu",2023,271,0.34049,11.7699863013699,1498.3,1292.574,11.4258273972603
"1732","bostonu",2023,272,0.34087,11.7699863013699,1498.3,1292.574,11.4258273972603
"1733","bostonu",2023,273,0.34111,11.7699863013699,1498.3,1292.574,11.4258273972603
"1734","bostonu",2023,274,0.34098,11.7699863013699,1498.3,1292.574,11.4258273972603
"1735","bostonu",2023,275,0.34037,11.7699863013699,1498.3,1292.574,11.4258273972603
"1736","bostonu",2023,276,0.33942,11.7699863013699,1498.3,1292.574,11.4258273972603
"1737","bostonu",2023,277,0.33833,11.7699863013699,1498.3,1292.574,11.4258273972603
"1738","bostonu",2023,278,0.33727,11.7699863013699,1498.3,1292.574,11.4258273972603
"1739","bostonu",2023,279,0.33646,11.7699863013699,1498.3,1292.574,11.4258273972603
"1740","bostonu",2023,280,0.33586,11.7699863013699,1498.3,1292.574,11.4258273972603
"1741","bostonu",2023,281,0.33531,11.7699863013699,1498.3,1292.574,11.4258273972603
"1742","bostonu",2023,282,0.33479,11.7699863013699,1498.3,1292.574,11.4258273972603
"1743","bostonu",2023,283,0.33426,11.7699863013699,1498.3,1292.574,11.4258273972603
"1744","bostonu",2023,284,0.33368,11.7699863013699,1498.3,1292.574,11.4258273972603
"1745","bostonu",2023,285,0.33309,11.7699863013699,1498.3,1292.574,11.4258273972603
"1746","bostonu",2023,286,0.33252,11.7699863013699,1498.3,1292.574,11.4258273972603
"1747","bostonu",2023,287,0.33189,11.7699863013699,1498.3,1292.574,11.4258273972603
"1748","bostonu",2023,288,0.33117,11.7699863013699,1498.3,1292.574,11.4258273972603
"1749","bostonu",2023,289,0.3303,11.7699863013699,1498.3,1292.574,11.4258273972603
"1750","bostonu",2023,290,0.32925,11.7699863013699,1498.3,1292.574,11.4258273972603
"1751","bostonu",2023,291,0.32808,11.7699863013699,1498.3,1292.574,11.4258273972603
"1752","bostonu",2023,292,0.32688,11.7699863013699,1498.3,1292.574,11.4258273972603
"1753","bostonu",2023,293,0.32572,11.7699863013699,1498.3,1292.574,11.4258273972603
"1754","bostonu",2023,294,0.32466,11.7699863013699,1498.3,1292.574,11.4258273972603
"1755","bostonu",2023,295,0.32364,11.7699863013699,1498.3,1292.574,11.4258273972603
"1756","bostonu",2023,296,0.32255,11.7699863013699,1498.3,1292.574,11.4258273972603
"1757","bostonu",2023,297,0.32149,11.7699863013699,1498.3,1292.574,11.4258273972603
"1758","bostonu",2023,298,0.32053,11.7699863013699,1498.3,1292.574,11.4258273972603
"1759","bostonu",2023,299,0.31975,11.7699863013699,1498.3,1292.574,11.4258273972603
"1760","bostonu",2023,300,0.31915,11.7699863013699,1498.3,1292.574,11.4258273972603
"1761","bostonu",2023,301,0.31865,11.7699863013699,1498.3,1292.574,11.4258273972603
"1762","bostonu",2023,302,0.31821,11.7699863013699,1498.3,1292.574,11.4258273972603
"1763","bostonu",2023,303,0.31779,11.7699863013699,1498.3,1292.574,11.4258273972603
"1764","bostonu",2023,304,0.31735,11.7699863013699,1498.3,1292.574,11.4258273972603
"1765","bostonu",2023,305,0.31696,11.7699863013699,1498.3,1292.574,11.4258273972603
"1766","bostonu",2023,306,0.31668,11.7699863013699,1498.3,1292.574,11.4258273972603
"1767","bostonu",2023,307,0.31646,11.7699863013699,1498.3,1292.574,11.4258273972603
"1768","bostonu",2023,308,0.31625,11.7699863013699,1498.3,1292.574,11.4258273972603
"1769","bostonu",2023,309,0.31601,11.7699863013699,1498.3,1292.574,11.4258273972603
"1770","bostonu",2023,310,0.31574,11.7699863013699,1498.3,1292.574,11.4258273972603
"1771","bostonu",2023,311,0.31548,11.7699863013699,1498.3,1292.574,11.4258273972603
"1772","bostonu",2023,312,0.31522,11.7699863013699,1498.3,1292.574,11.4258273972603
"1773","bostonu",2023,313,0.31491,11.7699863013699,1498.3,1292.574,11.4258273972603
"1774","bostonu",2023,314,0.31453,11.7699863013699,1498.3,1292.574,11.4258273972603
"1775","bostonu",2023,315,0.3141,11.7699863013699,1498.3,1292.574,11.4258273972603
"1776","bostonu",2023,316,0.31364,11.7699863013699,1498.3,1292.574,11.4258273972603
"1777","bostonu",2023,317,0.31314,11.7699863013699,1498.3,1292.574,11.4258273972603
"1778","bostonu",2023,318,0.3126,11.7699863013699,1498.3,1292.574,11.4258273972603
"1779","bostonu",2023,319,0.312,11.7699863013699,1498.3,1292.574,11.4258273972603
"1780","bostonu",2023,320,0.31117,11.7699863013699,1498.3,1292.574,11.4258273972603
"1781","bostonu",2023,321,0.3101,11.7699863013699,1498.3,1292.574,11.4258273972603
"1782","bostonu",2023,322,0.30897,11.7699863013699,1498.3,1292.574,11.4258273972603
"1783","bostonu",2023,323,0.30798,11.7699863013699,1498.3,1292.574,11.4258273972603
"1784","bostonu",2023,324,0.30734,11.7699863013699,1498.3,1292.574,11.4258273972603
"1785","bostonu",2023,325,0.30716,11.7699863013699,1498.3,1292.574,11.4258273972603
"1786","bostonu",2023,326,0.30732,11.7699863013699,1498.3,1292.574,11.4258273972603
"1787","bostonu",2023,327,0.30768,11.7699863013699,1498.3,1292.574,11.4258273972603
"1788","bostonu",2023,328,0.30809,11.7699863013699,1498.3,1292.574,11.4258273972603
"1789","bostonu",2023,329,0.3084,11.7699863013699,1498.3,1292.574,11.4258273972603
"1790","bostonu",2023,330,0.30861,11.7699863013699,1498.3,1292.574,11.4258273972603
"1791","bostonu",2023,331,0.30883,11.7699863013699,1498.3,1292.574,11.4258273972603
"1792","bostonu",2023,332,0.30906,11.7699863013699,1498.3,1292.574,11.4258273972603
"1793","bostonu",2023,333,0.30934,11.7699863013699,1498.3,1292.574,11.4258273972603
"1794","bostonu",2023,334,0.30969,11.7699863013699,1498.3,1292.574,11.4258273972603
"1795","bostonu",2023,335,0.31007,11.7699863013699,1498.3,1292.574,11.4258273972603
"1796","bostonu",2023,336,0.31047,11.7699863013699,1498.3,1292.574,11.4258273972603
"1797","bostonu",2023,337,0.31092,11.7699863013699,1498.3,1292.574,11.4258273972603
"1798","bostonu",2023,338,0.31145,11.7699863013699,1498.3,1292.574,11.4258273972603
"1799","bostonu",2023,339,0.31208,11.7699863013699,1498.3,1292.574,11.4258273972603
"1800","bostonu",2023,340,0.31296,11.7699863013699,1498.3,1292.574,11.4258273972603
"1801","bostonu",2023,341,0.3141,11.7699863013699,1498.3,1292.574,11.4258273972603
"1802","bostonu",2023,342,0.31532,11.7699863013699,1498.3,1292.574,11.4258273972603
"1803","bostonu",2023,343,0.31646,11.7699863013699,1498.3,1292.574,11.4258273972603
"1804","bostonu",2023,344,0.31734,11.7699863013699,1498.3,1292.574,11.4258273972603
"1805","bostonu",2023,345,0.31796,11.7699863013699,1498.3,1292.574,11.4258273972603
"1806","bostonu",2023,346,0.31845,11.7699863013699,1498.3,1292.574,11.4258273972603
"1807","bostonu",2023,347,0.31885,11.7699863013699,1498.3,1292.574,11.4258273972603
"1808","bostonu",2023,348,0.31919,11.7699863013699,1498.3,1292.574,11.4258273972603
"1809","bostonu",2023,349,0.3195,11.7699863013699,1498.3,1292.574,11.4258273972603
"1810","bostonu",2023,350,0.31978,11.7699863013699,1498.3,1292.574,11.4258273972603
"1811","bostonu",2023,351,0.32,11.7699863013699,1498.3,1292.574,11.4258273972603
"1812","bostonu",2023,352,0.32014,11.7699863013699,1498.3,1292.574,11.4258273972603
"1813","bostonu",2023,353,0.3202,11.7699863013699,1498.3,1292.574,11.4258273972603
"1814","bostonu",2023,354,0.32015,11.7699863013699,1498.3,1292.574,11.4258273972603
"1815","bostonu",2023,355,0.31995,11.7699863013699,1498.3,1292.574,11.4258273972603
"1816","bostonu",2023,356,0.31964,11.7699863013699,1498.3,1292.574,11.4258273972603
"1817","bostonu",2023,357,0.31935,11.7699863013699,1498.3,1292.574,11.4258273972603
"1818","bostonu",2023,358,0.31895,11.7699863013699,1498.3,1292.574,11.4258273972603
"1819","bostonu",2023,359,0.31841,11.7699863013699,1498.3,1292.574,11.4258273972603
"1820","bostonu",2023,360,0.31804,11.7699863013699,1498.3,1292.574,11.4258273972603
"1821","bostonu",2023,361,0.31775,11.7699863013699,1498.3,1292.574,11.4258273972603
"1822","bostonu",2023,362,0.31734,11.7699863013699,1498.3,1292.574,11.4258273972603
"1823","bostonu",2023,363,0.31696,11.7699863013699,1498.3,1292.574,11.4258273972603
"1824","bostonu",2023,364,0.31673,11.7699863013699,1498.3,1292.574,11.4258273972603
"1825","bostonu",2023,365,0.3168,11.7699863013699,1498.3,1292.574,11.4258273972603
