"","site","year","doy","smooth_gcc_90","annual_temp","annual_precip","map","mat"
"1","contactcreek",2011,1,0.33143,1.84095890410959,995.47,965.503333333333,1.62466210045662
"2","contactcreek",2011,2,0.33175,1.84095890410959,995.47,965.503333333333,1.62466210045662
"3","contactcreek",2011,3,0.33202,1.84095890410959,995.47,965.503333333333,1.62466210045662
"4","contactcreek",2011,4,0.33216,1.84095890410959,995.47,965.503333333333,1.62466210045662
"5","contactcreek",2011,5,0.33246,1.84095890410959,995.47,965.503333333333,1.62466210045662
"6","contactcreek",2011,6,0.33305,1.84095890410959,995.47,965.503333333333,1.62466210045662
"7","contactcreek",2011,7,0.33358,1.84095890410959,995.47,965.503333333333,1.62466210045662
"8","contactcreek",2011,8,0.33374,1.84095890410959,995.47,965.503333333333,1.62466210045662
"9","contactcreek",2011,9,0.33318,1.84095890410959,995.47,965.503333333333,1.62466210045662
"10","contactcreek",2011,10,0.33221,1.84095890410959,995.47,965.503333333333,1.62466210045662
"11","contactcreek",2011,11,0.33135,1.84095890410959,995.47,965.503333333333,1.62466210045662
"12","contactcreek",2011,12,0.33061,1.84095890410959,995.47,965.503333333333,1.62466210045662
"13","contactcreek",2011,13,0.33,1.84095890410959,995.47,965.503333333333,1.62466210045662
"14","contactcreek",2011,14,0.32953,1.84095890410959,995.47,965.503333333333,1.62466210045662
"15","contactcreek",2011,15,0.3292,1.84095890410959,995.47,965.503333333333,1.62466210045662
"16","contactcreek",2011,16,0.32896,1.84095890410959,995.47,965.503333333333,1.62466210045662
"17","contactcreek",2011,17,0.32877,1.84095890410959,995.47,965.503333333333,1.62466210045662
"18","contactcreek",2011,18,0.32862,1.84095890410959,995.47,965.503333333333,1.62466210045662
"19","contactcreek",2011,19,0.32852,1.84095890410959,995.47,965.503333333333,1.62466210045662
"20","contactcreek",2011,20,0.32846,1.84095890410959,995.47,965.503333333333,1.62466210045662
"21","contactcreek",2011,21,0.32846,1.84095890410959,995.47,965.503333333333,1.62466210045662
"22","contactcreek",2011,22,0.32854,1.84095890410959,995.47,965.503333333333,1.62466210045662
"23","contactcreek",2011,23,0.32867,1.84095890410959,995.47,965.503333333333,1.62466210045662
"24","contactcreek",2011,24,0.32881,1.84095890410959,995.47,965.503333333333,1.62466210045662
"25","contactcreek",2011,25,0.32893,1.84095890410959,995.47,965.503333333333,1.62466210045662
"26","contactcreek",2011,26,0.32908,1.84095890410959,995.47,965.503333333333,1.62466210045662
"27","contactcreek",2011,27,0.32928,1.84095890410959,995.47,965.503333333333,1.62466210045662
"28","contactcreek",2011,28,0.3295,1.84095890410959,995.47,965.503333333333,1.62466210045662
"29","contactcreek",2011,29,0.32969,1.84095890410959,995.47,965.503333333333,1.62466210045662
"30","contactcreek",2011,30,0.32982,1.84095890410959,995.47,965.503333333333,1.62466210045662
"31","contactcreek",2011,31,0.32988,1.84095890410959,995.47,965.503333333333,1.62466210045662
"32","contactcreek",2011,32,0.32989,1.84095890410959,995.47,965.503333333333,1.62466210045662
"33","contactcreek",2011,33,0.32987,1.84095890410959,995.47,965.503333333333,1.62466210045662
"34","contactcreek",2011,34,0.32983,1.84095890410959,995.47,965.503333333333,1.62466210045662
"35","contactcreek",2011,35,0.32978,1.84095890410959,995.47,965.503333333333,1.62466210045662
"36","contactcreek",2011,36,0.32964,1.84095890410959,995.47,965.503333333333,1.62466210045662
"37","contactcreek",2011,37,0.32942,1.84095890410959,995.47,965.503333333333,1.62466210045662
"38","contactcreek",2011,38,0.32928,1.84095890410959,995.47,965.503333333333,1.62466210045662
"39","contactcreek",2011,39,0.32917,1.84095890410959,995.47,965.503333333333,1.62466210045662
"40","contactcreek",2011,40,0.32905,1.84095890410959,995.47,965.503333333333,1.62466210045662
"41","contactcreek",2011,41,0.32899,1.84095890410959,995.47,965.503333333333,1.62466210045662
"42","contactcreek",2011,42,0.329,1.84095890410959,995.47,965.503333333333,1.62466210045662
"43","contactcreek",2011,43,0.32905,1.84095890410959,995.47,965.503333333333,1.62466210045662
"44","contactcreek",2011,44,0.32914,1.84095890410959,995.47,965.503333333333,1.62466210045662
"45","contactcreek",2011,45,0.32925,1.84095890410959,995.47,965.503333333333,1.62466210045662
"46","contactcreek",2011,46,0.32938,1.84095890410959,995.47,965.503333333333,1.62466210045662
"47","contactcreek",2011,47,0.32957,1.84095890410959,995.47,965.503333333333,1.62466210045662
"48","contactcreek",2011,48,0.32983,1.84095890410959,995.47,965.503333333333,1.62466210045662
"49","contactcreek",2011,49,0.33011,1.84095890410959,995.47,965.503333333333,1.62466210045662
"50","contactcreek",2011,50,0.33037,1.84095890410959,995.47,965.503333333333,1.62466210045662
"51","contactcreek",2011,51,0.33055,1.84095890410959,995.47,965.503333333333,1.62466210045662
"52","contactcreek",2011,52,0.33069,1.84095890410959,995.47,965.503333333333,1.62466210045662
"53","contactcreek",2011,53,0.33084,1.84095890410959,995.47,965.503333333333,1.62466210045662
"54","contactcreek",2011,54,0.33096,1.84095890410959,995.47,965.503333333333,1.62466210045662
"55","contactcreek",2011,55,0.33105,1.84095890410959,995.47,965.503333333333,1.62466210045662
"56","contactcreek",2011,56,0.33108,1.84095890410959,995.47,965.503333333333,1.62466210045662
"57","contactcreek",2011,57,0.331,1.84095890410959,995.47,965.503333333333,1.62466210045662
"58","contactcreek",2011,58,0.33085,1.84095890410959,995.47,965.503333333333,1.62466210045662
"59","contactcreek",2011,59,0.33072,1.84095890410959,995.47,965.503333333333,1.62466210045662
"60","contactcreek",2011,60,0.33056,1.84095890410959,995.47,965.503333333333,1.62466210045662
"61","contactcreek",2011,61,0.33034,1.84095890410959,995.47,965.503333333333,1.62466210045662
"62","contactcreek",2011,62,0.33018,1.84095890410959,995.47,965.503333333333,1.62466210045662
"63","contactcreek",2011,63,0.33008,1.84095890410959,995.47,965.503333333333,1.62466210045662
"64","contactcreek",2011,64,0.32998,1.84095890410959,995.47,965.503333333333,1.62466210045662
"65","contactcreek",2011,65,0.32989,1.84095890410959,995.47,965.503333333333,1.62466210045662
"66","contactcreek",2011,66,0.32983,1.84095890410959,995.47,965.503333333333,1.62466210045662
"67","contactcreek",2011,67,0.32983,1.84095890410959,995.47,965.503333333333,1.62466210045662
"68","contactcreek",2011,68,0.32991,1.84095890410959,995.47,965.503333333333,1.62466210045662
"69","contactcreek",2011,69,0.33006,1.84095890410959,995.47,965.503333333333,1.62466210045662
"70","contactcreek",2011,70,0.33024,1.84095890410959,995.47,965.503333333333,1.62466210045662
"71","contactcreek",2011,71,0.33042,1.84095890410959,995.47,965.503333333333,1.62466210045662
"72","contactcreek",2011,72,0.33055,1.84095890410959,995.47,965.503333333333,1.62466210045662
"73","contactcreek",2011,73,0.33065,1.84095890410959,995.47,965.503333333333,1.62466210045662
"74","contactcreek",2011,74,0.33076,1.84095890410959,995.47,965.503333333333,1.62466210045662
"75","contactcreek",2011,75,0.33086,1.84095890410959,995.47,965.503333333333,1.62466210045662
"76","contactcreek",2011,76,0.33094,1.84095890410959,995.47,965.503333333333,1.62466210045662
"77","contactcreek",2011,77,0.33098,1.84095890410959,995.47,965.503333333333,1.62466210045662
"78","contactcreek",2011,78,0.33096,1.84095890410959,995.47,965.503333333333,1.62466210045662
"79","contactcreek",2011,79,0.33089,1.84095890410959,995.47,965.503333333333,1.62466210045662
"80","contactcreek",2011,80,0.33084,1.84095890410959,995.47,965.503333333333,1.62466210045662
"81","contactcreek",2011,81,0.33079,1.84095890410959,995.47,965.503333333333,1.62466210045662
"82","contactcreek",2011,82,0.33071,1.84095890410959,995.47,965.503333333333,1.62466210045662
"83","contactcreek",2011,83,0.33065,1.84095890410959,995.47,965.503333333333,1.62466210045662
"84","contactcreek",2011,84,0.33062,1.84095890410959,995.47,965.503333333333,1.62466210045662
"85","contactcreek",2011,85,0.3306,1.84095890410959,995.47,965.503333333333,1.62466210045662
"86","contactcreek",2011,86,0.33058,1.84095890410959,995.47,965.503333333333,1.62466210045662
"87","contactcreek",2011,87,0.33057,1.84095890410959,995.47,965.503333333333,1.62466210045662
"88","contactcreek",2011,88,0.33054,1.84095890410959,995.47,965.503333333333,1.62466210045662
"89","contactcreek",2011,89,0.3305,1.84095890410959,995.47,965.503333333333,1.62466210045662
"90","contactcreek",2011,90,0.33046,1.84095890410959,995.47,965.503333333333,1.62466210045662
"91","contactcreek",2011,91,0.33041,1.84095890410959,995.47,965.503333333333,1.62466210045662
"92","contactcreek",2011,92,0.33037,1.84095890410959,995.47,965.503333333333,1.62466210045662
"93","contactcreek",2011,93,0.33035,1.84095890410959,995.47,965.503333333333,1.62466210045662
"94","contactcreek",2011,94,0.33038,1.84095890410959,995.47,965.503333333333,1.62466210045662
"95","contactcreek",2011,95,0.33046,1.84095890410959,995.47,965.503333333333,1.62466210045662
"96","contactcreek",2011,96,0.33055,1.84095890410959,995.47,965.503333333333,1.62466210045662
"97","contactcreek",2011,97,0.33062,1.84095890410959,995.47,965.503333333333,1.62466210045662
"98","contactcreek",2011,98,0.33061,1.84095890410959,995.47,965.503333333333,1.62466210045662
"99","contactcreek",2011,99,0.3306,1.84095890410959,995.47,965.503333333333,1.62466210045662
"100","contactcreek",2011,100,0.33061,1.84095890410959,995.47,965.503333333333,1.62466210045662
"101","contactcreek",2011,101,0.33052,1.84095890410959,995.47,965.503333333333,1.62466210045662
"102","contactcreek",2011,102,0.33028,1.84095890410959,995.47,965.503333333333,1.62466210045662
"103","contactcreek",2011,103,0.32998,1.84095890410959,995.47,965.503333333333,1.62466210045662
"104","contactcreek",2011,104,0.32965,1.84095890410959,995.47,965.503333333333,1.62466210045662
"105","contactcreek",2011,105,0.32924,1.84095890410959,995.47,965.503333333333,1.62466210045662
"106","contactcreek",2011,106,0.32869,1.84095890410959,995.47,965.503333333333,1.62466210045662
"107","contactcreek",2011,107,0.32809,1.84095890410959,995.47,965.503333333333,1.62466210045662
"108","contactcreek",2011,108,0.32753,1.84095890410959,995.47,965.503333333333,1.62466210045662
"109","contactcreek",2011,109,0.32712,1.84095890410959,995.47,965.503333333333,1.62466210045662
"110","contactcreek",2011,110,0.32684,1.84095890410959,995.47,965.503333333333,1.62466210045662
"111","contactcreek",2011,111,0.32664,1.84095890410959,995.47,965.503333333333,1.62466210045662
"112","contactcreek",2011,112,0.32648,1.84095890410959,995.47,965.503333333333,1.62466210045662
"113","contactcreek",2011,113,0.32635,1.84095890410959,995.47,965.503333333333,1.62466210045662
"114","contactcreek",2011,114,0.32621,1.84095890410959,995.47,965.503333333333,1.62466210045662
"115","contactcreek",2011,115,0.3261,1.84095890410959,995.47,965.503333333333,1.62466210045662
"116","contactcreek",2011,116,0.32604,1.84095890410959,995.47,965.503333333333,1.62466210045662
"117","contactcreek",2011,117,0.326,1.84095890410959,995.47,965.503333333333,1.62466210045662
"118","contactcreek",2011,118,0.32596,1.84095890410959,995.47,965.503333333333,1.62466210045662
"119","contactcreek",2011,119,0.32587,1.84095890410959,995.47,965.503333333333,1.62466210045662
"120","contactcreek",2011,120,0.32572,1.84095890410959,995.47,965.503333333333,1.62466210045662
"121","contactcreek",2011,121,0.32555,1.84095890410959,995.47,965.503333333333,1.62466210045662
"122","contactcreek",2011,122,0.3254,1.84095890410959,995.47,965.503333333333,1.62466210045662
"123","contactcreek",2011,123,0.32519,1.84095890410959,995.47,965.503333333333,1.62466210045662
"124","contactcreek",2011,124,0.32493,1.84095890410959,995.47,965.503333333333,1.62466210045662
"125","contactcreek",2011,125,0.32476,1.84095890410959,995.47,965.503333333333,1.62466210045662
"126","contactcreek",2011,126,0.32474,1.84095890410959,995.47,965.503333333333,1.62466210045662
"127","contactcreek",2011,127,0.3248,1.84095890410959,995.47,965.503333333333,1.62466210045662
"128","contactcreek",2011,128,0.32489,1.84095890410959,995.47,965.503333333333,1.62466210045662
"129","contactcreek",2011,129,0.32499,1.84095890410959,995.47,965.503333333333,1.62466210045662
"130","contactcreek",2011,130,0.32507,1.84095890410959,995.47,965.503333333333,1.62466210045662
"131","contactcreek",2011,131,0.32512,1.84095890410959,995.47,965.503333333333,1.62466210045662
"132","contactcreek",2011,132,0.32518,1.84095890410959,995.47,965.503333333333,1.62466210045662
"133","contactcreek",2011,133,0.32526,1.84095890410959,995.47,965.503333333333,1.62466210045662
"134","contactcreek",2011,134,0.32534,1.84095890410959,995.47,965.503333333333,1.62466210045662
"135","contactcreek",2011,135,0.32544,1.84095890410959,995.47,965.503333333333,1.62466210045662
"136","contactcreek",2011,136,0.32551,1.84095890410959,995.47,965.503333333333,1.62466210045662
"137","contactcreek",2011,137,0.32552,1.84095890410959,995.47,965.503333333333,1.62466210045662
"138","contactcreek",2011,138,0.32554,1.84095890410959,995.47,965.503333333333,1.62466210045662
"139","contactcreek",2011,139,0.32561,1.84095890410959,995.47,965.503333333333,1.62466210045662
"140","contactcreek",2011,140,0.32581,1.84095890410959,995.47,965.503333333333,1.62466210045662
"141","contactcreek",2011,141,0.32607,1.84095890410959,995.47,965.503333333333,1.62466210045662
"142","contactcreek",2011,142,0.32636,1.84095890410959,995.47,965.503333333333,1.62466210045662
"143","contactcreek",2011,143,0.32677,1.84095890410959,995.47,965.503333333333,1.62466210045662
"144","contactcreek",2011,144,0.32739,1.84095890410959,995.47,965.503333333333,1.62466210045662
"145","contactcreek",2011,145,0.32818,1.84095890410959,995.47,965.503333333333,1.62466210045662
"146","contactcreek",2011,146,0.3289,1.84095890410959,995.47,965.503333333333,1.62466210045662
"147","contactcreek",2011,147,0.32962,1.84095890410959,995.47,965.503333333333,1.62466210045662
"148","contactcreek",2011,148,0.33047,1.84095890410959,995.47,965.503333333333,1.62466210045662
"149","contactcreek",2011,149,0.33135,1.84095890410959,995.47,965.503333333333,1.62466210045662
"150","contactcreek",2011,150,0.33216,1.84095890410959,995.47,965.503333333333,1.62466210045662
"151","contactcreek",2011,151,0.33279,1.84095890410959,995.47,965.503333333333,1.62466210045662
"152","contactcreek",2011,152,0.33332,1.84095890410959,995.47,965.503333333333,1.62466210045662
"153","contactcreek",2011,153,0.33381,1.84095890410959,995.47,965.503333333333,1.62466210045662
"154","contactcreek",2011,154,0.33419,1.84095890410959,995.47,965.503333333333,1.62466210045662
"155","contactcreek",2011,155,0.33434,1.84095890410959,995.47,965.503333333333,1.62466210045662
"156","contactcreek",2011,156,0.33432,1.84095890410959,995.47,965.503333333333,1.62466210045662
"157","contactcreek",2011,157,0.33435,1.84095890410959,995.47,965.503333333333,1.62466210045662
"158","contactcreek",2011,158,0.33439,1.84095890410959,995.47,965.503333333333,1.62466210045662
"159","contactcreek",2011,159,0.33431,1.84095890410959,995.47,965.503333333333,1.62466210045662
"160","contactcreek",2011,160,0.33419,1.84095890410959,995.47,965.503333333333,1.62466210045662
"161","contactcreek",2011,161,0.33409,1.84095890410959,995.47,965.503333333333,1.62466210045662
"162","contactcreek",2011,162,0.33408,1.84095890410959,995.47,965.503333333333,1.62466210045662
"163","contactcreek",2011,163,0.33413,1.84095890410959,995.47,965.503333333333,1.62466210045662
"164","contactcreek",2011,164,0.3342,1.84095890410959,995.47,965.503333333333,1.62466210045662
"165","contactcreek",2011,165,0.3343,1.84095890410959,995.47,965.503333333333,1.62466210045662
"166","contactcreek",2011,166,0.33448,1.84095890410959,995.47,965.503333333333,1.62466210045662
"167","contactcreek",2011,167,0.33472,1.84095890410959,995.47,965.503333333333,1.62466210045662
"168","contactcreek",2011,168,0.33493,1.84095890410959,995.47,965.503333333333,1.62466210045662
"169","contactcreek",2011,169,0.33509,1.84095890410959,995.47,965.503333333333,1.62466210045662
"170","contactcreek",2011,170,0.33525,1.84095890410959,995.47,965.503333333333,1.62466210045662
"171","contactcreek",2011,171,0.33542,1.84095890410959,995.47,965.503333333333,1.62466210045662
"172","contactcreek",2011,172,0.33563,1.84095890410959,995.47,965.503333333333,1.62466210045662
"173","contactcreek",2011,173,0.3359,1.84095890410959,995.47,965.503333333333,1.62466210045662
"174","contactcreek",2011,174,0.33625,1.84095890410959,995.47,965.503333333333,1.62466210045662
"175","contactcreek",2011,175,0.33665,1.84095890410959,995.47,965.503333333333,1.62466210045662
"176","contactcreek",2011,176,0.33709,1.84095890410959,995.47,965.503333333333,1.62466210045662
"177","contactcreek",2011,177,0.33753,1.84095890410959,995.47,965.503333333333,1.62466210045662
"178","contactcreek",2011,178,0.33794,1.84095890410959,995.47,965.503333333333,1.62466210045662
"179","contactcreek",2011,179,0.33837,1.84095890410959,995.47,965.503333333333,1.62466210045662
"180","contactcreek",2011,180,0.33885,1.84095890410959,995.47,965.503333333333,1.62466210045662
"181","contactcreek",2011,181,0.33934,1.84095890410959,995.47,965.503333333333,1.62466210045662
"182","contactcreek",2011,182,0.3398,1.84095890410959,995.47,965.503333333333,1.62466210045662
"183","contactcreek",2011,183,0.34019,1.84095890410959,995.47,965.503333333333,1.62466210045662
"184","contactcreek",2011,184,0.34035,1.84095890410959,995.47,965.503333333333,1.62466210045662
"185","contactcreek",2011,185,0.34035,1.84095890410959,995.47,965.503333333333,1.62466210045662
"186","contactcreek",2011,186,0.34053,1.84095890410959,995.47,965.503333333333,1.62466210045662
"187","contactcreek",2011,187,0.34083,1.84095890410959,995.47,965.503333333333,1.62466210045662
"188","contactcreek",2011,188,0.34109,1.84095890410959,995.47,965.503333333333,1.62466210045662
"189","contactcreek",2011,189,0.34152,1.84095890410959,995.47,965.503333333333,1.62466210045662
"190","contactcreek",2011,190,0.34227,1.84095890410959,995.47,965.503333333333,1.62466210045662
"191","contactcreek",2011,191,0.34324,1.84095890410959,995.47,965.503333333333,1.62466210045662
"192","contactcreek",2011,192,0.3443,1.84095890410959,995.47,965.503333333333,1.62466210045662
"193","contactcreek",2011,193,0.34527,1.84095890410959,995.47,965.503333333333,1.62466210045662
"194","contactcreek",2011,194,0.34601,1.84095890410959,995.47,965.503333333333,1.62466210045662
"195","contactcreek",2011,195,0.3465,1.84095890410959,995.47,965.503333333333,1.62466210045662
"196","contactcreek",2011,196,0.34689,1.84095890410959,995.47,965.503333333333,1.62466210045662
"197","contactcreek",2011,197,0.34725,1.84095890410959,995.47,965.503333333333,1.62466210045662
"198","contactcreek",2011,198,0.34764,1.84095890410959,995.47,965.503333333333,1.62466210045662
"199","contactcreek",2011,199,0.34812,1.84095890410959,995.47,965.503333333333,1.62466210045662
"200","contactcreek",2011,200,0.34857,1.84095890410959,995.47,965.503333333333,1.62466210045662
"201","contactcreek",2011,201,0.34889,1.84095890410959,995.47,965.503333333333,1.62466210045662
"202","contactcreek",2011,202,0.34918,1.84095890410959,995.47,965.503333333333,1.62466210045662
"203","contactcreek",2011,203,0.34958,1.84095890410959,995.47,965.503333333333,1.62466210045662
"204","contactcreek",2011,204,0.3502,1.84095890410959,995.47,965.503333333333,1.62466210045662
"205","contactcreek",2011,205,0.35126,1.84095890410959,995.47,965.503333333333,1.62466210045662
"206","contactcreek",2011,206,0.35262,1.84095890410959,995.47,965.503333333333,1.62466210045662
"207","contactcreek",2011,207,0.35383,1.84095890410959,995.47,965.503333333333,1.62466210045662
"208","contactcreek",2011,208,0.35526,1.84095890410959,995.47,965.503333333333,1.62466210045662
"209","contactcreek",2011,209,0.35703,1.84095890410959,995.47,965.503333333333,1.62466210045662
"210","contactcreek",2011,210,0.3583,1.84095890410959,995.47,965.503333333333,1.62466210045662
"211","contactcreek",2011,211,0.35888,1.84095890410959,995.47,965.503333333333,1.62466210045662
"212","contactcreek",2011,212,0.3592,1.84095890410959,995.47,965.503333333333,1.62466210045662
"213","contactcreek",2011,213,0.35934,1.84095890410959,995.47,965.503333333333,1.62466210045662
"214","contactcreek",2011,214,0.35938,1.84095890410959,995.47,965.503333333333,1.62466210045662
"215","contactcreek",2011,215,0.35939,1.84095890410959,995.47,965.503333333333,1.62466210045662
"216","contactcreek",2011,216,0.35934,1.84095890410959,995.47,965.503333333333,1.62466210045662
"217","contactcreek",2011,217,0.35912,1.84095890410959,995.47,965.503333333333,1.62466210045662
"218","contactcreek",2011,218,0.35877,1.84095890410959,995.47,965.503333333333,1.62466210045662
"219","contactcreek",2011,219,0.35829,1.84095890410959,995.47,965.503333333333,1.62466210045662
"220","contactcreek",2011,220,0.35772,1.84095890410959,995.47,965.503333333333,1.62466210045662
"221","contactcreek",2011,221,0.35698,1.84095890410959,995.47,965.503333333333,1.62466210045662
"222","contactcreek",2011,222,0.35606,1.84095890410959,995.47,965.503333333333,1.62466210045662
"223","contactcreek",2011,223,0.3551,1.84095890410959,995.47,965.503333333333,1.62466210045662
"224","contactcreek",2011,224,0.35424,1.84095890410959,995.47,965.503333333333,1.62466210045662
"225","contactcreek",2011,225,0.3536,1.84095890410959,995.47,965.503333333333,1.62466210045662
"226","contactcreek",2011,226,0.35319,1.84095890410959,995.47,965.503333333333,1.62466210045662
"227","contactcreek",2011,227,0.35284,1.84095890410959,995.47,965.503333333333,1.62466210045662
"228","contactcreek",2011,228,0.35243,1.84095890410959,995.47,965.503333333333,1.62466210045662
"229","contactcreek",2011,229,0.35198,1.84095890410959,995.47,965.503333333333,1.62466210045662
"230","contactcreek",2011,230,0.35157,1.84095890410959,995.47,965.503333333333,1.62466210045662
"231","contactcreek",2011,231,0.35108,1.84095890410959,995.47,965.503333333333,1.62466210045662
"232","contactcreek",2011,232,0.35051,1.84095890410959,995.47,965.503333333333,1.62466210045662
"233","contactcreek",2011,233,0.34994,1.84095890410959,995.47,965.503333333333,1.62466210045662
"234","contactcreek",2011,234,0.34938,1.84095890410959,995.47,965.503333333333,1.62466210045662
"235","contactcreek",2011,235,0.34883,1.84095890410959,995.47,965.503333333333,1.62466210045662
"236","contactcreek",2011,236,0.34831,1.84095890410959,995.47,965.503333333333,1.62466210045662
"237","contactcreek",2011,237,0.34772,1.84095890410959,995.47,965.503333333333,1.62466210045662
"238","contactcreek",2011,238,0.34702,1.84095890410959,995.47,965.503333333333,1.62466210045662
"239","contactcreek",2011,239,0.3463,1.84095890410959,995.47,965.503333333333,1.62466210045662
"240","contactcreek",2011,240,0.34564,1.84095890410959,995.47,965.503333333333,1.62466210045662
"241","contactcreek",2011,241,0.34514,1.84095890410959,995.47,965.503333333333,1.62466210045662
"242","contactcreek",2011,242,0.34488,1.84095890410959,995.47,965.503333333333,1.62466210045662
"243","contactcreek",2011,243,0.34482,1.84095890410959,995.47,965.503333333333,1.62466210045662
"244","contactcreek",2011,244,0.34486,1.84095890410959,995.47,965.503333333333,1.62466210045662
"245","contactcreek",2011,245,0.34486,1.84095890410959,995.47,965.503333333333,1.62466210045662
"246","contactcreek",2011,246,0.34471,1.84095890410959,995.47,965.503333333333,1.62466210045662
"247","contactcreek",2011,247,0.34434,1.84095890410959,995.47,965.503333333333,1.62466210045662
"248","contactcreek",2011,248,0.34386,1.84095890410959,995.47,965.503333333333,1.62466210045662
"249","contactcreek",2011,249,0.34347,1.84095890410959,995.47,965.503333333333,1.62466210045662
"250","contactcreek",2011,250,0.34301,1.84095890410959,995.47,965.503333333333,1.62466210045662
"251","contactcreek",2011,251,0.3424,1.84095890410959,995.47,965.503333333333,1.62466210045662
"252","contactcreek",2011,252,0.342,1.84095890410959,995.47,965.503333333333,1.62466210045662
"253","contactcreek",2011,253,0.34194,1.84095890410959,995.47,965.503333333333,1.62466210045662
"254","contactcreek",2011,254,0.3421,1.84095890410959,995.47,965.503333333333,1.62466210045662
"255","contactcreek",2011,255,0.34236,1.84095890410959,995.47,965.503333333333,1.62466210045662
"256","contactcreek",2011,256,0.3426,1.84095890410959,995.47,965.503333333333,1.62466210045662
"257","contactcreek",2011,257,0.34272,1.84095890410959,995.47,965.503333333333,1.62466210045662
"258","contactcreek",2011,258,0.34275,1.84095890410959,995.47,965.503333333333,1.62466210045662
"259","contactcreek",2011,259,0.34278,1.84095890410959,995.47,965.503333333333,1.62466210045662
"260","contactcreek",2011,260,0.34278,1.84095890410959,995.47,965.503333333333,1.62466210045662
"261","contactcreek",2011,261,0.34274,1.84095890410959,995.47,965.503333333333,1.62466210045662
"262","contactcreek",2011,262,0.34263,1.84095890410959,995.47,965.503333333333,1.62466210045662
"263","contactcreek",2011,263,0.34243,1.84095890410959,995.47,965.503333333333,1.62466210045662
"264","contactcreek",2011,264,0.34213,1.84095890410959,995.47,965.503333333333,1.62466210045662
"265","contactcreek",2011,265,0.34179,1.84095890410959,995.47,965.503333333333,1.62466210045662
"266","contactcreek",2011,266,0.34144,1.84095890410959,995.47,965.503333333333,1.62466210045662
"267","contactcreek",2011,267,0.34113,1.84095890410959,995.47,965.503333333333,1.62466210045662
"268","contactcreek",2011,268,0.34086,1.84095890410959,995.47,965.503333333333,1.62466210045662
"269","contactcreek",2011,269,0.3406,1.84095890410959,995.47,965.503333333333,1.62466210045662
"270","contactcreek",2011,270,0.34032,1.84095890410959,995.47,965.503333333333,1.62466210045662
"271","contactcreek",2011,271,0.34005,1.84095890410959,995.47,965.503333333333,1.62466210045662
"272","contactcreek",2011,272,0.33981,1.84095890410959,995.47,965.503333333333,1.62466210045662
"273","contactcreek",2011,273,0.33951,1.84095890410959,995.47,965.503333333333,1.62466210045662
"274","contactcreek",2011,274,0.33908,1.84095890410959,995.47,965.503333333333,1.62466210045662
"275","contactcreek",2011,275,0.33857,1.84095890410959,995.47,965.503333333333,1.62466210045662
"276","contactcreek",2011,276,0.33802,1.84095890410959,995.47,965.503333333333,1.62466210045662
"277","contactcreek",2011,277,0.33747,1.84095890410959,995.47,965.503333333333,1.62466210045662
"278","contactcreek",2011,278,0.33697,1.84095890410959,995.47,965.503333333333,1.62466210045662
"279","contactcreek",2011,279,0.33649,1.84095890410959,995.47,965.503333333333,1.62466210045662
"280","contactcreek",2011,280,0.33598,1.84095890410959,995.47,965.503333333333,1.62466210045662
"281","contactcreek",2011,281,0.33548,1.84095890410959,995.47,965.503333333333,1.62466210045662
"282","contactcreek",2011,282,0.33503,1.84095890410959,995.47,965.503333333333,1.62466210045662
"283","contactcreek",2011,283,0.33464,1.84095890410959,995.47,965.503333333333,1.62466210045662
"284","contactcreek",2011,284,0.33436,1.84095890410959,995.47,965.503333333333,1.62466210045662
"285","contactcreek",2011,285,0.33417,1.84095890410959,995.47,965.503333333333,1.62466210045662
"286","contactcreek",2011,286,0.33401,1.84095890410959,995.47,965.503333333333,1.62466210045662
"287","contactcreek",2011,287,0.33384,1.84095890410959,995.47,965.503333333333,1.62466210045662
"288","contactcreek",2011,288,0.33361,1.84095890410959,995.47,965.503333333333,1.62466210045662
"289","contactcreek",2011,289,0.33329,1.84095890410959,995.47,965.503333333333,1.62466210045662
"290","contactcreek",2011,290,0.33295,1.84095890410959,995.47,965.503333333333,1.62466210045662
"291","contactcreek",2011,291,0.33264,1.84095890410959,995.47,965.503333333333,1.62466210045662
"292","contactcreek",2011,292,0.3323,1.84095890410959,995.47,965.503333333333,1.62466210045662
"293","contactcreek",2011,293,0.33193,1.84095890410959,995.47,965.503333333333,1.62466210045662
"294","contactcreek",2011,294,0.33161,1.84095890410959,995.47,965.503333333333,1.62466210045662
"295","contactcreek",2011,295,0.33136,1.84095890410959,995.47,965.503333333333,1.62466210045662
"296","contactcreek",2011,296,0.33112,1.84095890410959,995.47,965.503333333333,1.62466210045662
"297","contactcreek",2011,297,0.3309,1.84095890410959,995.47,965.503333333333,1.62466210045662
"298","contactcreek",2011,298,0.33072,1.84095890410959,995.47,965.503333333333,1.62466210045662
"299","contactcreek",2011,299,0.33061,1.84095890410959,995.47,965.503333333333,1.62466210045662
"300","contactcreek",2011,300,0.33061,1.84095890410959,995.47,965.503333333333,1.62466210045662
"301","contactcreek",2011,301,0.3307,1.84095890410959,995.47,965.503333333333,1.62466210045662
"302","contactcreek",2011,302,0.33083,1.84095890410959,995.47,965.503333333333,1.62466210045662
"303","contactcreek",2011,303,0.33097,1.84095890410959,995.47,965.503333333333,1.62466210045662
"304","contactcreek",2011,304,0.33104,1.84095890410959,995.47,965.503333333333,1.62466210045662
"305","contactcreek",2011,305,0.33106,1.84095890410959,995.47,965.503333333333,1.62466210045662
"306","contactcreek",2011,306,0.33106,1.84095890410959,995.47,965.503333333333,1.62466210045662
"307","contactcreek",2011,307,0.33105,1.84095890410959,995.47,965.503333333333,1.62466210045662
"308","contactcreek",2011,308,0.33106,1.84095890410959,995.47,965.503333333333,1.62466210045662
"309","contactcreek",2011,309,0.33109,1.84095890410959,995.47,965.503333333333,1.62466210045662
"310","contactcreek",2011,310,0.33115,1.84095890410959,995.47,965.503333333333,1.62466210045662
"311","contactcreek",2011,311,0.33124,1.84095890410959,995.47,965.503333333333,1.62466210045662
"312","contactcreek",2011,312,0.3313,1.84095890410959,995.47,965.503333333333,1.62466210045662
"313","contactcreek",2011,313,0.3314,1.84095890410959,995.47,965.503333333333,1.62466210045662
"314","contactcreek",2011,314,0.33155,1.84095890410959,995.47,965.503333333333,1.62466210045662
"315","contactcreek",2011,315,0.33162,1.84095890410959,995.47,965.503333333333,1.62466210045662
"316","contactcreek",2011,316,0.33159,1.84095890410959,995.47,965.503333333333,1.62466210045662
"317","contactcreek",2011,317,0.33152,1.84095890410959,995.47,965.503333333333,1.62466210045662
"318","contactcreek",2011,318,0.33142,1.84095890410959,995.47,965.503333333333,1.62466210045662
"319","contactcreek",2011,319,0.3313,1.84095890410959,995.47,965.503333333333,1.62466210045662
"320","contactcreek",2011,320,0.33119,1.84095890410959,995.47,965.503333333333,1.62466210045662
"321","contactcreek",2011,321,0.33102,1.84095890410959,995.47,965.503333333333,1.62466210045662
"322","contactcreek",2011,322,0.33081,1.84095890410959,995.47,965.503333333333,1.62466210045662
"323","contactcreek",2011,323,0.33063,1.84095890410959,995.47,965.503333333333,1.62466210045662
"324","contactcreek",2011,324,0.33048,1.84095890410959,995.47,965.503333333333,1.62466210045662
"325","contactcreek",2011,325,0.33031,1.84095890410959,995.47,965.503333333333,1.62466210045662
"326","contactcreek",2011,326,0.33018,1.84095890410959,995.47,965.503333333333,1.62466210045662
"327","contactcreek",2011,327,0.33012,1.84095890410959,995.47,965.503333333333,1.62466210045662
"328","contactcreek",2011,328,0.33011,1.84095890410959,995.47,965.503333333333,1.62466210045662
"329","contactcreek",2011,329,0.33012,1.84095890410959,995.47,965.503333333333,1.62466210045662
"330","contactcreek",2011,330,0.33012,1.84095890410959,995.47,965.503333333333,1.62466210045662
"331","contactcreek",2011,331,0.33006,1.84095890410959,995.47,965.503333333333,1.62466210045662
"332","contactcreek",2011,332,0.32997,1.84095890410959,995.47,965.503333333333,1.62466210045662
"333","contactcreek",2011,333,0.32986,1.84095890410959,995.47,965.503333333333,1.62466210045662
"334","contactcreek",2011,334,0.32973,1.84095890410959,995.47,965.503333333333,1.62466210045662
"335","contactcreek",2011,335,0.32962,1.84095890410959,995.47,965.503333333333,1.62466210045662
"336","contactcreek",2011,336,0.32956,1.84095890410959,995.47,965.503333333333,1.62466210045662
"337","contactcreek",2011,337,0.32949,1.84095890410959,995.47,965.503333333333,1.62466210045662
"338","contactcreek",2011,338,0.32946,1.84095890410959,995.47,965.503333333333,1.62466210045662
"339","contactcreek",2011,339,0.3295,1.84095890410959,995.47,965.503333333333,1.62466210045662
"340","contactcreek",2011,340,0.32957,1.84095890410959,995.47,965.503333333333,1.62466210045662
"341","contactcreek",2011,341,0.32965,1.84095890410959,995.47,965.503333333333,1.62466210045662
"342","contactcreek",2011,342,0.32971,1.84095890410959,995.47,965.503333333333,1.62466210045662
"343","contactcreek",2011,343,0.32979,1.84095890410959,995.47,965.503333333333,1.62466210045662
"344","contactcreek",2011,344,0.32991,1.84095890410959,995.47,965.503333333333,1.62466210045662
"345","contactcreek",2011,345,0.33005,1.84095890410959,995.47,965.503333333333,1.62466210045662
"346","contactcreek",2011,346,0.33018,1.84095890410959,995.47,965.503333333333,1.62466210045662
"347","contactcreek",2011,347,0.33026,1.84095890410959,995.47,965.503333333333,1.62466210045662
"348","contactcreek",2011,348,0.33031,1.84095890410959,995.47,965.503333333333,1.62466210045662
"349","contactcreek",2011,349,0.33036,1.84095890410959,995.47,965.503333333333,1.62466210045662
"350","contactcreek",2011,350,0.33041,1.84095890410959,995.47,965.503333333333,1.62466210045662
"351","contactcreek",2011,351,0.33046,1.84095890410959,995.47,965.503333333333,1.62466210045662
"352","contactcreek",2011,352,0.33051,1.84095890410959,995.47,965.503333333333,1.62466210045662
"353","contactcreek",2011,353,0.33056,1.84095890410959,995.47,965.503333333333,1.62466210045662
"354","contactcreek",2011,354,0.33061,1.84095890410959,995.47,965.503333333333,1.62466210045662
"355","contactcreek",2011,355,0.33066,1.84095890410959,995.47,965.503333333333,1.62466210045662
"356","contactcreek",2011,356,0.3307,1.84095890410959,995.47,965.503333333333,1.62466210045662
"357","contactcreek",2011,357,0.33075,1.84095890410959,995.47,965.503333333333,1.62466210045662
"358","contactcreek",2011,358,0.3308,1.84095890410959,995.47,965.503333333333,1.62466210045662
"359","contactcreek",2011,359,0.33085,1.84095890410959,995.47,965.503333333333,1.62466210045662
"360","contactcreek",2011,360,0.3309,1.84095890410959,995.47,965.503333333333,1.62466210045662
"361","contactcreek",2011,361,0.33095,1.84095890410959,995.47,965.503333333333,1.62466210045662
"362","contactcreek",2011,362,0.331,1.84095890410959,995.47,965.503333333333,1.62466210045662
"363","contactcreek",2011,363,0.33105,1.84095890410959,995.47,965.503333333333,1.62466210045662
"364","contactcreek",2011,364,0.3306,1.84095890410959,995.47,965.503333333333,1.62466210045662
"365","contactcreek",2011,365,0.32941,1.84095890410959,995.47,965.503333333333,1.62466210045662
"366","contactcreek",2012,1,0.32787,0.00394520547945206,1028.55,965.503333333333,1.62466210045662
"367","contactcreek",2012,2,0.32638,0.00394520547945206,1028.55,965.503333333333,1.62466210045662
"368","contactcreek",2012,3,0.32534,0.00394520547945206,1028.55,965.503333333333,1.62466210045662
"369","contactcreek",2012,4,0.32461,0.00394520547945206,1028.55,965.503333333333,1.62466210045662
"370","contactcreek",2012,5,0.32395,0.00394520547945206,1028.55,965.503333333333,1.62466210045662
"371","contactcreek",2012,6,0.32355,0.00394520547945206,1028.55,965.503333333333,1.62466210045662
"372","contactcreek",2012,7,0.3236,0.00394520547945206,1028.55,965.503333333333,1.62466210045662
"373","contactcreek",2012,8,0.3243,0.00394520547945206,1028.55,965.503333333333,1.62466210045662
"374","contactcreek",2012,9,0.32521,0.00394520547945206,1028.55,965.503333333333,1.62466210045662
"375","contactcreek",2012,10,0.32595,0.00394520547945206,1028.55,965.503333333333,1.62466210045662
"376","contactcreek",2012,11,0.32676,0.00394520547945206,1028.55,965.503333333333,1.62466210045662
"377","contactcreek",2012,12,0.32757,0.00394520547945206,1028.55,965.503333333333,1.62466210045662
"378","contactcreek",2012,13,0.32816,0.00394520547945206,1028.55,965.503333333333,1.62466210045662
"379","contactcreek",2012,14,0.3285,0.00394520547945206,1028.55,965.503333333333,1.62466210045662
"380","contactcreek",2012,15,0.32865,0.00394520547945206,1028.55,965.503333333333,1.62466210045662
"381","contactcreek",2012,16,0.3287,0.00394520547945206,1028.55,965.503333333333,1.62466210045662
"382","contactcreek",2012,17,0.32868,0.00394520547945206,1028.55,965.503333333333,1.62466210045662
"383","contactcreek",2012,18,0.32864,0.00394520547945206,1028.55,965.503333333333,1.62466210045662
"384","contactcreek",2012,19,0.32862,0.00394520547945206,1028.55,965.503333333333,1.62466210045662
"385","contactcreek",2012,20,0.32861,0.00394520547945206,1028.55,965.503333333333,1.62466210045662
"386","contactcreek",2012,21,0.32857,0.00394520547945206,1028.55,965.503333333333,1.62466210045662
"387","contactcreek",2012,22,0.32853,0.00394520547945206,1028.55,965.503333333333,1.62466210045662
"388","contactcreek",2012,23,0.32849,0.00394520547945206,1028.55,965.503333333333,1.62466210045662
"389","contactcreek",2012,24,0.32848,0.00394520547945206,1028.55,965.503333333333,1.62466210045662
"390","contactcreek",2012,25,0.32848,0.00394520547945206,1028.55,965.503333333333,1.62466210045662
"391","contactcreek",2012,26,0.32847,0.00394520547945206,1028.55,965.503333333333,1.62466210045662
"392","contactcreek",2012,27,0.32848,0.00394520547945206,1028.55,965.503333333333,1.62466210045662
"393","contactcreek",2012,28,0.32851,0.00394520547945206,1028.55,965.503333333333,1.62466210045662
"394","contactcreek",2012,29,0.32859,0.00394520547945206,1028.55,965.503333333333,1.62466210045662
"395","contactcreek",2012,30,0.32871,0.00394520547945206,1028.55,965.503333333333,1.62466210045662
"396","contactcreek",2012,31,0.32887,0.00394520547945206,1028.55,965.503333333333,1.62466210045662
"397","contactcreek",2012,32,0.32903,0.00394520547945206,1028.55,965.503333333333,1.62466210045662
"398","contactcreek",2012,33,0.32927,0.00394520547945206,1028.55,965.503333333333,1.62466210045662
"399","contactcreek",2012,34,0.32958,0.00394520547945206,1028.55,965.503333333333,1.62466210045662
"400","contactcreek",2012,35,0.32982,0.00394520547945206,1028.55,965.503333333333,1.62466210045662
"401","contactcreek",2012,36,0.33001,0.00394520547945206,1028.55,965.503333333333,1.62466210045662
"402","contactcreek",2012,37,0.33022,0.00394520547945206,1028.55,965.503333333333,1.62466210045662
"403","contactcreek",2012,38,0.33043,0.00394520547945206,1028.55,965.503333333333,1.62466210045662
"404","contactcreek",2012,39,0.3306,0.00394520547945206,1028.55,965.503333333333,1.62466210045662
"405","contactcreek",2012,40,0.3307,0.00394520547945206,1028.55,965.503333333333,1.62466210045662
"406","contactcreek",2012,41,0.33071,0.00394520547945206,1028.55,965.503333333333,1.62466210045662
"407","contactcreek",2012,42,0.33064,0.00394520547945206,1028.55,965.503333333333,1.62466210045662
"408","contactcreek",2012,43,0.33052,0.00394520547945206,1028.55,965.503333333333,1.62466210045662
"409","contactcreek",2012,44,0.33039,0.00394520547945206,1028.55,965.503333333333,1.62466210045662
"410","contactcreek",2012,45,0.33027,0.00394520547945206,1028.55,965.503333333333,1.62466210045662
"411","contactcreek",2012,46,0.33014,0.00394520547945206,1028.55,965.503333333333,1.62466210045662
"412","contactcreek",2012,47,0.32998,0.00394520547945206,1028.55,965.503333333333,1.62466210045662
"413","contactcreek",2012,48,0.32981,0.00394520547945206,1028.55,965.503333333333,1.62466210045662
"414","contactcreek",2012,49,0.32965,0.00394520547945206,1028.55,965.503333333333,1.62466210045662
"415","contactcreek",2012,50,0.32955,0.00394520547945206,1028.55,965.503333333333,1.62466210045662
"416","contactcreek",2012,51,0.32948,0.00394520547945206,1028.55,965.503333333333,1.62466210045662
"417","contactcreek",2012,52,0.32943,0.00394520547945206,1028.55,965.503333333333,1.62466210045662
"418","contactcreek",2012,53,0.32939,0.00394520547945206,1028.55,965.503333333333,1.62466210045662
"419","contactcreek",2012,54,0.32939,0.00394520547945206,1028.55,965.503333333333,1.62466210045662
"420","contactcreek",2012,55,0.32941,0.00394520547945206,1028.55,965.503333333333,1.62466210045662
"421","contactcreek",2012,56,0.32944,0.00394520547945206,1028.55,965.503333333333,1.62466210045662
"422","contactcreek",2012,57,0.32946,0.00394520547945206,1028.55,965.503333333333,1.62466210045662
"423","contactcreek",2012,58,0.32951,0.00394520547945206,1028.55,965.503333333333,1.62466210045662
"424","contactcreek",2012,59,0.32957,0.00394520547945206,1028.55,965.503333333333,1.62466210045662
"425","contactcreek",2012,60,0.32963,0.00394520547945206,1028.55,965.503333333333,1.62466210045662
"426","contactcreek",2012,61,0.32965,0.00394520547945206,1028.55,965.503333333333,1.62466210045662
"427","contactcreek",2012,62,0.32965,0.00394520547945206,1028.55,965.503333333333,1.62466210045662
"428","contactcreek",2012,63,0.32963,0.00394520547945206,1028.55,965.503333333333,1.62466210045662
"429","contactcreek",2012,64,0.32961,0.00394520547945206,1028.55,965.503333333333,1.62466210045662
"430","contactcreek",2012,65,0.32959,0.00394520547945206,1028.55,965.503333333333,1.62466210045662
"431","contactcreek",2012,66,0.32958,0.00394520547945206,1028.55,965.503333333333,1.62466210045662
"432","contactcreek",2012,67,0.3296,0.00394520547945206,1028.55,965.503333333333,1.62466210045662
"433","contactcreek",2012,68,0.32962,0.00394520547945206,1028.55,965.503333333333,1.62466210045662
"434","contactcreek",2012,69,0.32965,0.00394520547945206,1028.55,965.503333333333,1.62466210045662
"435","contactcreek",2012,70,0.32967,0.00394520547945206,1028.55,965.503333333333,1.62466210045662
"436","contactcreek",2012,71,0.32968,0.00394520547945206,1028.55,965.503333333333,1.62466210045662
"437","contactcreek",2012,72,0.32966,0.00394520547945206,1028.55,965.503333333333,1.62466210045662
"438","contactcreek",2012,73,0.32963,0.00394520547945206,1028.55,965.503333333333,1.62466210045662
"439","contactcreek",2012,74,0.32962,0.00394520547945206,1028.55,965.503333333333,1.62466210045662
"440","contactcreek",2012,75,0.32961,0.00394520547945206,1028.55,965.503333333333,1.62466210045662
"441","contactcreek",2012,76,0.3296,0.00394520547945206,1028.55,965.503333333333,1.62466210045662
"442","contactcreek",2012,77,0.3296,0.00394520547945206,1028.55,965.503333333333,1.62466210045662
"443","contactcreek",2012,78,0.32963,0.00394520547945206,1028.55,965.503333333333,1.62466210045662
"444","contactcreek",2012,79,0.32968,0.00394520547945206,1028.55,965.503333333333,1.62466210045662
"445","contactcreek",2012,80,0.32973,0.00394520547945206,1028.55,965.503333333333,1.62466210045662
"446","contactcreek",2012,81,0.32979,0.00394520547945206,1028.55,965.503333333333,1.62466210045662
"447","contactcreek",2012,82,0.32985,0.00394520547945206,1028.55,965.503333333333,1.62466210045662
"448","contactcreek",2012,83,0.32992,0.00394520547945206,1028.55,965.503333333333,1.62466210045662
"449","contactcreek",2012,84,0.33001,0.00394520547945206,1028.55,965.503333333333,1.62466210045662
"450","contactcreek",2012,85,0.3301,0.00394520547945206,1028.55,965.503333333333,1.62466210045662
"451","contactcreek",2012,86,0.33018,0.00394520547945206,1028.55,965.503333333333,1.62466210045662
"452","contactcreek",2012,87,0.33024,0.00394520547945206,1028.55,965.503333333333,1.62466210045662
"453","contactcreek",2012,88,0.33027,0.00394520547945206,1028.55,965.503333333333,1.62466210045662
"454","contactcreek",2012,89,0.33027,0.00394520547945206,1028.55,965.503333333333,1.62466210045662
"455","contactcreek",2012,90,0.33027,0.00394520547945206,1028.55,965.503333333333,1.62466210045662
"456","contactcreek",2012,91,0.33026,0.00394520547945206,1028.55,965.503333333333,1.62466210045662
"457","contactcreek",2012,92,0.33027,0.00394520547945206,1028.55,965.503333333333,1.62466210045662
"458","contactcreek",2012,93,0.33027,0.00394520547945206,1028.55,965.503333333333,1.62466210045662
"459","contactcreek",2012,94,0.33028,0.00394520547945206,1028.55,965.503333333333,1.62466210045662
"460","contactcreek",2012,95,0.33029,0.00394520547945206,1028.55,965.503333333333,1.62466210045662
"461","contactcreek",2012,96,0.3303,0.00394520547945206,1028.55,965.503333333333,1.62466210045662
"462","contactcreek",2012,97,0.33031,0.00394520547945206,1028.55,965.503333333333,1.62466210045662
"463","contactcreek",2012,98,0.33032,0.00394520547945206,1028.55,965.503333333333,1.62466210045662
"464","contactcreek",2012,99,0.33034,0.00394520547945206,1028.55,965.503333333333,1.62466210045662
"465","contactcreek",2012,100,0.33036,0.00394520547945206,1028.55,965.503333333333,1.62466210045662
"466","contactcreek",2012,101,0.33038,0.00394520547945206,1028.55,965.503333333333,1.62466210045662
"467","contactcreek",2012,102,0.33041,0.00394520547945206,1028.55,965.503333333333,1.62466210045662
"468","contactcreek",2012,103,0.33043,0.00394520547945206,1028.55,965.503333333333,1.62466210045662
"469","contactcreek",2012,104,0.33046,0.00394520547945206,1028.55,965.503333333333,1.62466210045662
"470","contactcreek",2012,105,0.33047,0.00394520547945206,1028.55,965.503333333333,1.62466210045662
"471","contactcreek",2012,106,0.33049,0.00394520547945206,1028.55,965.503333333333,1.62466210045662
"472","contactcreek",2012,107,0.33051,0.00394520547945206,1028.55,965.503333333333,1.62466210045662
"473","contactcreek",2012,108,0.33054,0.00394520547945206,1028.55,965.503333333333,1.62466210045662
"474","contactcreek",2012,109,0.33059,0.00394520547945206,1028.55,965.503333333333,1.62466210045662
"475","contactcreek",2012,110,0.33067,0.00394520547945206,1028.55,965.503333333333,1.62466210045662
"476","contactcreek",2012,111,0.33075,0.00394520547945206,1028.55,965.503333333333,1.62466210045662
"477","contactcreek",2012,112,0.33082,0.00394520547945206,1028.55,965.503333333333,1.62466210045662
"478","contactcreek",2012,113,0.33089,0.00394520547945206,1028.55,965.503333333333,1.62466210045662
"479","contactcreek",2012,114,0.33097,0.00394520547945206,1028.55,965.503333333333,1.62466210045662
"480","contactcreek",2012,115,0.33106,0.00394520547945206,1028.55,965.503333333333,1.62466210045662
"481","contactcreek",2012,116,0.33113,0.00394520547945206,1028.55,965.503333333333,1.62466210045662
"482","contactcreek",2012,117,0.33118,0.00394520547945206,1028.55,965.503333333333,1.62466210045662
"483","contactcreek",2012,118,0.33124,0.00394520547945206,1028.55,965.503333333333,1.62466210045662
"484","contactcreek",2012,119,0.33127,0.00394520547945206,1028.55,965.503333333333,1.62466210045662
"485","contactcreek",2012,120,0.33126,0.00394520547945206,1028.55,965.503333333333,1.62466210045662
"486","contactcreek",2012,121,0.33123,0.00394520547945206,1028.55,965.503333333333,1.62466210045662
"487","contactcreek",2012,122,0.33117,0.00394520547945206,1028.55,965.503333333333,1.62466210045662
"488","contactcreek",2012,123,0.3311,0.00394520547945206,1028.55,965.503333333333,1.62466210045662
"489","contactcreek",2012,124,0.33104,0.00394520547945206,1028.55,965.503333333333,1.62466210045662
"490","contactcreek",2012,125,0.33093,0.00394520547945206,1028.55,965.503333333333,1.62466210045662
"491","contactcreek",2012,126,0.33079,0.00394520547945206,1028.55,965.503333333333,1.62466210045662
"492","contactcreek",2012,127,0.33068,0.00394520547945206,1028.55,965.503333333333,1.62466210045662
"493","contactcreek",2012,128,0.33066,0.00394520547945206,1028.55,965.503333333333,1.62466210045662
"494","contactcreek",2012,129,0.33067,0.00394520547945206,1028.55,965.503333333333,1.62466210045662
"495","contactcreek",2012,130,0.33065,0.00394520547945206,1028.55,965.503333333333,1.62466210045662
"496","contactcreek",2012,131,0.33062,0.00394520547945206,1028.55,965.503333333333,1.62466210045662
"497","contactcreek",2012,132,0.3306,0.00394520547945206,1028.55,965.503333333333,1.62466210045662
"498","contactcreek",2012,133,0.33058,0.00394520547945206,1028.55,965.503333333333,1.62466210045662
"499","contactcreek",2012,134,0.33051,0.00394520547945206,1028.55,965.503333333333,1.62466210045662
"500","contactcreek",2012,135,0.33036,0.00394520547945206,1028.55,965.503333333333,1.62466210045662
"501","contactcreek",2012,136,0.33005,0.00394520547945206,1028.55,965.503333333333,1.62466210045662
"502","contactcreek",2012,137,0.32964,0.00394520547945206,1028.55,965.503333333333,1.62466210045662
"503","contactcreek",2012,138,0.32933,0.00394520547945206,1028.55,965.503333333333,1.62466210045662
"504","contactcreek",2012,139,0.32904,0.00394520547945206,1028.55,965.503333333333,1.62466210045662
"505","contactcreek",2012,140,0.32869,0.00394520547945206,1028.55,965.503333333333,1.62466210045662
"506","contactcreek",2012,141,0.32847,0.00394520547945206,1028.55,965.503333333333,1.62466210045662
"507","contactcreek",2012,142,0.32837,0.00394520547945206,1028.55,965.503333333333,1.62466210045662
"508","contactcreek",2012,143,0.3283,0.00394520547945206,1028.55,965.503333333333,1.62466210045662
"509","contactcreek",2012,144,0.32829,0.00394520547945206,1028.55,965.503333333333,1.62466210045662
"510","contactcreek",2012,145,0.32836,0.00394520547945206,1028.55,965.503333333333,1.62466210045662
"511","contactcreek",2012,146,0.32855,0.00394520547945206,1028.55,965.503333333333,1.62466210045662
"512","contactcreek",2012,147,0.3289,0.00394520547945206,1028.55,965.503333333333,1.62466210045662
"513","contactcreek",2012,148,0.32939,0.00394520547945206,1028.55,965.503333333333,1.62466210045662
"514","contactcreek",2012,149,0.32996,0.00394520547945206,1028.55,965.503333333333,1.62466210045662
"515","contactcreek",2012,150,0.33057,0.00394520547945206,1028.55,965.503333333333,1.62466210045662
"516","contactcreek",2012,151,0.33115,0.00394520547945206,1028.55,965.503333333333,1.62466210045662
"517","contactcreek",2012,152,0.33178,0.00394520547945206,1028.55,965.503333333333,1.62466210045662
"518","contactcreek",2012,153,0.33251,0.00394520547945206,1028.55,965.503333333333,1.62466210045662
"519","contactcreek",2012,154,0.33326,0.00394520547945206,1028.55,965.503333333333,1.62466210045662
"520","contactcreek",2012,155,0.33398,0.00394520547945206,1028.55,965.503333333333,1.62466210045662
"521","contactcreek",2012,156,0.3346,0.00394520547945206,1028.55,965.503333333333,1.62466210045662
"522","contactcreek",2012,157,0.33522,0.00394520547945206,1028.55,965.503333333333,1.62466210045662
"523","contactcreek",2012,158,0.33588,0.00394520547945206,1028.55,965.503333333333,1.62466210045662
"524","contactcreek",2012,159,0.33641,0.00394520547945206,1028.55,965.503333333333,1.62466210045662
"525","contactcreek",2012,160,0.33673,0.00394520547945206,1028.55,965.503333333333,1.62466210045662
"526","contactcreek",2012,161,0.33694,0.00394520547945206,1028.55,965.503333333333,1.62466210045662
"527","contactcreek",2012,162,0.33716,0.00394520547945206,1028.55,965.503333333333,1.62466210045662
"528","contactcreek",2012,163,0.33739,0.00394520547945206,1028.55,965.503333333333,1.62466210045662
"529","contactcreek",2012,164,0.33752,0.00394520547945206,1028.55,965.503333333333,1.62466210045662
"530","contactcreek",2012,165,0.33761,0.00394520547945206,1028.55,965.503333333333,1.62466210045662
"531","contactcreek",2012,166,0.33771,0.00394520547945206,1028.55,965.503333333333,1.62466210045662
"532","contactcreek",2012,167,0.33784,0.00394520547945206,1028.55,965.503333333333,1.62466210045662
"533","contactcreek",2012,168,0.33801,0.00394520547945206,1028.55,965.503333333333,1.62466210045662
"534","contactcreek",2012,169,0.33818,0.00394520547945206,1028.55,965.503333333333,1.62466210045662
"535","contactcreek",2012,170,0.33836,0.00394520547945206,1028.55,965.503333333333,1.62466210045662
"536","contactcreek",2012,171,0.33857,0.00394520547945206,1028.55,965.503333333333,1.62466210045662
"537","contactcreek",2012,172,0.33882,0.00394520547945206,1028.55,965.503333333333,1.62466210045662
"538","contactcreek",2012,173,0.3391,0.00394520547945206,1028.55,965.503333333333,1.62466210045662
"539","contactcreek",2012,174,0.33941,0.00394520547945206,1028.55,965.503333333333,1.62466210045662
"540","contactcreek",2012,175,0.33972,0.00394520547945206,1028.55,965.503333333333,1.62466210045662
"541","contactcreek",2012,176,0.34002,0.00394520547945206,1028.55,965.503333333333,1.62466210045662
"542","contactcreek",2012,177,0.34029,0.00394520547945206,1028.55,965.503333333333,1.62466210045662
"543","contactcreek",2012,178,0.34054,0.00394520547945206,1028.55,965.503333333333,1.62466210045662
"544","contactcreek",2012,179,0.34081,0.00394520547945206,1028.55,965.503333333333,1.62466210045662
"545","contactcreek",2012,180,0.34106,0.00394520547945206,1028.55,965.503333333333,1.62466210045662
"546","contactcreek",2012,181,0.34135,0.00394520547945206,1028.55,965.503333333333,1.62466210045662
"547","contactcreek",2012,182,0.34166,0.00394520547945206,1028.55,965.503333333333,1.62466210045662
"548","contactcreek",2012,183,0.34191,0.00394520547945206,1028.55,965.503333333333,1.62466210045662
"549","contactcreek",2012,184,0.34202,0.00394520547945206,1028.55,965.503333333333,1.62466210045662
"550","contactcreek",2012,185,0.34204,0.00394520547945206,1028.55,965.503333333333,1.62466210045662
"551","contactcreek",2012,186,0.34202,0.00394520547945206,1028.55,965.503333333333,1.62466210045662
"552","contactcreek",2012,187,0.34204,0.00394520547945206,1028.55,965.503333333333,1.62466210045662
"553","contactcreek",2012,188,0.34218,0.00394520547945206,1028.55,965.503333333333,1.62466210045662
"554","contactcreek",2012,189,0.3424,0.00394520547945206,1028.55,965.503333333333,1.62466210045662
"555","contactcreek",2012,190,0.34265,0.00394520547945206,1028.55,965.503333333333,1.62466210045662
"556","contactcreek",2012,191,0.34294,0.00394520547945206,1028.55,965.503333333333,1.62466210045662
"557","contactcreek",2012,192,0.34328,0.00394520547945206,1028.55,965.503333333333,1.62466210045662
"558","contactcreek",2012,193,0.34366,0.00394520547945206,1028.55,965.503333333333,1.62466210045662
"559","contactcreek",2012,194,0.34416,0.00394520547945206,1028.55,965.503333333333,1.62466210045662
"560","contactcreek",2012,195,0.34478,0.00394520547945206,1028.55,965.503333333333,1.62466210045662
"561","contactcreek",2012,196,0.34544,0.00394520547945206,1028.55,965.503333333333,1.62466210045662
"562","contactcreek",2012,197,0.34606,0.00394520547945206,1028.55,965.503333333333,1.62466210045662
"563","contactcreek",2012,198,0.34658,0.00394520547945206,1028.55,965.503333333333,1.62466210045662
"564","contactcreek",2012,199,0.34704,0.00394520547945206,1028.55,965.503333333333,1.62466210045662
"565","contactcreek",2012,200,0.34752,0.00394520547945206,1028.55,965.503333333333,1.62466210045662
"566","contactcreek",2012,201,0.34792,0.00394520547945206,1028.55,965.503333333333,1.62466210045662
"567","contactcreek",2012,202,0.34821,0.00394520547945206,1028.55,965.503333333333,1.62466210045662
"568","contactcreek",2012,203,0.34841,0.00394520547945206,1028.55,965.503333333333,1.62466210045662
"569","contactcreek",2012,204,0.34859,0.00394520547945206,1028.55,965.503333333333,1.62466210045662
"570","contactcreek",2012,205,0.34874,0.00394520547945206,1028.55,965.503333333333,1.62466210045662
"571","contactcreek",2012,206,0.34881,0.00394520547945206,1028.55,965.503333333333,1.62466210045662
"572","contactcreek",2012,207,0.34885,0.00394520547945206,1028.55,965.503333333333,1.62466210045662
"573","contactcreek",2012,208,0.34891,0.00394520547945206,1028.55,965.503333333333,1.62466210045662
"574","contactcreek",2012,209,0.34902,0.00394520547945206,1028.55,965.503333333333,1.62466210045662
"575","contactcreek",2012,210,0.34918,0.00394520547945206,1028.55,965.503333333333,1.62466210045662
"576","contactcreek",2012,211,0.34936,0.00394520547945206,1028.55,965.503333333333,1.62466210045662
"577","contactcreek",2012,212,0.34952,0.00394520547945206,1028.55,965.503333333333,1.62466210045662
"578","contactcreek",2012,213,0.34963,0.00394520547945206,1028.55,965.503333333333,1.62466210045662
"579","contactcreek",2012,214,0.3497,0.00394520547945206,1028.55,965.503333333333,1.62466210045662
"580","contactcreek",2012,215,0.34979,0.00394520547945206,1028.55,965.503333333333,1.62466210045662
"581","contactcreek",2012,216,0.34994,0.00394520547945206,1028.55,965.503333333333,1.62466210045662
"582","contactcreek",2012,217,0.35015,0.00394520547945206,1028.55,965.503333333333,1.62466210045662
"583","contactcreek",2012,218,0.35036,0.00394520547945206,1028.55,965.503333333333,1.62466210045662
"584","contactcreek",2012,219,0.35054,0.00394520547945206,1028.55,965.503333333333,1.62466210045662
"585","contactcreek",2012,220,0.35065,0.00394520547945206,1028.55,965.503333333333,1.62466210045662
"586","contactcreek",2012,221,0.35056,0.00394520547945206,1028.55,965.503333333333,1.62466210045662
"587","contactcreek",2012,222,0.35035,0.00394520547945206,1028.55,965.503333333333,1.62466210045662
"588","contactcreek",2012,223,0.35024,0.00394520547945206,1028.55,965.503333333333,1.62466210045662
"589","contactcreek",2012,224,0.35021,0.00394520547945206,1028.55,965.503333333333,1.62466210045662
"590","contactcreek",2012,225,0.35015,0.00394520547945206,1028.55,965.503333333333,1.62466210045662
"591","contactcreek",2012,226,0.35019,0.00394520547945206,1028.55,965.503333333333,1.62466210045662
"592","contactcreek",2012,227,0.35037,0.00394520547945206,1028.55,965.503333333333,1.62466210045662
"593","contactcreek",2012,228,0.35063,0.00394520547945206,1028.55,965.503333333333,1.62466210045662
"594","contactcreek",2012,229,0.35094,0.00394520547945206,1028.55,965.503333333333,1.62466210045662
"595","contactcreek",2012,230,0.35125,0.00394520547945206,1028.55,965.503333333333,1.62466210045662
"596","contactcreek",2012,231,0.35155,0.00394520547945206,1028.55,965.503333333333,1.62466210045662
"597","contactcreek",2012,232,0.35194,0.00394520547945206,1028.55,965.503333333333,1.62466210045662
"598","contactcreek",2012,233,0.35246,0.00394520547945206,1028.55,965.503333333333,1.62466210045662
"599","contactcreek",2012,234,0.353,0.00394520547945206,1028.55,965.503333333333,1.62466210045662
"600","contactcreek",2012,235,0.35344,0.00394520547945206,1028.55,965.503333333333,1.62466210045662
"601","contactcreek",2012,236,0.35368,0.00394520547945206,1028.55,965.503333333333,1.62466210045662
"602","contactcreek",2012,237,0.35367,0.00394520547945206,1028.55,965.503333333333,1.62466210045662
"603","contactcreek",2012,238,0.3535,0.00394520547945206,1028.55,965.503333333333,1.62466210045662
"604","contactcreek",2012,239,0.35323,0.00394520547945206,1028.55,965.503333333333,1.62466210045662
"605","contactcreek",2012,240,0.35291,0.00394520547945206,1028.55,965.503333333333,1.62466210045662
"606","contactcreek",2012,241,0.35261,0.00394520547945206,1028.55,965.503333333333,1.62466210045662
"607","contactcreek",2012,242,0.35238,0.00394520547945206,1028.55,965.503333333333,1.62466210045662
"608","contactcreek",2012,243,0.35215,0.00394520547945206,1028.55,965.503333333333,1.62466210045662
"609","contactcreek",2012,244,0.35177,0.00394520547945206,1028.55,965.503333333333,1.62466210045662
"610","contactcreek",2012,245,0.35119,0.00394520547945206,1028.55,965.503333333333,1.62466210045662
"611","contactcreek",2012,246,0.35051,0.00394520547945206,1028.55,965.503333333333,1.62466210045662
"612","contactcreek",2012,247,0.34981,0.00394520547945206,1028.55,965.503333333333,1.62466210045662
"613","contactcreek",2012,248,0.34899,0.00394520547945206,1028.55,965.503333333333,1.62466210045662
"614","contactcreek",2012,249,0.34798,0.00394520547945206,1028.55,965.503333333333,1.62466210045662
"615","contactcreek",2012,250,0.34693,0.00394520547945206,1028.55,965.503333333333,1.62466210045662
"616","contactcreek",2012,251,0.34596,0.00394520547945206,1028.55,965.503333333333,1.62466210045662
"617","contactcreek",2012,252,0.34523,0.00394520547945206,1028.55,965.503333333333,1.62466210045662
"618","contactcreek",2012,253,0.34466,0.00394520547945206,1028.55,965.503333333333,1.62466210045662
"619","contactcreek",2012,254,0.34411,0.00394520547945206,1028.55,965.503333333333,1.62466210045662
"620","contactcreek",2012,255,0.34365,0.00394520547945206,1028.55,965.503333333333,1.62466210045662
"621","contactcreek",2012,256,0.34332,0.00394520547945206,1028.55,965.503333333333,1.62466210045662
"622","contactcreek",2012,257,0.34318,0.00394520547945206,1028.55,965.503333333333,1.62466210045662
"623","contactcreek",2012,258,0.34343,0.00394520547945206,1028.55,965.503333333333,1.62466210045662
"624","contactcreek",2012,259,0.34406,0.00394520547945206,1028.55,965.503333333333,1.62466210045662
"625","contactcreek",2012,260,0.34484,0.00394520547945206,1028.55,965.503333333333,1.62466210045662
"626","contactcreek",2012,261,0.34551,0.00394520547945206,1028.55,965.503333333333,1.62466210045662
"627","contactcreek",2012,262,0.34583,0.00394520547945206,1028.55,965.503333333333,1.62466210045662
"628","contactcreek",2012,263,0.34584,0.00394520547945206,1028.55,965.503333333333,1.62466210045662
"629","contactcreek",2012,264,0.34574,0.00394520547945206,1028.55,965.503333333333,1.62466210045662
"630","contactcreek",2012,265,0.34558,0.00394520547945206,1028.55,965.503333333333,1.62466210045662
"631","contactcreek",2012,266,0.3453,0.00394520547945206,1028.55,965.503333333333,1.62466210045662
"632","contactcreek",2012,267,0.34488,0.00394520547945206,1028.55,965.503333333333,1.62466210045662
"633","contactcreek",2012,268,0.34446,0.00394520547945206,1028.55,965.503333333333,1.62466210045662
"634","contactcreek",2012,269,0.34398,0.00394520547945206,1028.55,965.503333333333,1.62466210045662
"635","contactcreek",2012,270,0.34336,0.00394520547945206,1028.55,965.503333333333,1.62466210045662
"636","contactcreek",2012,271,0.34266,0.00394520547945206,1028.55,965.503333333333,1.62466210045662
"637","contactcreek",2012,272,0.34198,0.00394520547945206,1028.55,965.503333333333,1.62466210045662
"638","contactcreek",2012,273,0.3414,0.00394520547945206,1028.55,965.503333333333,1.62466210045662
"639","contactcreek",2012,274,0.34095,0.00394520547945206,1028.55,965.503333333333,1.62466210045662
"640","contactcreek",2012,275,0.34059,0.00394520547945206,1028.55,965.503333333333,1.62466210045662
"641","contactcreek",2012,276,0.34026,0.00394520547945206,1028.55,965.503333333333,1.62466210045662
"642","contactcreek",2012,277,0.33993,0.00394520547945206,1028.55,965.503333333333,1.62466210045662
"643","contactcreek",2012,278,0.33954,0.00394520547945206,1028.55,965.503333333333,1.62466210045662
"644","contactcreek",2012,279,0.3391,0.00394520547945206,1028.55,965.503333333333,1.62466210045662
"645","contactcreek",2012,280,0.33863,0.00394520547945206,1028.55,965.503333333333,1.62466210045662
"646","contactcreek",2012,281,0.33812,0.00394520547945206,1028.55,965.503333333333,1.62466210045662
"647","contactcreek",2012,282,0.33759,0.00394520547945206,1028.55,965.503333333333,1.62466210045662
"648","contactcreek",2012,283,0.33701,0.00394520547945206,1028.55,965.503333333333,1.62466210045662
"649","contactcreek",2012,284,0.33632,0.00394520547945206,1028.55,965.503333333333,1.62466210045662
"650","contactcreek",2012,285,0.33556,0.00394520547945206,1028.55,965.503333333333,1.62466210045662
"651","contactcreek",2012,286,0.33489,0.00394520547945206,1028.55,965.503333333333,1.62466210045662
"652","contactcreek",2012,287,0.33418,0.00394520547945206,1028.55,965.503333333333,1.62466210045662
"653","contactcreek",2012,288,0.33337,0.00394520547945206,1028.55,965.503333333333,1.62466210045662
"654","contactcreek",2012,289,0.33272,0.00394520547945206,1028.55,965.503333333333,1.62466210045662
"655","contactcreek",2012,290,0.33228,0.00394520547945206,1028.55,965.503333333333,1.62466210045662
"656","contactcreek",2012,291,0.33193,0.00394520547945206,1028.55,965.503333333333,1.62466210045662
"657","contactcreek",2012,292,0.33166,0.00394520547945206,1028.55,965.503333333333,1.62466210045662
"658","contactcreek",2012,293,0.33146,0.00394520547945206,1028.55,965.503333333333,1.62466210045662
"659","contactcreek",2012,294,0.33135,0.00394520547945206,1028.55,965.503333333333,1.62466210045662
"660","contactcreek",2012,295,0.33147,0.00394520547945206,1028.55,965.503333333333,1.62466210045662
"661","contactcreek",2012,296,0.33177,0.00394520547945206,1028.55,965.503333333333,1.62466210045662
"662","contactcreek",2012,297,0.33197,0.00394520547945206,1028.55,965.503333333333,1.62466210045662
"663","contactcreek",2012,298,0.33204,0.00394520547945206,1028.55,965.503333333333,1.62466210045662
"664","contactcreek",2012,299,0.33212,0.00394520547945206,1028.55,965.503333333333,1.62466210045662
"665","contactcreek",2012,300,0.33217,0.00394520547945206,1028.55,965.503333333333,1.62466210045662
"666","contactcreek",2012,301,0.33213,0.00394520547945206,1028.55,965.503333333333,1.62466210045662
"667","contactcreek",2012,302,0.33204,0.00394520547945206,1028.55,965.503333333333,1.62466210045662
"668","contactcreek",2012,303,0.33194,0.00394520547945206,1028.55,965.503333333333,1.62466210045662
"669","contactcreek",2012,304,0.33185,0.00394520547945206,1028.55,965.503333333333,1.62466210045662
"670","contactcreek",2012,305,0.33182,0.00394520547945206,1028.55,965.503333333333,1.62466210045662
"671","contactcreek",2012,306,0.33179,0.00394520547945206,1028.55,965.503333333333,1.62466210045662
"672","contactcreek",2012,307,0.33176,0.00394520547945206,1028.55,965.503333333333,1.62466210045662
"673","contactcreek",2012,308,0.33176,0.00394520547945206,1028.55,965.503333333333,1.62466210045662
"674","contactcreek",2012,309,0.33189,0.00394520547945206,1028.55,965.503333333333,1.62466210045662
"675","contactcreek",2012,310,0.3321,0.00394520547945206,1028.55,965.503333333333,1.62466210045662
"676","contactcreek",2012,311,0.33222,0.00394520547945206,1028.55,965.503333333333,1.62466210045662
"677","contactcreek",2012,312,0.33226,0.00394520547945206,1028.55,965.503333333333,1.62466210045662
"678","contactcreek",2012,313,0.33232,0.00394520547945206,1028.55,965.503333333333,1.62466210045662
"679","contactcreek",2012,314,0.33238,0.00394520547945206,1028.55,965.503333333333,1.62466210045662
"680","contactcreek",2012,315,0.3324,0.00394520547945206,1028.55,965.503333333333,1.62466210045662
"681","contactcreek",2012,316,0.33236,0.00394520547945206,1028.55,965.503333333333,1.62466210045662
"682","contactcreek",2012,317,0.33222,0.00394520547945206,1028.55,965.503333333333,1.62466210045662
"683","contactcreek",2012,318,0.33197,0.00394520547945206,1028.55,965.503333333333,1.62466210045662
"684","contactcreek",2012,319,0.33168,0.00394520547945206,1028.55,965.503333333333,1.62466210045662
"685","contactcreek",2012,320,0.33141,0.00394520547945206,1028.55,965.503333333333,1.62466210045662
"686","contactcreek",2012,321,0.33123,0.00394520547945206,1028.55,965.503333333333,1.62466210045662
"687","contactcreek",2012,322,0.33116,0.00394520547945206,1028.55,965.503333333333,1.62466210045662
"688","contactcreek",2012,323,0.33116,0.00394520547945206,1028.55,965.503333333333,1.62466210045662
"689","contactcreek",2012,324,0.33119,0.00394520547945206,1028.55,965.503333333333,1.62466210045662
"690","contactcreek",2012,325,0.33121,0.00394520547945206,1028.55,965.503333333333,1.62466210045662
"691","contactcreek",2012,326,0.33117,0.00394520547945206,1028.55,965.503333333333,1.62466210045662
"692","contactcreek",2012,327,0.33116,0.00394520547945206,1028.55,965.503333333333,1.62466210045662
"693","contactcreek",2012,328,0.33119,0.00394520547945206,1028.55,965.503333333333,1.62466210045662
"694","contactcreek",2012,329,0.3311,0.00394520547945206,1028.55,965.503333333333,1.62466210045662
"695","contactcreek",2012,330,0.33092,0.00394520547945206,1028.55,965.503333333333,1.62466210045662
"696","contactcreek",2012,331,0.33069,0.00394520547945206,1028.55,965.503333333333,1.62466210045662
"697","contactcreek",2012,332,0.33035,0.00394520547945206,1028.55,965.503333333333,1.62466210045662
"698","contactcreek",2012,333,0.32988,0.00394520547945206,1028.55,965.503333333333,1.62466210045662
"699","contactcreek",2012,334,0.32935,0.00394520547945206,1028.55,965.503333333333,1.62466210045662
"700","contactcreek",2012,335,0.32879,0.00394520547945206,1028.55,965.503333333333,1.62466210045662
"701","contactcreek",2012,336,0.32821,0.00394520547945206,1028.55,965.503333333333,1.62466210045662
"702","contactcreek",2012,337,0.32761,0.00394520547945206,1028.55,965.503333333333,1.62466210045662
"703","contactcreek",2012,338,0.32732,0.00394520547945206,1028.55,965.503333333333,1.62466210045662
"704","contactcreek",2012,339,0.32747,0.00394520547945206,1028.55,965.503333333333,1.62466210045662
"705","contactcreek",2012,340,0.32788,0.00394520547945206,1028.55,965.503333333333,1.62466210045662
"706","contactcreek",2012,341,0.32834,0.00394520547945206,1028.55,965.503333333333,1.62466210045662
"707","contactcreek",2012,342,0.32865,0.00394520547945206,1028.55,965.503333333333,1.62466210045662
"708","contactcreek",2012,343,0.32886,0.00394520547945206,1028.55,965.503333333333,1.62466210045662
"709","contactcreek",2012,344,0.32914,0.00394520547945206,1028.55,965.503333333333,1.62466210045662
"710","contactcreek",2012,345,0.32941,0.00394520547945206,1028.55,965.503333333333,1.62466210045662
"711","contactcreek",2012,346,0.32965,0.00394520547945206,1028.55,965.503333333333,1.62466210045662
"712","contactcreek",2012,347,0.32978,0.00394520547945206,1028.55,965.503333333333,1.62466210045662
"713","contactcreek",2012,348,0.32984,0.00394520547945206,1028.55,965.503333333333,1.62466210045662
"714","contactcreek",2012,349,0.32991,0.00394520547945206,1028.55,965.503333333333,1.62466210045662
"715","contactcreek",2012,350,0.32997,0.00394520547945206,1028.55,965.503333333333,1.62466210045662
"716","contactcreek",2012,351,0.33003,0.00394520547945206,1028.55,965.503333333333,1.62466210045662
"717","contactcreek",2012,352,0.3301,0.00394520547945206,1028.55,965.503333333333,1.62466210045662
"718","contactcreek",2012,353,0.33016,0.00394520547945206,1028.55,965.503333333333,1.62466210045662
"719","contactcreek",2012,354,0.33023,0.00394520547945206,1028.55,965.503333333333,1.62466210045662
"720","contactcreek",2012,355,0.33029,0.00394520547945206,1028.55,965.503333333333,1.62466210045662
"721","contactcreek",2012,356,0.33036,0.00394520547945206,1028.55,965.503333333333,1.62466210045662
"722","contactcreek",2012,357,0.33042,0.00394520547945206,1028.55,965.503333333333,1.62466210045662
"723","contactcreek",2012,358,0.33048,0.00394520547945206,1028.55,965.503333333333,1.62466210045662
"724","contactcreek",2012,359,0.33055,0.00394520547945206,1028.55,965.503333333333,1.62466210045662
"725","contactcreek",2012,360,0.33061,0.00394520547945206,1028.55,965.503333333333,1.62466210045662
"726","contactcreek",2012,361,0.33068,0.00394520547945206,1028.55,965.503333333333,1.62466210045662
"727","contactcreek",2012,362,0.33074,0.00394520547945206,1028.55,965.503333333333,1.62466210045662
"728","contactcreek",2012,363,0.3308,0.00394520547945206,1028.55,965.503333333333,1.62466210045662
"729","contactcreek",2012,364,0.33096,0.00394520547945206,1028.55,965.503333333333,1.62466210045662
"730","contactcreek",2012,365,0.33127,0.00394520547945206,1028.55,965.503333333333,1.62466210045662
"731","contactcreek",2013,1,0.33196,3.02908219178082,872.49,965.503333333333,1.62466210045662
"732","contactcreek",2013,2,0.33219,3.02908219178082,872.49,965.503333333333,1.62466210045662
"733","contactcreek",2013,3,0.33214,3.02908219178082,872.49,965.503333333333,1.62466210045662
"734","contactcreek",2013,4,0.33188,3.02908219178082,872.49,965.503333333333,1.62466210045662
"735","contactcreek",2013,5,0.3317,3.02908219178082,872.49,965.503333333333,1.62466210045662
"736","contactcreek",2013,6,0.33162,3.02908219178082,872.49,965.503333333333,1.62466210045662
"737","contactcreek",2013,7,0.33153,3.02908219178082,872.49,965.503333333333,1.62466210045662
"738","contactcreek",2013,8,0.33147,3.02908219178082,872.49,965.503333333333,1.62466210045662
"739","contactcreek",2013,9,0.33145,3.02908219178082,872.49,965.503333333333,1.62466210045662
"740","contactcreek",2013,10,0.33145,3.02908219178082,872.49,965.503333333333,1.62466210045662
"741","contactcreek",2013,11,0.33145,3.02908219178082,872.49,965.503333333333,1.62466210045662
"742","contactcreek",2013,12,0.33145,3.02908219178082,872.49,965.503333333333,1.62466210045662
"743","contactcreek",2013,13,0.33145,3.02908219178082,872.49,965.503333333333,1.62466210045662
"744","contactcreek",2013,14,0.33141,3.02908219178082,872.49,965.503333333333,1.62466210045662
"745","contactcreek",2013,15,0.33132,3.02908219178082,872.49,965.503333333333,1.62466210045662
"746","contactcreek",2013,16,0.33119,3.02908219178082,872.49,965.503333333333,1.62466210045662
"747","contactcreek",2013,17,0.33105,3.02908219178082,872.49,965.503333333333,1.62466210045662
"748","contactcreek",2013,18,0.33091,3.02908219178082,872.49,965.503333333333,1.62466210045662
"749","contactcreek",2013,19,0.33073,3.02908219178082,872.49,965.503333333333,1.62466210045662
"750","contactcreek",2013,20,0.33047,3.02908219178082,872.49,965.503333333333,1.62466210045662
"751","contactcreek",2013,21,0.3302,3.02908219178082,872.49,965.503333333333,1.62466210045662
"752","contactcreek",2013,22,0.32999,3.02908219178082,872.49,965.503333333333,1.62466210045662
"753","contactcreek",2013,23,0.3299,3.02908219178082,872.49,965.503333333333,1.62466210045662
"754","contactcreek",2013,24,0.32995,3.02908219178082,872.49,965.503333333333,1.62466210045662
"755","contactcreek",2013,25,0.33007,3.02908219178082,872.49,965.503333333333,1.62466210045662
"756","contactcreek",2013,26,0.3302,3.02908219178082,872.49,965.503333333333,1.62466210045662
"757","contactcreek",2013,27,0.33046,3.02908219178082,872.49,965.503333333333,1.62466210045662
"758","contactcreek",2013,28,0.33084,3.02908219178082,872.49,965.503333333333,1.62466210045662
"759","contactcreek",2013,29,0.33112,3.02908219178082,872.49,965.503333333333,1.62466210045662
"760","contactcreek",2013,30,0.33132,3.02908219178082,872.49,965.503333333333,1.62466210045662
"761","contactcreek",2013,31,0.33156,3.02908219178082,872.49,965.503333333333,1.62466210045662
"762","contactcreek",2013,32,0.3318,3.02908219178082,872.49,965.503333333333,1.62466210045662
"763","contactcreek",2013,33,0.33197,3.02908219178082,872.49,965.503333333333,1.62466210045662
"764","contactcreek",2013,34,0.33202,3.02908219178082,872.49,965.503333333333,1.62466210045662
"765","contactcreek",2013,35,0.33187,3.02908219178082,872.49,965.503333333333,1.62466210045662
"766","contactcreek",2013,36,0.33157,3.02908219178082,872.49,965.503333333333,1.62466210045662
"767","contactcreek",2013,37,0.33119,3.02908219178082,872.49,965.503333333333,1.62466210045662
"768","contactcreek",2013,38,0.33083,3.02908219178082,872.49,965.503333333333,1.62466210045662
"769","contactcreek",2013,39,0.33057,3.02908219178082,872.49,965.503333333333,1.62466210045662
"770","contactcreek",2013,40,0.33038,3.02908219178082,872.49,965.503333333333,1.62466210045662
"771","contactcreek",2013,41,0.33021,3.02908219178082,872.49,965.503333333333,1.62466210045662
"772","contactcreek",2013,42,0.33005,3.02908219178082,872.49,965.503333333333,1.62466210045662
"773","contactcreek",2013,43,0.32992,3.02908219178082,872.49,965.503333333333,1.62466210045662
"774","contactcreek",2013,44,0.32982,3.02908219178082,872.49,965.503333333333,1.62466210045662
"775","contactcreek",2013,45,0.32979,3.02908219178082,872.49,965.503333333333,1.62466210045662
"776","contactcreek",2013,46,0.3298,3.02908219178082,872.49,965.503333333333,1.62466210045662
"777","contactcreek",2013,47,0.32981,3.02908219178082,872.49,965.503333333333,1.62466210045662
"778","contactcreek",2013,48,0.32983,3.02908219178082,872.49,965.503333333333,1.62466210045662
"779","contactcreek",2013,49,0.3299,3.02908219178082,872.49,965.503333333333,1.62466210045662
"780","contactcreek",2013,50,0.32994,3.02908219178082,872.49,965.503333333333,1.62466210045662
"781","contactcreek",2013,51,0.32995,3.02908219178082,872.49,965.503333333333,1.62466210045662
"782","contactcreek",2013,52,0.32995,3.02908219178082,872.49,965.503333333333,1.62466210045662
"783","contactcreek",2013,53,0.32995,3.02908219178082,872.49,965.503333333333,1.62466210045662
"784","contactcreek",2013,54,0.32996,3.02908219178082,872.49,965.503333333333,1.62466210045662
"785","contactcreek",2013,55,0.32998,3.02908219178082,872.49,965.503333333333,1.62466210045662
"786","contactcreek",2013,56,0.33005,3.02908219178082,872.49,965.503333333333,1.62466210045662
"787","contactcreek",2013,57,0.33014,3.02908219178082,872.49,965.503333333333,1.62466210045662
"788","contactcreek",2013,58,0.33025,3.02908219178082,872.49,965.503333333333,1.62466210045662
"789","contactcreek",2013,59,0.33034,3.02908219178082,872.49,965.503333333333,1.62466210045662
"790","contactcreek",2013,60,0.33041,3.02908219178082,872.49,965.503333333333,1.62466210045662
"791","contactcreek",2013,61,0.33045,3.02908219178082,872.49,965.503333333333,1.62466210045662
"792","contactcreek",2013,62,0.33049,3.02908219178082,872.49,965.503333333333,1.62466210045662
"793","contactcreek",2013,63,0.33052,3.02908219178082,872.49,965.503333333333,1.62466210045662
"794","contactcreek",2013,64,0.33054,3.02908219178082,872.49,965.503333333333,1.62466210045662
"795","contactcreek",2013,65,0.33055,3.02908219178082,872.49,965.503333333333,1.62466210045662
"796","contactcreek",2013,66,0.33052,3.02908219178082,872.49,965.503333333333,1.62466210045662
"797","contactcreek",2013,67,0.33046,3.02908219178082,872.49,965.503333333333,1.62466210045662
"798","contactcreek",2013,68,0.33042,3.02908219178082,872.49,965.503333333333,1.62466210045662
"799","contactcreek",2013,69,0.33037,3.02908219178082,872.49,965.503333333333,1.62466210045662
"800","contactcreek",2013,70,0.33028,3.02908219178082,872.49,965.503333333333,1.62466210045662
"801","contactcreek",2013,71,0.33023,3.02908219178082,872.49,965.503333333333,1.62466210045662
"802","contactcreek",2013,72,0.33023,3.02908219178082,872.49,965.503333333333,1.62466210045662
"803","contactcreek",2013,73,0.33026,3.02908219178082,872.49,965.503333333333,1.62466210045662
"804","contactcreek",2013,74,0.33031,3.02908219178082,872.49,965.503333333333,1.62466210045662
"805","contactcreek",2013,75,0.33036,3.02908219178082,872.49,965.503333333333,1.62466210045662
"806","contactcreek",2013,76,0.3304,3.02908219178082,872.49,965.503333333333,1.62466210045662
"807","contactcreek",2013,77,0.33044,3.02908219178082,872.49,965.503333333333,1.62466210045662
"808","contactcreek",2013,78,0.33047,3.02908219178082,872.49,965.503333333333,1.62466210045662
"809","contactcreek",2013,79,0.33051,3.02908219178082,872.49,965.503333333333,1.62466210045662
"810","contactcreek",2013,80,0.33054,3.02908219178082,872.49,965.503333333333,1.62466210045662
"811","contactcreek",2013,81,0.33058,3.02908219178082,872.49,965.503333333333,1.62466210045662
"812","contactcreek",2013,82,0.33061,3.02908219178082,872.49,965.503333333333,1.62466210045662
"813","contactcreek",2013,83,0.33065,3.02908219178082,872.49,965.503333333333,1.62466210045662
"814","contactcreek",2013,84,0.33069,3.02908219178082,872.49,965.503333333333,1.62466210045662
"815","contactcreek",2013,85,0.33074,3.02908219178082,872.49,965.503333333333,1.62466210045662
"816","contactcreek",2013,86,0.33079,3.02908219178082,872.49,965.503333333333,1.62466210045662
"817","contactcreek",2013,87,0.33087,3.02908219178082,872.49,965.503333333333,1.62466210045662
"818","contactcreek",2013,88,0.33098,3.02908219178082,872.49,965.503333333333,1.62466210045662
"819","contactcreek",2013,89,0.33106,3.02908219178082,872.49,965.503333333333,1.62466210045662
"820","contactcreek",2013,90,0.33111,3.02908219178082,872.49,965.503333333333,1.62466210045662
"821","contactcreek",2013,91,0.33117,3.02908219178082,872.49,965.503333333333,1.62466210045662
"822","contactcreek",2013,92,0.33121,3.02908219178082,872.49,965.503333333333,1.62466210045662
"823","contactcreek",2013,93,0.33118,3.02908219178082,872.49,965.503333333333,1.62466210045662
"824","contactcreek",2013,94,0.33111,3.02908219178082,872.49,965.503333333333,1.62466210045662
"825","contactcreek",2013,95,0.33102,3.02908219178082,872.49,965.503333333333,1.62466210045662
"826","contactcreek",2013,96,0.33094,3.02908219178082,872.49,965.503333333333,1.62466210045662
"827","contactcreek",2013,97,0.3309,3.02908219178082,872.49,965.503333333333,1.62466210045662
"828","contactcreek",2013,98,0.33084,3.02908219178082,872.49,965.503333333333,1.62466210045662
"829","contactcreek",2013,99,0.33077,3.02908219178082,872.49,965.503333333333,1.62466210045662
"830","contactcreek",2013,100,0.33075,3.02908219178082,872.49,965.503333333333,1.62466210045662
"831","contactcreek",2013,101,0.33081,3.02908219178082,872.49,965.503333333333,1.62466210045662
"832","contactcreek",2013,102,0.3309,3.02908219178082,872.49,965.503333333333,1.62466210045662
"833","contactcreek",2013,103,0.331,3.02908219178082,872.49,965.503333333333,1.62466210045662
"834","contactcreek",2013,104,0.33118,3.02908219178082,872.49,965.503333333333,1.62466210045662
"835","contactcreek",2013,105,0.33148,3.02908219178082,872.49,965.503333333333,1.62466210045662
"836","contactcreek",2013,106,0.33179,3.02908219178082,872.49,965.503333333333,1.62466210045662
"837","contactcreek",2013,107,0.33205,3.02908219178082,872.49,965.503333333333,1.62466210045662
"838","contactcreek",2013,108,0.33215,3.02908219178082,872.49,965.503333333333,1.62466210045662
"839","contactcreek",2013,109,0.33216,3.02908219178082,872.49,965.503333333333,1.62466210045662
"840","contactcreek",2013,110,0.33213,3.02908219178082,872.49,965.503333333333,1.62466210045662
"841","contactcreek",2013,111,0.33202,3.02908219178082,872.49,965.503333333333,1.62466210045662
"842","contactcreek",2013,112,0.3317,3.02908219178082,872.49,965.503333333333,1.62466210045662
"843","contactcreek",2013,113,0.33123,3.02908219178082,872.49,965.503333333333,1.62466210045662
"844","contactcreek",2013,114,0.33085,3.02908219178082,872.49,965.503333333333,1.62466210045662
"845","contactcreek",2013,115,0.33055,3.02908219178082,872.49,965.503333333333,1.62466210045662
"846","contactcreek",2013,116,0.33018,3.02908219178082,872.49,965.503333333333,1.62466210045662
"847","contactcreek",2013,117,0.32978,3.02908219178082,872.49,965.503333333333,1.62466210045662
"848","contactcreek",2013,118,0.32942,3.02908219178082,872.49,965.503333333333,1.62466210045662
"849","contactcreek",2013,119,0.32914,3.02908219178082,872.49,965.503333333333,1.62466210045662
"850","contactcreek",2013,120,0.32896,3.02908219178082,872.49,965.503333333333,1.62466210045662
"851","contactcreek",2013,121,0.32883,3.02908219178082,872.49,965.503333333333,1.62466210045662
"852","contactcreek",2013,122,0.32875,3.02908219178082,872.49,965.503333333333,1.62466210045662
"853","contactcreek",2013,123,0.32869,3.02908219178082,872.49,965.503333333333,1.62466210045662
"854","contactcreek",2013,124,0.32863,3.02908219178082,872.49,965.503333333333,1.62466210045662
"855","contactcreek",2013,125,0.32856,3.02908219178082,872.49,965.503333333333,1.62466210045662
"856","contactcreek",2013,126,0.32849,3.02908219178082,872.49,965.503333333333,1.62466210045662
"857","contactcreek",2013,127,0.32843,3.02908219178082,872.49,965.503333333333,1.62466210045662
"858","contactcreek",2013,128,0.3284,3.02908219178082,872.49,965.503333333333,1.62466210045662
"859","contactcreek",2013,129,0.32842,3.02908219178082,872.49,965.503333333333,1.62466210045662
"860","contactcreek",2013,130,0.32852,3.02908219178082,872.49,965.503333333333,1.62466210045662
"861","contactcreek",2013,131,0.32868,3.02908219178082,872.49,965.503333333333,1.62466210045662
"862","contactcreek",2013,132,0.32881,3.02908219178082,872.49,965.503333333333,1.62466210045662
"863","contactcreek",2013,133,0.32899,3.02908219178082,872.49,965.503333333333,1.62466210045662
"864","contactcreek",2013,134,0.32922,3.02908219178082,872.49,965.503333333333,1.62466210045662
"865","contactcreek",2013,135,0.32942,3.02908219178082,872.49,965.503333333333,1.62466210045662
"866","contactcreek",2013,136,0.32952,3.02908219178082,872.49,965.503333333333,1.62466210045662
"867","contactcreek",2013,137,0.32957,3.02908219178082,872.49,965.503333333333,1.62466210045662
"868","contactcreek",2013,138,0.32961,3.02908219178082,872.49,965.503333333333,1.62466210045662
"869","contactcreek",2013,139,0.32968,3.02908219178082,872.49,965.503333333333,1.62466210045662
"870","contactcreek",2013,140,0.32983,3.02908219178082,872.49,965.503333333333,1.62466210045662
"871","contactcreek",2013,141,0.33003,3.02908219178082,872.49,965.503333333333,1.62466210045662
"872","contactcreek",2013,142,0.33025,3.02908219178082,872.49,965.503333333333,1.62466210045662
"873","contactcreek",2013,143,0.3305,3.02908219178082,872.49,965.503333333333,1.62466210045662
"874","contactcreek",2013,144,0.33081,3.02908219178082,872.49,965.503333333333,1.62466210045662
"875","contactcreek",2013,145,0.33117,3.02908219178082,872.49,965.503333333333,1.62466210045662
"876","contactcreek",2013,146,0.33168,3.02908219178082,872.49,965.503333333333,1.62466210045662
"877","contactcreek",2013,147,0.33232,3.02908219178082,872.49,965.503333333333,1.62466210045662
"878","contactcreek",2013,148,0.333,3.02908219178082,872.49,965.503333333333,1.62466210045662
"879","contactcreek",2013,149,0.33364,3.02908219178082,872.49,965.503333333333,1.62466210045662
"880","contactcreek",2013,150,0.33415,3.02908219178082,872.49,965.503333333333,1.62466210045662
"881","contactcreek",2013,151,0.33458,3.02908219178082,872.49,965.503333333333,1.62466210045662
"882","contactcreek",2013,152,0.33501,3.02908219178082,872.49,965.503333333333,1.62466210045662
"883","contactcreek",2013,153,0.33535,3.02908219178082,872.49,965.503333333333,1.62466210045662
"884","contactcreek",2013,154,0.33561,3.02908219178082,872.49,965.503333333333,1.62466210045662
"885","contactcreek",2013,155,0.3358,3.02908219178082,872.49,965.503333333333,1.62466210045662
"886","contactcreek",2013,156,0.33594,3.02908219178082,872.49,965.503333333333,1.62466210045662
"887","contactcreek",2013,157,0.33596,3.02908219178082,872.49,965.503333333333,1.62466210045662
"888","contactcreek",2013,158,0.33586,3.02908219178082,872.49,965.503333333333,1.62466210045662
"889","contactcreek",2013,159,0.33569,3.02908219178082,872.49,965.503333333333,1.62466210045662
"890","contactcreek",2013,160,0.33553,3.02908219178082,872.49,965.503333333333,1.62466210045662
"891","contactcreek",2013,161,0.33543,3.02908219178082,872.49,965.503333333333,1.62466210045662
"892","contactcreek",2013,162,0.33536,3.02908219178082,872.49,965.503333333333,1.62466210045662
"893","contactcreek",2013,163,0.33524,3.02908219178082,872.49,965.503333333333,1.62466210045662
"894","contactcreek",2013,164,0.33513,3.02908219178082,872.49,965.503333333333,1.62466210045662
"895","contactcreek",2013,165,0.33506,3.02908219178082,872.49,965.503333333333,1.62466210045662
"896","contactcreek",2013,166,0.33508,3.02908219178082,872.49,965.503333333333,1.62466210045662
"897","contactcreek",2013,167,0.33512,3.02908219178082,872.49,965.503333333333,1.62466210045662
"898","contactcreek",2013,168,0.33516,3.02908219178082,872.49,965.503333333333,1.62466210045662
"899","contactcreek",2013,169,0.33525,3.02908219178082,872.49,965.503333333333,1.62466210045662
"900","contactcreek",2013,170,0.33544,3.02908219178082,872.49,965.503333333333,1.62466210045662
"901","contactcreek",2013,171,0.33579,3.02908219178082,872.49,965.503333333333,1.62466210045662
"902","contactcreek",2013,172,0.33631,3.02908219178082,872.49,965.503333333333,1.62466210045662
"903","contactcreek",2013,173,0.33695,3.02908219178082,872.49,965.503333333333,1.62466210045662
"904","contactcreek",2013,174,0.33765,3.02908219178082,872.49,965.503333333333,1.62466210045662
"905","contactcreek",2013,175,0.33853,3.02908219178082,872.49,965.503333333333,1.62466210045662
"906","contactcreek",2013,176,0.33957,3.02908219178082,872.49,965.503333333333,1.62466210045662
"907","contactcreek",2013,177,0.34054,3.02908219178082,872.49,965.503333333333,1.62466210045662
"908","contactcreek",2013,178,0.34152,3.02908219178082,872.49,965.503333333333,1.62466210045662
"909","contactcreek",2013,179,0.34266,3.02908219178082,872.49,965.503333333333,1.62466210045662
"910","contactcreek",2013,180,0.34384,3.02908219178082,872.49,965.503333333333,1.62466210045662
"911","contactcreek",2013,181,0.34496,3.02908219178082,872.49,965.503333333333,1.62466210045662
"912","contactcreek",2013,182,0.34587,3.02908219178082,872.49,965.503333333333,1.62466210045662
"913","contactcreek",2013,183,0.3466,3.02908219178082,872.49,965.503333333333,1.62466210045662
"914","contactcreek",2013,184,0.34721,3.02908219178082,872.49,965.503333333333,1.62466210045662
"915","contactcreek",2013,185,0.34773,3.02908219178082,872.49,965.503333333333,1.62466210045662
"916","contactcreek",2013,186,0.34814,3.02908219178082,872.49,965.503333333333,1.62466210045662
"917","contactcreek",2013,187,0.34845,3.02908219178082,872.49,965.503333333333,1.62466210045662
"918","contactcreek",2013,188,0.34856,3.02908219178082,872.49,965.503333333333,1.62466210045662
"919","contactcreek",2013,189,0.34846,3.02908219178082,872.49,965.503333333333,1.62466210045662
"920","contactcreek",2013,190,0.3483,3.02908219178082,872.49,965.503333333333,1.62466210045662
"921","contactcreek",2013,191,0.34823,3.02908219178082,872.49,965.503333333333,1.62466210045662
"922","contactcreek",2013,192,0.3484,3.02908219178082,872.49,965.503333333333,1.62466210045662
"923","contactcreek",2013,193,0.34889,3.02908219178082,872.49,965.503333333333,1.62466210045662
"924","contactcreek",2013,194,0.34952,3.02908219178082,872.49,965.503333333333,1.62466210045662
"925","contactcreek",2013,195,0.35003,3.02908219178082,872.49,965.503333333333,1.62466210045662
"926","contactcreek",2013,196,0.35053,3.02908219178082,872.49,965.503333333333,1.62466210045662
"927","contactcreek",2013,197,0.35115,3.02908219178082,872.49,965.503333333333,1.62466210045662
"928","contactcreek",2013,198,0.35163,3.02908219178082,872.49,965.503333333333,1.62466210045662
"929","contactcreek",2013,199,0.35197,3.02908219178082,872.49,965.503333333333,1.62466210045662
"930","contactcreek",2013,200,0.35228,3.02908219178082,872.49,965.503333333333,1.62466210045662
"931","contactcreek",2013,201,0.35255,3.02908219178082,872.49,965.503333333333,1.62466210045662
"932","contactcreek",2013,202,0.35272,3.02908219178082,872.49,965.503333333333,1.62466210045662
"933","contactcreek",2013,203,0.35277,3.02908219178082,872.49,965.503333333333,1.62466210045662
"934","contactcreek",2013,204,0.35256,3.02908219178082,872.49,965.503333333333,1.62466210045662
"935","contactcreek",2013,205,0.3521,3.02908219178082,872.49,965.503333333333,1.62466210045662
"936","contactcreek",2013,206,0.35159,3.02908219178082,872.49,965.503333333333,1.62466210045662
"937","contactcreek",2013,207,0.3512,3.02908219178082,872.49,965.503333333333,1.62466210045662
"938","contactcreek",2013,208,0.35111,3.02908219178082,872.49,965.503333333333,1.62466210045662
"939","contactcreek",2013,209,0.35141,3.02908219178082,872.49,965.503333333333,1.62466210045662
"940","contactcreek",2013,210,0.35195,3.02908219178082,872.49,965.503333333333,1.62466210045662
"941","contactcreek",2013,211,0.35258,3.02908219178082,872.49,965.503333333333,1.62466210045662
"942","contactcreek",2013,212,0.35314,3.02908219178082,872.49,965.503333333333,1.62466210045662
"943","contactcreek",2013,213,0.35349,3.02908219178082,872.49,965.503333333333,1.62466210045662
"944","contactcreek",2013,214,0.35377,3.02908219178082,872.49,965.503333333333,1.62466210045662
"945","contactcreek",2013,215,0.35411,3.02908219178082,872.49,965.503333333333,1.62466210045662
"946","contactcreek",2013,216,0.3543,3.02908219178082,872.49,965.503333333333,1.62466210045662
"947","contactcreek",2013,217,0.35425,3.02908219178082,872.49,965.503333333333,1.62466210045662
"948","contactcreek",2013,218,0.35409,3.02908219178082,872.49,965.503333333333,1.62466210045662
"949","contactcreek",2013,219,0.3539,3.02908219178082,872.49,965.503333333333,1.62466210045662
"950","contactcreek",2013,220,0.3534,3.02908219178082,872.49,965.503333333333,1.62466210045662
"951","contactcreek",2013,221,0.35249,3.02908219178082,872.49,965.503333333333,1.62466210045662
"952","contactcreek",2013,222,0.3515,3.02908219178082,872.49,965.503333333333,1.62466210045662
"953","contactcreek",2013,223,0.35076,3.02908219178082,872.49,965.503333333333,1.62466210045662
"954","contactcreek",2013,224,0.35059,3.02908219178082,872.49,965.503333333333,1.62466210045662
"955","contactcreek",2013,225,0.35118,3.02908219178082,872.49,965.503333333333,1.62466210045662
"956","contactcreek",2013,226,0.35228,3.02908219178082,872.49,965.503333333333,1.62466210045662
"957","contactcreek",2013,227,0.35362,3.02908219178082,872.49,965.503333333333,1.62466210045662
"958","contactcreek",2013,228,0.35489,3.02908219178082,872.49,965.503333333333,1.62466210045662
"959","contactcreek",2013,229,0.3558,3.02908219178082,872.49,965.503333333333,1.62466210045662
"960","contactcreek",2013,230,0.35663,3.02908219178082,872.49,965.503333333333,1.62466210045662
"961","contactcreek",2013,231,0.35768,3.02908219178082,872.49,965.503333333333,1.62466210045662
"962","contactcreek",2013,232,0.3587,3.02908219178082,872.49,965.503333333333,1.62466210045662
"963","contactcreek",2013,233,0.35943,3.02908219178082,872.49,965.503333333333,1.62466210045662
"964","contactcreek",2013,234,0.35962,3.02908219178082,872.49,965.503333333333,1.62466210045662
"965","contactcreek",2013,235,0.35908,3.02908219178082,872.49,965.503333333333,1.62466210045662
"966","contactcreek",2013,236,0.35808,3.02908219178082,872.49,965.503333333333,1.62466210045662
"967","contactcreek",2013,237,0.35709,3.02908219178082,872.49,965.503333333333,1.62466210045662
"968","contactcreek",2013,238,0.35551,3.02908219178082,872.49,965.503333333333,1.62466210045662
"969","contactcreek",2013,239,0.35323,3.02908219178082,872.49,965.503333333333,1.62466210045662
"970","contactcreek",2013,240,0.3515,3.02908219178082,872.49,965.503333333333,1.62466210045662
"971","contactcreek",2013,241,0.35047,3.02908219178082,872.49,965.503333333333,1.62466210045662
"972","contactcreek",2013,242,0.34952,3.02908219178082,872.49,965.503333333333,1.62466210045662
"973","contactcreek",2013,243,0.3487,3.02908219178082,872.49,965.503333333333,1.62466210045662
"974","contactcreek",2013,244,0.34807,3.02908219178082,872.49,965.503333333333,1.62466210045662
"975","contactcreek",2013,245,0.34768,3.02908219178082,872.49,965.503333333333,1.62466210045662
"976","contactcreek",2013,246,0.34769,3.02908219178082,872.49,965.503333333333,1.62466210045662
"977","contactcreek",2013,247,0.34807,3.02908219178082,872.49,965.503333333333,1.62466210045662
"978","contactcreek",2013,248,0.34859,3.02908219178082,872.49,965.503333333333,1.62466210045662
"979","contactcreek",2013,249,0.34903,3.02908219178082,872.49,965.503333333333,1.62466210045662
"980","contactcreek",2013,250,0.34917,3.02908219178082,872.49,965.503333333333,1.62466210045662
"981","contactcreek",2013,251,0.3491,3.02908219178082,872.49,965.503333333333,1.62466210045662
"982","contactcreek",2013,252,0.34904,3.02908219178082,872.49,965.503333333333,1.62466210045662
"983","contactcreek",2013,253,0.3489,3.02908219178082,872.49,965.503333333333,1.62466210045662
"984","contactcreek",2013,254,0.34865,3.02908219178082,872.49,965.503333333333,1.62466210045662
"985","contactcreek",2013,255,0.34821,3.02908219178082,872.49,965.503333333333,1.62466210045662
"986","contactcreek",2013,256,0.34736,3.02908219178082,872.49,965.503333333333,1.62466210045662
"987","contactcreek",2013,257,0.34622,3.02908219178082,872.49,965.503333333333,1.62466210045662
"988","contactcreek",2013,258,0.34522,3.02908219178082,872.49,965.503333333333,1.62466210045662
"989","contactcreek",2013,259,0.34427,3.02908219178082,872.49,965.503333333333,1.62466210045662
"990","contactcreek",2013,260,0.34319,3.02908219178082,872.49,965.503333333333,1.62466210045662
"991","contactcreek",2013,261,0.34224,3.02908219178082,872.49,965.503333333333,1.62466210045662
"992","contactcreek",2013,262,0.34149,3.02908219178082,872.49,965.503333333333,1.62466210045662
"993","contactcreek",2013,263,0.3408,3.02908219178082,872.49,965.503333333333,1.62466210045662
"994","contactcreek",2013,264,0.34014,3.02908219178082,872.49,965.503333333333,1.62466210045662
"995","contactcreek",2013,265,0.3395,3.02908219178082,872.49,965.503333333333,1.62466210045662
"996","contactcreek",2013,266,0.33886,3.02908219178082,872.49,965.503333333333,1.62466210045662
"997","contactcreek",2013,267,0.33815,3.02908219178082,872.49,965.503333333333,1.62466210045662
"998","contactcreek",2013,268,0.33744,3.02908219178082,872.49,965.503333333333,1.62466210045662
"999","contactcreek",2013,269,0.33682,3.02908219178082,872.49,965.503333333333,1.62466210045662
"1000","contactcreek",2013,270,0.33626,3.02908219178082,872.49,965.503333333333,1.62466210045662
"1001","contactcreek",2013,271,0.33569,3.02908219178082,872.49,965.503333333333,1.62466210045662
"1002","contactcreek",2013,272,0.33525,3.02908219178082,872.49,965.503333333333,1.62466210045662
"1003","contactcreek",2013,273,0.33495,3.02908219178082,872.49,965.503333333333,1.62466210045662
"1004","contactcreek",2013,274,0.33476,3.02908219178082,872.49,965.503333333333,1.62466210045662
"1005","contactcreek",2013,275,0.33464,3.02908219178082,872.49,965.503333333333,1.62466210045662
"1006","contactcreek",2013,276,0.33457,3.02908219178082,872.49,965.503333333333,1.62466210045662
"1007","contactcreek",2013,277,0.33452,3.02908219178082,872.49,965.503333333333,1.62466210045662
"1008","contactcreek",2013,278,0.33458,3.02908219178082,872.49,965.503333333333,1.62466210045662
"1009","contactcreek",2013,279,0.33474,3.02908219178082,872.49,965.503333333333,1.62466210045662
"1010","contactcreek",2013,280,0.33488,3.02908219178082,872.49,965.503333333333,1.62466210045662
"1011","contactcreek",2013,281,0.33494,3.02908219178082,872.49,965.503333333333,1.62466210045662
"1012","contactcreek",2013,282,0.33501,3.02908219178082,872.49,965.503333333333,1.62466210045662
"1013","contactcreek",2013,283,0.3351,3.02908219178082,872.49,965.503333333333,1.62466210045662
"1014","contactcreek",2013,284,0.33526,3.02908219178082,872.49,965.503333333333,1.62466210045662
"1015","contactcreek",2013,285,0.33548,3.02908219178082,872.49,965.503333333333,1.62466210045662
"1016","contactcreek",2013,286,0.33571,3.02908219178082,872.49,965.503333333333,1.62466210045662
"1017","contactcreek",2013,287,0.33591,3.02908219178082,872.49,965.503333333333,1.62466210045662
"1018","contactcreek",2013,288,0.33601,3.02908219178082,872.49,965.503333333333,1.62466210045662
"1019","contactcreek",2013,289,0.33605,3.02908219178082,872.49,965.503333333333,1.62466210045662
"1020","contactcreek",2013,290,0.33607,3.02908219178082,872.49,965.503333333333,1.62466210045662
"1021","contactcreek",2013,291,0.33607,3.02908219178082,872.49,965.503333333333,1.62466210045662
"1022","contactcreek",2013,292,0.33602,3.02908219178082,872.49,965.503333333333,1.62466210045662
"1023","contactcreek",2013,293,0.33591,3.02908219178082,872.49,965.503333333333,1.62466210045662
"1024","contactcreek",2013,294,0.33569,3.02908219178082,872.49,965.503333333333,1.62466210045662
"1025","contactcreek",2013,295,0.33535,3.02908219178082,872.49,965.503333333333,1.62466210045662
"1026","contactcreek",2013,296,0.33496,3.02908219178082,872.49,965.503333333333,1.62466210045662
"1027","contactcreek",2013,297,0.33459,3.02908219178082,872.49,965.503333333333,1.62466210045662
"1028","contactcreek",2013,298,0.33429,3.02908219178082,872.49,965.503333333333,1.62466210045662
"1029","contactcreek",2013,299,0.33406,3.02908219178082,872.49,965.503333333333,1.62466210045662
"1030","contactcreek",2013,300,0.33385,3.02908219178082,872.49,965.503333333333,1.62466210045662
"1031","contactcreek",2013,301,0.33364,3.02908219178082,872.49,965.503333333333,1.62466210045662
"1032","contactcreek",2013,302,0.33343,3.02908219178082,872.49,965.503333333333,1.62466210045662
"1033","contactcreek",2013,303,0.33323,3.02908219178082,872.49,965.503333333333,1.62466210045662
"1034","contactcreek",2013,304,0.33305,3.02908219178082,872.49,965.503333333333,1.62466210045662
"1035","contactcreek",2013,305,0.33288,3.02908219178082,872.49,965.503333333333,1.62466210045662
"1036","contactcreek",2013,306,0.3327,3.02908219178082,872.49,965.503333333333,1.62466210045662
"1037","contactcreek",2013,307,0.33254,3.02908219178082,872.49,965.503333333333,1.62466210045662
"1038","contactcreek",2013,308,0.33238,3.02908219178082,872.49,965.503333333333,1.62466210045662
"1039","contactcreek",2013,309,0.33224,3.02908219178082,872.49,965.503333333333,1.62466210045662
"1040","contactcreek",2013,310,0.3321,3.02908219178082,872.49,965.503333333333,1.62466210045662
"1041","contactcreek",2013,311,0.33196,3.02908219178082,872.49,965.503333333333,1.62466210045662
"1042","contactcreek",2013,312,0.33184,3.02908219178082,872.49,965.503333333333,1.62466210045662
"1043","contactcreek",2013,313,0.33175,3.02908219178082,872.49,965.503333333333,1.62466210045662
"1044","contactcreek",2013,314,0.33171,3.02908219178082,872.49,965.503333333333,1.62466210045662
"1045","contactcreek",2013,315,0.33175,3.02908219178082,872.49,965.503333333333,1.62466210045662
"1046","contactcreek",2013,316,0.33185,3.02908219178082,872.49,965.503333333333,1.62466210045662
"1047","contactcreek",2013,317,0.33198,3.02908219178082,872.49,965.503333333333,1.62466210045662
"1048","contactcreek",2013,318,0.33208,3.02908219178082,872.49,965.503333333333,1.62466210045662
"1049","contactcreek",2013,319,0.33211,3.02908219178082,872.49,965.503333333333,1.62466210045662
"1050","contactcreek",2013,320,0.33212,3.02908219178082,872.49,965.503333333333,1.62466210045662
"1051","contactcreek",2013,321,0.33214,3.02908219178082,872.49,965.503333333333,1.62466210045662
"1052","contactcreek",2013,322,0.33211,3.02908219178082,872.49,965.503333333333,1.62466210045662
"1053","contactcreek",2013,323,0.33199,3.02908219178082,872.49,965.503333333333,1.62466210045662
"1054","contactcreek",2013,324,0.33183,3.02908219178082,872.49,965.503333333333,1.62466210045662
"1055","contactcreek",2013,325,0.33166,3.02908219178082,872.49,965.503333333333,1.62466210045662
"1056","contactcreek",2013,326,0.33144,3.02908219178082,872.49,965.503333333333,1.62466210045662
"1057","contactcreek",2013,327,0.33112,3.02908219178082,872.49,965.503333333333,1.62466210045662
"1058","contactcreek",2013,328,0.33078,3.02908219178082,872.49,965.503333333333,1.62466210045662
"1059","contactcreek",2013,329,0.3305,3.02908219178082,872.49,965.503333333333,1.62466210045662
"1060","contactcreek",2013,330,0.33037,3.02908219178082,872.49,965.503333333333,1.62466210045662
"1061","contactcreek",2013,331,0.33037,3.02908219178082,872.49,965.503333333333,1.62466210045662
"1062","contactcreek",2013,332,0.33046,3.02908219178082,872.49,965.503333333333,1.62466210045662
"1063","contactcreek",2013,333,0.33066,3.02908219178082,872.49,965.503333333333,1.62466210045662
"1064","contactcreek",2013,334,0.331,3.02908219178082,872.49,965.503333333333,1.62466210045662
"1065","contactcreek",2013,335,0.33151,3.02908219178082,872.49,965.503333333333,1.62466210045662
"1066","contactcreek",2013,336,0.33193,3.02908219178082,872.49,965.503333333333,1.62466210045662
"1067","contactcreek",2013,337,0.33204,3.02908219178082,872.49,965.503333333333,1.62466210045662
"1068","contactcreek",2013,338,0.33195,3.02908219178082,872.49,965.503333333333,1.62466210045662
"1069","contactcreek",2013,339,0.33174,3.02908219178082,872.49,965.503333333333,1.62466210045662
"1070","contactcreek",2013,340,0.33152,3.02908219178082,872.49,965.503333333333,1.62466210045662
"1071","contactcreek",2013,341,0.33106,3.02908219178082,872.49,965.503333333333,1.62466210045662
"1072","contactcreek",2013,342,0.3304,3.02908219178082,872.49,965.503333333333,1.62466210045662
"1073","contactcreek",2013,343,0.33004,3.02908219178082,872.49,965.503333333333,1.62466210045662
"1074","contactcreek",2013,344,0.32995,3.02908219178082,872.49,965.503333333333,1.62466210045662
"1075","contactcreek",2013,345,0.32984,3.02908219178082,872.49,965.503333333333,1.62466210045662
"1076","contactcreek",2013,346,0.3298,3.02908219178082,872.49,965.503333333333,1.62466210045662
"1077","contactcreek",2013,347,0.32986,3.02908219178082,872.49,965.503333333333,1.62466210045662
"1078","contactcreek",2013,348,0.32996,3.02908219178082,872.49,965.503333333333,1.62466210045662
"1079","contactcreek",2013,349,0.33007,3.02908219178082,872.49,965.503333333333,1.62466210045662
"1080","contactcreek",2013,350,0.33018,3.02908219178082,872.49,965.503333333333,1.62466210045662
"1081","contactcreek",2013,351,0.33026,3.02908219178082,872.49,965.503333333333,1.62466210045662
"1082","contactcreek",2013,352,0.33032,3.02908219178082,872.49,965.503333333333,1.62466210045662
"1083","contactcreek",2013,353,0.33037,3.02908219178082,872.49,965.503333333333,1.62466210045662
"1084","contactcreek",2013,354,0.33043,3.02908219178082,872.49,965.503333333333,1.62466210045662
"1085","contactcreek",2013,355,0.33049,3.02908219178082,872.49,965.503333333333,1.62466210045662
"1086","contactcreek",2013,356,0.33055,3.02908219178082,872.49,965.503333333333,1.62466210045662
"1087","contactcreek",2013,357,0.3306,3.02908219178082,872.49,965.503333333333,1.62466210045662
"1088","contactcreek",2013,358,0.33066,3.02908219178082,872.49,965.503333333333,1.62466210045662
"1089","contactcreek",2013,359,0.33072,3.02908219178082,872.49,965.503333333333,1.62466210045662
"1090","contactcreek",2013,360,0.33078,3.02908219178082,872.49,965.503333333333,1.62466210045662
"1091","contactcreek",2013,361,0.33083,3.02908219178082,872.49,965.503333333333,1.62466210045662
"1092","contactcreek",2013,362,0.33089,3.02908219178082,872.49,965.503333333333,1.62466210045662
"1093","contactcreek",2013,363,0.33095,3.02908219178082,872.49,965.503333333333,1.62466210045662
"1094","contactcreek",2013,364,0.33101,3.02908219178082,872.49,965.503333333333,1.62466210045662
"1095","contactcreek",2013,365,0.33109,3.02908219178082,872.49,965.503333333333,1.62466210045662
