"","site","year","doy","smooth_gcc_90","annual_temp","annual_precip","map","mat"
"1","dukehw",2014,1,0.31686,14.5023424657534,1207.04,1372.25,15.7291
"2","dukehw",2014,2,0.31683,14.5023424657534,1207.04,1372.25,15.7291
"3","dukehw",2014,3,0.31679,14.5023424657534,1207.04,1372.25,15.7291
"4","dukehw",2014,4,0.31675,14.5023424657534,1207.04,1372.25,15.7291
"5","dukehw",2014,5,0.31671,14.5023424657534,1207.04,1372.25,15.7291
"6","dukehw",2014,6,0.31668,14.5023424657534,1207.04,1372.25,15.7291
"7","dukehw",2014,7,0.31664,14.5023424657534,1207.04,1372.25,15.7291
"8","dukehw",2014,8,0.31662,14.5023424657534,1207.04,1372.25,15.7291
"9","dukehw",2014,9,0.31661,14.5023424657534,1207.04,1372.25,15.7291
"10","dukehw",2014,10,0.31661,14.5023424657534,1207.04,1372.25,15.7291
"11","dukehw",2014,11,0.31661,14.5023424657534,1207.04,1372.25,15.7291
"12","dukehw",2014,12,0.31662,14.5023424657534,1207.04,1372.25,15.7291
"13","dukehw",2014,13,0.31664,14.5023424657534,1207.04,1372.25,15.7291
"14","dukehw",2014,14,0.31665,14.5023424657534,1207.04,1372.25,15.7291
"15","dukehw",2014,15,0.31668,14.5023424657534,1207.04,1372.25,15.7291
"16","dukehw",2014,16,0.3167,14.5023424657534,1207.04,1372.25,15.7291
"17","dukehw",2014,17,0.31672,14.5023424657534,1207.04,1372.25,15.7291
"18","dukehw",2014,18,0.31675,14.5023424657534,1207.04,1372.25,15.7291
"19","dukehw",2014,19,0.31679,14.5023424657534,1207.04,1372.25,15.7291
"20","dukehw",2014,20,0.31684,14.5023424657534,1207.04,1372.25,15.7291
"21","dukehw",2014,21,0.31689,14.5023424657534,1207.04,1372.25,15.7291
"22","dukehw",2014,22,0.31695,14.5023424657534,1207.04,1372.25,15.7291
"23","dukehw",2014,23,0.31701,14.5023424657534,1207.04,1372.25,15.7291
"24","dukehw",2014,24,0.31706,14.5023424657534,1207.04,1372.25,15.7291
"25","dukehw",2014,25,0.3171,14.5023424657534,1207.04,1372.25,15.7291
"26","dukehw",2014,26,0.31713,14.5023424657534,1207.04,1372.25,15.7291
"27","dukehw",2014,27,0.31713,14.5023424657534,1207.04,1372.25,15.7291
"28","dukehw",2014,28,0.31712,14.5023424657534,1207.04,1372.25,15.7291
"29","dukehw",2014,29,0.31709,14.5023424657534,1207.04,1372.25,15.7291
"30","dukehw",2014,30,0.31704,14.5023424657534,1207.04,1372.25,15.7291
"31","dukehw",2014,31,0.31699,14.5023424657534,1207.04,1372.25,15.7291
"32","dukehw",2014,32,0.31694,14.5023424657534,1207.04,1372.25,15.7291
"33","dukehw",2014,33,0.31689,14.5023424657534,1207.04,1372.25,15.7291
"34","dukehw",2014,34,0.31685,14.5023424657534,1207.04,1372.25,15.7291
"35","dukehw",2014,35,0.31682,14.5023424657534,1207.04,1372.25,15.7291
"36","dukehw",2014,36,0.31681,14.5023424657534,1207.04,1372.25,15.7291
"37","dukehw",2014,37,0.31682,14.5023424657534,1207.04,1372.25,15.7291
"38","dukehw",2014,38,0.31685,14.5023424657534,1207.04,1372.25,15.7291
"39","dukehw",2014,39,0.31688,14.5023424657534,1207.04,1372.25,15.7291
"40","dukehw",2014,40,0.31691,14.5023424657534,1207.04,1372.25,15.7291
"41","dukehw",2014,41,0.31695,14.5023424657534,1207.04,1372.25,15.7291
"42","dukehw",2014,42,0.31699,14.5023424657534,1207.04,1372.25,15.7291
"43","dukehw",2014,43,0.31702,14.5023424657534,1207.04,1372.25,15.7291
"44","dukehw",2014,44,0.31704,14.5023424657534,1207.04,1372.25,15.7291
"45","dukehw",2014,45,0.31705,14.5023424657534,1207.04,1372.25,15.7291
"46","dukehw",2014,46,0.31705,14.5023424657534,1207.04,1372.25,15.7291
"47","dukehw",2014,47,0.31706,14.5023424657534,1207.04,1372.25,15.7291
"48","dukehw",2014,48,0.31707,14.5023424657534,1207.04,1372.25,15.7291
"49","dukehw",2014,49,0.31708,14.5023424657534,1207.04,1372.25,15.7291
"50","dukehw",2014,50,0.31709,14.5023424657534,1207.04,1372.25,15.7291
"51","dukehw",2014,51,0.31709,14.5023424657534,1207.04,1372.25,15.7291
"52","dukehw",2014,52,0.31708,14.5023424657534,1207.04,1372.25,15.7291
"53","dukehw",2014,53,0.31705,14.5023424657534,1207.04,1372.25,15.7291
"54","dukehw",2014,54,0.31702,14.5023424657534,1207.04,1372.25,15.7291
"55","dukehw",2014,55,0.31695,14.5023424657534,1207.04,1372.25,15.7291
"56","dukehw",2014,56,0.31686,14.5023424657534,1207.04,1372.25,15.7291
"57","dukehw",2014,57,0.31674,14.5023424657534,1207.04,1372.25,15.7291
"58","dukehw",2014,58,0.31661,14.5023424657534,1207.04,1372.25,15.7291
"59","dukehw",2014,59,0.31648,14.5023424657534,1207.04,1372.25,15.7291
"60","dukehw",2014,60,0.31636,14.5023424657534,1207.04,1372.25,15.7291
"61","dukehw",2014,61,0.31625,14.5023424657534,1207.04,1372.25,15.7291
"62","dukehw",2014,62,0.31617,14.5023424657534,1207.04,1372.25,15.7291
"63","dukehw",2014,63,0.31612,14.5023424657534,1207.04,1372.25,15.7291
"64","dukehw",2014,64,0.31609,14.5023424657534,1207.04,1372.25,15.7291
"65","dukehw",2014,65,0.31608,14.5023424657534,1207.04,1372.25,15.7291
"66","dukehw",2014,66,0.31607,14.5023424657534,1207.04,1372.25,15.7291
"67","dukehw",2014,67,0.31607,14.5023424657534,1207.04,1372.25,15.7291
"68","dukehw",2014,68,0.31608,14.5023424657534,1207.04,1372.25,15.7291
"69","dukehw",2014,69,0.31611,14.5023424657534,1207.04,1372.25,15.7291
"70","dukehw",2014,70,0.31614,14.5023424657534,1207.04,1372.25,15.7291
"71","dukehw",2014,71,0.31619,14.5023424657534,1207.04,1372.25,15.7291
"72","dukehw",2014,72,0.31626,14.5023424657534,1207.04,1372.25,15.7291
"73","dukehw",2014,73,0.31623,14.5023424657534,1207.04,1372.25,15.7291
"74","dukehw",2014,74,0.31603,14.5023424657534,1207.04,1372.25,15.7291
"75","dukehw",2014,75,0.31574,14.5023424657534,1207.04,1372.25,15.7291
"76","dukehw",2014,76,0.31542,14.5023424657534,1207.04,1372.25,15.7291
"77","dukehw",2014,77,0.31514,14.5023424657534,1207.04,1372.25,15.7291
"78","dukehw",2014,78,0.31495,14.5023424657534,1207.04,1372.25,15.7291
"79","dukehw",2014,79,0.31492,14.5023424657534,1207.04,1372.25,15.7291
"80","dukehw",2014,80,0.31513,14.5023424657534,1207.04,1372.25,15.7291
"81","dukehw",2014,81,0.31562,14.5023424657534,1207.04,1372.25,15.7291
"82","dukehw",2014,82,0.31623,14.5023424657534,1207.04,1372.25,15.7291
"83","dukehw",2014,83,0.31677,14.5023424657534,1207.04,1372.25,15.7291
"84","dukehw",2014,84,0.31732,14.5023424657534,1207.04,1372.25,15.7291
"85","dukehw",2014,85,0.31797,14.5023424657534,1207.04,1372.25,15.7291
"86","dukehw",2014,86,0.31879,14.5023424657534,1207.04,1372.25,15.7291
"87","dukehw",2014,87,0.31987,14.5023424657534,1207.04,1372.25,15.7291
"88","dukehw",2014,88,0.32127,14.5023424657534,1207.04,1372.25,15.7291
"89","dukehw",2014,89,0.32309,14.5023424657534,1207.04,1372.25,15.7291
"90","dukehw",2014,90,0.3254,14.5023424657534,1207.04,1372.25,15.7291
"91","dukehw",2014,91,0.32833,14.5023424657534,1207.04,1372.25,15.7291
"92","dukehw",2014,92,0.33187,14.5023424657534,1207.04,1372.25,15.7291
"93","dukehw",2014,93,0.33589,14.5023424657534,1207.04,1372.25,15.7291
"94","dukehw",2014,94,0.34027,14.5023424657534,1207.04,1372.25,15.7291
"95","dukehw",2014,95,0.34489,14.5023424657534,1207.04,1372.25,15.7291
"96","dukehw",2014,96,0.34961,14.5023424657534,1207.04,1372.25,15.7291
"97","dukehw",2014,97,0.35431,14.5023424657534,1207.04,1372.25,15.7291
"98","dukehw",2014,98,0.35887,14.5023424657534,1207.04,1372.25,15.7291
"99","dukehw",2014,99,0.36316,14.5023424657534,1207.04,1372.25,15.7291
"100","dukehw",2014,100,0.36749,14.5023424657534,1207.04,1372.25,15.7291
"101","dukehw",2014,101,0.37218,14.5023424657534,1207.04,1372.25,15.7291
"102","dukehw",2014,102,0.37711,14.5023424657534,1207.04,1372.25,15.7291
"103","dukehw",2014,103,0.38217,14.5023424657534,1207.04,1372.25,15.7291
"104","dukehw",2014,104,0.38721,14.5023424657534,1207.04,1372.25,15.7291
"105","dukehw",2014,105,0.39214,14.5023424657534,1207.04,1372.25,15.7291
"106","dukehw",2014,106,0.39682,14.5023424657534,1207.04,1372.25,15.7291
"107","dukehw",2014,107,0.40114,14.5023424657534,1207.04,1372.25,15.7291
"108","dukehw",2014,108,0.40498,14.5023424657534,1207.04,1372.25,15.7291
"109","dukehw",2014,109,0.40847,14.5023424657534,1207.04,1372.25,15.7291
"110","dukehw",2014,110,0.41184,14.5023424657534,1207.04,1372.25,15.7291
"111","dukehw",2014,111,0.41506,14.5023424657534,1207.04,1372.25,15.7291
"112","dukehw",2014,112,0.41809,14.5023424657534,1207.04,1372.25,15.7291
"113","dukehw",2014,113,0.42091,14.5023424657534,1207.04,1372.25,15.7291
"114","dukehw",2014,114,0.42348,14.5023424657534,1207.04,1372.25,15.7291
"115","dukehw",2014,115,0.42579,14.5023424657534,1207.04,1372.25,15.7291
"116","dukehw",2014,116,0.42779,14.5023424657534,1207.04,1372.25,15.7291
"117","dukehw",2014,117,0.42946,14.5023424657534,1207.04,1372.25,15.7291
"118","dukehw",2014,118,0.43076,14.5023424657534,1207.04,1372.25,15.7291
"119","dukehw",2014,119,0.43168,14.5023424657534,1207.04,1372.25,15.7291
"120","dukehw",2014,120,0.43229,14.5023424657534,1207.04,1372.25,15.7291
"121","dukehw",2014,121,0.43264,14.5023424657534,1207.04,1372.25,15.7291
"122","dukehw",2014,122,0.43279,14.5023424657534,1207.04,1372.25,15.7291
"123","dukehw",2014,123,0.43279,14.5023424657534,1207.04,1372.25,15.7291
"124","dukehw",2014,124,0.4327,14.5023424657534,1207.04,1372.25,15.7291
"125","dukehw",2014,125,0.43257,14.5023424657534,1207.04,1372.25,15.7291
"126","dukehw",2014,126,0.43246,14.5023424657534,1207.04,1372.25,15.7291
"127","dukehw",2014,127,0.43215,14.5023424657534,1207.04,1372.25,15.7291
"128","dukehw",2014,128,0.43144,14.5023424657534,1207.04,1372.25,15.7291
"129","dukehw",2014,129,0.43044,14.5023424657534,1207.04,1372.25,15.7291
"130","dukehw",2014,130,0.42925,14.5023424657534,1207.04,1372.25,15.7291
"131","dukehw",2014,131,0.42798,14.5023424657534,1207.04,1372.25,15.7291
"132","dukehw",2014,132,0.42673,14.5023424657534,1207.04,1372.25,15.7291
"133","dukehw",2014,133,0.42561,14.5023424657534,1207.04,1372.25,15.7291
"134","dukehw",2014,134,0.42471,14.5023424657534,1207.04,1372.25,15.7291
"135","dukehw",2014,135,0.42416,14.5023424657534,1207.04,1372.25,15.7291
"136","dukehw",2014,136,0.4239,14.5023424657534,1207.04,1372.25,15.7291
"137","dukehw",2014,137,0.42381,14.5023424657534,1207.04,1372.25,15.7291
"138","dukehw",2014,138,0.42385,14.5023424657534,1207.04,1372.25,15.7291
"139","dukehw",2014,139,0.42397,14.5023424657534,1207.04,1372.25,15.7291
"140","dukehw",2014,140,0.42414,14.5023424657534,1207.04,1372.25,15.7291
"141","dukehw",2014,141,0.42432,14.5023424657534,1207.04,1372.25,15.7291
"142","dukehw",2014,142,0.42447,14.5023424657534,1207.04,1372.25,15.7291
"143","dukehw",2014,143,0.42455,14.5023424657534,1207.04,1372.25,15.7291
"144","dukehw",2014,144,0.42452,14.5023424657534,1207.04,1372.25,15.7291
"145","dukehw",2014,145,0.42443,14.5023424657534,1207.04,1372.25,15.7291
"146","dukehw",2014,146,0.42436,14.5023424657534,1207.04,1372.25,15.7291
"147","dukehw",2014,147,0.4243,14.5023424657534,1207.04,1372.25,15.7291
"148","dukehw",2014,148,0.42424,14.5023424657534,1207.04,1372.25,15.7291
"149","dukehw",2014,149,0.42415,14.5023424657534,1207.04,1372.25,15.7291
"150","dukehw",2014,150,0.42405,14.5023424657534,1207.04,1372.25,15.7291
"151","dukehw",2014,151,0.4239,14.5023424657534,1207.04,1372.25,15.7291
"152","dukehw",2014,152,0.4237,14.5023424657534,1207.04,1372.25,15.7291
"153","dukehw",2014,153,0.42345,14.5023424657534,1207.04,1372.25,15.7291
"154","dukehw",2014,154,0.4231,14.5023424657534,1207.04,1372.25,15.7291
"155","dukehw",2014,155,0.42266,14.5023424657534,1207.04,1372.25,15.7291
"156","dukehw",2014,156,0.42216,14.5023424657534,1207.04,1372.25,15.7291
"157","dukehw",2014,157,0.4216,14.5023424657534,1207.04,1372.25,15.7291
"158","dukehw",2014,158,0.42103,14.5023424657534,1207.04,1372.25,15.7291
"159","dukehw",2014,159,0.42046,14.5023424657534,1207.04,1372.25,15.7291
"160","dukehw",2014,160,0.41992,14.5023424657534,1207.04,1372.25,15.7291
"161","dukehw",2014,161,0.41943,14.5023424657534,1207.04,1372.25,15.7291
"162","dukehw",2014,162,0.41902,14.5023424657534,1207.04,1372.25,15.7291
"163","dukehw",2014,163,0.41869,14.5023424657534,1207.04,1372.25,15.7291
"164","dukehw",2014,164,0.41842,14.5023424657534,1207.04,1372.25,15.7291
"165","dukehw",2014,165,0.41819,14.5023424657534,1207.04,1372.25,15.7291
"166","dukehw",2014,166,0.41798,14.5023424657534,1207.04,1372.25,15.7291
"167","dukehw",2014,167,0.41778,14.5023424657534,1207.04,1372.25,15.7291
"168","dukehw",2014,168,0.41758,14.5023424657534,1207.04,1372.25,15.7291
"169","dukehw",2014,169,0.41737,14.5023424657534,1207.04,1372.25,15.7291
"170","dukehw",2014,170,0.41713,14.5023424657534,1207.04,1372.25,15.7291
"171","dukehw",2014,171,0.41684,14.5023424657534,1207.04,1372.25,15.7291
"172","dukehw",2014,172,0.4165,14.5023424657534,1207.04,1372.25,15.7291
"173","dukehw",2014,173,0.41614,14.5023424657534,1207.04,1372.25,15.7291
"174","dukehw",2014,174,0.41575,14.5023424657534,1207.04,1372.25,15.7291
"175","dukehw",2014,175,0.41535,14.5023424657534,1207.04,1372.25,15.7291
"176","dukehw",2014,176,0.41494,14.5023424657534,1207.04,1372.25,15.7291
"177","dukehw",2014,177,0.41453,14.5023424657534,1207.04,1372.25,15.7291
"178","dukehw",2014,178,0.41414,14.5023424657534,1207.04,1372.25,15.7291
"179","dukehw",2014,179,0.41376,14.5023424657534,1207.04,1372.25,15.7291
"180","dukehw",2014,180,0.41341,14.5023424657534,1207.04,1372.25,15.7291
"181","dukehw",2014,181,0.41305,14.5023424657534,1207.04,1372.25,15.7291
"182","dukehw",2014,182,0.41265,14.5023424657534,1207.04,1372.25,15.7291
"183","dukehw",2014,183,0.41224,14.5023424657534,1207.04,1372.25,15.7291
"184","dukehw",2014,184,0.41183,14.5023424657534,1207.04,1372.25,15.7291
"185","dukehw",2014,185,0.41143,14.5023424657534,1207.04,1372.25,15.7291
"186","dukehw",2014,186,0.41107,14.5023424657534,1207.04,1372.25,15.7291
"187","dukehw",2014,187,0.41076,14.5023424657534,1207.04,1372.25,15.7291
"188","dukehw",2014,188,0.41052,14.5023424657534,1207.04,1372.25,15.7291
"189","dukehw",2014,189,0.41037,14.5023424657534,1207.04,1372.25,15.7291
"190","dukehw",2014,190,0.41033,14.5023424657534,1207.04,1372.25,15.7291
"191","dukehw",2014,191,0.41038,14.5023424657534,1207.04,1372.25,15.7291
"192","dukehw",2014,192,0.4105,14.5023424657534,1207.04,1372.25,15.7291
"193","dukehw",2014,193,0.41068,14.5023424657534,1207.04,1372.25,15.7291
"194","dukehw",2014,194,0.41088,14.5023424657534,1207.04,1372.25,15.7291
"195","dukehw",2014,195,0.4111,14.5023424657534,1207.04,1372.25,15.7291
"196","dukehw",2014,196,0.4113,14.5023424657534,1207.04,1372.25,15.7291
"197","dukehw",2014,197,0.41146,14.5023424657534,1207.04,1372.25,15.7291
"198","dukehw",2014,198,0.41156,14.5023424657534,1207.04,1372.25,15.7291
"199","dukehw",2014,199,0.41163,14.5023424657534,1207.04,1372.25,15.7291
"200","dukehw",2014,200,0.41173,14.5023424657534,1207.04,1372.25,15.7291
"201","dukehw",2014,201,0.41182,14.5023424657534,1207.04,1372.25,15.7291
"202","dukehw",2014,202,0.41192,14.5023424657534,1207.04,1372.25,15.7291
"203","dukehw",2014,203,0.41202,14.5023424657534,1207.04,1372.25,15.7291
"204","dukehw",2014,204,0.41209,14.5023424657534,1207.04,1372.25,15.7291
"205","dukehw",2014,205,0.41215,14.5023424657534,1207.04,1372.25,15.7291
"206","dukehw",2014,206,0.41218,14.5023424657534,1207.04,1372.25,15.7291
"207","dukehw",2014,207,0.41217,14.5023424657534,1207.04,1372.25,15.7291
"208","dukehw",2014,208,0.41212,14.5023424657534,1207.04,1372.25,15.7291
"209","dukehw",2014,209,0.41205,14.5023424657534,1207.04,1372.25,15.7291
"210","dukehw",2014,210,0.41195,14.5023424657534,1207.04,1372.25,15.7291
"211","dukehw",2014,211,0.41184,14.5023424657534,1207.04,1372.25,15.7291
"212","dukehw",2014,212,0.41171,14.5023424657534,1207.04,1372.25,15.7291
"213","dukehw",2014,213,0.41156,14.5023424657534,1207.04,1372.25,15.7291
"214","dukehw",2014,214,0.4114,14.5023424657534,1207.04,1372.25,15.7291
"215","dukehw",2014,215,0.41124,14.5023424657534,1207.04,1372.25,15.7291
"216","dukehw",2014,216,0.41107,14.5023424657534,1207.04,1372.25,15.7291
"217","dukehw",2014,217,0.4109,14.5023424657534,1207.04,1372.25,15.7291
"218","dukehw",2014,218,0.41073,14.5023424657534,1207.04,1372.25,15.7291
"219","dukehw",2014,219,0.41057,14.5023424657534,1207.04,1372.25,15.7291
"220","dukehw",2014,220,0.41039,14.5023424657534,1207.04,1372.25,15.7291
"221","dukehw",2014,221,0.41021,14.5023424657534,1207.04,1372.25,15.7291
"222","dukehw",2014,222,0.41,14.5023424657534,1207.04,1372.25,15.7291
"223","dukehw",2014,223,0.40977,14.5023424657534,1207.04,1372.25,15.7291
"224","dukehw",2014,224,0.4095,14.5023424657534,1207.04,1372.25,15.7291
"225","dukehw",2014,225,0.4092,14.5023424657534,1207.04,1372.25,15.7291
"226","dukehw",2014,226,0.40884,14.5023424657534,1207.04,1372.25,15.7291
"227","dukehw",2014,227,0.40842,14.5023424657534,1207.04,1372.25,15.7291
"228","dukehw",2014,228,0.40795,14.5023424657534,1207.04,1372.25,15.7291
"229","dukehw",2014,229,0.40745,14.5023424657534,1207.04,1372.25,15.7291
"230","dukehw",2014,230,0.40693,14.5023424657534,1207.04,1372.25,15.7291
"231","dukehw",2014,231,0.40642,14.5023424657534,1207.04,1372.25,15.7291
"232","dukehw",2014,232,0.40593,14.5023424657534,1207.04,1372.25,15.7291
"233","dukehw",2014,233,0.40547,14.5023424657534,1207.04,1372.25,15.7291
"234","dukehw",2014,234,0.40506,14.5023424657534,1207.04,1372.25,15.7291
"235","dukehw",2014,235,0.40468,14.5023424657534,1207.04,1372.25,15.7291
"236","dukehw",2014,236,0.40431,14.5023424657534,1207.04,1372.25,15.7291
"237","dukehw",2014,237,0.40396,14.5023424657534,1207.04,1372.25,15.7291
"238","dukehw",2014,238,0.40361,14.5023424657534,1207.04,1372.25,15.7291
"239","dukehw",2014,239,0.40328,14.5023424657534,1207.04,1372.25,15.7291
"240","dukehw",2014,240,0.40295,14.5023424657534,1207.04,1372.25,15.7291
"241","dukehw",2014,241,0.40264,14.5023424657534,1207.04,1372.25,15.7291
"242","dukehw",2014,242,0.40233,14.5023424657534,1207.04,1372.25,15.7291
"243","dukehw",2014,243,0.40204,14.5023424657534,1207.04,1372.25,15.7291
"244","dukehw",2014,244,0.40178,14.5023424657534,1207.04,1372.25,15.7291
"245","dukehw",2014,245,0.40155,14.5023424657534,1207.04,1372.25,15.7291
"246","dukehw",2014,246,0.40135,14.5023424657534,1207.04,1372.25,15.7291
"247","dukehw",2014,247,0.40116,14.5023424657534,1207.04,1372.25,15.7291
"248","dukehw",2014,248,0.40098,14.5023424657534,1207.04,1372.25,15.7291
"249","dukehw",2014,249,0.40079,14.5023424657534,1207.04,1372.25,15.7291
"250","dukehw",2014,250,0.40058,14.5023424657534,1207.04,1372.25,15.7291
"251","dukehw",2014,251,0.40034,14.5023424657534,1207.04,1372.25,15.7291
"252","dukehw",2014,252,0.40007,14.5023424657534,1207.04,1372.25,15.7291
"253","dukehw",2014,253,0.39978,14.5023424657534,1207.04,1372.25,15.7291
"254","dukehw",2014,254,0.39952,14.5023424657534,1207.04,1372.25,15.7291
"255","dukehw",2014,255,0.39926,14.5023424657534,1207.04,1372.25,15.7291
"256","dukehw",2014,256,0.39899,14.5023424657534,1207.04,1372.25,15.7291
"257","dukehw",2014,257,0.39871,14.5023424657534,1207.04,1372.25,15.7291
"258","dukehw",2014,258,0.39841,14.5023424657534,1207.04,1372.25,15.7291
"259","dukehw",2014,259,0.39808,14.5023424657534,1207.04,1372.25,15.7291
"260","dukehw",2014,260,0.3977,14.5023424657534,1207.04,1372.25,15.7291
"261","dukehw",2014,261,0.39728,14.5023424657534,1207.04,1372.25,15.7291
"262","dukehw",2014,262,0.39687,14.5023424657534,1207.04,1372.25,15.7291
"263","dukehw",2014,263,0.39653,14.5023424657534,1207.04,1372.25,15.7291
"264","dukehw",2014,264,0.39621,14.5023424657534,1207.04,1372.25,15.7291
"265","dukehw",2014,265,0.39588,14.5023424657534,1207.04,1372.25,15.7291
"266","dukehw",2014,266,0.39548,14.5023424657534,1207.04,1372.25,15.7291
"267","dukehw",2014,267,0.39498,14.5023424657534,1207.04,1372.25,15.7291
"268","dukehw",2014,268,0.39432,14.5023424657534,1207.04,1372.25,15.7291
"269","dukehw",2014,269,0.39347,14.5023424657534,1207.04,1372.25,15.7291
"270","dukehw",2014,270,0.39246,14.5023424657534,1207.04,1372.25,15.7291
"271","dukehw",2014,271,0.39135,14.5023424657534,1207.04,1372.25,15.7291
"272","dukehw",2014,272,0.39015,14.5023424657534,1207.04,1372.25,15.7291
"273","dukehw",2014,273,0.38885,14.5023424657534,1207.04,1372.25,15.7291
"274","dukehw",2014,274,0.38746,14.5023424657534,1207.04,1372.25,15.7291
"275","dukehw",2014,275,0.38597,14.5023424657534,1207.04,1372.25,15.7291
"276","dukehw",2014,276,0.3844,14.5023424657534,1207.04,1372.25,15.7291
"277","dukehw",2014,277,0.38273,14.5023424657534,1207.04,1372.25,15.7291
"278","dukehw",2014,278,0.38098,14.5023424657534,1207.04,1372.25,15.7291
"279","dukehw",2014,279,0.37909,14.5023424657534,1207.04,1372.25,15.7291
"280","dukehw",2014,280,0.37703,14.5023424657534,1207.04,1372.25,15.7291
"281","dukehw",2014,281,0.37483,14.5023424657534,1207.04,1372.25,15.7291
"282","dukehw",2014,282,0.37252,14.5023424657534,1207.04,1372.25,15.7291
"283","dukehw",2014,283,0.37014,14.5023424657534,1207.04,1372.25,15.7291
"284","dukehw",2014,284,0.36773,14.5023424657534,1207.04,1372.25,15.7291
"285","dukehw",2014,285,0.3653,14.5023424657534,1207.04,1372.25,15.7291
"286","dukehw",2014,286,0.3629,14.5023424657534,1207.04,1372.25,15.7291
"287","dukehw",2014,287,0.36056,14.5023424657534,1207.04,1372.25,15.7291
"288","dukehw",2014,288,0.35818,14.5023424657534,1207.04,1372.25,15.7291
"289","dukehw",2014,289,0.35565,14.5023424657534,1207.04,1372.25,15.7291
"290","dukehw",2014,290,0.35303,14.5023424657534,1207.04,1372.25,15.7291
"291","dukehw",2014,291,0.35035,14.5023424657534,1207.04,1372.25,15.7291
"292","dukehw",2014,292,0.34767,14.5023424657534,1207.04,1372.25,15.7291
"293","dukehw",2014,293,0.34502,14.5023424657534,1207.04,1372.25,15.7291
"294","dukehw",2014,294,0.34245,14.5023424657534,1207.04,1372.25,15.7291
"295","dukehw",2014,295,0.33999,14.5023424657534,1207.04,1372.25,15.7291
"296","dukehw",2014,296,0.3377,14.5023424657534,1207.04,1372.25,15.7291
"297","dukehw",2014,297,0.33549,14.5023424657534,1207.04,1372.25,15.7291
"298","dukehw",2014,298,0.33328,14.5023424657534,1207.04,1372.25,15.7291
"299","dukehw",2014,299,0.33108,14.5023424657534,1207.04,1372.25,15.7291
"300","dukehw",2014,300,0.32892,14.5023424657534,1207.04,1372.25,15.7291
"301","dukehw",2014,301,0.32682,14.5023424657534,1207.04,1372.25,15.7291
"302","dukehw",2014,302,0.32482,14.5023424657534,1207.04,1372.25,15.7291
"303","dukehw",2014,303,0.32292,14.5023424657534,1207.04,1372.25,15.7291
"304","dukehw",2014,304,0.32117,14.5023424657534,1207.04,1372.25,15.7291
"305","dukehw",2014,305,0.31958,14.5023424657534,1207.04,1372.25,15.7291
"306","dukehw",2014,306,0.31813,14.5023424657534,1207.04,1372.25,15.7291
"307","dukehw",2014,307,0.31679,14.5023424657534,1207.04,1372.25,15.7291
"308","dukehw",2014,308,0.31554,14.5023424657534,1207.04,1372.25,15.7291
"309","dukehw",2014,309,0.31441,14.5023424657534,1207.04,1372.25,15.7291
"310","dukehw",2014,310,0.31338,14.5023424657534,1207.04,1372.25,15.7291
"311","dukehw",2014,311,0.31247,14.5023424657534,1207.04,1372.25,15.7291
"312","dukehw",2014,312,0.31166,14.5023424657534,1207.04,1372.25,15.7291
"313","dukehw",2014,313,0.31098,14.5023424657534,1207.04,1372.25,15.7291
"314","dukehw",2014,314,0.3104,14.5023424657534,1207.04,1372.25,15.7291
"315","dukehw",2014,315,0.30998,14.5023424657534,1207.04,1372.25,15.7291
"316","dukehw",2014,316,0.30971,14.5023424657534,1207.04,1372.25,15.7291
"317","dukehw",2014,317,0.30957,14.5023424657534,1207.04,1372.25,15.7291
"318","dukehw",2014,318,0.30954,14.5023424657534,1207.04,1372.25,15.7291
"319","dukehw",2014,319,0.30959,14.5023424657534,1207.04,1372.25,15.7291
"320","dukehw",2014,320,0.3097,14.5023424657534,1207.04,1372.25,15.7291
"321","dukehw",2014,321,0.30984,14.5023424657534,1207.04,1372.25,15.7291
"322","dukehw",2014,322,0.30998,14.5023424657534,1207.04,1372.25,15.7291
"323","dukehw",2014,323,0.3101,14.5023424657534,1207.04,1372.25,15.7291
"324","dukehw",2014,324,0.3103,14.5023424657534,1207.04,1372.25,15.7291
"325","dukehw",2014,325,0.31066,14.5023424657534,1207.04,1372.25,15.7291
"326","dukehw",2014,326,0.31115,14.5023424657534,1207.04,1372.25,15.7291
"327","dukehw",2014,327,0.31171,14.5023424657534,1207.04,1372.25,15.7291
"328","dukehw",2014,328,0.31231,14.5023424657534,1207.04,1372.25,15.7291
"329","dukehw",2014,329,0.31291,14.5023424657534,1207.04,1372.25,15.7291
"330","dukehw",2014,330,0.31347,14.5023424657534,1207.04,1372.25,15.7291
"331","dukehw",2014,331,0.31394,14.5023424657534,1207.04,1372.25,15.7291
"332","dukehw",2014,332,0.31428,14.5023424657534,1207.04,1372.25,15.7291
"333","dukehw",2014,333,0.31454,14.5023424657534,1207.04,1372.25,15.7291
"334","dukehw",2014,334,0.31477,14.5023424657534,1207.04,1372.25,15.7291
"335","dukehw",2014,335,0.31498,14.5023424657534,1207.04,1372.25,15.7291
"336","dukehw",2014,336,0.31517,14.5023424657534,1207.04,1372.25,15.7291
"337","dukehw",2014,337,0.31534,14.5023424657534,1207.04,1372.25,15.7291
"338","dukehw",2014,338,0.31549,14.5023424657534,1207.04,1372.25,15.7291
"339","dukehw",2014,339,0.31562,14.5023424657534,1207.04,1372.25,15.7291
"340","dukehw",2014,340,0.31573,14.5023424657534,1207.04,1372.25,15.7291
"341","dukehw",2014,341,0.31582,14.5023424657534,1207.04,1372.25,15.7291
"342","dukehw",2014,342,0.31588,14.5023424657534,1207.04,1372.25,15.7291
"343","dukehw",2014,343,0.31589,14.5023424657534,1207.04,1372.25,15.7291
"344","dukehw",2014,344,0.31586,14.5023424657534,1207.04,1372.25,15.7291
"345","dukehw",2014,345,0.3158,14.5023424657534,1207.04,1372.25,15.7291
"346","dukehw",2014,346,0.31573,14.5023424657534,1207.04,1372.25,15.7291
"347","dukehw",2014,347,0.31566,14.5023424657534,1207.04,1372.25,15.7291
"348","dukehw",2014,348,0.31559,14.5023424657534,1207.04,1372.25,15.7291
"349","dukehw",2014,349,0.31554,14.5023424657534,1207.04,1372.25,15.7291
"350","dukehw",2014,350,0.31553,14.5023424657534,1207.04,1372.25,15.7291
"351","dukehw",2014,351,0.31554,14.5023424657534,1207.04,1372.25,15.7291
"352","dukehw",2014,352,0.31554,14.5023424657534,1207.04,1372.25,15.7291
"353","dukehw",2014,353,0.31554,14.5023424657534,1207.04,1372.25,15.7291
"354","dukehw",2014,354,0.31555,14.5023424657534,1207.04,1372.25,15.7291
"355","dukehw",2014,355,0.31556,14.5023424657534,1207.04,1372.25,15.7291
"356","dukehw",2014,356,0.31559,14.5023424657534,1207.04,1372.25,15.7291
"357","dukehw",2014,357,0.31562,14.5023424657534,1207.04,1372.25,15.7291
"358","dukehw",2014,358,0.31566,14.5023424657534,1207.04,1372.25,15.7291
"359","dukehw",2014,359,0.31572,14.5023424657534,1207.04,1372.25,15.7291
"360","dukehw",2014,360,0.31581,14.5023424657534,1207.04,1372.25,15.7291
"361","dukehw",2014,361,0.31594,14.5023424657534,1207.04,1372.25,15.7291
"362","dukehw",2014,362,0.31609,14.5023424657534,1207.04,1372.25,15.7291
"363","dukehw",2014,363,0.31626,14.5023424657534,1207.04,1372.25,15.7291
"364","dukehw",2014,364,0.31643,14.5023424657534,1207.04,1372.25,15.7291
"365","dukehw",2014,365,0.3166,14.5023424657534,1207.04,1372.25,15.7291
"366","dukehw",2015,1,0.31675,15.7734383561644,1509.57,1372.25,15.7291
"367","dukehw",2015,2,0.31688,15.7734383561644,1509.57,1372.25,15.7291
"368","dukehw",2015,3,0.31697,15.7734383561644,1509.57,1372.25,15.7291
"369","dukehw",2015,4,0.31702,15.7734383561644,1509.57,1372.25,15.7291
"370","dukehw",2015,5,0.31705,15.7734383561644,1509.57,1372.25,15.7291
"371","dukehw",2015,6,0.31705,15.7734383561644,1509.57,1372.25,15.7291
"372","dukehw",2015,7,0.31704,15.7734383561644,1509.57,1372.25,15.7291
"373","dukehw",2015,8,0.31701,15.7734383561644,1509.57,1372.25,15.7291
"374","dukehw",2015,9,0.31698,15.7734383561644,1509.57,1372.25,15.7291
"375","dukehw",2015,10,0.31695,15.7734383561644,1509.57,1372.25,15.7291
"376","dukehw",2015,11,0.31693,15.7734383561644,1509.57,1372.25,15.7291
"377","dukehw",2015,12,0.31691,15.7734383561644,1509.57,1372.25,15.7291
"378","dukehw",2015,13,0.3169,15.7734383561644,1509.57,1372.25,15.7291
"379","dukehw",2015,14,0.31689,15.7734383561644,1509.57,1372.25,15.7291
"380","dukehw",2015,15,0.31687,15.7734383561644,1509.57,1372.25,15.7291
"381","dukehw",2015,16,0.31686,15.7734383561644,1509.57,1372.25,15.7291
"382","dukehw",2015,17,0.31684,15.7734383561644,1509.57,1372.25,15.7291
"383","dukehw",2015,18,0.31683,15.7734383561644,1509.57,1372.25,15.7291
"384","dukehw",2015,19,0.31682,15.7734383561644,1509.57,1372.25,15.7291
"385","dukehw",2015,20,0.31682,15.7734383561644,1509.57,1372.25,15.7291
"386","dukehw",2015,21,0.31682,15.7734383561644,1509.57,1372.25,15.7291
"387","dukehw",2015,22,0.31683,15.7734383561644,1509.57,1372.25,15.7291
"388","dukehw",2015,23,0.31685,15.7734383561644,1509.57,1372.25,15.7291
"389","dukehw",2015,24,0.31687,15.7734383561644,1509.57,1372.25,15.7291
"390","dukehw",2015,25,0.31689,15.7734383561644,1509.57,1372.25,15.7291
"391","dukehw",2015,26,0.31691,15.7734383561644,1509.57,1372.25,15.7291
"392","dukehw",2015,27,0.31693,15.7734383561644,1509.57,1372.25,15.7291
"393","dukehw",2015,28,0.31695,15.7734383561644,1509.57,1372.25,15.7291
"394","dukehw",2015,29,0.31697,15.7734383561644,1509.57,1372.25,15.7291
"395","dukehw",2015,30,0.31698,15.7734383561644,1509.57,1372.25,15.7291
"396","dukehw",2015,31,0.31698,15.7734383561644,1509.57,1372.25,15.7291
"397","dukehw",2015,32,0.31699,15.7734383561644,1509.57,1372.25,15.7291
"398","dukehw",2015,33,0.31699,15.7734383561644,1509.57,1372.25,15.7291
"399","dukehw",2015,34,0.31698,15.7734383561644,1509.57,1372.25,15.7291
"400","dukehw",2015,35,0.31699,15.7734383561644,1509.57,1372.25,15.7291
"401","dukehw",2015,36,0.31699,15.7734383561644,1509.57,1372.25,15.7291
"402","dukehw",2015,37,0.317,15.7734383561644,1509.57,1372.25,15.7291
"403","dukehw",2015,38,0.31701,15.7734383561644,1509.57,1372.25,15.7291
"404","dukehw",2015,39,0.31703,15.7734383561644,1509.57,1372.25,15.7291
"405","dukehw",2015,40,0.31707,15.7734383561644,1509.57,1372.25,15.7291
"406","dukehw",2015,41,0.31711,15.7734383561644,1509.57,1372.25,15.7291
"407","dukehw",2015,42,0.31716,15.7734383561644,1509.57,1372.25,15.7291
"408","dukehw",2015,43,0.31722,15.7734383561644,1509.57,1372.25,15.7291
"409","dukehw",2015,44,0.31728,15.7734383561644,1509.57,1372.25,15.7291
"410","dukehw",2015,45,0.31734,15.7734383561644,1509.57,1372.25,15.7291
"411","dukehw",2015,46,0.3174,15.7734383561644,1509.57,1372.25,15.7291
"412","dukehw",2015,47,0.31745,15.7734383561644,1509.57,1372.25,15.7291
"413","dukehw",2015,48,0.3175,15.7734383561644,1509.57,1372.25,15.7291
"414","dukehw",2015,49,0.31754,15.7734383561644,1509.57,1372.25,15.7291
"415","dukehw",2015,50,0.31758,15.7734383561644,1509.57,1372.25,15.7291
"416","dukehw",2015,51,0.31762,15.7734383561644,1509.57,1372.25,15.7291
"417","dukehw",2015,52,0.31765,15.7734383561644,1509.57,1372.25,15.7291
"418","dukehw",2015,53,0.31769,15.7734383561644,1509.57,1372.25,15.7291
"419","dukehw",2015,54,0.31771,15.7734383561644,1509.57,1372.25,15.7291
"420","dukehw",2015,55,0.31774,15.7734383561644,1509.57,1372.25,15.7291
"421","dukehw",2015,56,0.31776,15.7734383561644,1509.57,1372.25,15.7291
"422","dukehw",2015,57,0.31778,15.7734383561644,1509.57,1372.25,15.7291
"423","dukehw",2015,58,0.31778,15.7734383561644,1509.57,1372.25,15.7291
"424","dukehw",2015,59,0.31776,15.7734383561644,1509.57,1372.25,15.7291
"425","dukehw",2015,60,0.31772,15.7734383561644,1509.57,1372.25,15.7291
"426","dukehw",2015,61,0.31767,15.7734383561644,1509.57,1372.25,15.7291
"427","dukehw",2015,62,0.31763,15.7734383561644,1509.57,1372.25,15.7291
"428","dukehw",2015,63,0.31759,15.7734383561644,1509.57,1372.25,15.7291
"429","dukehw",2015,64,0.31758,15.7734383561644,1509.57,1372.25,15.7291
"430","dukehw",2015,65,0.3176,15.7734383561644,1509.57,1372.25,15.7291
"431","dukehw",2015,66,0.31766,15.7734383561644,1509.57,1372.25,15.7291
"432","dukehw",2015,67,0.31773,15.7734383561644,1509.57,1372.25,15.7291
"433","dukehw",2015,68,0.31778,15.7734383561644,1509.57,1372.25,15.7291
"434","dukehw",2015,69,0.31784,15.7734383561644,1509.57,1372.25,15.7291
"435","dukehw",2015,70,0.3179,15.7734383561644,1509.57,1372.25,15.7291
"436","dukehw",2015,71,0.31799,15.7734383561644,1509.57,1372.25,15.7291
"437","dukehw",2015,72,0.31811,15.7734383561644,1509.57,1372.25,15.7291
"438","dukehw",2015,73,0.31828,15.7734383561644,1509.57,1372.25,15.7291
"439","dukehw",2015,74,0.3185,15.7734383561644,1509.57,1372.25,15.7291
"440","dukehw",2015,75,0.3188,15.7734383561644,1509.57,1372.25,15.7291
"441","dukehw",2015,76,0.319,15.7734383561644,1509.57,1372.25,15.7291
"442","dukehw",2015,77,0.31898,15.7734383561644,1509.57,1372.25,15.7291
"443","dukehw",2015,78,0.31886,15.7734383561644,1509.57,1372.25,15.7291
"444","dukehw",2015,79,0.31871,15.7734383561644,1509.57,1372.25,15.7291
"445","dukehw",2015,80,0.31864,15.7734383561644,1509.57,1372.25,15.7291
"446","dukehw",2015,81,0.31873,15.7734383561644,1509.57,1372.25,15.7291
"447","dukehw",2015,82,0.31908,15.7734383561644,1509.57,1372.25,15.7291
"448","dukehw",2015,83,0.31978,15.7734383561644,1509.57,1372.25,15.7291
"449","dukehw",2015,84,0.32094,15.7734383561644,1509.57,1372.25,15.7291
"450","dukehw",2015,85,0.3224,15.7734383561644,1509.57,1372.25,15.7291
"451","dukehw",2015,86,0.32401,15.7734383561644,1509.57,1372.25,15.7291
"452","dukehw",2015,87,0.32579,15.7734383561644,1509.57,1372.25,15.7291
"453","dukehw",2015,88,0.32779,15.7734383561644,1509.57,1372.25,15.7291
"454","dukehw",2015,89,0.33003,15.7734383561644,1509.57,1372.25,15.7291
"455","dukehw",2015,90,0.33256,15.7734383561644,1509.57,1372.25,15.7291
"456","dukehw",2015,91,0.33541,15.7734383561644,1509.57,1372.25,15.7291
"457","dukehw",2015,92,0.33862,15.7734383561644,1509.57,1372.25,15.7291
"458","dukehw",2015,93,0.34222,15.7734383561644,1509.57,1372.25,15.7291
"459","dukehw",2015,94,0.34655,15.7734383561644,1509.57,1372.25,15.7291
"460","dukehw",2015,95,0.35174,15.7734383561644,1509.57,1372.25,15.7291
"461","dukehw",2015,96,0.35757,15.7734383561644,1509.57,1372.25,15.7291
"462","dukehw",2015,97,0.36381,15.7734383561644,1509.57,1372.25,15.7291
"463","dukehw",2015,98,0.37025,15.7734383561644,1509.57,1372.25,15.7291
"464","dukehw",2015,99,0.37664,15.7734383561644,1509.57,1372.25,15.7291
"465","dukehw",2015,100,0.38277,15.7734383561644,1509.57,1372.25,15.7291
"466","dukehw",2015,101,0.38841,15.7734383561644,1509.57,1372.25,15.7291
"467","dukehw",2015,102,0.39333,15.7734383561644,1509.57,1372.25,15.7291
"468","dukehw",2015,103,0.3979,15.7734383561644,1509.57,1372.25,15.7291
"469","dukehw",2015,104,0.40255,15.7734383561644,1509.57,1372.25,15.7291
"470","dukehw",2015,105,0.40718,15.7734383561644,1509.57,1372.25,15.7291
"471","dukehw",2015,106,0.41171,15.7734383561644,1509.57,1372.25,15.7291
"472","dukehw",2015,107,0.41604,15.7734383561644,1509.57,1372.25,15.7291
"473","dukehw",2015,108,0.42005,15.7734383561644,1509.57,1372.25,15.7291
"474","dukehw",2015,109,0.42366,15.7734383561644,1509.57,1372.25,15.7291
"475","dukehw",2015,110,0.42677,15.7734383561644,1509.57,1372.25,15.7291
"476","dukehw",2015,111,0.42928,15.7734383561644,1509.57,1372.25,15.7291
"477","dukehw",2015,112,0.43109,15.7734383561644,1509.57,1372.25,15.7291
"478","dukehw",2015,113,0.43228,15.7734383561644,1509.57,1372.25,15.7291
"479","dukehw",2015,114,0.43295,15.7734383561644,1509.57,1372.25,15.7291
"480","dukehw",2015,115,0.43323,15.7734383561644,1509.57,1372.25,15.7291
"481","dukehw",2015,116,0.43322,15.7734383561644,1509.57,1372.25,15.7291
"482","dukehw",2015,117,0.43306,15.7734383561644,1509.57,1372.25,15.7291
"483","dukehw",2015,118,0.43285,15.7734383561644,1509.57,1372.25,15.7291
"484","dukehw",2015,119,0.43272,15.7734383561644,1509.57,1372.25,15.7291
"485","dukehw",2015,120,0.43278,15.7734383561644,1509.57,1372.25,15.7291
"486","dukehw",2015,121,0.43286,15.7734383561644,1509.57,1372.25,15.7291
"487","dukehw",2015,122,0.43274,15.7734383561644,1509.57,1372.25,15.7291
"488","dukehw",2015,123,0.43245,15.7734383561644,1509.57,1372.25,15.7291
"489","dukehw",2015,124,0.43204,15.7734383561644,1509.57,1372.25,15.7291
"490","dukehw",2015,125,0.43156,15.7734383561644,1509.57,1372.25,15.7291
"491","dukehw",2015,126,0.43105,15.7734383561644,1509.57,1372.25,15.7291
"492","dukehw",2015,127,0.43054,15.7734383561644,1509.57,1372.25,15.7291
"493","dukehw",2015,128,0.43009,15.7734383561644,1509.57,1372.25,15.7291
"494","dukehw",2015,129,0.42974,15.7734383561644,1509.57,1372.25,15.7291
"495","dukehw",2015,130,0.42941,15.7734383561644,1509.57,1372.25,15.7291
"496","dukehw",2015,131,0.42901,15.7734383561644,1509.57,1372.25,15.7291
"497","dukehw",2015,132,0.42856,15.7734383561644,1509.57,1372.25,15.7291
"498","dukehw",2015,133,0.42807,15.7734383561644,1509.57,1372.25,15.7291
"499","dukehw",2015,134,0.42755,15.7734383561644,1509.57,1372.25,15.7291
"500","dukehw",2015,135,0.42704,15.7734383561644,1509.57,1372.25,15.7291
"501","dukehw",2015,136,0.42653,15.7734383561644,1509.57,1372.25,15.7291
"502","dukehw",2015,137,0.42606,15.7734383561644,1509.57,1372.25,15.7291
"503","dukehw",2015,138,0.42563,15.7734383561644,1509.57,1372.25,15.7291
"504","dukehw",2015,139,0.42522,15.7734383561644,1509.57,1372.25,15.7291
"505","dukehw",2015,140,0.42482,15.7734383561644,1509.57,1372.25,15.7291
"506","dukehw",2015,141,0.42442,15.7734383561644,1509.57,1372.25,15.7291
"507","dukehw",2015,142,0.42404,15.7734383561644,1509.57,1372.25,15.7291
"508","dukehw",2015,143,0.42368,15.7734383561644,1509.57,1372.25,15.7291
"509","dukehw",2015,144,0.42334,15.7734383561644,1509.57,1372.25,15.7291
"510","dukehw",2015,145,0.42302,15.7734383561644,1509.57,1372.25,15.7291
"511","dukehw",2015,146,0.42274,15.7734383561644,1509.57,1372.25,15.7291
"512","dukehw",2015,147,0.42251,15.7734383561644,1509.57,1372.25,15.7291
"513","dukehw",2015,148,0.42232,15.7734383561644,1509.57,1372.25,15.7291
"514","dukehw",2015,149,0.42219,15.7734383561644,1509.57,1372.25,15.7291
"515","dukehw",2015,150,0.42209,15.7734383561644,1509.57,1372.25,15.7291
"516","dukehw",2015,151,0.42202,15.7734383561644,1509.57,1372.25,15.7291
"517","dukehw",2015,152,0.42197,15.7734383561644,1509.57,1372.25,15.7291
"518","dukehw",2015,153,0.42191,15.7734383561644,1509.57,1372.25,15.7291
"519","dukehw",2015,154,0.42184,15.7734383561644,1509.57,1372.25,15.7291
"520","dukehw",2015,155,0.42175,15.7734383561644,1509.57,1372.25,15.7291
"521","dukehw",2015,156,0.42161,15.7734383561644,1509.57,1372.25,15.7291
"522","dukehw",2015,157,0.42145,15.7734383561644,1509.57,1372.25,15.7291
"523","dukehw",2015,158,0.42128,15.7734383561644,1509.57,1372.25,15.7291
"524","dukehw",2015,159,0.4211,15.7734383561644,1509.57,1372.25,15.7291
"525","dukehw",2015,160,0.42091,15.7734383561644,1509.57,1372.25,15.7291
"526","dukehw",2015,161,0.42072,15.7734383561644,1509.57,1372.25,15.7291
"527","dukehw",2015,162,0.42051,15.7734383561644,1509.57,1372.25,15.7291
"528","dukehw",2015,163,0.4203,15.7734383561644,1509.57,1372.25,15.7291
"529","dukehw",2015,164,0.42008,15.7734383561644,1509.57,1372.25,15.7291
"530","dukehw",2015,165,0.41986,15.7734383561644,1509.57,1372.25,15.7291
"531","dukehw",2015,166,0.41963,15.7734383561644,1509.57,1372.25,15.7291
"532","dukehw",2015,167,0.41941,15.7734383561644,1509.57,1372.25,15.7291
"533","dukehw",2015,168,0.4192,15.7734383561644,1509.57,1372.25,15.7291
"534","dukehw",2015,169,0.41898,15.7734383561644,1509.57,1372.25,15.7291
"535","dukehw",2015,170,0.41877,15.7734383561644,1509.57,1372.25,15.7291
"536","dukehw",2015,171,0.41854,15.7734383561644,1509.57,1372.25,15.7291
"537","dukehw",2015,172,0.41831,15.7734383561644,1509.57,1372.25,15.7291
"538","dukehw",2015,173,0.41806,15.7734383561644,1509.57,1372.25,15.7291
"539","dukehw",2015,174,0.4178,15.7734383561644,1509.57,1372.25,15.7291
"540","dukehw",2015,175,0.41749,15.7734383561644,1509.57,1372.25,15.7291
"541","dukehw",2015,176,0.41713,15.7734383561644,1509.57,1372.25,15.7291
"542","dukehw",2015,177,0.41673,15.7734383561644,1509.57,1372.25,15.7291
"543","dukehw",2015,178,0.41631,15.7734383561644,1509.57,1372.25,15.7291
"544","dukehw",2015,179,0.41588,15.7734383561644,1509.57,1372.25,15.7291
"545","dukehw",2015,180,0.41548,15.7734383561644,1509.57,1372.25,15.7291
"546","dukehw",2015,181,0.4151,15.7734383561644,1509.57,1372.25,15.7291
"547","dukehw",2015,182,0.41478,15.7734383561644,1509.57,1372.25,15.7291
"548","dukehw",2015,183,0.41452,15.7734383561644,1509.57,1372.25,15.7291
"549","dukehw",2015,184,0.41432,15.7734383561644,1509.57,1372.25,15.7291
"550","dukehw",2015,185,0.41414,15.7734383561644,1509.57,1372.25,15.7291
"551","dukehw",2015,186,0.41398,15.7734383561644,1509.57,1372.25,15.7291
"552","dukehw",2015,187,0.41384,15.7734383561644,1509.57,1372.25,15.7291
"553","dukehw",2015,188,0.41373,15.7734383561644,1509.57,1372.25,15.7291
"554","dukehw",2015,189,0.41363,15.7734383561644,1509.57,1372.25,15.7291
"555","dukehw",2015,190,0.41354,15.7734383561644,1509.57,1372.25,15.7291
"556","dukehw",2015,191,0.41347,15.7734383561644,1509.57,1372.25,15.7291
"557","dukehw",2015,192,0.41346,15.7734383561644,1509.57,1372.25,15.7291
"558","dukehw",2015,193,0.41353,15.7734383561644,1509.57,1372.25,15.7291
"559","dukehw",2015,194,0.41366,15.7734383561644,1509.57,1372.25,15.7291
"560","dukehw",2015,195,0.41383,15.7734383561644,1509.57,1372.25,15.7291
"561","dukehw",2015,196,0.414,15.7734383561644,1509.57,1372.25,15.7291
"562","dukehw",2015,197,0.41415,15.7734383561644,1509.57,1372.25,15.7291
"563","dukehw",2015,198,0.41425,15.7734383561644,1509.57,1372.25,15.7291
"564","dukehw",2015,199,0.41428,15.7734383561644,1509.57,1372.25,15.7291
"565","dukehw",2015,200,0.41421,15.7734383561644,1509.57,1372.25,15.7291
"566","dukehw",2015,201,0.41405,15.7734383561644,1509.57,1372.25,15.7291
"567","dukehw",2015,202,0.41382,15.7734383561644,1509.57,1372.25,15.7291
"568","dukehw",2015,203,0.41355,15.7734383561644,1509.57,1372.25,15.7291
"569","dukehw",2015,204,0.41324,15.7734383561644,1509.57,1372.25,15.7291
"570","dukehw",2015,205,0.41292,15.7734383561644,1509.57,1372.25,15.7291
"571","dukehw",2015,206,0.41258,15.7734383561644,1509.57,1372.25,15.7291
"572","dukehw",2015,207,0.41225,15.7734383561644,1509.57,1372.25,15.7291
"573","dukehw",2015,208,0.41194,15.7734383561644,1509.57,1372.25,15.7291
"574","dukehw",2015,209,0.41166,15.7734383561644,1509.57,1372.25,15.7291
"575","dukehw",2015,210,0.41139,15.7734383561644,1509.57,1372.25,15.7291
"576","dukehw",2015,211,0.41108,15.7734383561644,1509.57,1372.25,15.7291
"577","dukehw",2015,212,0.41076,15.7734383561644,1509.57,1372.25,15.7291
"578","dukehw",2015,213,0.41042,15.7734383561644,1509.57,1372.25,15.7291
"579","dukehw",2015,214,0.41009,15.7734383561644,1509.57,1372.25,15.7291
"580","dukehw",2015,215,0.40976,15.7734383561644,1509.57,1372.25,15.7291
"581","dukehw",2015,216,0.40945,15.7734383561644,1509.57,1372.25,15.7291
"582","dukehw",2015,217,0.40917,15.7734383561644,1509.57,1372.25,15.7291
"583","dukehw",2015,218,0.40892,15.7734383561644,1509.57,1372.25,15.7291
"584","dukehw",2015,219,0.40871,15.7734383561644,1509.57,1372.25,15.7291
"585","dukehw",2015,220,0.40855,15.7734383561644,1509.57,1372.25,15.7291
"586","dukehw",2015,221,0.40841,15.7734383561644,1509.57,1372.25,15.7291
"587","dukehw",2015,222,0.40829,15.7734383561644,1509.57,1372.25,15.7291
"588","dukehw",2015,223,0.40818,15.7734383561644,1509.57,1372.25,15.7291
"589","dukehw",2015,224,0.40808,15.7734383561644,1509.57,1372.25,15.7291
"590","dukehw",2015,225,0.40798,15.7734383561644,1509.57,1372.25,15.7291
"591","dukehw",2015,226,0.40787,15.7734383561644,1509.57,1372.25,15.7291
"592","dukehw",2015,227,0.40774,15.7734383561644,1509.57,1372.25,15.7291
"593","dukehw",2015,228,0.40761,15.7734383561644,1509.57,1372.25,15.7291
"594","dukehw",2015,229,0.40749,15.7734383561644,1509.57,1372.25,15.7291
"595","dukehw",2015,230,0.40739,15.7734383561644,1509.57,1372.25,15.7291
"596","dukehw",2015,231,0.40728,15.7734383561644,1509.57,1372.25,15.7291
"597","dukehw",2015,232,0.40718,15.7734383561644,1509.57,1372.25,15.7291
"598","dukehw",2015,233,0.40707,15.7734383561644,1509.57,1372.25,15.7291
"599","dukehw",2015,234,0.40694,15.7734383561644,1509.57,1372.25,15.7291
"600","dukehw",2015,235,0.40679,15.7734383561644,1509.57,1372.25,15.7291
"601","dukehw",2015,236,0.40662,15.7734383561644,1509.57,1372.25,15.7291
"602","dukehw",2015,237,0.40645,15.7734383561644,1509.57,1372.25,15.7291
"603","dukehw",2015,238,0.40629,15.7734383561644,1509.57,1372.25,15.7291
"604","dukehw",2015,239,0.40613,15.7734383561644,1509.57,1372.25,15.7291
"605","dukehw",2015,240,0.40596,15.7734383561644,1509.57,1372.25,15.7291
"606","dukehw",2015,241,0.40576,15.7734383561644,1509.57,1372.25,15.7291
"607","dukehw",2015,242,0.40553,15.7734383561644,1509.57,1372.25,15.7291
"608","dukehw",2015,243,0.40526,15.7734383561644,1509.57,1372.25,15.7291
"609","dukehw",2015,244,0.40492,15.7734383561644,1509.57,1372.25,15.7291
"610","dukehw",2015,245,0.40451,15.7734383561644,1509.57,1372.25,15.7291
"611","dukehw",2015,246,0.40398,15.7734383561644,1509.57,1372.25,15.7291
"612","dukehw",2015,247,0.40331,15.7734383561644,1509.57,1372.25,15.7291
"613","dukehw",2015,248,0.40255,15.7734383561644,1509.57,1372.25,15.7291
"614","dukehw",2015,249,0.40174,15.7734383561644,1509.57,1372.25,15.7291
"615","dukehw",2015,250,0.4009,15.7734383561644,1509.57,1372.25,15.7291
"616","dukehw",2015,251,0.40009,15.7734383561644,1509.57,1372.25,15.7291
"617","dukehw",2015,252,0.39935,15.7734383561644,1509.57,1372.25,15.7291
"618","dukehw",2015,253,0.3987,15.7734383561644,1509.57,1372.25,15.7291
"619","dukehw",2015,254,0.39819,15.7734383561644,1509.57,1372.25,15.7291
"620","dukehw",2015,255,0.39782,15.7734383561644,1509.57,1372.25,15.7291
"621","dukehw",2015,256,0.39755,15.7734383561644,1509.57,1372.25,15.7291
"622","dukehw",2015,257,0.39736,15.7734383561644,1509.57,1372.25,15.7291
"623","dukehw",2015,258,0.39723,15.7734383561644,1509.57,1372.25,15.7291
"624","dukehw",2015,259,0.39712,15.7734383561644,1509.57,1372.25,15.7291
"625","dukehw",2015,260,0.39701,15.7734383561644,1509.57,1372.25,15.7291
"626","dukehw",2015,261,0.39689,15.7734383561644,1509.57,1372.25,15.7291
"627","dukehw",2015,262,0.39672,15.7734383561644,1509.57,1372.25,15.7291
"628","dukehw",2015,263,0.39649,15.7734383561644,1509.57,1372.25,15.7291
"629","dukehw",2015,264,0.39637,15.7734383561644,1509.57,1372.25,15.7291
"630","dukehw",2015,265,0.39649,15.7734383561644,1509.57,1372.25,15.7291
"631","dukehw",2015,266,0.39676,15.7734383561644,1509.57,1372.25,15.7291
"632","dukehw",2015,267,0.39707,15.7734383561644,1509.57,1372.25,15.7291
"633","dukehw",2015,268,0.39733,15.7734383561644,1509.57,1372.25,15.7291
"634","dukehw",2015,269,0.39743,15.7734383561644,1509.57,1372.25,15.7291
"635","dukehw",2015,270,0.39728,15.7734383561644,1509.57,1372.25,15.7291
"636","dukehw",2015,271,0.39678,15.7734383561644,1509.57,1372.25,15.7291
"637","dukehw",2015,272,0.39582,15.7734383561644,1509.57,1372.25,15.7291
"638","dukehw",2015,273,0.3944,15.7734383561644,1509.57,1372.25,15.7291
"639","dukehw",2015,274,0.3926,15.7734383561644,1509.57,1372.25,15.7291
"640","dukehw",2015,275,0.3905,15.7734383561644,1509.57,1372.25,15.7291
"641","dukehw",2015,276,0.38816,15.7734383561644,1509.57,1372.25,15.7291
"642","dukehw",2015,277,0.38565,15.7734383561644,1509.57,1372.25,15.7291
"643","dukehw",2015,278,0.38304,15.7734383561644,1509.57,1372.25,15.7291
"644","dukehw",2015,279,0.3804,15.7734383561644,1509.57,1372.25,15.7291
"645","dukehw",2015,280,0.3778,15.7734383561644,1509.57,1372.25,15.7291
"646","dukehw",2015,281,0.3753,15.7734383561644,1509.57,1372.25,15.7291
"647","dukehw",2015,282,0.37273,15.7734383561644,1509.57,1372.25,15.7291
"648","dukehw",2015,283,0.36992,15.7734383561644,1509.57,1372.25,15.7291
"649","dukehw",2015,284,0.36695,15.7734383561644,1509.57,1372.25,15.7291
"650","dukehw",2015,285,0.36386,15.7734383561644,1509.57,1372.25,15.7291
"651","dukehw",2015,286,0.36074,15.7734383561644,1509.57,1372.25,15.7291
"652","dukehw",2015,287,0.35764,15.7734383561644,1509.57,1372.25,15.7291
"653","dukehw",2015,288,0.35464,15.7734383561644,1509.57,1372.25,15.7291
"654","dukehw",2015,289,0.3518,15.7734383561644,1509.57,1372.25,15.7291
"655","dukehw",2015,290,0.34919,15.7734383561644,1509.57,1372.25,15.7291
"656","dukehw",2015,291,0.34673,15.7734383561644,1509.57,1372.25,15.7291
"657","dukehw",2015,292,0.34429,15.7734383561644,1509.57,1372.25,15.7291
"658","dukehw",2015,293,0.3419,15.7734383561644,1509.57,1372.25,15.7291
"659","dukehw",2015,294,0.33957,15.7734383561644,1509.57,1372.25,15.7291
"660","dukehw",2015,295,0.33732,15.7734383561644,1509.57,1372.25,15.7291
"661","dukehw",2015,296,0.33517,15.7734383561644,1509.57,1372.25,15.7291
"662","dukehw",2015,297,0.33314,15.7734383561644,1509.57,1372.25,15.7291
"663","dukehw",2015,298,0.33123,15.7734383561644,1509.57,1372.25,15.7291
"664","dukehw",2015,299,0.32947,15.7734383561644,1509.57,1372.25,15.7291
"665","dukehw",2015,300,0.32783,15.7734383561644,1509.57,1372.25,15.7291
"666","dukehw",2015,301,0.32627,15.7734383561644,1509.57,1372.25,15.7291
"667","dukehw",2015,302,0.32479,15.7734383561644,1509.57,1372.25,15.7291
"668","dukehw",2015,303,0.3234,15.7734383561644,1509.57,1372.25,15.7291
"669","dukehw",2015,304,0.3221,15.7734383561644,1509.57,1372.25,15.7291
"670","dukehw",2015,305,0.32091,15.7734383561644,1509.57,1372.25,15.7291
"671","dukehw",2015,306,0.31983,15.7734383561644,1509.57,1372.25,15.7291
"672","dukehw",2015,307,0.31886,15.7734383561644,1509.57,1372.25,15.7291
"673","dukehw",2015,308,0.31801,15.7734383561644,1509.57,1372.25,15.7291
"674","dukehw",2015,309,0.31735,15.7734383561644,1509.57,1372.25,15.7291
"675","dukehw",2015,310,0.3169,15.7734383561644,1509.57,1372.25,15.7291
"676","dukehw",2015,311,0.31663,15.7734383561644,1509.57,1372.25,15.7291
"677","dukehw",2015,312,0.31649,15.7734383561644,1509.57,1372.25,15.7291
"678","dukehw",2015,313,0.31643,15.7734383561644,1509.57,1372.25,15.7291
"679","dukehw",2015,314,0.31642,15.7734383561644,1509.57,1372.25,15.7291
"680","dukehw",2015,315,0.31641,15.7734383561644,1509.57,1372.25,15.7291
"681","dukehw",2015,316,0.31636,15.7734383561644,1509.57,1372.25,15.7291
"682","dukehw",2015,317,0.31623,15.7734383561644,1509.57,1372.25,15.7291
"683","dukehw",2015,318,0.31605,15.7734383561644,1509.57,1372.25,15.7291
"684","dukehw",2015,319,0.31591,15.7734383561644,1509.57,1372.25,15.7291
"685","dukehw",2015,320,0.3158,15.7734383561644,1509.57,1372.25,15.7291
"686","dukehw",2015,321,0.31571,15.7734383561644,1509.57,1372.25,15.7291
"687","dukehw",2015,322,0.31564,15.7734383561644,1509.57,1372.25,15.7291
"688","dukehw",2015,323,0.3156,15.7734383561644,1509.57,1372.25,15.7291
"689","dukehw",2015,324,0.31556,15.7734383561644,1509.57,1372.25,15.7291
"690","dukehw",2015,325,0.31554,15.7734383561644,1509.57,1372.25,15.7291
"691","dukehw",2015,326,0.31553,15.7734383561644,1509.57,1372.25,15.7291
"692","dukehw",2015,327,0.31554,15.7734383561644,1509.57,1372.25,15.7291
"693","dukehw",2015,328,0.31559,15.7734383561644,1509.57,1372.25,15.7291
"694","dukehw",2015,329,0.31567,15.7734383561644,1509.57,1372.25,15.7291
"695","dukehw",2015,330,0.31577,15.7734383561644,1509.57,1372.25,15.7291
"696","dukehw",2015,331,0.31589,15.7734383561644,1509.57,1372.25,15.7291
"697","dukehw",2015,332,0.31602,15.7734383561644,1509.57,1372.25,15.7291
"698","dukehw",2015,333,0.31615,15.7734383561644,1509.57,1372.25,15.7291
"699","dukehw",2015,334,0.31627,15.7734383561644,1509.57,1372.25,15.7291
"700","dukehw",2015,335,0.31638,15.7734383561644,1509.57,1372.25,15.7291
"701","dukehw",2015,336,0.31649,15.7734383561644,1509.57,1372.25,15.7291
"702","dukehw",2015,337,0.31659,15.7734383561644,1509.57,1372.25,15.7291
"703","dukehw",2015,338,0.3167,15.7734383561644,1509.57,1372.25,15.7291
"704","dukehw",2015,339,0.31681,15.7734383561644,1509.57,1372.25,15.7291
"705","dukehw",2015,340,0.31693,15.7734383561644,1509.57,1372.25,15.7291
"706","dukehw",2015,341,0.31704,15.7734383561644,1509.57,1372.25,15.7291
"707","dukehw",2015,342,0.31716,15.7734383561644,1509.57,1372.25,15.7291
"708","dukehw",2015,343,0.31728,15.7734383561644,1509.57,1372.25,15.7291
"709","dukehw",2015,344,0.31741,15.7734383561644,1509.57,1372.25,15.7291
"710","dukehw",2015,345,0.31755,15.7734383561644,1509.57,1372.25,15.7291
"711","dukehw",2015,346,0.31771,15.7734383561644,1509.57,1372.25,15.7291
"712","dukehw",2015,347,0.31789,15.7734383561644,1509.57,1372.25,15.7291
"713","dukehw",2015,348,0.31808,15.7734383561644,1509.57,1372.25,15.7291
"714","dukehw",2015,349,0.31827,15.7734383561644,1509.57,1372.25,15.7291
"715","dukehw",2015,350,0.31846,15.7734383561644,1509.57,1372.25,15.7291
"716","dukehw",2015,351,0.31863,15.7734383561644,1509.57,1372.25,15.7291
"717","dukehw",2015,352,0.31879,15.7734383561644,1509.57,1372.25,15.7291
"718","dukehw",2015,353,0.31892,15.7734383561644,1509.57,1372.25,15.7291
"719","dukehw",2015,354,0.31903,15.7734383561644,1509.57,1372.25,15.7291
"720","dukehw",2015,355,0.31915,15.7734383561644,1509.57,1372.25,15.7291
"721","dukehw",2015,356,0.31926,15.7734383561644,1509.57,1372.25,15.7291
"722","dukehw",2015,357,0.31937,15.7734383561644,1509.57,1372.25,15.7291
"723","dukehw",2015,358,0.31948,15.7734383561644,1509.57,1372.25,15.7291
"724","dukehw",2015,359,0.31956,15.7734383561644,1509.57,1372.25,15.7291
"725","dukehw",2015,360,0.31963,15.7734383561644,1509.57,1372.25,15.7291
"726","dukehw",2015,361,0.31968,15.7734383561644,1509.57,1372.25,15.7291
"727","dukehw",2015,362,0.31971,15.7734383561644,1509.57,1372.25,15.7291
"728","dukehw",2015,363,0.31969,15.7734383561644,1509.57,1372.25,15.7291
"729","dukehw",2015,364,0.31962,15.7734383561644,1509.57,1372.25,15.7291
"730","dukehw",2015,365,0.31952,15.7734383561644,1509.57,1372.25,15.7291
"731","dukehw",2016,1,0.3194,16.0036849315069,1328.93,1372.25,15.7291
"732","dukehw",2016,2,0.31925,16.0036849315069,1328.93,1372.25,15.7291
"733","dukehw",2016,3,0.31911,16.0036849315069,1328.93,1372.25,15.7291
"734","dukehw",2016,4,0.31897,16.0036849315069,1328.93,1372.25,15.7291
"735","dukehw",2016,5,0.31885,16.0036849315069,1328.93,1372.25,15.7291
"736","dukehw",2016,6,0.31876,16.0036849315069,1328.93,1372.25,15.7291
"737","dukehw",2016,7,0.3187,16.0036849315069,1328.93,1372.25,15.7291
"738","dukehw",2016,8,0.31864,16.0036849315069,1328.93,1372.25,15.7291
"739","dukehw",2016,9,0.3186,16.0036849315069,1328.93,1372.25,15.7291
"740","dukehw",2016,10,0.31856,16.0036849315069,1328.93,1372.25,15.7291
"741","dukehw",2016,11,0.31853,16.0036849315069,1328.93,1372.25,15.7291
"742","dukehw",2016,12,0.31851,16.0036849315069,1328.93,1372.25,15.7291
"743","dukehw",2016,13,0.3185,16.0036849315069,1328.93,1372.25,15.7291
"744","dukehw",2016,14,0.31849,16.0036849315069,1328.93,1372.25,15.7291
"745","dukehw",2016,15,0.31849,16.0036849315069,1328.93,1372.25,15.7291
"746","dukehw",2016,16,0.31851,16.0036849315069,1328.93,1372.25,15.7291
"747","dukehw",2016,17,0.31854,16.0036849315069,1328.93,1372.25,15.7291
"748","dukehw",2016,18,0.31858,16.0036849315069,1328.93,1372.25,15.7291
"749","dukehw",2016,19,0.31863,16.0036849315069,1328.93,1372.25,15.7291
"750","dukehw",2016,20,0.31868,16.0036849315069,1328.93,1372.25,15.7291
"751","dukehw",2016,21,0.31873,16.0036849315069,1328.93,1372.25,15.7291
"752","dukehw",2016,22,0.31878,16.0036849315069,1328.93,1372.25,15.7291
"753","dukehw",2016,23,0.31881,16.0036849315069,1328.93,1372.25,15.7291
"754","dukehw",2016,24,0.31883,16.0036849315069,1328.93,1372.25,15.7291
"755","dukehw",2016,25,0.31884,16.0036849315069,1328.93,1372.25,15.7291
"756","dukehw",2016,26,0.31885,16.0036849315069,1328.93,1372.25,15.7291
"757","dukehw",2016,27,0.31885,16.0036849315069,1328.93,1372.25,15.7291
"758","dukehw",2016,28,0.31886,16.0036849315069,1328.93,1372.25,15.7291
"759","dukehw",2016,29,0.31885,16.0036849315069,1328.93,1372.25,15.7291
"760","dukehw",2016,30,0.31884,16.0036849315069,1328.93,1372.25,15.7291
"761","dukehw",2016,31,0.31882,16.0036849315069,1328.93,1372.25,15.7291
"762","dukehw",2016,32,0.31879,16.0036849315069,1328.93,1372.25,15.7291
"763","dukehw",2016,33,0.31874,16.0036849315069,1328.93,1372.25,15.7291
"764","dukehw",2016,34,0.31867,16.0036849315069,1328.93,1372.25,15.7291
"765","dukehw",2016,35,0.31858,16.0036849315069,1328.93,1372.25,15.7291
"766","dukehw",2016,36,0.31846,16.0036849315069,1328.93,1372.25,15.7291
"767","dukehw",2016,37,0.31833,16.0036849315069,1328.93,1372.25,15.7291
"768","dukehw",2016,38,0.31821,16.0036849315069,1328.93,1372.25,15.7291
"769","dukehw",2016,39,0.31809,16.0036849315069,1328.93,1372.25,15.7291
"770","dukehw",2016,40,0.31799,16.0036849315069,1328.93,1372.25,15.7291
"771","dukehw",2016,41,0.31792,16.0036849315069,1328.93,1372.25,15.7291
"772","dukehw",2016,42,0.31788,16.0036849315069,1328.93,1372.25,15.7291
"773","dukehw",2016,43,0.31788,16.0036849315069,1328.93,1372.25,15.7291
"774","dukehw",2016,44,0.3179,16.0036849315069,1328.93,1372.25,15.7291
"775","dukehw",2016,45,0.31794,16.0036849315069,1328.93,1372.25,15.7291
"776","dukehw",2016,46,0.31799,16.0036849315069,1328.93,1372.25,15.7291
"777","dukehw",2016,47,0.31805,16.0036849315069,1328.93,1372.25,15.7291
"778","dukehw",2016,48,0.31811,16.0036849315069,1328.93,1372.25,15.7291
"779","dukehw",2016,49,0.31817,16.0036849315069,1328.93,1372.25,15.7291
"780","dukehw",2016,50,0.31822,16.0036849315069,1328.93,1372.25,15.7291
"781","dukehw",2016,51,0.31827,16.0036849315069,1328.93,1372.25,15.7291
"782","dukehw",2016,52,0.31825,16.0036849315069,1328.93,1372.25,15.7291
"783","dukehw",2016,53,0.31811,16.0036849315069,1328.93,1372.25,15.7291
"784","dukehw",2016,54,0.31791,16.0036849315069,1328.93,1372.25,15.7291
"785","dukehw",2016,55,0.31768,16.0036849315069,1328.93,1372.25,15.7291
"786","dukehw",2016,56,0.31747,16.0036849315069,1328.93,1372.25,15.7291
"787","dukehw",2016,57,0.31731,16.0036849315069,1328.93,1372.25,15.7291
"788","dukehw",2016,58,0.31725,16.0036849315069,1328.93,1372.25,15.7291
"789","dukehw",2016,59,0.31731,16.0036849315069,1328.93,1372.25,15.7291
"790","dukehw",2016,60,0.31756,16.0036849315069,1328.93,1372.25,15.7291
"791","dukehw",2016,61,0.31784,16.0036849315069,1328.93,1372.25,15.7291
"792","dukehw",2016,62,0.31805,16.0036849315069,1328.93,1372.25,15.7291
"793","dukehw",2016,63,0.31824,16.0036849315069,1328.93,1372.25,15.7291
"794","dukehw",2016,64,0.31848,16.0036849315069,1328.93,1372.25,15.7291
"795","dukehw",2016,65,0.31883,16.0036849315069,1328.93,1372.25,15.7291
"796","dukehw",2016,66,0.31936,16.0036849315069,1328.93,1372.25,15.7291
"797","dukehw",2016,67,0.32013,16.0036849315069,1328.93,1372.25,15.7291
"798","dukehw",2016,68,0.32121,16.0036849315069,1328.93,1372.25,15.7291
"799","dukehw",2016,69,0.32265,16.0036849315069,1328.93,1372.25,15.7291
"800","dukehw",2016,70,0.32445,16.0036849315069,1328.93,1372.25,15.7291
"801","dukehw",2016,71,0.32656,16.0036849315069,1328.93,1372.25,15.7291
"802","dukehw",2016,72,0.32892,16.0036849315069,1328.93,1372.25,15.7291
"803","dukehw",2016,73,0.33152,16.0036849315069,1328.93,1372.25,15.7291
"804","dukehw",2016,74,0.33432,16.0036849315069,1328.93,1372.25,15.7291
"805","dukehw",2016,75,0.33729,16.0036849315069,1328.93,1372.25,15.7291
"806","dukehw",2016,76,0.34039,16.0036849315069,1328.93,1372.25,15.7291
"807","dukehw",2016,77,0.34359,16.0036849315069,1328.93,1372.25,15.7291
"808","dukehw",2016,78,0.34687,16.0036849315069,1328.93,1372.25,15.7291
"809","dukehw",2016,79,0.35048,16.0036849315069,1328.93,1372.25,15.7291
"810","dukehw",2016,80,0.3546,16.0036849315069,1328.93,1372.25,15.7291
"811","dukehw",2016,81,0.35909,16.0036849315069,1328.93,1372.25,15.7291
"812","dukehw",2016,82,0.36379,16.0036849315069,1328.93,1372.25,15.7291
"813","dukehw",2016,83,0.36856,16.0036849315069,1328.93,1372.25,15.7291
"814","dukehw",2016,84,0.37323,16.0036849315069,1328.93,1372.25,15.7291
"815","dukehw",2016,85,0.37767,16.0036849315069,1328.93,1372.25,15.7291
"816","dukehw",2016,86,0.38171,16.0036849315069,1328.93,1372.25,15.7291
"817","dukehw",2016,87,0.38522,16.0036849315069,1328.93,1372.25,15.7291
"818","dukehw",2016,88,0.38838,16.0036849315069,1328.93,1372.25,15.7291
"819","dukehw",2016,89,0.39148,16.0036849315069,1328.93,1372.25,15.7291
"820","dukehw",2016,90,0.39449,16.0036849315069,1328.93,1372.25,15.7291
"821","dukehw",2016,91,0.39738,16.0036849315069,1328.93,1372.25,15.7291
"822","dukehw",2016,92,0.40012,16.0036849315069,1328.93,1372.25,15.7291
"823","dukehw",2016,93,0.40267,16.0036849315069,1328.93,1372.25,15.7291
"824","dukehw",2016,94,0.405,16.0036849315069,1328.93,1372.25,15.7291
"825","dukehw",2016,95,0.40709,16.0036849315069,1328.93,1372.25,15.7291
"826","dukehw",2016,96,0.40889,16.0036849315069,1328.93,1372.25,15.7291
"827","dukehw",2016,97,0.4103,16.0036849315069,1328.93,1372.25,15.7291
"828","dukehw",2016,98,0.41128,16.0036849315069,1328.93,1372.25,15.7291
"829","dukehw",2016,99,0.41193,16.0036849315069,1328.93,1372.25,15.7291
"830","dukehw",2016,100,0.41233,16.0036849315069,1328.93,1372.25,15.7291
"831","dukehw",2016,101,0.41257,16.0036849315069,1328.93,1372.25,15.7291
"832","dukehw",2016,102,0.41274,16.0036849315069,1328.93,1372.25,15.7291
"833","dukehw",2016,103,0.41294,16.0036849315069,1328.93,1372.25,15.7291
"834","dukehw",2016,104,0.41325,16.0036849315069,1328.93,1372.25,15.7291
"835","dukehw",2016,105,0.41376,16.0036849315069,1328.93,1372.25,15.7291
"836","dukehw",2016,106,0.41438,16.0036849315069,1328.93,1372.25,15.7291
"837","dukehw",2016,107,0.41498,16.0036849315069,1328.93,1372.25,15.7291
"838","dukehw",2016,108,0.41555,16.0036849315069,1328.93,1372.25,15.7291
"839","dukehw",2016,109,0.41611,16.0036849315069,1328.93,1372.25,15.7291
"840","dukehw",2016,110,0.41668,16.0036849315069,1328.93,1372.25,15.7291
"841","dukehw",2016,111,0.41724,16.0036849315069,1328.93,1372.25,15.7291
"842","dukehw",2016,112,0.41783,16.0036849315069,1328.93,1372.25,15.7291
"843","dukehw",2016,113,0.41844,16.0036849315069,1328.93,1372.25,15.7291
"844","dukehw",2016,114,0.41902,16.0036849315069,1328.93,1372.25,15.7291
"845","dukehw",2016,115,0.41951,16.0036849315069,1328.93,1372.25,15.7291
"846","dukehw",2016,116,0.41992,16.0036849315069,1328.93,1372.25,15.7291
"847","dukehw",2016,117,0.42026,16.0036849315069,1328.93,1372.25,15.7291
"848","dukehw",2016,118,0.42056,16.0036849315069,1328.93,1372.25,15.7291
"849","dukehw",2016,119,0.4208,16.0036849315069,1328.93,1372.25,15.7291
"850","dukehw",2016,120,0.42102,16.0036849315069,1328.93,1372.25,15.7291
"851","dukehw",2016,121,0.42123,16.0036849315069,1328.93,1372.25,15.7291
"852","dukehw",2016,122,0.42142,16.0036849315069,1328.93,1372.25,15.7291
"853","dukehw",2016,123,0.42155,16.0036849315069,1328.93,1372.25,15.7291
"854","dukehw",2016,124,0.42158,16.0036849315069,1328.93,1372.25,15.7291
"855","dukehw",2016,125,0.42152,16.0036849315069,1328.93,1372.25,15.7291
"856","dukehw",2016,126,0.4214,16.0036849315069,1328.93,1372.25,15.7291
"857","dukehw",2016,127,0.42126,16.0036849315069,1328.93,1372.25,15.7291
"858","dukehw",2016,128,0.42111,16.0036849315069,1328.93,1372.25,15.7291
"859","dukehw",2016,129,0.42098,16.0036849315069,1328.93,1372.25,15.7291
"860","dukehw",2016,130,0.42089,16.0036849315069,1328.93,1372.25,15.7291
"861","dukehw",2016,131,0.42088,16.0036849315069,1328.93,1372.25,15.7291
"862","dukehw",2016,132,0.42091,16.0036849315069,1328.93,1372.25,15.7291
"863","dukehw",2016,133,0.42096,16.0036849315069,1328.93,1372.25,15.7291
"864","dukehw",2016,134,0.42101,16.0036849315069,1328.93,1372.25,15.7291
"865","dukehw",2016,135,0.42109,16.0036849315069,1328.93,1372.25,15.7291
"866","dukehw",2016,136,0.42118,16.0036849315069,1328.93,1372.25,15.7291
"867","dukehw",2016,137,0.42131,16.0036849315069,1328.93,1372.25,15.7291
"868","dukehw",2016,138,0.42146,16.0036849315069,1328.93,1372.25,15.7291
"869","dukehw",2016,139,0.42164,16.0036849315069,1328.93,1372.25,15.7291
"870","dukehw",2016,140,0.42186,16.0036849315069,1328.93,1372.25,15.7291
"871","dukehw",2016,141,0.42206,16.0036849315069,1328.93,1372.25,15.7291
"872","dukehw",2016,142,0.42218,16.0036849315069,1328.93,1372.25,15.7291
"873","dukehw",2016,143,0.42221,16.0036849315069,1328.93,1372.25,15.7291
"874","dukehw",2016,144,0.42218,16.0036849315069,1328.93,1372.25,15.7291
"875","dukehw",2016,145,0.42207,16.0036849315069,1328.93,1372.25,15.7291
"876","dukehw",2016,146,0.42191,16.0036849315069,1328.93,1372.25,15.7291
"877","dukehw",2016,147,0.42169,16.0036849315069,1328.93,1372.25,15.7291
"878","dukehw",2016,148,0.42142,16.0036849315069,1328.93,1372.25,15.7291
"879","dukehw",2016,149,0.4211,16.0036849315069,1328.93,1372.25,15.7291
"880","dukehw",2016,150,0.4207,16.0036849315069,1328.93,1372.25,15.7291
"881","dukehw",2016,151,0.42016,16.0036849315069,1328.93,1372.25,15.7291
"882","dukehw",2016,152,0.41954,16.0036849315069,1328.93,1372.25,15.7291
"883","dukehw",2016,153,0.41885,16.0036849315069,1328.93,1372.25,15.7291
"884","dukehw",2016,154,0.41813,16.0036849315069,1328.93,1372.25,15.7291
"885","dukehw",2016,155,0.41742,16.0036849315069,1328.93,1372.25,15.7291
"886","dukehw",2016,156,0.41674,16.0036849315069,1328.93,1372.25,15.7291
"887","dukehw",2016,157,0.41612,16.0036849315069,1328.93,1372.25,15.7291
"888","dukehw",2016,158,0.4156,16.0036849315069,1328.93,1372.25,15.7291
"889","dukehw",2016,159,0.41512,16.0036849315069,1328.93,1372.25,15.7291
"890","dukehw",2016,160,0.4146,16.0036849315069,1328.93,1372.25,15.7291
"891","dukehw",2016,161,0.41407,16.0036849315069,1328.93,1372.25,15.7291
"892","dukehw",2016,162,0.41355,16.0036849315069,1328.93,1372.25,15.7291
"893","dukehw",2016,163,0.41304,16.0036849315069,1328.93,1372.25,15.7291
"894","dukehw",2016,164,0.41256,16.0036849315069,1328.93,1372.25,15.7291
"895","dukehw",2016,165,0.41214,16.0036849315069,1328.93,1372.25,15.7291
"896","dukehw",2016,166,0.41178,16.0036849315069,1328.93,1372.25,15.7291
"897","dukehw",2016,167,0.4115,16.0036849315069,1328.93,1372.25,15.7291
"898","dukehw",2016,168,0.41134,16.0036849315069,1328.93,1372.25,15.7291
"899","dukehw",2016,169,0.4113,16.0036849315069,1328.93,1372.25,15.7291
"900","dukehw",2016,170,0.41136,16.0036849315069,1328.93,1372.25,15.7291
"901","dukehw",2016,171,0.41146,16.0036849315069,1328.93,1372.25,15.7291
"902","dukehw",2016,172,0.41159,16.0036849315069,1328.93,1372.25,15.7291
"903","dukehw",2016,173,0.41172,16.0036849315069,1328.93,1372.25,15.7291
"904","dukehw",2016,174,0.41181,16.0036849315069,1328.93,1372.25,15.7291
"905","dukehw",2016,175,0.41182,16.0036849315069,1328.93,1372.25,15.7291
"906","dukehw",2016,176,0.41174,16.0036849315069,1328.93,1372.25,15.7291
"907","dukehw",2016,177,0.41158,16.0036849315069,1328.93,1372.25,15.7291
"908","dukehw",2016,178,0.4114,16.0036849315069,1328.93,1372.25,15.7291
"909","dukehw",2016,179,0.4112,16.0036849315069,1328.93,1372.25,15.7291
"910","dukehw",2016,180,0.41099,16.0036849315069,1328.93,1372.25,15.7291
"911","dukehw",2016,181,0.41076,16.0036849315069,1328.93,1372.25,15.7291
"912","dukehw",2016,182,0.41052,16.0036849315069,1328.93,1372.25,15.7291
"913","dukehw",2016,183,0.41027,16.0036849315069,1328.93,1372.25,15.7291
"914","dukehw",2016,184,0.41,16.0036849315069,1328.93,1372.25,15.7291
"915","dukehw",2016,185,0.40974,16.0036849315069,1328.93,1372.25,15.7291
"916","dukehw",2016,186,0.40944,16.0036849315069,1328.93,1372.25,15.7291
"917","dukehw",2016,187,0.40908,16.0036849315069,1328.93,1372.25,15.7291
"918","dukehw",2016,188,0.40869,16.0036849315069,1328.93,1372.25,15.7291
"919","dukehw",2016,189,0.40828,16.0036849315069,1328.93,1372.25,15.7291
"920","dukehw",2016,190,0.40785,16.0036849315069,1328.93,1372.25,15.7291
"921","dukehw",2016,191,0.40743,16.0036849315069,1328.93,1372.25,15.7291
"922","dukehw",2016,192,0.40702,16.0036849315069,1328.93,1372.25,15.7291
"923","dukehw",2016,193,0.40664,16.0036849315069,1328.93,1372.25,15.7291
"924","dukehw",2016,194,0.40631,16.0036849315069,1328.93,1372.25,15.7291
"925","dukehw",2016,195,0.40601,16.0036849315069,1328.93,1372.25,15.7291
"926","dukehw",2016,196,0.40575,16.0036849315069,1328.93,1372.25,15.7291
"927","dukehw",2016,197,0.4055,16.0036849315069,1328.93,1372.25,15.7291
"928","dukehw",2016,198,0.40527,16.0036849315069,1328.93,1372.25,15.7291
"929","dukehw",2016,199,0.40504,16.0036849315069,1328.93,1372.25,15.7291
"930","dukehw",2016,200,0.40483,16.0036849315069,1328.93,1372.25,15.7291
"931","dukehw",2016,201,0.40462,16.0036849315069,1328.93,1372.25,15.7291
"932","dukehw",2016,202,0.40441,16.0036849315069,1328.93,1372.25,15.7291
"933","dukehw",2016,203,0.40419,16.0036849315069,1328.93,1372.25,15.7291
"934","dukehw",2016,204,0.40398,16.0036849315069,1328.93,1372.25,15.7291
"935","dukehw",2016,205,0.4038,16.0036849315069,1328.93,1372.25,15.7291
"936","dukehw",2016,206,0.40363,16.0036849315069,1328.93,1372.25,15.7291
"937","dukehw",2016,207,0.40347,16.0036849315069,1328.93,1372.25,15.7291
"938","dukehw",2016,208,0.40332,16.0036849315069,1328.93,1372.25,15.7291
"939","dukehw",2016,209,0.40315,16.0036849315069,1328.93,1372.25,15.7291
"940","dukehw",2016,210,0.40298,16.0036849315069,1328.93,1372.25,15.7291
"941","dukehw",2016,211,0.40279,16.0036849315069,1328.93,1372.25,15.7291
"942","dukehw",2016,212,0.40256,16.0036849315069,1328.93,1372.25,15.7291
"943","dukehw",2016,213,0.40232,16.0036849315069,1328.93,1372.25,15.7291
"944","dukehw",2016,214,0.40205,16.0036849315069,1328.93,1372.25,15.7291
"945","dukehw",2016,215,0.40177,16.0036849315069,1328.93,1372.25,15.7291
"946","dukehw",2016,216,0.40148,16.0036849315069,1328.93,1372.25,15.7291
"947","dukehw",2016,217,0.40119,16.0036849315069,1328.93,1372.25,15.7291
"948","dukehw",2016,218,0.40089,16.0036849315069,1328.93,1372.25,15.7291
"949","dukehw",2016,219,0.40058,16.0036849315069,1328.93,1372.25,15.7291
"950","dukehw",2016,220,0.40029,16.0036849315069,1328.93,1372.25,15.7291
"951","dukehw",2016,221,0.4,16.0036849315069,1328.93,1372.25,15.7291
"952","dukehw",2016,222,0.39969,16.0036849315069,1328.93,1372.25,15.7291
"953","dukehw",2016,223,0.39935,16.0036849315069,1328.93,1372.25,15.7291
"954","dukehw",2016,224,0.39899,16.0036849315069,1328.93,1372.25,15.7291
"955","dukehw",2016,225,0.39862,16.0036849315069,1328.93,1372.25,15.7291
"956","dukehw",2016,226,0.39826,16.0036849315069,1328.93,1372.25,15.7291
"957","dukehw",2016,227,0.39791,16.0036849315069,1328.93,1372.25,15.7291
"958","dukehw",2016,228,0.39759,16.0036849315069,1328.93,1372.25,15.7291
"959","dukehw",2016,229,0.39731,16.0036849315069,1328.93,1372.25,15.7291
"960","dukehw",2016,230,0.39708,16.0036849315069,1328.93,1372.25,15.7291
"961","dukehw",2016,231,0.39693,16.0036849315069,1328.93,1372.25,15.7291
"962","dukehw",2016,232,0.39684,16.0036849315069,1328.93,1372.25,15.7291
"963","dukehw",2016,233,0.39681,16.0036849315069,1328.93,1372.25,15.7291
"964","dukehw",2016,234,0.39681,16.0036849315069,1328.93,1372.25,15.7291
"965","dukehw",2016,235,0.39682,16.0036849315069,1328.93,1372.25,15.7291
"966","dukehw",2016,236,0.39684,16.0036849315069,1328.93,1372.25,15.7291
"967","dukehw",2016,237,0.39683,16.0036849315069,1328.93,1372.25,15.7291
"968","dukehw",2016,238,0.39678,16.0036849315069,1328.93,1372.25,15.7291
"969","dukehw",2016,239,0.39668,16.0036849315069,1328.93,1372.25,15.7291
"970","dukehw",2016,240,0.39652,16.0036849315069,1328.93,1372.25,15.7291
"971","dukehw",2016,241,0.39633,16.0036849315069,1328.93,1372.25,15.7291
"972","dukehw",2016,242,0.39611,16.0036849315069,1328.93,1372.25,15.7291
"973","dukehw",2016,243,0.39587,16.0036849315069,1328.93,1372.25,15.7291
"974","dukehw",2016,244,0.39561,16.0036849315069,1328.93,1372.25,15.7291
"975","dukehw",2016,245,0.39535,16.0036849315069,1328.93,1372.25,15.7291
"976","dukehw",2016,246,0.39507,16.0036849315069,1328.93,1372.25,15.7291
"977","dukehw",2016,247,0.3948,16.0036849315069,1328.93,1372.25,15.7291
"978","dukehw",2016,248,0.39454,16.0036849315069,1328.93,1372.25,15.7291
"979","dukehw",2016,249,0.39426,16.0036849315069,1328.93,1372.25,15.7291
"980","dukehw",2016,250,0.39398,16.0036849315069,1328.93,1372.25,15.7291
"981","dukehw",2016,251,0.39367,16.0036849315069,1328.93,1372.25,15.7291
"982","dukehw",2016,252,0.39337,16.0036849315069,1328.93,1372.25,15.7291
"983","dukehw",2016,253,0.39306,16.0036849315069,1328.93,1372.25,15.7291
"984","dukehw",2016,254,0.39276,16.0036849315069,1328.93,1372.25,15.7291
"985","dukehw",2016,255,0.39247,16.0036849315069,1328.93,1372.25,15.7291
"986","dukehw",2016,256,0.3922,16.0036849315069,1328.93,1372.25,15.7291
"987","dukehw",2016,257,0.39196,16.0036849315069,1328.93,1372.25,15.7291
"988","dukehw",2016,258,0.39174,16.0036849315069,1328.93,1372.25,15.7291
"989","dukehw",2016,259,0.39156,16.0036849315069,1328.93,1372.25,15.7291
"990","dukehw",2016,260,0.39141,16.0036849315069,1328.93,1372.25,15.7291
"991","dukehw",2016,261,0.39126,16.0036849315069,1328.93,1372.25,15.7291
"992","dukehw",2016,262,0.39112,16.0036849315069,1328.93,1372.25,15.7291
"993","dukehw",2016,263,0.39096,16.0036849315069,1328.93,1372.25,15.7291
"994","dukehw",2016,264,0.39078,16.0036849315069,1328.93,1372.25,15.7291
"995","dukehw",2016,265,0.39056,16.0036849315069,1328.93,1372.25,15.7291
"996","dukehw",2016,266,0.3903,16.0036849315069,1328.93,1372.25,15.7291
"997","dukehw",2016,267,0.39001,16.0036849315069,1328.93,1372.25,15.7291
"998","dukehw",2016,268,0.38971,16.0036849315069,1328.93,1372.25,15.7291
"999","dukehw",2016,269,0.3894,16.0036849315069,1328.93,1372.25,15.7291
"1000","dukehw",2016,270,0.38908,16.0036849315069,1328.93,1372.25,15.7291
"1001","dukehw",2016,271,0.38873,16.0036849315069,1328.93,1372.25,15.7291
"1002","dukehw",2016,272,0.38834,16.0036849315069,1328.93,1372.25,15.7291
"1003","dukehw",2016,273,0.38792,16.0036849315069,1328.93,1372.25,15.7291
"1004","dukehw",2016,274,0.38746,16.0036849315069,1328.93,1372.25,15.7291
"1005","dukehw",2016,275,0.38695,16.0036849315069,1328.93,1372.25,15.7291
"1006","dukehw",2016,276,0.38642,16.0036849315069,1328.93,1372.25,15.7291
"1007","dukehw",2016,277,0.3859,16.0036849315069,1328.93,1372.25,15.7291
"1008","dukehw",2016,278,0.38537,16.0036849315069,1328.93,1372.25,15.7291
"1009","dukehw",2016,279,0.38479,16.0036849315069,1328.93,1372.25,15.7291
"1010","dukehw",2016,280,0.38414,16.0036849315069,1328.93,1372.25,15.7291
"1011","dukehw",2016,281,0.38339,16.0036849315069,1328.93,1372.25,15.7291
"1012","dukehw",2016,282,0.38253,16.0036849315069,1328.93,1372.25,15.7291
"1013","dukehw",2016,283,0.38152,16.0036849315069,1328.93,1372.25,15.7291
"1014","dukehw",2016,284,0.38033,16.0036849315069,1328.93,1372.25,15.7291
"1015","dukehw",2016,285,0.37892,16.0036849315069,1328.93,1372.25,15.7291
"1016","dukehw",2016,286,0.37727,16.0036849315069,1328.93,1372.25,15.7291
"1017","dukehw",2016,287,0.37543,16.0036849315069,1328.93,1372.25,15.7291
"1018","dukehw",2016,288,0.37342,16.0036849315069,1328.93,1372.25,15.7291
"1019","dukehw",2016,289,0.37129,16.0036849315069,1328.93,1372.25,15.7291
"1020","dukehw",2016,290,0.36908,16.0036849315069,1328.93,1372.25,15.7291
"1021","dukehw",2016,291,0.36683,16.0036849315069,1328.93,1372.25,15.7291
"1022","dukehw",2016,292,0.36457,16.0036849315069,1328.93,1372.25,15.7291
"1023","dukehw",2016,293,0.36233,16.0036849315069,1328.93,1372.25,15.7291
"1024","dukehw",2016,294,0.35986,16.0036849315069,1328.93,1372.25,15.7291
"1025","dukehw",2016,295,0.35693,16.0036849315069,1328.93,1372.25,15.7291
"1026","dukehw",2016,296,0.3537,16.0036849315069,1328.93,1372.25,15.7291
"1027","dukehw",2016,297,0.35031,16.0036849315069,1328.93,1372.25,15.7291
"1028","dukehw",2016,298,0.34689,16.0036849315069,1328.93,1372.25,15.7291
"1029","dukehw",2016,299,0.34359,16.0036849315069,1328.93,1372.25,15.7291
"1030","dukehw",2016,300,0.34054,16.0036849315069,1328.93,1372.25,15.7291
"1031","dukehw",2016,301,0.33789,16.0036849315069,1328.93,1372.25,15.7291
"1032","dukehw",2016,302,0.33578,16.0036849315069,1328.93,1372.25,15.7291
"1033","dukehw",2016,303,0.33406,16.0036849315069,1328.93,1372.25,15.7291
"1034","dukehw",2016,304,0.33246,16.0036849315069,1328.93,1372.25,15.7291
"1035","dukehw",2016,305,0.33097,16.0036849315069,1328.93,1372.25,15.7291
"1036","dukehw",2016,306,0.32958,16.0036849315069,1328.93,1372.25,15.7291
"1037","dukehw",2016,307,0.32826,16.0036849315069,1328.93,1372.25,15.7291
"1038","dukehw",2016,308,0.32699,16.0036849315069,1328.93,1372.25,15.7291
"1039","dukehw",2016,309,0.32578,16.0036849315069,1328.93,1372.25,15.7291
"1040","dukehw",2016,310,0.32458,16.0036849315069,1328.93,1372.25,15.7291
"1041","dukehw",2016,311,0.3234,16.0036849315069,1328.93,1372.25,15.7291
"1042","dukehw",2016,312,0.32223,16.0036849315069,1328.93,1372.25,15.7291
"1043","dukehw",2016,313,0.32111,16.0036849315069,1328.93,1372.25,15.7291
"1044","dukehw",2016,314,0.32002,16.0036849315069,1328.93,1372.25,15.7291
"1045","dukehw",2016,315,0.31899,16.0036849315069,1328.93,1372.25,15.7291
"1046","dukehw",2016,316,0.318,16.0036849315069,1328.93,1372.25,15.7291
"1047","dukehw",2016,317,0.31708,16.0036849315069,1328.93,1372.25,15.7291
"1048","dukehw",2016,318,0.3162,16.0036849315069,1328.93,1372.25,15.7291
"1049","dukehw",2016,319,0.31539,16.0036849315069,1328.93,1372.25,15.7291
"1050","dukehw",2016,320,0.31465,16.0036849315069,1328.93,1372.25,15.7291
"1051","dukehw",2016,321,0.31393,16.0036849315069,1328.93,1372.25,15.7291
"1052","dukehw",2016,322,0.31321,16.0036849315069,1328.93,1372.25,15.7291
"1053","dukehw",2016,323,0.31251,16.0036849315069,1328.93,1372.25,15.7291
"1054","dukehw",2016,324,0.31185,16.0036849315069,1328.93,1372.25,15.7291
"1055","dukehw",2016,325,0.31124,16.0036849315069,1328.93,1372.25,15.7291
"1056","dukehw",2016,326,0.31071,16.0036849315069,1328.93,1372.25,15.7291
"1057","dukehw",2016,327,0.31028,16.0036849315069,1328.93,1372.25,15.7291
"1058","dukehw",2016,328,0.30996,16.0036849315069,1328.93,1372.25,15.7291
"1059","dukehw",2016,329,0.30977,16.0036849315069,1328.93,1372.25,15.7291
"1060","dukehw",2016,330,0.30979,16.0036849315069,1328.93,1372.25,15.7291
"1061","dukehw",2016,331,0.31001,16.0036849315069,1328.93,1372.25,15.7291
"1062","dukehw",2016,332,0.3104,16.0036849315069,1328.93,1372.25,15.7291
"1063","dukehw",2016,333,0.3109,16.0036849315069,1328.93,1372.25,15.7291
"1064","dukehw",2016,334,0.31148,16.0036849315069,1328.93,1372.25,15.7291
"1065","dukehw",2016,335,0.31207,16.0036849315069,1328.93,1372.25,15.7291
"1066","dukehw",2016,336,0.31265,16.0036849315069,1328.93,1372.25,15.7291
"1067","dukehw",2016,337,0.31316,16.0036849315069,1328.93,1372.25,15.7291
"1068","dukehw",2016,338,0.31355,16.0036849315069,1328.93,1372.25,15.7291
"1069","dukehw",2016,339,0.31388,16.0036849315069,1328.93,1372.25,15.7291
"1070","dukehw",2016,340,0.31424,16.0036849315069,1328.93,1372.25,15.7291
"1071","dukehw",2016,341,0.3146,16.0036849315069,1328.93,1372.25,15.7291
"1072","dukehw",2016,342,0.31497,16.0036849315069,1328.93,1372.25,15.7291
"1073","dukehw",2016,343,0.31533,16.0036849315069,1328.93,1372.25,15.7291
"1074","dukehw",2016,344,0.31567,16.0036849315069,1328.93,1372.25,15.7291
"1075","dukehw",2016,345,0.31597,16.0036849315069,1328.93,1372.25,15.7291
"1076","dukehw",2016,346,0.31623,16.0036849315069,1328.93,1372.25,15.7291
"1077","dukehw",2016,347,0.31644,16.0036849315069,1328.93,1372.25,15.7291
"1078","dukehw",2016,348,0.3166,16.0036849315069,1328.93,1372.25,15.7291
"1079","dukehw",2016,349,0.31671,16.0036849315069,1328.93,1372.25,15.7291
"1080","dukehw",2016,350,0.31679,16.0036849315069,1328.93,1372.25,15.7291
"1081","dukehw",2016,351,0.31685,16.0036849315069,1328.93,1372.25,15.7291
"1082","dukehw",2016,352,0.31689,16.0036849315069,1328.93,1372.25,15.7291
"1083","dukehw",2016,353,0.31692,16.0036849315069,1328.93,1372.25,15.7291
"1084","dukehw",2016,354,0.31695,16.0036849315069,1328.93,1372.25,15.7291
"1085","dukehw",2016,355,0.31699,16.0036849315069,1328.93,1372.25,15.7291
"1086","dukehw",2016,356,0.31705,16.0036849315069,1328.93,1372.25,15.7291
"1087","dukehw",2016,357,0.31711,16.0036849315069,1328.93,1372.25,15.7291
"1088","dukehw",2016,358,0.31716,16.0036849315069,1328.93,1372.25,15.7291
"1089","dukehw",2016,359,0.3172,16.0036849315069,1328.93,1372.25,15.7291
"1090","dukehw",2016,360,0.31724,16.0036849315069,1328.93,1372.25,15.7291
"1091","dukehw",2016,361,0.31727,16.0036849315069,1328.93,1372.25,15.7291
"1092","dukehw",2016,362,0.3173,16.0036849315069,1328.93,1372.25,15.7291
"1093","dukehw",2016,363,0.31734,16.0036849315069,1328.93,1372.25,15.7291
"1094","dukehw",2016,364,0.31739,16.0036849315069,1328.93,1372.25,15.7291
"1095","dukehw",2016,365,0.31745,16.0036849315069,1328.93,1372.25,15.7291
"1096","dukehw",2017,1,0.3176,16.0756301369863,1084.52,1372.25,15.7291
"1097","dukehw",2017,2,0.31769,16.0756301369863,1084.52,1372.25,15.7291
"1098","dukehw",2017,3,0.31777,16.0756301369863,1084.52,1372.25,15.7291
"1099","dukehw",2017,4,0.31786,16.0756301369863,1084.52,1372.25,15.7291
"1100","dukehw",2017,5,0.31794,16.0756301369863,1084.52,1372.25,15.7291
"1101","dukehw",2017,6,0.31802,16.0756301369863,1084.52,1372.25,15.7291
"1102","dukehw",2017,7,0.31808,16.0756301369863,1084.52,1372.25,15.7291
"1103","dukehw",2017,8,0.31813,16.0756301369863,1084.52,1372.25,15.7291
"1104","dukehw",2017,9,0.31818,16.0756301369863,1084.52,1372.25,15.7291
"1105","dukehw",2017,10,0.31822,16.0756301369863,1084.52,1372.25,15.7291
"1106","dukehw",2017,11,0.31826,16.0756301369863,1084.52,1372.25,15.7291
"1107","dukehw",2017,12,0.3183,16.0756301369863,1084.52,1372.25,15.7291
"1108","dukehw",2017,13,0.31833,16.0756301369863,1084.52,1372.25,15.7291
"1109","dukehw",2017,14,0.31836,16.0756301369863,1084.52,1372.25,15.7291
"1110","dukehw",2017,15,0.31839,16.0756301369863,1084.52,1372.25,15.7291
"1111","dukehw",2017,16,0.3184,16.0756301369863,1084.52,1372.25,15.7291
"1112","dukehw",2017,17,0.31841,16.0756301369863,1084.52,1372.25,15.7291
"1113","dukehw",2017,18,0.3184,16.0756301369863,1084.52,1372.25,15.7291
"1114","dukehw",2017,19,0.31838,16.0756301369863,1084.52,1372.25,15.7291
"1115","dukehw",2017,20,0.31834,16.0756301369863,1084.52,1372.25,15.7291
"1116","dukehw",2017,21,0.31829,16.0756301369863,1084.52,1372.25,15.7291
"1117","dukehw",2017,22,0.31823,16.0756301369863,1084.52,1372.25,15.7291
"1118","dukehw",2017,23,0.31818,16.0756301369863,1084.52,1372.25,15.7291
"1119","dukehw",2017,24,0.31814,16.0756301369863,1084.52,1372.25,15.7291
"1120","dukehw",2017,25,0.3181,16.0756301369863,1084.52,1372.25,15.7291
"1121","dukehw",2017,26,0.31808,16.0756301369863,1084.52,1372.25,15.7291
"1122","dukehw",2017,27,0.31807,16.0756301369863,1084.52,1372.25,15.7291
"1123","dukehw",2017,28,0.31807,16.0756301369863,1084.52,1372.25,15.7291
"1124","dukehw",2017,29,0.31808,16.0756301369863,1084.52,1372.25,15.7291
"1125","dukehw",2017,30,0.31809,16.0756301369863,1084.52,1372.25,15.7291
"1126","dukehw",2017,31,0.31811,16.0756301369863,1084.52,1372.25,15.7291
"1127","dukehw",2017,32,0.31812,16.0756301369863,1084.52,1372.25,15.7291
"1128","dukehw",2017,33,0.31812,16.0756301369863,1084.52,1372.25,15.7291
"1129","dukehw",2017,34,0.31812,16.0756301369863,1084.52,1372.25,15.7291
"1130","dukehw",2017,35,0.31812,16.0756301369863,1084.52,1372.25,15.7291
"1131","dukehw",2017,36,0.31811,16.0756301369863,1084.52,1372.25,15.7291
"1132","dukehw",2017,37,0.3181,16.0756301369863,1084.52,1372.25,15.7291
"1133","dukehw",2017,38,0.31809,16.0756301369863,1084.52,1372.25,15.7291
"1134","dukehw",2017,39,0.31809,16.0756301369863,1084.52,1372.25,15.7291
"1135","dukehw",2017,40,0.31809,16.0756301369863,1084.52,1372.25,15.7291
"1136","dukehw",2017,41,0.31809,16.0756301369863,1084.52,1372.25,15.7291
"1137","dukehw",2017,42,0.31809,16.0756301369863,1084.52,1372.25,15.7291
"1138","dukehw",2017,43,0.3181,16.0756301369863,1084.52,1372.25,15.7291
"1139","dukehw",2017,44,0.31811,16.0756301369863,1084.52,1372.25,15.7291
"1140","dukehw",2017,45,0.31811,16.0756301369863,1084.52,1372.25,15.7291
"1141","dukehw",2017,46,0.31812,16.0756301369863,1084.52,1372.25,15.7291
"1142","dukehw",2017,47,0.31812,16.0756301369863,1084.52,1372.25,15.7291
"1143","dukehw",2017,48,0.31812,16.0756301369863,1084.52,1372.25,15.7291
"1144","dukehw",2017,49,0.31812,16.0756301369863,1084.52,1372.25,15.7291
"1145","dukehw",2017,50,0.31814,16.0756301369863,1084.52,1372.25,15.7291
"1146","dukehw",2017,51,0.31816,16.0756301369863,1084.52,1372.25,15.7291
"1147","dukehw",2017,52,0.31819,16.0756301369863,1084.52,1372.25,15.7291
"1148","dukehw",2017,53,0.31823,16.0756301369863,1084.52,1372.25,15.7291
"1149","dukehw",2017,54,0.31829,16.0756301369863,1084.52,1372.25,15.7291
"1150","dukehw",2017,55,0.31836,16.0756301369863,1084.52,1372.25,15.7291
"1151","dukehw",2017,56,0.31844,16.0756301369863,1084.52,1372.25,15.7291
"1152","dukehw",2017,57,0.31853,16.0756301369863,1084.52,1372.25,15.7291
"1153","dukehw",2017,58,0.31861,16.0756301369863,1084.52,1372.25,15.7291
"1154","dukehw",2017,59,0.31869,16.0756301369863,1084.52,1372.25,15.7291
"1155","dukehw",2017,60,0.31877,16.0756301369863,1084.52,1372.25,15.7291
"1156","dukehw",2017,61,0.31884,16.0756301369863,1084.52,1372.25,15.7291
"1157","dukehw",2017,62,0.31884,16.0756301369863,1084.52,1372.25,15.7291
"1158","dukehw",2017,63,0.31876,16.0756301369863,1084.52,1372.25,15.7291
"1159","dukehw",2017,64,0.31862,16.0756301369863,1084.52,1372.25,15.7291
"1160","dukehw",2017,65,0.31845,16.0756301369863,1084.52,1372.25,15.7291
"1161","dukehw",2017,66,0.31829,16.0756301369863,1084.52,1372.25,15.7291
"1162","dukehw",2017,67,0.31816,16.0756301369863,1084.52,1372.25,15.7291
"1163","dukehw",2017,68,0.31811,16.0756301369863,1084.52,1372.25,15.7291
"1164","dukehw",2017,69,0.31816,16.0756301369863,1084.52,1372.25,15.7291
"1165","dukehw",2017,70,0.31834,16.0756301369863,1084.52,1372.25,15.7291
"1166","dukehw",2017,71,0.31849,16.0756301369863,1084.52,1372.25,15.7291
"1167","dukehw",2017,72,0.31846,16.0756301369863,1084.52,1372.25,15.7291
"1168","dukehw",2017,73,0.31834,16.0756301369863,1084.52,1372.25,15.7291
"1169","dukehw",2017,74,0.31824,16.0756301369863,1084.52,1372.25,15.7291
"1170","dukehw",2017,75,0.31826,16.0756301369863,1084.52,1372.25,15.7291
"1171","dukehw",2017,76,0.31847,16.0756301369863,1084.52,1372.25,15.7291
"1172","dukehw",2017,77,0.31899,16.0756301369863,1084.52,1372.25,15.7291
"1173","dukehw",2017,78,0.3199,16.0756301369863,1084.52,1372.25,15.7291
"1174","dukehw",2017,79,0.3213,16.0756301369863,1084.52,1372.25,15.7291
"1175","dukehw",2017,80,0.32318,16.0756301369863,1084.52,1372.25,15.7291
"1176","dukehw",2017,81,0.32545,16.0756301369863,1084.52,1372.25,15.7291
"1177","dukehw",2017,82,0.32804,16.0756301369863,1084.52,1372.25,15.7291
"1178","dukehw",2017,83,0.33089,16.0756301369863,1084.52,1372.25,15.7291
"1179","dukehw",2017,84,0.33396,16.0756301369863,1084.52,1372.25,15.7291
"1180","dukehw",2017,85,0.33719,16.0756301369863,1084.52,1372.25,15.7291
"1181","dukehw",2017,86,0.34051,16.0756301369863,1084.52,1372.25,15.7291
"1182","dukehw",2017,87,0.34388,16.0756301369863,1084.52,1372.25,15.7291
"1183","dukehw",2017,88,0.34724,16.0756301369863,1084.52,1372.25,15.7291
"1184","dukehw",2017,89,0.35079,16.0756301369863,1084.52,1372.25,15.7291
"1185","dukehw",2017,90,0.35474,16.0756301369863,1084.52,1372.25,15.7291
"1186","dukehw",2017,91,0.35898,16.0756301369863,1084.52,1372.25,15.7291
"1187","dukehw",2017,92,0.36342,16.0756301369863,1084.52,1372.25,15.7291
"1188","dukehw",2017,93,0.36796,16.0756301369863,1084.52,1372.25,15.7291
"1189","dukehw",2017,94,0.37251,16.0756301369863,1084.52,1372.25,15.7291
"1190","dukehw",2017,95,0.37696,16.0756301369863,1084.52,1372.25,15.7291
"1191","dukehw",2017,96,0.38123,16.0756301369863,1084.52,1372.25,15.7291
"1192","dukehw",2017,97,0.38521,16.0756301369863,1084.52,1372.25,15.7291
"1193","dukehw",2017,98,0.38916,16.0756301369863,1084.52,1372.25,15.7291
"1194","dukehw",2017,99,0.39331,16.0756301369863,1084.52,1372.25,15.7291
"1195","dukehw",2017,100,0.39756,16.0756301369863,1084.52,1372.25,15.7291
"1196","dukehw",2017,101,0.4018,16.0756301369863,1084.52,1372.25,15.7291
"1197","dukehw",2017,102,0.40594,16.0756301369863,1084.52,1372.25,15.7291
"1198","dukehw",2017,103,0.40987,16.0756301369863,1084.52,1372.25,15.7291
"1199","dukehw",2017,104,0.4135,16.0756301369863,1084.52,1372.25,15.7291
"1200","dukehw",2017,105,0.4167,16.0756301369863,1084.52,1372.25,15.7291
"1201","dukehw",2017,106,0.41939,16.0756301369863,1084.52,1372.25,15.7291
"1202","dukehw",2017,107,0.42163,16.0756301369863,1084.52,1372.25,15.7291
"1203","dukehw",2017,108,0.42358,16.0756301369863,1084.52,1372.25,15.7291
"1204","dukehw",2017,109,0.42526,16.0756301369863,1084.52,1372.25,15.7291
"1205","dukehw",2017,110,0.42668,16.0756301369863,1084.52,1372.25,15.7291
"1206","dukehw",2017,111,0.42786,16.0756301369863,1084.52,1372.25,15.7291
"1207","dukehw",2017,112,0.42881,16.0756301369863,1084.52,1372.25,15.7291
"1208","dukehw",2017,113,0.42956,16.0756301369863,1084.52,1372.25,15.7291
"1209","dukehw",2017,114,0.43012,16.0756301369863,1084.52,1372.25,15.7291
"1210","dukehw",2017,115,0.4305,16.0756301369863,1084.52,1372.25,15.7291
"1211","dukehw",2017,116,0.43047,16.0756301369863,1084.52,1372.25,15.7291
"1212","dukehw",2017,117,0.42985,16.0756301369863,1084.52,1372.25,15.7291
"1213","dukehw",2017,118,0.42879,16.0756301369863,1084.52,1372.25,15.7291
"1214","dukehw",2017,119,0.42743,16.0756301369863,1084.52,1372.25,15.7291
"1215","dukehw",2017,120,0.42593,16.0756301369863,1084.52,1372.25,15.7291
"1216","dukehw",2017,121,0.42443,16.0756301369863,1084.52,1372.25,15.7291
"1217","dukehw",2017,122,0.42308,16.0756301369863,1084.52,1372.25,15.7291
"1218","dukehw",2017,123,0.42202,16.0756301369863,1084.52,1372.25,15.7291
"1219","dukehw",2017,124,0.4214,16.0756301369863,1084.52,1372.25,15.7291
"1220","dukehw",2017,125,0.42114,16.0756301369863,1084.52,1372.25,15.7291
"1221","dukehw",2017,126,0.42105,16.0756301369863,1084.52,1372.25,15.7291
"1222","dukehw",2017,127,0.4211,16.0756301369863,1084.52,1372.25,15.7291
"1223","dukehw",2017,128,0.42124,16.0756301369863,1084.52,1372.25,15.7291
"1224","dukehw",2017,129,0.42145,16.0756301369863,1084.52,1372.25,15.7291
"1225","dukehw",2017,130,0.42169,16.0756301369863,1084.52,1372.25,15.7291
"1226","dukehw",2017,131,0.42194,16.0756301369863,1084.52,1372.25,15.7291
"1227","dukehw",2017,132,0.42215,16.0756301369863,1084.52,1372.25,15.7291
"1228","dukehw",2017,133,0.4223,16.0756301369863,1084.52,1372.25,15.7291
"1229","dukehw",2017,134,0.42243,16.0756301369863,1084.52,1372.25,15.7291
"1230","dukehw",2017,135,0.42261,16.0756301369863,1084.52,1372.25,15.7291
"1231","dukehw",2017,136,0.42282,16.0756301369863,1084.52,1372.25,15.7291
"1232","dukehw",2017,137,0.42304,16.0756301369863,1084.52,1372.25,15.7291
"1233","dukehw",2017,138,0.42324,16.0756301369863,1084.52,1372.25,15.7291
"1234","dukehw",2017,139,0.42341,16.0756301369863,1084.52,1372.25,15.7291
"1235","dukehw",2017,140,0.42353,16.0756301369863,1084.52,1372.25,15.7291
"1236","dukehw",2017,141,0.42357,16.0756301369863,1084.52,1372.25,15.7291
"1237","dukehw",2017,142,0.42351,16.0756301369863,1084.52,1372.25,15.7291
"1238","dukehw",2017,143,0.42335,16.0756301369863,1084.52,1372.25,15.7291
"1239","dukehw",2017,144,0.42309,16.0756301369863,1084.52,1372.25,15.7291
"1240","dukehw",2017,145,0.42275,16.0756301369863,1084.52,1372.25,15.7291
"1241","dukehw",2017,146,0.42237,16.0756301369863,1084.52,1372.25,15.7291
"1242","dukehw",2017,147,0.42195,16.0756301369863,1084.52,1372.25,15.7291
"1243","dukehw",2017,148,0.42153,16.0756301369863,1084.52,1372.25,15.7291
"1244","dukehw",2017,149,0.42111,16.0756301369863,1084.52,1372.25,15.7291
"1245","dukehw",2017,150,0.42073,16.0756301369863,1084.52,1372.25,15.7291
"1246","dukehw",2017,151,0.42041,16.0756301369863,1084.52,1372.25,15.7291
"1247","dukehw",2017,152,0.42011,16.0756301369863,1084.52,1372.25,15.7291
"1248","dukehw",2017,153,0.41982,16.0756301369863,1084.52,1372.25,15.7291
"1249","dukehw",2017,154,0.41953,16.0756301369863,1084.52,1372.25,15.7291
"1250","dukehw",2017,155,0.41924,16.0756301369863,1084.52,1372.25,15.7291
"1251","dukehw",2017,156,0.41896,16.0756301369863,1084.52,1372.25,15.7291
"1252","dukehw",2017,157,0.41869,16.0756301369863,1084.52,1372.25,15.7291
"1253","dukehw",2017,158,0.41844,16.0756301369863,1084.52,1372.25,15.7291
"1254","dukehw",2017,159,0.4182,16.0756301369863,1084.52,1372.25,15.7291
"1255","dukehw",2017,160,0.41798,16.0756301369863,1084.52,1372.25,15.7291
"1256","dukehw",2017,161,0.41779,16.0756301369863,1084.52,1372.25,15.7291
"1257","dukehw",2017,162,0.4176,16.0756301369863,1084.52,1372.25,15.7291
"1258","dukehw",2017,163,0.41743,16.0756301369863,1084.52,1372.25,15.7291
"1259","dukehw",2017,164,0.41725,16.0756301369863,1084.52,1372.25,15.7291
"1260","dukehw",2017,165,0.41708,16.0756301369863,1084.52,1372.25,15.7291
"1261","dukehw",2017,166,0.4169,16.0756301369863,1084.52,1372.25,15.7291
"1262","dukehw",2017,167,0.41671,16.0756301369863,1084.52,1372.25,15.7291
"1263","dukehw",2017,168,0.4165,16.0756301369863,1084.52,1372.25,15.7291
"1264","dukehw",2017,169,0.41626,16.0756301369863,1084.52,1372.25,15.7291
"1265","dukehw",2017,170,0.41601,16.0756301369863,1084.52,1372.25,15.7291
"1266","dukehw",2017,171,0.41573,16.0756301369863,1084.52,1372.25,15.7291
"1267","dukehw",2017,172,0.41544,16.0756301369863,1084.52,1372.25,15.7291
"1268","dukehw",2017,173,0.41514,16.0756301369863,1084.52,1372.25,15.7291
"1269","dukehw",2017,174,0.41484,16.0756301369863,1084.52,1372.25,15.7291
"1270","dukehw",2017,175,0.41454,16.0756301369863,1084.52,1372.25,15.7291
"1271","dukehw",2017,176,0.41425,16.0756301369863,1084.52,1372.25,15.7291
"1272","dukehw",2017,177,0.41397,16.0756301369863,1084.52,1372.25,15.7291
"1273","dukehw",2017,178,0.41371,16.0756301369863,1084.52,1372.25,15.7291
"1274","dukehw",2017,179,0.41347,16.0756301369863,1084.52,1372.25,15.7291
"1275","dukehw",2017,180,0.41323,16.0756301369863,1084.52,1372.25,15.7291
"1276","dukehw",2017,181,0.413,16.0756301369863,1084.52,1372.25,15.7291
"1277","dukehw",2017,182,0.41278,16.0756301369863,1084.52,1372.25,15.7291
"1278","dukehw",2017,183,0.41257,16.0756301369863,1084.52,1372.25,15.7291
"1279","dukehw",2017,184,0.41236,16.0756301369863,1084.52,1372.25,15.7291
"1280","dukehw",2017,185,0.41215,16.0756301369863,1084.52,1372.25,15.7291
"1281","dukehw",2017,186,0.41195,16.0756301369863,1084.52,1372.25,15.7291
"1282","dukehw",2017,187,0.41174,16.0756301369863,1084.52,1372.25,15.7291
"1283","dukehw",2017,188,0.41155,16.0756301369863,1084.52,1372.25,15.7291
"1284","dukehw",2017,189,0.41139,16.0756301369863,1084.52,1372.25,15.7291
"1285","dukehw",2017,190,0.41123,16.0756301369863,1084.52,1372.25,15.7291
"1286","dukehw",2017,191,0.41109,16.0756301369863,1084.52,1372.25,15.7291
"1287","dukehw",2017,192,0.41093,16.0756301369863,1084.52,1372.25,15.7291
"1288","dukehw",2017,193,0.41077,16.0756301369863,1084.52,1372.25,15.7291
"1289","dukehw",2017,194,0.41059,16.0756301369863,1084.52,1372.25,15.7291
"1290","dukehw",2017,195,0.41037,16.0756301369863,1084.52,1372.25,15.7291
"1291","dukehw",2017,196,0.41011,16.0756301369863,1084.52,1372.25,15.7291
"1292","dukehw",2017,197,0.4098,16.0756301369863,1084.52,1372.25,15.7291
"1293","dukehw",2017,198,0.40942,16.0756301369863,1084.52,1372.25,15.7291
"1294","dukehw",2017,199,0.40901,16.0756301369863,1084.52,1372.25,15.7291
"1295","dukehw",2017,200,0.40856,16.0756301369863,1084.52,1372.25,15.7291
"1296","dukehw",2017,201,0.40811,16.0756301369863,1084.52,1372.25,15.7291
"1297","dukehw",2017,202,0.40767,16.0756301369863,1084.52,1372.25,15.7291
"1298","dukehw",2017,203,0.40726,16.0756301369863,1084.52,1372.25,15.7291
"1299","dukehw",2017,204,0.40689,16.0756301369863,1084.52,1372.25,15.7291
"1300","dukehw",2017,205,0.40658,16.0756301369863,1084.52,1372.25,15.7291
"1301","dukehw",2017,206,0.40633,16.0756301369863,1084.52,1372.25,15.7291
"1302","dukehw",2017,207,0.4061,16.0756301369863,1084.52,1372.25,15.7291
"1303","dukehw",2017,208,0.4059,16.0756301369863,1084.52,1372.25,15.7291
"1304","dukehw",2017,209,0.40572,16.0756301369863,1084.52,1372.25,15.7291
"1305","dukehw",2017,210,0.40555,16.0756301369863,1084.52,1372.25,15.7291
"1306","dukehw",2017,211,0.4054,16.0756301369863,1084.52,1372.25,15.7291
"1307","dukehw",2017,212,0.40525,16.0756301369863,1084.52,1372.25,15.7291
"1308","dukehw",2017,213,0.40511,16.0756301369863,1084.52,1372.25,15.7291
"1309","dukehw",2017,214,0.40497,16.0756301369863,1084.52,1372.25,15.7291
"1310","dukehw",2017,215,0.40485,16.0756301369863,1084.52,1372.25,15.7291
"1311","dukehw",2017,216,0.40477,16.0756301369863,1084.52,1372.25,15.7291
"1312","dukehw",2017,217,0.40472,16.0756301369863,1084.52,1372.25,15.7291
"1313","dukehw",2017,218,0.40468,16.0756301369863,1084.52,1372.25,15.7291
"1314","dukehw",2017,219,0.40465,16.0756301369863,1084.52,1372.25,15.7291
"1315","dukehw",2017,220,0.40461,16.0756301369863,1084.52,1372.25,15.7291
"1316","dukehw",2017,221,0.40454,16.0756301369863,1084.52,1372.25,15.7291
"1317","dukehw",2017,222,0.40444,16.0756301369863,1084.52,1372.25,15.7291
"1318","dukehw",2017,223,0.4043,16.0756301369863,1084.52,1372.25,15.7291
"1319","dukehw",2017,224,0.4041,16.0756301369863,1084.52,1372.25,15.7291
"1320","dukehw",2017,225,0.40388,16.0756301369863,1084.52,1372.25,15.7291
"1321","dukehw",2017,226,0.40363,16.0756301369863,1084.52,1372.25,15.7291
"1322","dukehw",2017,227,0.40337,16.0756301369863,1084.52,1372.25,15.7291
"1323","dukehw",2017,228,0.4031,16.0756301369863,1084.52,1372.25,15.7291
"1324","dukehw",2017,229,0.40283,16.0756301369863,1084.52,1372.25,15.7291
"1325","dukehw",2017,230,0.40258,16.0756301369863,1084.52,1372.25,15.7291
"1326","dukehw",2017,231,0.40234,16.0756301369863,1084.52,1372.25,15.7291
"1327","dukehw",2017,232,0.40213,16.0756301369863,1084.52,1372.25,15.7291
"1328","dukehw",2017,233,0.40198,16.0756301369863,1084.52,1372.25,15.7291
"1329","dukehw",2017,234,0.40187,16.0756301369863,1084.52,1372.25,15.7291
"1330","dukehw",2017,235,0.4018,16.0756301369863,1084.52,1372.25,15.7291
"1331","dukehw",2017,236,0.40173,16.0756301369863,1084.52,1372.25,15.7291
"1332","dukehw",2017,237,0.40166,16.0756301369863,1084.52,1372.25,15.7291
"1333","dukehw",2017,238,0.40156,16.0756301369863,1084.52,1372.25,15.7291
"1334","dukehw",2017,239,0.4014,16.0756301369863,1084.52,1372.25,15.7291
"1335","dukehw",2017,240,0.40116,16.0756301369863,1084.52,1372.25,15.7291
"1336","dukehw",2017,241,0.40083,16.0756301369863,1084.52,1372.25,15.7291
"1337","dukehw",2017,242,0.4004,16.0756301369863,1084.52,1372.25,15.7291
"1338","dukehw",2017,243,0.39989,16.0756301369863,1084.52,1372.25,15.7291
"1339","dukehw",2017,244,0.39932,16.0756301369863,1084.52,1372.25,15.7291
"1340","dukehw",2017,245,0.39869,16.0756301369863,1084.52,1372.25,15.7291
"1341","dukehw",2017,246,0.39804,16.0756301369863,1084.52,1372.25,15.7291
"1342","dukehw",2017,247,0.39737,16.0756301369863,1084.52,1372.25,15.7291
"1343","dukehw",2017,248,0.3967,16.0756301369863,1084.52,1372.25,15.7291
"1344","dukehw",2017,249,0.39604,16.0756301369863,1084.52,1372.25,15.7291
"1345","dukehw",2017,250,0.39543,16.0756301369863,1084.52,1372.25,15.7291
"1346","dukehw",2017,251,0.3948,16.0756301369863,1084.52,1372.25,15.7291
"1347","dukehw",2017,252,0.39413,16.0756301369863,1084.52,1372.25,15.7291
"1348","dukehw",2017,253,0.39343,16.0756301369863,1084.52,1372.25,15.7291
"1349","dukehw",2017,254,0.39272,16.0756301369863,1084.52,1372.25,15.7291
"1350","dukehw",2017,255,0.39201,16.0756301369863,1084.52,1372.25,15.7291
"1351","dukehw",2017,256,0.39132,16.0756301369863,1084.52,1372.25,15.7291
"1352","dukehw",2017,257,0.39067,16.0756301369863,1084.52,1372.25,15.7291
"1353","dukehw",2017,258,0.39007,16.0756301369863,1084.52,1372.25,15.7291
"1354","dukehw",2017,259,0.38954,16.0756301369863,1084.52,1372.25,15.7291
"1355","dukehw",2017,260,0.38914,16.0756301369863,1084.52,1372.25,15.7291
"1356","dukehw",2017,261,0.38886,16.0756301369863,1084.52,1372.25,15.7291
"1357","dukehw",2017,262,0.38866,16.0756301369863,1084.52,1372.25,15.7291
"1358","dukehw",2017,263,0.38851,16.0756301369863,1084.52,1372.25,15.7291
"1359","dukehw",2017,264,0.38835,16.0756301369863,1084.52,1372.25,15.7291
"1360","dukehw",2017,265,0.38814,16.0756301369863,1084.52,1372.25,15.7291
"1361","dukehw",2017,266,0.38785,16.0756301369863,1084.52,1372.25,15.7291
"1362","dukehw",2017,267,0.38742,16.0756301369863,1084.52,1372.25,15.7291
"1363","dukehw",2017,268,0.38681,16.0756301369863,1084.52,1372.25,15.7291
"1364","dukehw",2017,269,0.38604,16.0756301369863,1084.52,1372.25,15.7291
"1365","dukehw",2017,270,0.38519,16.0756301369863,1084.52,1372.25,15.7291
"1366","dukehw",2017,271,0.38425,16.0756301369863,1084.52,1372.25,15.7291
"1367","dukehw",2017,272,0.38325,16.0756301369863,1084.52,1372.25,15.7291
"1368","dukehw",2017,273,0.3822,16.0756301369863,1084.52,1372.25,15.7291
"1369","dukehw",2017,274,0.38112,16.0756301369863,1084.52,1372.25,15.7291
"1370","dukehw",2017,275,0.38001,16.0756301369863,1084.52,1372.25,15.7291
"1371","dukehw",2017,276,0.3789,16.0756301369863,1084.52,1372.25,15.7291
"1372","dukehw",2017,277,0.3778,16.0756301369863,1084.52,1372.25,15.7291
"1373","dukehw",2017,278,0.37669,16.0756301369863,1084.52,1372.25,15.7291
"1374","dukehw",2017,279,0.37555,16.0756301369863,1084.52,1372.25,15.7291
"1375","dukehw",2017,280,0.37438,16.0756301369863,1084.52,1372.25,15.7291
"1376","dukehw",2017,281,0.37318,16.0756301369863,1084.52,1372.25,15.7291
"1377","dukehw",2017,282,0.37194,16.0756301369863,1084.52,1372.25,15.7291
"1378","dukehw",2017,283,0.37067,16.0756301369863,1084.52,1372.25,15.7291
"1379","dukehw",2017,284,0.36935,16.0756301369863,1084.52,1372.25,15.7291
"1380","dukehw",2017,285,0.36801,16.0756301369863,1084.52,1372.25,15.7291
"1381","dukehw",2017,286,0.36662,16.0756301369863,1084.52,1372.25,15.7291
"1382","dukehw",2017,287,0.36523,16.0756301369863,1084.52,1372.25,15.7291
"1383","dukehw",2017,288,0.36385,16.0756301369863,1084.52,1372.25,15.7291
"1384","dukehw",2017,289,0.36246,16.0756301369863,1084.52,1372.25,15.7291
"1385","dukehw",2017,290,0.36105,16.0756301369863,1084.52,1372.25,15.7291
"1386","dukehw",2017,291,0.3596,16.0756301369863,1084.52,1372.25,15.7291
"1387","dukehw",2017,292,0.35809,16.0756301369863,1084.52,1372.25,15.7291
"1388","dukehw",2017,293,0.35649,16.0756301369863,1084.52,1372.25,15.7291
"1389","dukehw",2017,294,0.3548,16.0756301369863,1084.52,1372.25,15.7291
"1390","dukehw",2017,295,0.35298,16.0756301369863,1084.52,1372.25,15.7291
"1391","dukehw",2017,296,0.35095,16.0756301369863,1084.52,1372.25,15.7291
"1392","dukehw",2017,297,0.34867,16.0756301369863,1084.52,1372.25,15.7291
"1393","dukehw",2017,298,0.34622,16.0756301369863,1084.52,1372.25,15.7291
"1394","dukehw",2017,299,0.34366,16.0756301369863,1084.52,1372.25,15.7291
"1395","dukehw",2017,300,0.34106,16.0756301369863,1084.52,1372.25,15.7291
"1396","dukehw",2017,301,0.33849,16.0756301369863,1084.52,1372.25,15.7291
"1397","dukehw",2017,302,0.33603,16.0756301369863,1084.52,1372.25,15.7291
"1398","dukehw",2017,303,0.33374,16.0756301369863,1084.52,1372.25,15.7291
"1399","dukehw",2017,304,0.3317,16.0756301369863,1084.52,1372.25,15.7291
"1400","dukehw",2017,305,0.32979,16.0756301369863,1084.52,1372.25,15.7291
"1401","dukehw",2017,306,0.32789,16.0756301369863,1084.52,1372.25,15.7291
"1402","dukehw",2017,307,0.32602,16.0756301369863,1084.52,1372.25,15.7291
"1403","dukehw",2017,308,0.32419,16.0756301369863,1084.52,1372.25,15.7291
"1404","dukehw",2017,309,0.32244,16.0756301369863,1084.52,1372.25,15.7291
"1405","dukehw",2017,310,0.32078,16.0756301369863,1084.52,1372.25,15.7291
"1406","dukehw",2017,311,0.31924,16.0756301369863,1084.52,1372.25,15.7291
"1407","dukehw",2017,312,0.31783,16.0756301369863,1084.52,1372.25,15.7291
"1408","dukehw",2017,313,0.31659,16.0756301369863,1084.52,1372.25,15.7291
"1409","dukehw",2017,314,0.31552,16.0756301369863,1084.52,1372.25,15.7291
"1410","dukehw",2017,315,0.3146,16.0756301369863,1084.52,1372.25,15.7291
"1411","dukehw",2017,316,0.31383,16.0756301369863,1084.52,1372.25,15.7291
"1412","dukehw",2017,317,0.31316,16.0756301369863,1084.52,1372.25,15.7291
"1413","dukehw",2017,318,0.31258,16.0756301369863,1084.52,1372.25,15.7291
"1414","dukehw",2017,319,0.31206,16.0756301369863,1084.52,1372.25,15.7291
"1415","dukehw",2017,320,0.31158,16.0756301369863,1084.52,1372.25,15.7291
"1416","dukehw",2017,321,0.31112,16.0756301369863,1084.52,1372.25,15.7291
"1417","dukehw",2017,322,0.31071,16.0756301369863,1084.52,1372.25,15.7291
"1418","dukehw",2017,323,0.31039,16.0756301369863,1084.52,1372.25,15.7291
"1419","dukehw",2017,324,0.31015,16.0756301369863,1084.52,1372.25,15.7291
"1420","dukehw",2017,325,0.30998,16.0756301369863,1084.52,1372.25,15.7291
"1421","dukehw",2017,326,0.30988,16.0756301369863,1084.52,1372.25,15.7291
"1422","dukehw",2017,327,0.30981,16.0756301369863,1084.52,1372.25,15.7291
"1423","dukehw",2017,328,0.30979,16.0756301369863,1084.52,1372.25,15.7291
"1424","dukehw",2017,329,0.30979,16.0756301369863,1084.52,1372.25,15.7291
"1425","dukehw",2017,330,0.3098,16.0756301369863,1084.52,1372.25,15.7291
"1426","dukehw",2017,331,0.30989,16.0756301369863,1084.52,1372.25,15.7291
"1427","dukehw",2017,332,0.31011,16.0756301369863,1084.52,1372.25,15.7291
"1428","dukehw",2017,333,0.31044,16.0756301369863,1084.52,1372.25,15.7291
"1429","dukehw",2017,334,0.31083,16.0756301369863,1084.52,1372.25,15.7291
"1430","dukehw",2017,335,0.31127,16.0756301369863,1084.52,1372.25,15.7291
"1431","dukehw",2017,336,0.31172,16.0756301369863,1084.52,1372.25,15.7291
"1432","dukehw",2017,337,0.31214,16.0756301369863,1084.52,1372.25,15.7291
"1433","dukehw",2017,338,0.31252,16.0756301369863,1084.52,1372.25,15.7291
"1434","dukehw",2017,339,0.31282,16.0756301369863,1084.52,1372.25,15.7291
"1435","dukehw",2017,340,0.31307,16.0756301369863,1084.52,1372.25,15.7291
"1436","dukehw",2017,341,0.31334,16.0756301369863,1084.52,1372.25,15.7291
"1437","dukehw",2017,342,0.31362,16.0756301369863,1084.52,1372.25,15.7291
"1438","dukehw",2017,343,0.31389,16.0756301369863,1084.52,1372.25,15.7291
"1439","dukehw",2017,344,0.31416,16.0756301369863,1084.52,1372.25,15.7291
"1440","dukehw",2017,345,0.3144,16.0756301369863,1084.52,1372.25,15.7291
"1441","dukehw",2017,346,0.31462,16.0756301369863,1084.52,1372.25,15.7291
"1442","dukehw",2017,347,0.3148,16.0756301369863,1084.52,1372.25,15.7291
"1443","dukehw",2017,348,0.31495,16.0756301369863,1084.52,1372.25,15.7291
"1444","dukehw",2017,349,0.31504,16.0756301369863,1084.52,1372.25,15.7291
"1445","dukehw",2017,350,0.31509,16.0756301369863,1084.52,1372.25,15.7291
"1446","dukehw",2017,351,0.3151,16.0756301369863,1084.52,1372.25,15.7291
"1447","dukehw",2017,352,0.31508,16.0756301369863,1084.52,1372.25,15.7291
"1448","dukehw",2017,353,0.31504,16.0756301369863,1084.52,1372.25,15.7291
"1449","dukehw",2017,354,0.31499,16.0756301369863,1084.52,1372.25,15.7291
"1450","dukehw",2017,355,0.31494,16.0756301369863,1084.52,1372.25,15.7291
"1451","dukehw",2017,356,0.31489,16.0756301369863,1084.52,1372.25,15.7291
"1452","dukehw",2017,357,0.31486,16.0756301369863,1084.52,1372.25,15.7291
"1453","dukehw",2017,358,0.31481,16.0756301369863,1084.52,1372.25,15.7291
"1454","dukehw",2017,359,0.31472,16.0756301369863,1084.52,1372.25,15.7291
"1455","dukehw",2017,360,0.3146,16.0756301369863,1084.52,1372.25,15.7291
"1456","dukehw",2017,361,0.31447,16.0756301369863,1084.52,1372.25,15.7291
"1457","dukehw",2017,362,0.31434,16.0756301369863,1084.52,1372.25,15.7291
"1458","dukehw",2017,363,0.31422,16.0756301369863,1084.52,1372.25,15.7291
"1459","dukehw",2017,364,0.31413,16.0756301369863,1084.52,1372.25,15.7291
"1460","dukehw",2017,365,0.31409,16.0756301369863,1084.52,1372.25,15.7291
"1461","dukehw",2018,1,0.31409,15.5823287671233,1869.73,1372.25,15.7291
"1462","dukehw",2018,2,0.31416,15.5823287671233,1869.73,1372.25,15.7291
"1463","dukehw",2018,3,0.31427,15.5823287671233,1869.73,1372.25,15.7291
"1464","dukehw",2018,4,0.31443,15.5823287671233,1869.73,1372.25,15.7291
"1465","dukehw",2018,5,0.31461,15.5823287671233,1869.73,1372.25,15.7291
"1466","dukehw",2018,6,0.31481,15.5823287671233,1869.73,1372.25,15.7291
"1467","dukehw",2018,7,0.31501,15.5823287671233,1869.73,1372.25,15.7291
"1468","dukehw",2018,8,0.3152,15.5823287671233,1869.73,1372.25,15.7291
"1469","dukehw",2018,9,0.31536,15.5823287671233,1869.73,1372.25,15.7291
"1470","dukehw",2018,10,0.31549,15.5823287671233,1869.73,1372.25,15.7291
"1471","dukehw",2018,11,0.31561,15.5823287671233,1869.73,1372.25,15.7291
"1472","dukehw",2018,12,0.31573,15.5823287671233,1869.73,1372.25,15.7291
"1473","dukehw",2018,13,0.31586,15.5823287671233,1869.73,1372.25,15.7291
"1474","dukehw",2018,14,0.31599,15.5823287671233,1869.73,1372.25,15.7291
"1475","dukehw",2018,15,0.31611,15.5823287671233,1869.73,1372.25,15.7291
"1476","dukehw",2018,16,0.31621,15.5823287671233,1869.73,1372.25,15.7291
"1477","dukehw",2018,17,0.31629,15.5823287671233,1869.73,1372.25,15.7291
"1478","dukehw",2018,18,0.31633,15.5823287671233,1869.73,1372.25,15.7291
"1479","dukehw",2018,19,0.31634,15.5823287671233,1869.73,1372.25,15.7291
"1480","dukehw",2018,20,0.31629,15.5823287671233,1869.73,1372.25,15.7291
"1481","dukehw",2018,21,0.31619,15.5823287671233,1869.73,1372.25,15.7291
"1482","dukehw",2018,22,0.31605,15.5823287671233,1869.73,1372.25,15.7291
"1483","dukehw",2018,23,0.31588,15.5823287671233,1869.73,1372.25,15.7291
"1484","dukehw",2018,24,0.3157,15.5823287671233,1869.73,1372.25,15.7291
"1485","dukehw",2018,25,0.31553,15.5823287671233,1869.73,1372.25,15.7291
"1486","dukehw",2018,26,0.31537,15.5823287671233,1869.73,1372.25,15.7291
"1487","dukehw",2018,27,0.31526,15.5823287671233,1869.73,1372.25,15.7291
"1488","dukehw",2018,28,0.31519,15.5823287671233,1869.73,1372.25,15.7291
"1489","dukehw",2018,29,0.31517,15.5823287671233,1869.73,1372.25,15.7291
"1490","dukehw",2018,30,0.31517,15.5823287671233,1869.73,1372.25,15.7291
"1491","dukehw",2018,31,0.31522,15.5823287671233,1869.73,1372.25,15.7291
"1492","dukehw",2018,32,0.31532,15.5823287671233,1869.73,1372.25,15.7291
"1493","dukehw",2018,33,0.31548,15.5823287671233,1869.73,1372.25,15.7291
"1494","dukehw",2018,34,0.31572,15.5823287671233,1869.73,1372.25,15.7291
"1495","dukehw",2018,35,0.31603,15.5823287671233,1869.73,1372.25,15.7291
"1496","dukehw",2018,36,0.31644,15.5823287671233,1869.73,1372.25,15.7291
"1497","dukehw",2018,37,0.31695,15.5823287671233,1869.73,1372.25,15.7291
"1498","dukehw",2018,38,0.31743,15.5823287671233,1869.73,1372.25,15.7291
"1499","dukehw",2018,39,0.31775,15.5823287671233,1869.73,1372.25,15.7291
"1500","dukehw",2018,40,0.31794,15.5823287671233,1869.73,1372.25,15.7291
"1501","dukehw",2018,41,0.31804,15.5823287671233,1869.73,1372.25,15.7291
"1502","dukehw",2018,42,0.31807,15.5823287671233,1869.73,1372.25,15.7291
"1503","dukehw",2018,43,0.31807,15.5823287671233,1869.73,1372.25,15.7291
"1504","dukehw",2018,44,0.31807,15.5823287671233,1869.73,1372.25,15.7291
"1505","dukehw",2018,45,0.31809,15.5823287671233,1869.73,1372.25,15.7291
"1506","dukehw",2018,46,0.31817,15.5823287671233,1869.73,1372.25,15.7291
"1507","dukehw",2018,47,0.31826,15.5823287671233,1869.73,1372.25,15.7291
"1508","dukehw",2018,48,0.31831,15.5823287671233,1869.73,1372.25,15.7291
"1509","dukehw",2018,49,0.31831,15.5823287671233,1869.73,1372.25,15.7291
"1510","dukehw",2018,50,0.3183,15.5823287671233,1869.73,1372.25,15.7291
"1511","dukehw",2018,51,0.31827,15.5823287671233,1869.73,1372.25,15.7291
"1512","dukehw",2018,52,0.31824,15.5823287671233,1869.73,1372.25,15.7291
"1513","dukehw",2018,53,0.31824,15.5823287671233,1869.73,1372.25,15.7291
"1514","dukehw",2018,54,0.31826,15.5823287671233,1869.73,1372.25,15.7291
"1515","dukehw",2018,55,0.31833,15.5823287671233,1869.73,1372.25,15.7291
"1516","dukehw",2018,56,0.31838,15.5823287671233,1869.73,1372.25,15.7291
"1517","dukehw",2018,57,0.31837,15.5823287671233,1869.73,1372.25,15.7291
"1518","dukehw",2018,58,0.31832,15.5823287671233,1869.73,1372.25,15.7291
"1519","dukehw",2018,59,0.31826,15.5823287671233,1869.73,1372.25,15.7291
"1520","dukehw",2018,60,0.31821,15.5823287671233,1869.73,1372.25,15.7291
"1521","dukehw",2018,61,0.3182,15.5823287671233,1869.73,1372.25,15.7291
"1522","dukehw",2018,62,0.31824,15.5823287671233,1869.73,1372.25,15.7291
"1523","dukehw",2018,63,0.31837,15.5823287671233,1869.73,1372.25,15.7291
"1524","dukehw",2018,64,0.31861,15.5823287671233,1869.73,1372.25,15.7291
"1525","dukehw",2018,65,0.31866,15.5823287671233,1869.73,1372.25,15.7291
"1526","dukehw",2018,66,0.31829,15.5823287671233,1869.73,1372.25,15.7291
"1527","dukehw",2018,67,0.31759,15.5823287671233,1869.73,1372.25,15.7291
"1528","dukehw",2018,68,0.31667,15.5823287671233,1869.73,1372.25,15.7291
"1529","dukehw",2018,69,0.31563,15.5823287671233,1869.73,1372.25,15.7291
"1530","dukehw",2018,70,0.31456,15.5823287671233,1869.73,1372.25,15.7291
"1531","dukehw",2018,71,0.31356,15.5823287671233,1869.73,1372.25,15.7291
"1532","dukehw",2018,72,0.31275,15.5823287671233,1869.73,1372.25,15.7291
"1533","dukehw",2018,73,0.31222,15.5823287671233,1869.73,1372.25,15.7291
"1534","dukehw",2018,74,0.31171,15.5823287671233,1869.73,1372.25,15.7291
"1535","dukehw",2018,75,0.311,15.5823287671233,1869.73,1372.25,15.7291
"1536","dukehw",2018,76,0.3102,15.5823287671233,1869.73,1372.25,15.7291
"1537","dukehw",2018,77,0.30942,15.5823287671233,1869.73,1372.25,15.7291
"1538","dukehw",2018,78,0.30879,15.5823287671233,1869.73,1372.25,15.7291
"1539","dukehw",2018,79,0.30842,15.5823287671233,1869.73,1372.25,15.7291
"1540","dukehw",2018,80,0.30842,15.5823287671233,1869.73,1372.25,15.7291
"1541","dukehw",2018,81,0.30891,15.5823287671233,1869.73,1372.25,15.7291
"1542","dukehw",2018,82,0.31002,15.5823287671233,1869.73,1372.25,15.7291
"1543","dukehw",2018,83,0.31156,15.5823287671233,1869.73,1372.25,15.7291
"1544","dukehw",2018,84,0.3133,15.5823287671233,1869.73,1372.25,15.7291
"1545","dukehw",2018,85,0.3152,15.5823287671233,1869.73,1372.25,15.7291
"1546","dukehw",2018,86,0.31725,15.5823287671233,1869.73,1372.25,15.7291
"1547","dukehw",2018,87,0.31942,15.5823287671233,1869.73,1372.25,15.7291
"1548","dukehw",2018,88,0.32171,15.5823287671233,1869.73,1372.25,15.7291
"1549","dukehw",2018,89,0.3241,15.5823287671233,1869.73,1372.25,15.7291
"1550","dukehw",2018,90,0.32655,15.5823287671233,1869.73,1372.25,15.7291
"1551","dukehw",2018,91,0.32907,15.5823287671233,1869.73,1372.25,15.7291
"1552","dukehw",2018,92,0.33168,15.5823287671233,1869.73,1372.25,15.7291
"1553","dukehw",2018,93,0.33447,15.5823287671233,1869.73,1372.25,15.7291
"1554","dukehw",2018,94,0.33743,15.5823287671233,1869.73,1372.25,15.7291
"1555","dukehw",2018,95,0.34055,15.5823287671233,1869.73,1372.25,15.7291
"1556","dukehw",2018,96,0.34384,15.5823287671233,1869.73,1372.25,15.7291
"1557","dukehw",2018,97,0.3473,15.5823287671233,1869.73,1372.25,15.7291
"1558","dukehw",2018,98,0.35093,15.5823287671233,1869.73,1372.25,15.7291
"1559","dukehw",2018,99,0.35472,15.5823287671233,1869.73,1372.25,15.7291
"1560","dukehw",2018,100,0.35869,15.5823287671233,1869.73,1372.25,15.7291
"1561","dukehw",2018,101,0.36307,15.5823287671233,1869.73,1372.25,15.7291
"1562","dukehw",2018,102,0.368,15.5823287671233,1869.73,1372.25,15.7291
"1563","dukehw",2018,103,0.37333,15.5823287671233,1869.73,1372.25,15.7291
"1564","dukehw",2018,104,0.37889,15.5823287671233,1869.73,1372.25,15.7291
"1565","dukehw",2018,105,0.38452,15.5823287671233,1869.73,1372.25,15.7291
"1566","dukehw",2018,106,0.39005,15.5823287671233,1869.73,1372.25,15.7291
"1567","dukehw",2018,107,0.39532,15.5823287671233,1869.73,1372.25,15.7291
"1568","dukehw",2018,108,0.40017,15.5823287671233,1869.73,1372.25,15.7291
"1569","dukehw",2018,109,0.40444,15.5823287671233,1869.73,1372.25,15.7291
"1570","dukehw",2018,110,0.40842,15.5823287671233,1869.73,1372.25,15.7291
"1571","dukehw",2018,111,0.41246,15.5823287671233,1869.73,1372.25,15.7291
"1572","dukehw",2018,112,0.41648,15.5823287671233,1869.73,1372.25,15.7291
"1573","dukehw",2018,113,0.42038,15.5823287671233,1869.73,1372.25,15.7291
"1574","dukehw",2018,114,0.42409,15.5823287671233,1869.73,1372.25,15.7291
"1575","dukehw",2018,115,0.42752,15.5823287671233,1869.73,1372.25,15.7291
"1576","dukehw",2018,116,0.43058,15.5823287671233,1869.73,1372.25,15.7291
"1577","dukehw",2018,117,0.43319,15.5823287671233,1869.73,1372.25,15.7291
"1578","dukehw",2018,118,0.43527,15.5823287671233,1869.73,1372.25,15.7291
"1579","dukehw",2018,119,0.43668,15.5823287671233,1869.73,1372.25,15.7291
"1580","dukehw",2018,120,0.43743,15.5823287671233,1869.73,1372.25,15.7291
"1581","dukehw",2018,121,0.43764,15.5823287671233,1869.73,1372.25,15.7291
"1582","dukehw",2018,122,0.43746,15.5823287671233,1869.73,1372.25,15.7291
"1583","dukehw",2018,123,0.43702,15.5823287671233,1869.73,1372.25,15.7291
"1584","dukehw",2018,124,0.43646,15.5823287671233,1869.73,1372.25,15.7291
"1585","dukehw",2018,125,0.43591,15.5823287671233,1869.73,1372.25,15.7291
"1586","dukehw",2018,126,0.4355,15.5823287671233,1869.73,1372.25,15.7291
"1587","dukehw",2018,127,0.43538,15.5823287671233,1869.73,1372.25,15.7291
"1588","dukehw",2018,128,0.43536,15.5823287671233,1869.73,1372.25,15.7291
"1589","dukehw",2018,129,0.4352,15.5823287671233,1869.73,1372.25,15.7291
"1590","dukehw",2018,130,0.43494,15.5823287671233,1869.73,1372.25,15.7291
"1591","dukehw",2018,131,0.43461,15.5823287671233,1869.73,1372.25,15.7291
"1592","dukehw",2018,132,0.43426,15.5823287671233,1869.73,1372.25,15.7291
"1593","dukehw",2018,133,0.43392,15.5823287671233,1869.73,1372.25,15.7291
"1594","dukehw",2018,134,0.43362,15.5823287671233,1869.73,1372.25,15.7291
"1595","dukehw",2018,135,0.43341,15.5823287671233,1869.73,1372.25,15.7291
"1596","dukehw",2018,136,0.43332,15.5823287671233,1869.73,1372.25,15.7291
"1597","dukehw",2018,137,0.43337,15.5823287671233,1869.73,1372.25,15.7291
"1598","dukehw",2018,138,0.43354,15.5823287671233,1869.73,1372.25,15.7291
"1599","dukehw",2018,139,0.43379,15.5823287671233,1869.73,1372.25,15.7291
"1600","dukehw",2018,140,0.43407,15.5823287671233,1869.73,1372.25,15.7291
"1601","dukehw",2018,141,0.43434,15.5823287671233,1869.73,1372.25,15.7291
"1602","dukehw",2018,142,0.43457,15.5823287671233,1869.73,1372.25,15.7291
"1603","dukehw",2018,143,0.43471,15.5823287671233,1869.73,1372.25,15.7291
"1604","dukehw",2018,144,0.43472,15.5823287671233,1869.73,1372.25,15.7291
"1605","dukehw",2018,145,0.43456,15.5823287671233,1869.73,1372.25,15.7291
"1606","dukehw",2018,146,0.43424,15.5823287671233,1869.73,1372.25,15.7291
"1607","dukehw",2018,147,0.4338,15.5823287671233,1869.73,1372.25,15.7291
"1608","dukehw",2018,148,0.43325,15.5823287671233,1869.73,1372.25,15.7291
"1609","dukehw",2018,149,0.43262,15.5823287671233,1869.73,1372.25,15.7291
"1610","dukehw",2018,150,0.43193,15.5823287671233,1869.73,1372.25,15.7291
"1611","dukehw",2018,151,0.43119,15.5823287671233,1869.73,1372.25,15.7291
"1612","dukehw",2018,152,0.43044,15.5823287671233,1869.73,1372.25,15.7291
"1613","dukehw",2018,153,0.42969,15.5823287671233,1869.73,1372.25,15.7291
"1614","dukehw",2018,154,0.42895,15.5823287671233,1869.73,1372.25,15.7291
"1615","dukehw",2018,155,0.42815,15.5823287671233,1869.73,1372.25,15.7291
"1616","dukehw",2018,156,0.42721,15.5823287671233,1869.73,1372.25,15.7291
"1617","dukehw",2018,157,0.42617,15.5823287671233,1869.73,1372.25,15.7291
"1618","dukehw",2018,158,0.42508,15.5823287671233,1869.73,1372.25,15.7291
"1619","dukehw",2018,159,0.42397,15.5823287671233,1869.73,1372.25,15.7291
"1620","dukehw",2018,160,0.42289,15.5823287671233,1869.73,1372.25,15.7291
"1621","dukehw",2018,161,0.42188,15.5823287671233,1869.73,1372.25,15.7291
"1622","dukehw",2018,162,0.42098,15.5823287671233,1869.73,1372.25,15.7291
"1623","dukehw",2018,163,0.42023,15.5823287671233,1869.73,1372.25,15.7291
"1624","dukehw",2018,164,0.41961,15.5823287671233,1869.73,1372.25,15.7291
"1625","dukehw",2018,165,0.41907,15.5823287671233,1869.73,1372.25,15.7291
"1626","dukehw",2018,166,0.41861,15.5823287671233,1869.73,1372.25,15.7291
"1627","dukehw",2018,167,0.4182,15.5823287671233,1869.73,1372.25,15.7291
"1628","dukehw",2018,168,0.41784,15.5823287671233,1869.73,1372.25,15.7291
"1629","dukehw",2018,169,0.4175,15.5823287671233,1869.73,1372.25,15.7291
"1630","dukehw",2018,170,0.41719,15.5823287671233,1869.73,1372.25,15.7291
"1631","dukehw",2018,171,0.41689,15.5823287671233,1869.73,1372.25,15.7291
"1632","dukehw",2018,172,0.41658,15.5823287671233,1869.73,1372.25,15.7291
"1633","dukehw",2018,173,0.41629,15.5823287671233,1869.73,1372.25,15.7291
"1634","dukehw",2018,174,0.41605,15.5823287671233,1869.73,1372.25,15.7291
"1635","dukehw",2018,175,0.41584,15.5823287671233,1869.73,1372.25,15.7291
"1636","dukehw",2018,176,0.41567,15.5823287671233,1869.73,1372.25,15.7291
"1637","dukehw",2018,177,0.41552,15.5823287671233,1869.73,1372.25,15.7291
"1638","dukehw",2018,178,0.41539,15.5823287671233,1869.73,1372.25,15.7291
"1639","dukehw",2018,179,0.41525,15.5823287671233,1869.73,1372.25,15.7291
"1640","dukehw",2018,180,0.41511,15.5823287671233,1869.73,1372.25,15.7291
"1641","dukehw",2018,181,0.41495,15.5823287671233,1869.73,1372.25,15.7291
"1642","dukehw",2018,182,0.41478,15.5823287671233,1869.73,1372.25,15.7291
"1643","dukehw",2018,183,0.4146,15.5823287671233,1869.73,1372.25,15.7291
"1644","dukehw",2018,184,0.41443,15.5823287671233,1869.73,1372.25,15.7291
"1645","dukehw",2018,185,0.41426,15.5823287671233,1869.73,1372.25,15.7291
"1646","dukehw",2018,186,0.41409,15.5823287671233,1869.73,1372.25,15.7291
"1647","dukehw",2018,187,0.41394,15.5823287671233,1869.73,1372.25,15.7291
"1648","dukehw",2018,188,0.4138,15.5823287671233,1869.73,1372.25,15.7291
"1649","dukehw",2018,189,0.41368,15.5823287671233,1869.73,1372.25,15.7291
"1650","dukehw",2018,190,0.41358,15.5823287671233,1869.73,1372.25,15.7291
"1651","dukehw",2018,191,0.41352,15.5823287671233,1869.73,1372.25,15.7291
"1652","dukehw",2018,192,0.41349,15.5823287671233,1869.73,1372.25,15.7291
"1653","dukehw",2018,193,0.41348,15.5823287671233,1869.73,1372.25,15.7291
"1654","dukehw",2018,194,0.41349,15.5823287671233,1869.73,1372.25,15.7291
"1655","dukehw",2018,195,0.41351,15.5823287671233,1869.73,1372.25,15.7291
"1656","dukehw",2018,196,0.41353,15.5823287671233,1869.73,1372.25,15.7291
"1657","dukehw",2018,197,0.41353,15.5823287671233,1869.73,1372.25,15.7291
"1658","dukehw",2018,198,0.41351,15.5823287671233,1869.73,1372.25,15.7291
"1659","dukehw",2018,199,0.41347,15.5823287671233,1869.73,1372.25,15.7291
"1660","dukehw",2018,200,0.41342,15.5823287671233,1869.73,1372.25,15.7291
"1661","dukehw",2018,201,0.41339,15.5823287671233,1869.73,1372.25,15.7291
"1662","dukehw",2018,202,0.41337,15.5823287671233,1869.73,1372.25,15.7291
"1663","dukehw",2018,203,0.41334,15.5823287671233,1869.73,1372.25,15.7291
"1664","dukehw",2018,204,0.4133,15.5823287671233,1869.73,1372.25,15.7291
"1665","dukehw",2018,205,0.41322,15.5823287671233,1869.73,1372.25,15.7291
"1666","dukehw",2018,206,0.41309,15.5823287671233,1869.73,1372.25,15.7291
"1667","dukehw",2018,207,0.41291,15.5823287671233,1869.73,1372.25,15.7291
"1668","dukehw",2018,208,0.41265,15.5823287671233,1869.73,1372.25,15.7291
"1669","dukehw",2018,209,0.41229,15.5823287671233,1869.73,1372.25,15.7291
"1670","dukehw",2018,210,0.41184,15.5823287671233,1869.73,1372.25,15.7291
"1671","dukehw",2018,211,0.41132,15.5823287671233,1869.73,1372.25,15.7291
"1672","dukehw",2018,212,0.41075,15.5823287671233,1869.73,1372.25,15.7291
"1673","dukehw",2018,213,0.41015,15.5823287671233,1869.73,1372.25,15.7291
"1674","dukehw",2018,214,0.40955,15.5823287671233,1869.73,1372.25,15.7291
"1675","dukehw",2018,215,0.40898,15.5823287671233,1869.73,1372.25,15.7291
"1676","dukehw",2018,216,0.40846,15.5823287671233,1869.73,1372.25,15.7291
"1677","dukehw",2018,217,0.40801,15.5823287671233,1869.73,1372.25,15.7291
"1678","dukehw",2018,218,0.40761,15.5823287671233,1869.73,1372.25,15.7291
"1679","dukehw",2018,219,0.40721,15.5823287671233,1869.73,1372.25,15.7291
"1680","dukehw",2018,220,0.40683,15.5823287671233,1869.73,1372.25,15.7291
"1681","dukehw",2018,221,0.40645,15.5823287671233,1869.73,1372.25,15.7291
"1682","dukehw",2018,222,0.40608,15.5823287671233,1869.73,1372.25,15.7291
"1683","dukehw",2018,223,0.4057,15.5823287671233,1869.73,1372.25,15.7291
"1684","dukehw",2018,224,0.40533,15.5823287671233,1869.73,1372.25,15.7291
"1685","dukehw",2018,225,0.40495,15.5823287671233,1869.73,1372.25,15.7291
"1686","dukehw",2018,226,0.40456,15.5823287671233,1869.73,1372.25,15.7291
"1687","dukehw",2018,227,0.40418,15.5823287671233,1869.73,1372.25,15.7291
"1688","dukehw",2018,228,0.40383,15.5823287671233,1869.73,1372.25,15.7291
"1689","dukehw",2018,229,0.40349,15.5823287671233,1869.73,1372.25,15.7291
"1690","dukehw",2018,230,0.40317,15.5823287671233,1869.73,1372.25,15.7291
"1691","dukehw",2018,231,0.40286,15.5823287671233,1869.73,1372.25,15.7291
"1692","dukehw",2018,232,0.40256,15.5823287671233,1869.73,1372.25,15.7291
"1693","dukehw",2018,233,0.40225,15.5823287671233,1869.73,1372.25,15.7291
"1694","dukehw",2018,234,0.40195,15.5823287671233,1869.73,1372.25,15.7291
"1695","dukehw",2018,235,0.40164,15.5823287671233,1869.73,1372.25,15.7291
"1696","dukehw",2018,236,0.40127,15.5823287671233,1869.73,1372.25,15.7291
"1697","dukehw",2018,237,0.40084,15.5823287671233,1869.73,1372.25,15.7291
"1698","dukehw",2018,238,0.40036,15.5823287671233,1869.73,1372.25,15.7291
"1699","dukehw",2018,239,0.39987,15.5823287671233,1869.73,1372.25,15.7291
"1700","dukehw",2018,240,0.3994,15.5823287671233,1869.73,1372.25,15.7291
"1701","dukehw",2018,241,0.39898,15.5823287671233,1869.73,1372.25,15.7291
"1702","dukehw",2018,242,0.39864,15.5823287671233,1869.73,1372.25,15.7291
"1703","dukehw",2018,243,0.39843,15.5823287671233,1869.73,1372.25,15.7291
"1704","dukehw",2018,244,0.3984,15.5823287671233,1869.73,1372.25,15.7291
"1705","dukehw",2018,245,0.39858,15.5823287671233,1869.73,1372.25,15.7291
"1706","dukehw",2018,246,0.3989,15.5823287671233,1869.73,1372.25,15.7291
"1707","dukehw",2018,247,0.39929,15.5823287671233,1869.73,1372.25,15.7291
"1708","dukehw",2018,248,0.39969,15.5823287671233,1869.73,1372.25,15.7291
"1709","dukehw",2018,249,0.40002,15.5823287671233,1869.73,1372.25,15.7291
"1710","dukehw",2018,250,0.40022,15.5823287671233,1869.73,1372.25,15.7291
"1711","dukehw",2018,251,0.40022,15.5823287671233,1869.73,1372.25,15.7291
"1712","dukehw",2018,252,0.39996,15.5823287671233,1869.73,1372.25,15.7291
"1713","dukehw",2018,253,0.39946,15.5823287671233,1869.73,1372.25,15.7291
"1714","dukehw",2018,254,0.3988,15.5823287671233,1869.73,1372.25,15.7291
"1715","dukehw",2018,255,0.39803,15.5823287671233,1869.73,1372.25,15.7291
"1716","dukehw",2018,256,0.39716,15.5823287671233,1869.73,1372.25,15.7291
"1717","dukehw",2018,257,0.39623,15.5823287671233,1869.73,1372.25,15.7291
"1718","dukehw",2018,258,0.39526,15.5823287671233,1869.73,1372.25,15.7291
"1719","dukehw",2018,259,0.39428,15.5823287671233,1869.73,1372.25,15.7291
"1720","dukehw",2018,260,0.39333,15.5823287671233,1869.73,1372.25,15.7291
"1721","dukehw",2018,261,0.39242,15.5823287671233,1869.73,1372.25,15.7291
"1722","dukehw",2018,262,0.39144,15.5823287671233,1869.73,1372.25,15.7291
"1723","dukehw",2018,263,0.39028,15.5823287671233,1869.73,1372.25,15.7291
"1724","dukehw",2018,264,0.389,15.5823287671233,1869.73,1372.25,15.7291
"1725","dukehw",2018,265,0.38764,15.5823287671233,1869.73,1372.25,15.7291
"1726","dukehw",2018,266,0.38627,15.5823287671233,1869.73,1372.25,15.7291
"1727","dukehw",2018,267,0.38493,15.5823287671233,1869.73,1372.25,15.7291
"1728","dukehw",2018,268,0.38368,15.5823287671233,1869.73,1372.25,15.7291
"1729","dukehw",2018,269,0.38257,15.5823287671233,1869.73,1372.25,15.7291
"1730","dukehw",2018,270,0.38166,15.5823287671233,1869.73,1372.25,15.7291
"1731","dukehw",2018,271,0.38107,15.5823287671233,1869.73,1372.25,15.7291
"1732","dukehw",2018,272,0.38083,15.5823287671233,1869.73,1372.25,15.7291
"1733","dukehw",2018,273,0.38084,15.5823287671233,1869.73,1372.25,15.7291
"1734","dukehw",2018,274,0.38098,15.5823287671233,1869.73,1372.25,15.7291
"1735","dukehw",2018,275,0.38116,15.5823287671233,1869.73,1372.25,15.7291
"1736","dukehw",2018,276,0.38127,15.5823287671233,1869.73,1372.25,15.7291
"1737","dukehw",2018,277,0.3812,15.5823287671233,1869.73,1372.25,15.7291
"1738","dukehw",2018,278,0.38086,15.5823287671233,1869.73,1372.25,15.7291
"1739","dukehw",2018,279,0.38012,15.5823287671233,1869.73,1372.25,15.7291
"1740","dukehw",2018,280,0.37908,15.5823287671233,1869.73,1372.25,15.7291
"1741","dukehw",2018,281,0.37789,15.5823287671233,1869.73,1372.25,15.7291
"1742","dukehw",2018,282,0.37655,15.5823287671233,1869.73,1372.25,15.7291
"1743","dukehw",2018,283,0.37506,15.5823287671233,1869.73,1372.25,15.7291
"1744","dukehw",2018,284,0.37345,15.5823287671233,1869.73,1372.25,15.7291
"1745","dukehw",2018,285,0.37171,15.5823287671233,1869.73,1372.25,15.7291
"1746","dukehw",2018,286,0.36986,15.5823287671233,1869.73,1372.25,15.7291
"1747","dukehw",2018,287,0.3679,15.5823287671233,1869.73,1372.25,15.7291
"1748","dukehw",2018,288,0.36584,15.5823287671233,1869.73,1372.25,15.7291
"1749","dukehw",2018,289,0.3635,15.5823287671233,1869.73,1372.25,15.7291
"1750","dukehw",2018,290,0.36078,15.5823287671233,1869.73,1372.25,15.7291
"1751","dukehw",2018,291,0.35777,15.5823287671233,1869.73,1372.25,15.7291
"1752","dukehw",2018,292,0.35457,15.5823287671233,1869.73,1372.25,15.7291
"1753","dukehw",2018,293,0.35129,15.5823287671233,1869.73,1372.25,15.7291
"1754","dukehw",2018,294,0.34803,15.5823287671233,1869.73,1372.25,15.7291
"1755","dukehw",2018,295,0.34488,15.5823287671233,1869.73,1372.25,15.7291
"1756","dukehw",2018,296,0.34196,15.5823287671233,1869.73,1372.25,15.7291
"1757","dukehw",2018,297,0.33935,15.5823287671233,1869.73,1372.25,15.7291
"1758","dukehw",2018,298,0.33693,15.5823287671233,1869.73,1372.25,15.7291
"1759","dukehw",2018,299,0.33452,15.5823287671233,1869.73,1372.25,15.7291
"1760","dukehw",2018,300,0.33214,15.5823287671233,1869.73,1372.25,15.7291
"1761","dukehw",2018,301,0.32984,15.5823287671233,1869.73,1372.25,15.7291
"1762","dukehw",2018,302,0.32763,15.5823287671233,1869.73,1372.25,15.7291
"1763","dukehw",2018,303,0.32557,15.5823287671233,1869.73,1372.25,15.7291
"1764","dukehw",2018,304,0.32367,15.5823287671233,1869.73,1372.25,15.7291
"1765","dukehw",2018,305,0.32197,15.5823287671233,1869.73,1372.25,15.7291
"1766","dukehw",2018,306,0.3205,15.5823287671233,1869.73,1372.25,15.7291
"1767","dukehw",2018,307,0.31926,15.5823287671233,1869.73,1372.25,15.7291
"1768","dukehw",2018,308,0.31819,15.5823287671233,1869.73,1372.25,15.7291
"1769","dukehw",2018,309,0.31727,15.5823287671233,1869.73,1372.25,15.7291
"1770","dukehw",2018,310,0.31648,15.5823287671233,1869.73,1372.25,15.7291
"1771","dukehw",2018,311,0.31577,15.5823287671233,1869.73,1372.25,15.7291
"1772","dukehw",2018,312,0.31513,15.5823287671233,1869.73,1372.25,15.7291
"1773","dukehw",2018,313,0.31453,15.5823287671233,1869.73,1372.25,15.7291
"1774","dukehw",2018,314,0.31395,15.5823287671233,1869.73,1372.25,15.7291
"1775","dukehw",2018,315,0.31335,15.5823287671233,1869.73,1372.25,15.7291
"1776","dukehw",2018,316,0.31279,15.5823287671233,1869.73,1372.25,15.7291
"1777","dukehw",2018,317,0.31234,15.5823287671233,1869.73,1372.25,15.7291
"1778","dukehw",2018,318,0.31199,15.5823287671233,1869.73,1372.25,15.7291
"1779","dukehw",2018,319,0.31171,15.5823287671233,1869.73,1372.25,15.7291
"1780","dukehw",2018,320,0.3115,15.5823287671233,1869.73,1372.25,15.7291
"1781","dukehw",2018,321,0.31133,15.5823287671233,1869.73,1372.25,15.7291
"1782","dukehw",2018,322,0.31119,15.5823287671233,1869.73,1372.25,15.7291
"1783","dukehw",2018,323,0.31108,15.5823287671233,1869.73,1372.25,15.7291
"1784","dukehw",2018,324,0.31096,15.5823287671233,1869.73,1372.25,15.7291
"1785","dukehw",2018,325,0.31088,15.5823287671233,1869.73,1372.25,15.7291
"1786","dukehw",2018,326,0.31086,15.5823287671233,1869.73,1372.25,15.7291
"1787","dukehw",2018,327,0.31091,15.5823287671233,1869.73,1372.25,15.7291
"1788","dukehw",2018,328,0.31102,15.5823287671233,1869.73,1372.25,15.7291
"1789","dukehw",2018,329,0.31116,15.5823287671233,1869.73,1372.25,15.7291
"1790","dukehw",2018,330,0.31133,15.5823287671233,1869.73,1372.25,15.7291
"1791","dukehw",2018,331,0.31152,15.5823287671233,1869.73,1372.25,15.7291
"1792","dukehw",2018,332,0.31172,15.5823287671233,1869.73,1372.25,15.7291
"1793","dukehw",2018,333,0.31193,15.5823287671233,1869.73,1372.25,15.7291
"1794","dukehw",2018,334,0.31217,15.5823287671233,1869.73,1372.25,15.7291
"1795","dukehw",2018,335,0.31248,15.5823287671233,1869.73,1372.25,15.7291
"1796","dukehw",2018,336,0.31284,15.5823287671233,1869.73,1372.25,15.7291
"1797","dukehw",2018,337,0.31323,15.5823287671233,1869.73,1372.25,15.7291
"1798","dukehw",2018,338,0.31363,15.5823287671233,1869.73,1372.25,15.7291
"1799","dukehw",2018,339,0.31403,15.5823287671233,1869.73,1372.25,15.7291
"1800","dukehw",2018,340,0.31441,15.5823287671233,1869.73,1372.25,15.7291
"1801","dukehw",2018,341,0.31473,15.5823287671233,1869.73,1372.25,15.7291
"1802","dukehw",2018,342,0.315,15.5823287671233,1869.73,1372.25,15.7291
"1803","dukehw",2018,343,0.31521,15.5823287671233,1869.73,1372.25,15.7291
"1804","dukehw",2018,344,0.31538,15.5823287671233,1869.73,1372.25,15.7291
"1805","dukehw",2018,345,0.31553,15.5823287671233,1869.73,1372.25,15.7291
"1806","dukehw",2018,346,0.31566,15.5823287671233,1869.73,1372.25,15.7291
"1807","dukehw",2018,347,0.31578,15.5823287671233,1869.73,1372.25,15.7291
"1808","dukehw",2018,348,0.31588,15.5823287671233,1869.73,1372.25,15.7291
"1809","dukehw",2018,349,0.31599,15.5823287671233,1869.73,1372.25,15.7291
"1810","dukehw",2018,350,0.31609,15.5823287671233,1869.73,1372.25,15.7291
"1811","dukehw",2018,351,0.3162,15.5823287671233,1869.73,1372.25,15.7291
"1812","dukehw",2018,352,0.31631,15.5823287671233,1869.73,1372.25,15.7291
"1813","dukehw",2018,353,0.31643,15.5823287671233,1869.73,1372.25,15.7291
"1814","dukehw",2018,354,0.31654,15.5823287671233,1869.73,1372.25,15.7291
"1815","dukehw",2018,355,0.31665,15.5823287671233,1869.73,1372.25,15.7291
"1816","dukehw",2018,356,0.31676,15.5823287671233,1869.73,1372.25,15.7291
"1817","dukehw",2018,357,0.31685,15.5823287671233,1869.73,1372.25,15.7291
"1818","dukehw",2018,358,0.31694,15.5823287671233,1869.73,1372.25,15.7291
"1819","dukehw",2018,359,0.31701,15.5823287671233,1869.73,1372.25,15.7291
"1820","dukehw",2018,360,0.31706,15.5823287671233,1869.73,1372.25,15.7291
"1821","dukehw",2018,361,0.31709,15.5823287671233,1869.73,1372.25,15.7291
"1822","dukehw",2018,362,0.3171,15.5823287671233,1869.73,1372.25,15.7291
"1823","dukehw",2018,363,0.31709,15.5823287671233,1869.73,1372.25,15.7291
"1824","dukehw",2018,364,0.31707,15.5823287671233,1869.73,1372.25,15.7291
"1825","dukehw",2018,365,0.31703,15.5823287671233,1869.73,1372.25,15.7291
"1826","dukehw",2019,1,0.31699,16.1495068493151,1262.43,1372.25,15.7291
"1827","dukehw",2019,2,0.31694,16.1495068493151,1262.43,1372.25,15.7291
"1828","dukehw",2019,3,0.31689,16.1495068493151,1262.43,1372.25,15.7291
"1829","dukehw",2019,4,0.31685,16.1495068493151,1262.43,1372.25,15.7291
"1830","dukehw",2019,5,0.31679,16.1495068493151,1262.43,1372.25,15.7291
"1831","dukehw",2019,6,0.3167,16.1495068493151,1262.43,1372.25,15.7291
"1832","dukehw",2019,7,0.3166,16.1495068493151,1262.43,1372.25,15.7291
"1833","dukehw",2019,8,0.31649,16.1495068493151,1262.43,1372.25,15.7291
"1834","dukehw",2019,9,0.31638,16.1495068493151,1262.43,1372.25,15.7291
"1835","dukehw",2019,10,0.31627,16.1495068493151,1262.43,1372.25,15.7291
"1836","dukehw",2019,11,0.31618,16.1495068493151,1262.43,1372.25,15.7291
"1837","dukehw",2019,12,0.3161,16.1495068493151,1262.43,1372.25,15.7291
"1838","dukehw",2019,13,0.31606,16.1495068493151,1262.43,1372.25,15.7291
"1839","dukehw",2019,14,0.31603,16.1495068493151,1262.43,1372.25,15.7291
"1840","dukehw",2019,15,0.31602,16.1495068493151,1262.43,1372.25,15.7291
"1841","dukehw",2019,16,0.31601,16.1495068493151,1262.43,1372.25,15.7291
"1842","dukehw",2019,17,0.31601,16.1495068493151,1262.43,1372.25,15.7291
"1843","dukehw",2019,18,0.31601,16.1495068493151,1262.43,1372.25,15.7291
"1844","dukehw",2019,19,0.31603,16.1495068493151,1262.43,1372.25,15.7291
"1845","dukehw",2019,20,0.31605,16.1495068493151,1262.43,1372.25,15.7291
"1846","dukehw",2019,21,0.31609,16.1495068493151,1262.43,1372.25,15.7291
"1847","dukehw",2019,22,0.31615,16.1495068493151,1262.43,1372.25,15.7291
"1848","dukehw",2019,23,0.31624,16.1495068493151,1262.43,1372.25,15.7291
"1849","dukehw",2019,24,0.31635,16.1495068493151,1262.43,1372.25,15.7291
"1850","dukehw",2019,25,0.31647,16.1495068493151,1262.43,1372.25,15.7291
"1851","dukehw",2019,26,0.3166,16.1495068493151,1262.43,1372.25,15.7291
"1852","dukehw",2019,27,0.31673,16.1495068493151,1262.43,1372.25,15.7291
"1853","dukehw",2019,28,0.31683,16.1495068493151,1262.43,1372.25,15.7291
"1854","dukehw",2019,29,0.31691,16.1495068493151,1262.43,1372.25,15.7291
"1855","dukehw",2019,30,0.31696,16.1495068493151,1262.43,1372.25,15.7291
"1856","dukehw",2019,31,0.31699,16.1495068493151,1262.43,1372.25,15.7291
"1857","dukehw",2019,32,0.31702,16.1495068493151,1262.43,1372.25,15.7291
"1858","dukehw",2019,33,0.31705,16.1495068493151,1262.43,1372.25,15.7291
"1859","dukehw",2019,34,0.31708,16.1495068493151,1262.43,1372.25,15.7291
"1860","dukehw",2019,35,0.31709,16.1495068493151,1262.43,1372.25,15.7291
"1861","dukehw",2019,36,0.31709,16.1495068493151,1262.43,1372.25,15.7291
"1862","dukehw",2019,37,0.31706,16.1495068493151,1262.43,1372.25,15.7291
"1863","dukehw",2019,38,0.31701,16.1495068493151,1262.43,1372.25,15.7291
"1864","dukehw",2019,39,0.31694,16.1495068493151,1262.43,1372.25,15.7291
"1865","dukehw",2019,40,0.31681,16.1495068493151,1262.43,1372.25,15.7291
"1866","dukehw",2019,41,0.31662,16.1495068493151,1262.43,1372.25,15.7291
"1867","dukehw",2019,42,0.31638,16.1495068493151,1262.43,1372.25,15.7291
"1868","dukehw",2019,43,0.31612,16.1495068493151,1262.43,1372.25,15.7291
"1869","dukehw",2019,44,0.31585,16.1495068493151,1262.43,1372.25,15.7291
"1870","dukehw",2019,45,0.31559,16.1495068493151,1262.43,1372.25,15.7291
"1871","dukehw",2019,46,0.31536,16.1495068493151,1262.43,1372.25,15.7291
"1872","dukehw",2019,47,0.31517,16.1495068493151,1262.43,1372.25,15.7291
"1873","dukehw",2019,48,0.31504,16.1495068493151,1262.43,1372.25,15.7291
"1874","dukehw",2019,49,0.31496,16.1495068493151,1262.43,1372.25,15.7291
"1875","dukehw",2019,50,0.31488,16.1495068493151,1262.43,1372.25,15.7291
"1876","dukehw",2019,51,0.31481,16.1495068493151,1262.43,1372.25,15.7291
"1877","dukehw",2019,52,0.31476,16.1495068493151,1262.43,1372.25,15.7291
"1878","dukehw",2019,53,0.31473,16.1495068493151,1262.43,1372.25,15.7291
"1879","dukehw",2019,54,0.31471,16.1495068493151,1262.43,1372.25,15.7291
"1880","dukehw",2019,55,0.31471,16.1495068493151,1262.43,1372.25,15.7291
"1881","dukehw",2019,56,0.31473,16.1495068493151,1262.43,1372.25,15.7291
"1882","dukehw",2019,57,0.31478,16.1495068493151,1262.43,1372.25,15.7291
"1883","dukehw",2019,58,0.31485,16.1495068493151,1262.43,1372.25,15.7291
"1884","dukehw",2019,59,0.31497,16.1495068493151,1262.43,1372.25,15.7291
"1885","dukehw",2019,60,0.31511,16.1495068493151,1262.43,1372.25,15.7291
"1886","dukehw",2019,61,0.31528,16.1495068493151,1262.43,1372.25,15.7291
"1887","dukehw",2019,62,0.31547,16.1495068493151,1262.43,1372.25,15.7291
"1888","dukehw",2019,63,0.31567,16.1495068493151,1262.43,1372.25,15.7291
"1889","dukehw",2019,64,0.31587,16.1495068493151,1262.43,1372.25,15.7291
"1890","dukehw",2019,65,0.31607,16.1495068493151,1262.43,1372.25,15.7291
"1891","dukehw",2019,66,0.31627,16.1495068493151,1262.43,1372.25,15.7291
"1892","dukehw",2019,67,0.3164,16.1495068493151,1262.43,1372.25,15.7291
"1893","dukehw",2019,68,0.31644,16.1495068493151,1262.43,1372.25,15.7291
"1894","dukehw",2019,69,0.31643,16.1495068493151,1262.43,1372.25,15.7291
"1895","dukehw",2019,70,0.31639,16.1495068493151,1262.43,1372.25,15.7291
"1896","dukehw",2019,71,0.31638,16.1495068493151,1262.43,1372.25,15.7291
"1897","dukehw",2019,72,0.31641,16.1495068493151,1262.43,1372.25,15.7291
"1898","dukehw",2019,73,0.31653,16.1495068493151,1262.43,1372.25,15.7291
"1899","dukehw",2019,74,0.31678,16.1495068493151,1262.43,1372.25,15.7291
"1900","dukehw",2019,75,0.31717,16.1495068493151,1262.43,1372.25,15.7291
"1901","dukehw",2019,76,0.31752,16.1495068493151,1262.43,1372.25,15.7291
"1902","dukehw",2019,77,0.31766,16.1495068493151,1262.43,1372.25,15.7291
"1903","dukehw",2019,78,0.31769,16.1495068493151,1262.43,1372.25,15.7291
"1904","dukehw",2019,79,0.31774,16.1495068493151,1262.43,1372.25,15.7291
"1905","dukehw",2019,80,0.3179,16.1495068493151,1262.43,1372.25,15.7291
"1906","dukehw",2019,81,0.31829,16.1495068493151,1262.43,1372.25,15.7291
"1907","dukehw",2019,82,0.31901,16.1495068493151,1262.43,1372.25,15.7291
"1908","dukehw",2019,83,0.32016,16.1495068493151,1262.43,1372.25,15.7291
"1909","dukehw",2019,84,0.32187,16.1495068493151,1262.43,1372.25,15.7291
"1910","dukehw",2019,85,0.32407,16.1495068493151,1262.43,1372.25,15.7291
"1911","dukehw",2019,86,0.32662,16.1495068493151,1262.43,1372.25,15.7291
"1912","dukehw",2019,87,0.32951,16.1495068493151,1262.43,1372.25,15.7291
"1913","dukehw",2019,88,0.33269,16.1495068493151,1262.43,1372.25,15.7291
"1914","dukehw",2019,89,0.33616,16.1495068493151,1262.43,1372.25,15.7291
"1915","dukehw",2019,90,0.33989,16.1495068493151,1262.43,1372.25,15.7291
"1916","dukehw",2019,91,0.34385,16.1495068493151,1262.43,1372.25,15.7291
"1917","dukehw",2019,92,0.34803,16.1495068493151,1262.43,1372.25,15.7291
"1918","dukehw",2019,93,0.35239,16.1495068493151,1262.43,1372.25,15.7291
"1919","dukehw",2019,94,0.35734,16.1495068493151,1262.43,1372.25,15.7291
"1920","dukehw",2019,95,0.36313,16.1495068493151,1262.43,1372.25,15.7291
"1921","dukehw",2019,96,0.36953,16.1495068493151,1262.43,1372.25,15.7291
"1922","dukehw",2019,97,0.37629,16.1495068493151,1262.43,1372.25,15.7291
"1923","dukehw",2019,98,0.38319,16.1495068493151,1262.43,1372.25,15.7291
"1924","dukehw",2019,99,0.39,16.1495068493151,1262.43,1372.25,15.7291
"1925","dukehw",2019,100,0.39647,16.1495068493151,1262.43,1372.25,15.7291
"1926","dukehw",2019,101,0.40237,16.1495068493151,1262.43,1372.25,15.7291
"1927","dukehw",2019,102,0.40748,16.1495068493151,1262.43,1372.25,15.7291
"1928","dukehw",2019,103,0.41213,16.1495068493151,1262.43,1372.25,15.7291
"1929","dukehw",2019,104,0.41679,16.1495068493151,1262.43,1372.25,15.7291
"1930","dukehw",2019,105,0.42136,16.1495068493151,1262.43,1372.25,15.7291
"1931","dukehw",2019,106,0.42576,16.1495068493151,1262.43,1372.25,15.7291
"1932","dukehw",2019,107,0.42988,16.1495068493151,1262.43,1372.25,15.7291
"1933","dukehw",2019,108,0.43364,16.1495068493151,1262.43,1372.25,15.7291
"1934","dukehw",2019,109,0.43695,16.1495068493151,1262.43,1372.25,15.7291
"1935","dukehw",2019,110,0.43972,16.1495068493151,1262.43,1372.25,15.7291
"1936","dukehw",2019,111,0.44185,16.1495068493151,1262.43,1372.25,15.7291
"1937","dukehw",2019,112,0.44322,16.1495068493151,1262.43,1372.25,15.7291
"1938","dukehw",2019,113,0.44385,16.1495068493151,1262.43,1372.25,15.7291
"1939","dukehw",2019,114,0.44387,16.1495068493151,1262.43,1372.25,15.7291
"1940","dukehw",2019,115,0.44344,16.1495068493151,1262.43,1372.25,15.7291
"1941","dukehw",2019,116,0.4427,16.1495068493151,1262.43,1372.25,15.7291
"1942","dukehw",2019,117,0.44179,16.1495068493151,1262.43,1372.25,15.7291
"1943","dukehw",2019,118,0.44086,16.1495068493151,1262.43,1372.25,15.7291
"1944","dukehw",2019,119,0.44004,16.1495068493151,1262.43,1372.25,15.7291
"1945","dukehw",2019,120,0.43947,16.1495068493151,1262.43,1372.25,15.7291
"1946","dukehw",2019,121,0.43894,16.1495068493151,1262.43,1372.25,15.7291
"1947","dukehw",2019,122,0.43814,16.1495068493151,1262.43,1372.25,15.7291
"1948","dukehw",2019,123,0.43715,16.1495068493151,1262.43,1372.25,15.7291
"1949","dukehw",2019,124,0.43602,16.1495068493151,1262.43,1372.25,15.7291
"1950","dukehw",2019,125,0.43483,16.1495068493151,1262.43,1372.25,15.7291
"1951","dukehw",2019,126,0.43364,16.1495068493151,1262.43,1372.25,15.7291
"1952","dukehw",2019,127,0.43251,16.1495068493151,1262.43,1372.25,15.7291
"1953","dukehw",2019,128,0.43152,16.1495068493151,1262.43,1372.25,15.7291
"1954","dukehw",2019,129,0.43072,16.1495068493151,1262.43,1372.25,15.7291
"1955","dukehw",2019,130,0.43008,16.1495068493151,1262.43,1372.25,15.7291
"1956","dukehw",2019,131,0.42952,16.1495068493151,1262.43,1372.25,15.7291
"1957","dukehw",2019,132,0.42902,16.1495068493151,1262.43,1372.25,15.7291
"1958","dukehw",2019,133,0.42855,16.1495068493151,1262.43,1372.25,15.7291
"1959","dukehw",2019,134,0.4281,16.1495068493151,1262.43,1372.25,15.7291
"1960","dukehw",2019,135,0.42765,16.1495068493151,1262.43,1372.25,15.7291
"1961","dukehw",2019,136,0.42719,16.1495068493151,1262.43,1372.25,15.7291
"1962","dukehw",2019,137,0.4267,16.1495068493151,1262.43,1372.25,15.7291
"1963","dukehw",2019,138,0.42616,16.1495068493151,1262.43,1372.25,15.7291
"1964","dukehw",2019,139,0.42554,16.1495068493151,1262.43,1372.25,15.7291
"1965","dukehw",2019,140,0.42485,16.1495068493151,1262.43,1372.25,15.7291
"1966","dukehw",2019,141,0.42412,16.1495068493151,1262.43,1372.25,15.7291
"1967","dukehw",2019,142,0.42338,16.1495068493151,1262.43,1372.25,15.7291
"1968","dukehw",2019,143,0.42263,16.1495068493151,1262.43,1372.25,15.7291
"1969","dukehw",2019,144,0.42192,16.1495068493151,1262.43,1372.25,15.7291
"1970","dukehw",2019,145,0.42126,16.1495068493151,1262.43,1372.25,15.7291
"1971","dukehw",2019,146,0.42068,16.1495068493151,1262.43,1372.25,15.7291
"1972","dukehw",2019,147,0.42021,16.1495068493151,1262.43,1372.25,15.7291
"1973","dukehw",2019,148,0.41985,16.1495068493151,1262.43,1372.25,15.7291
"1974","dukehw",2019,149,0.41957,16.1495068493151,1262.43,1372.25,15.7291
"1975","dukehw",2019,150,0.41935,16.1495068493151,1262.43,1372.25,15.7291
"1976","dukehw",2019,151,0.41918,16.1495068493151,1262.43,1372.25,15.7291
"1977","dukehw",2019,152,0.41904,16.1495068493151,1262.43,1372.25,15.7291
"1978","dukehw",2019,153,0.4189,16.1495068493151,1262.43,1372.25,15.7291
"1979","dukehw",2019,154,0.41876,16.1495068493151,1262.43,1372.25,15.7291
"1980","dukehw",2019,155,0.41859,16.1495068493151,1262.43,1372.25,15.7291
"1981","dukehw",2019,156,0.41838,16.1495068493151,1262.43,1372.25,15.7291
"1982","dukehw",2019,157,0.41815,16.1495068493151,1262.43,1372.25,15.7291
"1983","dukehw",2019,158,0.41794,16.1495068493151,1262.43,1372.25,15.7291
"1984","dukehw",2019,159,0.41775,16.1495068493151,1262.43,1372.25,15.7291
"1985","dukehw",2019,160,0.41758,16.1495068493151,1262.43,1372.25,15.7291
"1986","dukehw",2019,161,0.4174,16.1495068493151,1262.43,1372.25,15.7291
"1987","dukehw",2019,162,0.41723,16.1495068493151,1262.43,1372.25,15.7291
"1988","dukehw",2019,163,0.41705,16.1495068493151,1262.43,1372.25,15.7291
"1989","dukehw",2019,164,0.41685,16.1495068493151,1262.43,1372.25,15.7291
"1990","dukehw",2019,165,0.41663,16.1495068493151,1262.43,1372.25,15.7291
"1991","dukehw",2019,166,0.41638,16.1495068493151,1262.43,1372.25,15.7291
"1992","dukehw",2019,167,0.41611,16.1495068493151,1262.43,1372.25,15.7291
"1993","dukehw",2019,168,0.41583,16.1495068493151,1262.43,1372.25,15.7291
"1994","dukehw",2019,169,0.41555,16.1495068493151,1262.43,1372.25,15.7291
"1995","dukehw",2019,170,0.41527,16.1495068493151,1262.43,1372.25,15.7291
"1996","dukehw",2019,171,0.415,16.1495068493151,1262.43,1372.25,15.7291
"1997","dukehw",2019,172,0.41475,16.1495068493151,1262.43,1372.25,15.7291
"1998","dukehw",2019,173,0.41453,16.1495068493151,1262.43,1372.25,15.7291
"1999","dukehw",2019,174,0.41438,16.1495068493151,1262.43,1372.25,15.7291
"2000","dukehw",2019,175,0.4143,16.1495068493151,1262.43,1372.25,15.7291
"2001","dukehw",2019,176,0.41429,16.1495068493151,1262.43,1372.25,15.7291
"2002","dukehw",2019,177,0.41431,16.1495068493151,1262.43,1372.25,15.7291
"2003","dukehw",2019,178,0.41433,16.1495068493151,1262.43,1372.25,15.7291
"2004","dukehw",2019,179,0.41432,16.1495068493151,1262.43,1372.25,15.7291
"2005","dukehw",2019,180,0.41427,16.1495068493151,1262.43,1372.25,15.7291
"2006","dukehw",2019,181,0.41414,16.1495068493151,1262.43,1372.25,15.7291
"2007","dukehw",2019,182,0.4139,16.1495068493151,1262.43,1372.25,15.7291
"2008","dukehw",2019,183,0.41355,16.1495068493151,1262.43,1372.25,15.7291
"2009","dukehw",2019,184,0.41312,16.1495068493151,1262.43,1372.25,15.7291
"2010","dukehw",2019,185,0.41261,16.1495068493151,1262.43,1372.25,15.7291
"2011","dukehw",2019,186,0.41205,16.1495068493151,1262.43,1372.25,15.7291
"2012","dukehw",2019,187,0.41146,16.1495068493151,1262.43,1372.25,15.7291
"2013","dukehw",2019,188,0.41086,16.1495068493151,1262.43,1372.25,15.7291
"2014","dukehw",2019,189,0.41026,16.1495068493151,1262.43,1372.25,15.7291
"2015","dukehw",2019,190,0.40968,16.1495068493151,1262.43,1372.25,15.7291
"2016","dukehw",2019,191,0.40915,16.1495068493151,1262.43,1372.25,15.7291
"2017","dukehw",2019,192,0.40861,16.1495068493151,1262.43,1372.25,15.7291
"2018","dukehw",2019,193,0.40799,16.1495068493151,1262.43,1372.25,15.7291
"2019","dukehw",2019,194,0.40733,16.1495068493151,1262.43,1372.25,15.7291
"2020","dukehw",2019,195,0.40665,16.1495068493151,1262.43,1372.25,15.7291
"2021","dukehw",2019,196,0.40599,16.1495068493151,1262.43,1372.25,15.7291
"2022","dukehw",2019,197,0.40535,16.1495068493151,1262.43,1372.25,15.7291
"2023","dukehw",2019,198,0.40478,16.1495068493151,1262.43,1372.25,15.7291
"2024","dukehw",2019,199,0.40429,16.1495068493151,1262.43,1372.25,15.7291
"2025","dukehw",2019,200,0.40391,16.1495068493151,1262.43,1372.25,15.7291
"2026","dukehw",2019,201,0.40366,16.1495068493151,1262.43,1372.25,15.7291
"2027","dukehw",2019,202,0.4035,16.1495068493151,1262.43,1372.25,15.7291
"2028","dukehw",2019,203,0.40342,16.1495068493151,1262.43,1372.25,15.7291
"2029","dukehw",2019,204,0.40341,16.1495068493151,1262.43,1372.25,15.7291
"2030","dukehw",2019,205,0.40343,16.1495068493151,1262.43,1372.25,15.7291
"2031","dukehw",2019,206,0.40348,16.1495068493151,1262.43,1372.25,15.7291
"2032","dukehw",2019,207,0.40354,16.1495068493151,1262.43,1372.25,15.7291
"2033","dukehw",2019,208,0.40358,16.1495068493151,1262.43,1372.25,15.7291
"2034","dukehw",2019,209,0.40358,16.1495068493151,1262.43,1372.25,15.7291
"2035","dukehw",2019,210,0.4036,16.1495068493151,1262.43,1372.25,15.7291
"2036","dukehw",2019,211,0.40365,16.1495068493151,1262.43,1372.25,15.7291
"2037","dukehw",2019,212,0.40374,16.1495068493151,1262.43,1372.25,15.7291
"2038","dukehw",2019,213,0.40384,16.1495068493151,1262.43,1372.25,15.7291
"2039","dukehw",2019,214,0.40394,16.1495068493151,1262.43,1372.25,15.7291
"2040","dukehw",2019,215,0.40402,16.1495068493151,1262.43,1372.25,15.7291
"2041","dukehw",2019,216,0.40407,16.1495068493151,1262.43,1372.25,15.7291
"2042","dukehw",2019,217,0.40408,16.1495068493151,1262.43,1372.25,15.7291
"2043","dukehw",2019,218,0.40402,16.1495068493151,1262.43,1372.25,15.7291
"2044","dukehw",2019,219,0.40392,16.1495068493151,1262.43,1372.25,15.7291
"2045","dukehw",2019,220,0.40382,16.1495068493151,1262.43,1372.25,15.7291
"2046","dukehw",2019,221,0.4037,16.1495068493151,1262.43,1372.25,15.7291
"2047","dukehw",2019,222,0.40357,16.1495068493151,1262.43,1372.25,15.7291
"2048","dukehw",2019,223,0.40342,16.1495068493151,1262.43,1372.25,15.7291
"2049","dukehw",2019,224,0.40325,16.1495068493151,1262.43,1372.25,15.7291
"2050","dukehw",2019,225,0.40306,16.1495068493151,1262.43,1372.25,15.7291
"2051","dukehw",2019,226,0.40285,16.1495068493151,1262.43,1372.25,15.7291
"2052","dukehw",2019,227,0.4026,16.1495068493151,1262.43,1372.25,15.7291
"2053","dukehw",2019,228,0.40232,16.1495068493151,1262.43,1372.25,15.7291
"2054","dukehw",2019,229,0.40201,16.1495068493151,1262.43,1372.25,15.7291
"2055","dukehw",2019,230,0.40168,16.1495068493151,1262.43,1372.25,15.7291
"2056","dukehw",2019,231,0.40132,16.1495068493151,1262.43,1372.25,15.7291
"2057","dukehw",2019,232,0.40094,16.1495068493151,1262.43,1372.25,15.7291
"2058","dukehw",2019,233,0.40056,16.1495068493151,1262.43,1372.25,15.7291
"2059","dukehw",2019,234,0.40016,16.1495068493151,1262.43,1372.25,15.7291
"2060","dukehw",2019,235,0.39975,16.1495068493151,1262.43,1372.25,15.7291
"2061","dukehw",2019,236,0.39935,16.1495068493151,1262.43,1372.25,15.7291
"2062","dukehw",2019,237,0.39894,16.1495068493151,1262.43,1372.25,15.7291
"2063","dukehw",2019,238,0.39852,16.1495068493151,1262.43,1372.25,15.7291
"2064","dukehw",2019,239,0.39809,16.1495068493151,1262.43,1372.25,15.7291
"2065","dukehw",2019,240,0.39765,16.1495068493151,1262.43,1372.25,15.7291
"2066","dukehw",2019,241,0.39719,16.1495068493151,1262.43,1372.25,15.7291
"2067","dukehw",2019,242,0.39672,16.1495068493151,1262.43,1372.25,15.7291
"2068","dukehw",2019,243,0.39623,16.1495068493151,1262.43,1372.25,15.7291
"2069","dukehw",2019,244,0.39572,16.1495068493151,1262.43,1372.25,15.7291
"2070","dukehw",2019,245,0.39519,16.1495068493151,1262.43,1372.25,15.7291
"2071","dukehw",2019,246,0.3947,16.1495068493151,1262.43,1372.25,15.7291
"2072","dukehw",2019,247,0.39425,16.1495068493151,1262.43,1372.25,15.7291
"2073","dukehw",2019,248,0.39383,16.1495068493151,1262.43,1372.25,15.7291
"2074","dukehw",2019,249,0.39341,16.1495068493151,1262.43,1372.25,15.7291
"2075","dukehw",2019,250,0.39296,16.1495068493151,1262.43,1372.25,15.7291
"2076","dukehw",2019,251,0.39245,16.1495068493151,1262.43,1372.25,15.7291
"2077","dukehw",2019,252,0.39185,16.1495068493151,1262.43,1372.25,15.7291
"2078","dukehw",2019,253,0.39114,16.1495068493151,1262.43,1372.25,15.7291
"2079","dukehw",2019,254,0.39028,16.1495068493151,1262.43,1372.25,15.7291
"2080","dukehw",2019,255,0.38923,16.1495068493151,1262.43,1372.25,15.7291
"2081","dukehw",2019,256,0.38798,16.1495068493151,1262.43,1372.25,15.7291
"2082","dukehw",2019,257,0.38658,16.1495068493151,1262.43,1372.25,15.7291
"2083","dukehw",2019,258,0.38508,16.1495068493151,1262.43,1372.25,15.7291
"2084","dukehw",2019,259,0.38353,16.1495068493151,1262.43,1372.25,15.7291
"2085","dukehw",2019,260,0.38197,16.1495068493151,1262.43,1372.25,15.7291
"2086","dukehw",2019,261,0.38046,16.1495068493151,1262.43,1372.25,15.7291
"2087","dukehw",2019,262,0.37905,16.1495068493151,1262.43,1372.25,15.7291
"2088","dukehw",2019,263,0.37777,16.1495068493151,1262.43,1372.25,15.7291
"2089","dukehw",2019,264,0.37656,16.1495068493151,1262.43,1372.25,15.7291
"2090","dukehw",2019,265,0.37532,16.1495068493151,1262.43,1372.25,15.7291
"2091","dukehw",2019,266,0.37407,16.1495068493151,1262.43,1372.25,15.7291
"2092","dukehw",2019,267,0.37283,16.1495068493151,1262.43,1372.25,15.7291
"2093","dukehw",2019,268,0.37163,16.1495068493151,1262.43,1372.25,15.7291
"2094","dukehw",2019,269,0.37048,16.1495068493151,1262.43,1372.25,15.7291
"2095","dukehw",2019,270,0.3694,16.1495068493151,1262.43,1372.25,15.7291
"2096","dukehw",2019,271,0.36842,16.1495068493151,1262.43,1372.25,15.7291
"2097","dukehw",2019,272,0.36756,16.1495068493151,1262.43,1372.25,15.7291
"2098","dukehw",2019,273,0.36689,16.1495068493151,1262.43,1372.25,15.7291
"2099","dukehw",2019,274,0.36644,16.1495068493151,1262.43,1372.25,15.7291
"2100","dukehw",2019,275,0.36614,16.1495068493151,1262.43,1372.25,15.7291
"2101","dukehw",2019,276,0.36595,16.1495068493151,1262.43,1372.25,15.7291
"2102","dukehw",2019,277,0.36579,16.1495068493151,1262.43,1372.25,15.7291
"2103","dukehw",2019,278,0.36561,16.1495068493151,1262.43,1372.25,15.7291
"2104","dukehw",2019,279,0.36536,16.1495068493151,1262.43,1372.25,15.7291
"2105","dukehw",2019,280,0.36496,16.1495068493151,1262.43,1372.25,15.7291
"2106","dukehw",2019,281,0.36436,16.1495068493151,1262.43,1372.25,15.7291
"2107","dukehw",2019,282,0.3636,16.1495068493151,1262.43,1372.25,15.7291
"2108","dukehw",2019,283,0.36276,16.1495068493151,1262.43,1372.25,15.7291
"2109","dukehw",2019,284,0.36184,16.1495068493151,1262.43,1372.25,15.7291
"2110","dukehw",2019,285,0.36086,16.1495068493151,1262.43,1372.25,15.7291
"2111","dukehw",2019,286,0.35981,16.1495068493151,1262.43,1372.25,15.7291
"2112","dukehw",2019,287,0.35872,16.1495068493151,1262.43,1372.25,15.7291
"2113","dukehw",2019,288,0.35759,16.1495068493151,1262.43,1372.25,15.7291
"2114","dukehw",2019,289,0.35643,16.1495068493151,1262.43,1372.25,15.7291
"2115","dukehw",2019,290,0.35523,16.1495068493151,1262.43,1372.25,15.7291
"2116","dukehw",2019,291,0.35397,16.1495068493151,1262.43,1372.25,15.7291
"2117","dukehw",2019,292,0.3526,16.1495068493151,1262.43,1372.25,15.7291
"2118","dukehw",2019,293,0.35116,16.1495068493151,1262.43,1372.25,15.7291
"2119","dukehw",2019,294,0.34966,16.1495068493151,1262.43,1372.25,15.7291
"2120","dukehw",2019,295,0.34814,16.1495068493151,1262.43,1372.25,15.7291
"2121","dukehw",2019,296,0.34663,16.1495068493151,1262.43,1372.25,15.7291
"2122","dukehw",2019,297,0.34516,16.1495068493151,1262.43,1372.25,15.7291
"2123","dukehw",2019,298,0.34375,16.1495068493151,1262.43,1372.25,15.7291
"2124","dukehw",2019,299,0.34244,16.1495068493151,1262.43,1372.25,15.7291
"2125","dukehw",2019,300,0.34121,16.1495068493151,1262.43,1372.25,15.7291
"2126","dukehw",2019,301,0.34003,16.1495068493151,1262.43,1372.25,15.7291
"2127","dukehw",2019,302,0.33889,16.1495068493151,1262.43,1372.25,15.7291
"2128","dukehw",2019,303,0.33777,16.1495068493151,1262.43,1372.25,15.7291
"2129","dukehw",2019,304,0.33666,16.1495068493151,1262.43,1372.25,15.7291
"2130","dukehw",2019,305,0.33554,16.1495068493151,1262.43,1372.25,15.7291
"2131","dukehw",2019,306,0.3344,16.1495068493151,1262.43,1372.25,15.7291
"2132","dukehw",2019,307,0.33323,16.1495068493151,1262.43,1372.25,15.7291
"2133","dukehw",2019,308,0.33201,16.1495068493151,1262.43,1372.25,15.7291
"2134","dukehw",2019,309,0.33071,16.1495068493151,1262.43,1372.25,15.7291
"2135","dukehw",2019,310,0.3293,16.1495068493151,1262.43,1372.25,15.7291
"2136","dukehw",2019,311,0.32783,16.1495068493151,1262.43,1372.25,15.7291
"2137","dukehw",2019,312,0.32632,16.1495068493151,1262.43,1372.25,15.7291
"2138","dukehw",2019,313,0.32481,16.1495068493151,1262.43,1372.25,15.7291
"2139","dukehw",2019,314,0.32334,16.1495068493151,1262.43,1372.25,15.7291
"2140","dukehw",2019,315,0.32193,16.1495068493151,1262.43,1372.25,15.7291
"2141","dukehw",2019,316,0.32062,16.1495068493151,1262.43,1372.25,15.7291
"2142","dukehw",2019,317,0.31944,16.1495068493151,1262.43,1372.25,15.7291
"2143","dukehw",2019,318,0.31833,16.1495068493151,1262.43,1372.25,15.7291
"2144","dukehw",2019,319,0.3172,16.1495068493151,1262.43,1372.25,15.7291
"2145","dukehw",2019,320,0.31609,16.1495068493151,1262.43,1372.25,15.7291
"2146","dukehw",2019,321,0.31502,16.1495068493151,1262.43,1372.25,15.7291
"2147","dukehw",2019,322,0.31403,16.1495068493151,1262.43,1372.25,15.7291
"2148","dukehw",2019,323,0.31314,16.1495068493151,1262.43,1372.25,15.7291
"2149","dukehw",2019,324,0.31237,16.1495068493151,1262.43,1372.25,15.7291
"2150","dukehw",2019,325,0.31177,16.1495068493151,1262.43,1372.25,15.7291
"2151","dukehw",2019,326,0.31135,16.1495068493151,1262.43,1372.25,15.7291
"2152","dukehw",2019,327,0.31117,16.1495068493151,1262.43,1372.25,15.7291
"2153","dukehw",2019,328,0.31121,16.1495068493151,1262.43,1372.25,15.7291
"2154","dukehw",2019,329,0.31143,16.1495068493151,1262.43,1372.25,15.7291
"2155","dukehw",2019,330,0.31178,16.1495068493151,1262.43,1372.25,15.7291
"2156","dukehw",2019,331,0.31222,16.1495068493151,1262.43,1372.25,15.7291
"2157","dukehw",2019,332,0.31271,16.1495068493151,1262.43,1372.25,15.7291
"2158","dukehw",2019,333,0.31318,16.1495068493151,1262.43,1372.25,15.7291
"2159","dukehw",2019,334,0.31361,16.1495068493151,1262.43,1372.25,15.7291
"2160","dukehw",2019,335,0.31393,16.1495068493151,1262.43,1372.25,15.7291
"2161","dukehw",2019,336,0.31424,16.1495068493151,1262.43,1372.25,15.7291
"2162","dukehw",2019,337,0.31463,16.1495068493151,1262.43,1372.25,15.7291
"2163","dukehw",2019,338,0.31507,16.1495068493151,1262.43,1372.25,15.7291
"2164","dukehw",2019,339,0.31555,16.1495068493151,1262.43,1372.25,15.7291
"2165","dukehw",2019,340,0.31603,16.1495068493151,1262.43,1372.25,15.7291
"2166","dukehw",2019,341,0.31649,16.1495068493151,1262.43,1372.25,15.7291
"2167","dukehw",2019,342,0.31691,16.1495068493151,1262.43,1372.25,15.7291
"2168","dukehw",2019,343,0.31725,16.1495068493151,1262.43,1372.25,15.7291
"2169","dukehw",2019,344,0.3175,16.1495068493151,1262.43,1372.25,15.7291
"2170","dukehw",2019,345,0.31766,16.1495068493151,1262.43,1372.25,15.7291
"2171","dukehw",2019,346,0.31776,16.1495068493151,1262.43,1372.25,15.7291
"2172","dukehw",2019,347,0.3178,16.1495068493151,1262.43,1372.25,15.7291
"2173","dukehw",2019,348,0.3178,16.1495068493151,1262.43,1372.25,15.7291
"2174","dukehw",2019,349,0.31779,16.1495068493151,1262.43,1372.25,15.7291
"2175","dukehw",2019,350,0.31777,16.1495068493151,1262.43,1372.25,15.7291
"2176","dukehw",2019,351,0.31775,16.1495068493151,1262.43,1372.25,15.7291
"2177","dukehw",2019,352,0.31775,16.1495068493151,1262.43,1372.25,15.7291
"2178","dukehw",2019,353,0.31779,16.1495068493151,1262.43,1372.25,15.7291
"2179","dukehw",2019,354,0.31785,16.1495068493151,1262.43,1372.25,15.7291
"2180","dukehw",2019,355,0.3179,16.1495068493151,1262.43,1372.25,15.7291
"2181","dukehw",2019,356,0.31795,16.1495068493151,1262.43,1372.25,15.7291
"2182","dukehw",2019,357,0.31799,16.1495068493151,1262.43,1372.25,15.7291
"2183","dukehw",2019,358,0.31804,16.1495068493151,1262.43,1372.25,15.7291
"2184","dukehw",2019,359,0.31808,16.1495068493151,1262.43,1372.25,15.7291
"2185","dukehw",2019,360,0.31813,16.1495068493151,1262.43,1372.25,15.7291
"2186","dukehw",2019,361,0.31817,16.1495068493151,1262.43,1372.25,15.7291
"2187","dukehw",2019,362,0.31822,16.1495068493151,1262.43,1372.25,15.7291
"2188","dukehw",2019,363,0.31828,16.1495068493151,1262.43,1372.25,15.7291
"2189","dukehw",2019,364,0.31836,16.1495068493151,1262.43,1372.25,15.7291
"2190","dukehw",2019,365,0.31845,16.1495068493151,1262.43,1372.25,15.7291
"2191","dukehw",2020,1,0.31854,16.0423150684931,1700.93,1372.25,15.7291
"2192","dukehw",2020,2,0.31863,16.0423150684931,1700.93,1372.25,15.7291
"2193","dukehw",2020,3,0.31872,16.0423150684931,1700.93,1372.25,15.7291
"2194","dukehw",2020,4,0.3188,16.0423150684931,1700.93,1372.25,15.7291
"2195","dukehw",2020,5,0.31886,16.0423150684931,1700.93,1372.25,15.7291
"2196","dukehw",2020,6,0.3189,16.0423150684931,1700.93,1372.25,15.7291
"2197","dukehw",2020,7,0.31891,16.0423150684931,1700.93,1372.25,15.7291
"2198","dukehw",2020,8,0.3189,16.0423150684931,1700.93,1372.25,15.7291
"2199","dukehw",2020,9,0.31888,16.0423150684931,1700.93,1372.25,15.7291
"2200","dukehw",2020,10,0.31884,16.0423150684931,1700.93,1372.25,15.7291
"2201","dukehw",2020,11,0.31879,16.0423150684931,1700.93,1372.25,15.7291
"2202","dukehw",2020,12,0.31874,16.0423150684931,1700.93,1372.25,15.7291
"2203","dukehw",2020,13,0.31869,16.0423150684931,1700.93,1372.25,15.7291
"2204","dukehw",2020,14,0.31864,16.0423150684931,1700.93,1372.25,15.7291
"2205","dukehw",2020,15,0.3186,16.0423150684931,1700.93,1372.25,15.7291
"2206","dukehw",2020,16,0.31856,16.0423150684931,1700.93,1372.25,15.7291
"2207","dukehw",2020,17,0.31849,16.0423150684931,1700.93,1372.25,15.7291
"2208","dukehw",2020,18,0.31841,16.0423150684931,1700.93,1372.25,15.7291
"2209","dukehw",2020,19,0.31832,16.0423150684931,1700.93,1372.25,15.7291
"2210","dukehw",2020,20,0.31823,16.0423150684931,1700.93,1372.25,15.7291
"2211","dukehw",2020,21,0.31815,16.0423150684931,1700.93,1372.25,15.7291
"2212","dukehw",2020,22,0.31809,16.0423150684931,1700.93,1372.25,15.7291
"2213","dukehw",2020,23,0.31806,16.0423150684931,1700.93,1372.25,15.7291
"2214","dukehw",2020,24,0.31806,16.0423150684931,1700.93,1372.25,15.7291
"2215","dukehw",2020,25,0.31809,16.0423150684931,1700.93,1372.25,15.7291
"2216","dukehw",2020,26,0.31816,16.0423150684931,1700.93,1372.25,15.7291
"2217","dukehw",2020,27,0.31824,16.0423150684931,1700.93,1372.25,15.7291
"2218","dukehw",2020,28,0.31835,16.0423150684931,1700.93,1372.25,15.7291
"2219","dukehw",2020,29,0.31846,16.0423150684931,1700.93,1372.25,15.7291
"2220","dukehw",2020,30,0.31857,16.0423150684931,1700.93,1372.25,15.7291
"2221","dukehw",2020,31,0.31869,16.0423150684931,1700.93,1372.25,15.7291
"2222","dukehw",2020,32,0.3188,16.0423150684931,1700.93,1372.25,15.7291
"2223","dukehw",2020,33,0.3189,16.0423150684931,1700.93,1372.25,15.7291
"2224","dukehw",2020,34,0.319,16.0423150684931,1700.93,1372.25,15.7291
"2225","dukehw",2020,35,0.31913,16.0423150684931,1700.93,1372.25,15.7291
"2226","dukehw",2020,36,0.31927,16.0423150684931,1700.93,1372.25,15.7291
"2227","dukehw",2020,37,0.31942,16.0423150684931,1700.93,1372.25,15.7291
"2228","dukehw",2020,38,0.31956,16.0423150684931,1700.93,1372.25,15.7291
"2229","dukehw",2020,39,0.3197,16.0423150684931,1700.93,1372.25,15.7291
"2230","dukehw",2020,40,0.31981,16.0423150684931,1700.93,1372.25,15.7291
"2231","dukehw",2020,41,0.3199,16.0423150684931,1700.93,1372.25,15.7291
"2232","dukehw",2020,42,0.31996,16.0423150684931,1700.93,1372.25,15.7291
"2233","dukehw",2020,43,0.31997,16.0423150684931,1700.93,1372.25,15.7291
"2234","dukehw",2020,44,0.31995,16.0423150684931,1700.93,1372.25,15.7291
"2235","dukehw",2020,45,0.3199,16.0423150684931,1700.93,1372.25,15.7291
"2236","dukehw",2020,46,0.31984,16.0423150684931,1700.93,1372.25,15.7291
"2237","dukehw",2020,47,0.31976,16.0423150684931,1700.93,1372.25,15.7291
"2238","dukehw",2020,48,0.31967,16.0423150684931,1700.93,1372.25,15.7291
"2239","dukehw",2020,49,0.31959,16.0423150684931,1700.93,1372.25,15.7291
"2240","dukehw",2020,50,0.31951,16.0423150684931,1700.93,1372.25,15.7291
"2241","dukehw",2020,51,0.31945,16.0423150684931,1700.93,1372.25,15.7291
"2242","dukehw",2020,52,0.31937,16.0423150684931,1700.93,1372.25,15.7291
"2243","dukehw",2020,53,0.31923,16.0423150684931,1700.93,1372.25,15.7291
"2244","dukehw",2020,54,0.31906,16.0423150684931,1700.93,1372.25,15.7291
"2245","dukehw",2020,55,0.31888,16.0423150684931,1700.93,1372.25,15.7291
"2246","dukehw",2020,56,0.3187,16.0423150684931,1700.93,1372.25,15.7291
"2247","dukehw",2020,57,0.31855,16.0423150684931,1700.93,1372.25,15.7291
"2248","dukehw",2020,58,0.31845,16.0423150684931,1700.93,1372.25,15.7291
"2249","dukehw",2020,59,0.31841,16.0423150684931,1700.93,1372.25,15.7291
"2250","dukehw",2020,60,0.31846,16.0423150684931,1700.93,1372.25,15.7291
"2251","dukehw",2020,61,0.31846,16.0423150684931,1700.93,1372.25,15.7291
"2252","dukehw",2020,62,0.31831,16.0423150684931,1700.93,1372.25,15.7291
"2253","dukehw",2020,63,0.31808,16.0423150684931,1700.93,1372.25,15.7291
"2254","dukehw",2020,64,0.31785,16.0423150684931,1700.93,1372.25,15.7291
"2255","dukehw",2020,65,0.31769,16.0423150684931,1700.93,1372.25,15.7291
"2256","dukehw",2020,66,0.31769,16.0423150684931,1700.93,1372.25,15.7291
"2257","dukehw",2020,67,0.3179,16.0423150684931,1700.93,1372.25,15.7291
"2258","dukehw",2020,68,0.31841,16.0423150684931,1700.93,1372.25,15.7291
"2259","dukehw",2020,69,0.31929,16.0423150684931,1700.93,1372.25,15.7291
"2260","dukehw",2020,70,0.32044,16.0423150684931,1700.93,1372.25,15.7291
"2261","dukehw",2020,71,0.32172,16.0423150684931,1700.93,1372.25,15.7291
"2262","dukehw",2020,72,0.32316,16.0423150684931,1700.93,1372.25,15.7291
"2263","dukehw",2020,73,0.32477,16.0423150684931,1700.93,1372.25,15.7291
"2264","dukehw",2020,74,0.32657,16.0423150684931,1700.93,1372.25,15.7291
"2265","dukehw",2020,75,0.32857,16.0423150684931,1700.93,1372.25,15.7291
"2266","dukehw",2020,76,0.3308,16.0423150684931,1700.93,1372.25,15.7291
"2267","dukehw",2020,77,0.33328,16.0423150684931,1700.93,1372.25,15.7291
"2268","dukehw",2020,78,0.33602,16.0423150684931,1700.93,1372.25,15.7291
"2269","dukehw",2020,79,0.33918,16.0423150684931,1700.93,1372.25,15.7291
"2270","dukehw",2020,80,0.34281,16.0423150684931,1700.93,1372.25,15.7291
"2271","dukehw",2020,81,0.3468,16.0423150684931,1700.93,1372.25,15.7291
"2272","dukehw",2020,82,0.35103,16.0423150684931,1700.93,1372.25,15.7291
"2273","dukehw",2020,83,0.3554,16.0423150684931,1700.93,1372.25,15.7291
"2274","dukehw",2020,84,0.35978,16.0423150684931,1700.93,1372.25,15.7291
"2275","dukehw",2020,85,0.36407,16.0423150684931,1700.93,1372.25,15.7291
"2276","dukehw",2020,86,0.36814,16.0423150684931,1700.93,1372.25,15.7291
"2277","dukehw",2020,87,0.37226,16.0423150684931,1700.93,1372.25,15.7291
"2278","dukehw",2020,88,0.37671,16.0423150684931,1700.93,1372.25,15.7291
"2279","dukehw",2020,89,0.38136,16.0423150684931,1700.93,1372.25,15.7291
"2280","dukehw",2020,90,0.38611,16.0423150684931,1700.93,1372.25,15.7291
"2281","dukehw",2020,91,0.39085,16.0423150684931,1700.93,1372.25,15.7291
"2282","dukehw",2020,92,0.39547,16.0423150684931,1700.93,1372.25,15.7291
"2283","dukehw",2020,93,0.39986,16.0423150684931,1700.93,1372.25,15.7291
"2284","dukehw",2020,94,0.40392,16.0423150684931,1700.93,1372.25,15.7291
"2285","dukehw",2020,95,0.40754,16.0423150684931,1700.93,1372.25,15.7291
"2286","dukehw",2020,96,0.41087,16.0423150684931,1700.93,1372.25,15.7291
"2287","dukehw",2020,97,0.41414,16.0423150684931,1700.93,1372.25,15.7291
"2288","dukehw",2020,98,0.41731,16.0423150684931,1700.93,1372.25,15.7291
"2289","dukehw",2020,99,0.42035,16.0423150684931,1700.93,1372.25,15.7291
"2290","dukehw",2020,100,0.42322,16.0423150684931,1700.93,1372.25,15.7291
"2291","dukehw",2020,101,0.42587,16.0423150684931,1700.93,1372.25,15.7291
"2292","dukehw",2020,102,0.42829,16.0423150684931,1700.93,1372.25,15.7291
"2293","dukehw",2020,103,0.43043,16.0423150684931,1700.93,1372.25,15.7291
"2294","dukehw",2020,104,0.43226,16.0423150684931,1700.93,1372.25,15.7291
"2295","dukehw",2020,105,0.43375,16.0423150684931,1700.93,1372.25,15.7291
"2296","dukehw",2020,106,0.43493,16.0423150684931,1700.93,1372.25,15.7291
"2297","dukehw",2020,107,0.43585,16.0423150684931,1700.93,1372.25,15.7291
"2298","dukehw",2020,108,0.43652,16.0423150684931,1700.93,1372.25,15.7291
"2299","dukehw",2020,109,0.43699,16.0423150684931,1700.93,1372.25,15.7291
"2300","dukehw",2020,110,0.43728,16.0423150684931,1700.93,1372.25,15.7291
"2301","dukehw",2020,111,0.43744,16.0423150684931,1700.93,1372.25,15.7291
"2302","dukehw",2020,112,0.43748,16.0423150684931,1700.93,1372.25,15.7291
"2303","dukehw",2020,113,0.43746,16.0423150684931,1700.93,1372.25,15.7291
"2304","dukehw",2020,114,0.43719,16.0423150684931,1700.93,1372.25,15.7291
"2305","dukehw",2020,115,0.43652,16.0423150684931,1700.93,1372.25,15.7291
"2306","dukehw",2020,116,0.43556,16.0423150684931,1700.93,1372.25,15.7291
"2307","dukehw",2020,117,0.43438,16.0423150684931,1700.93,1372.25,15.7291
"2308","dukehw",2020,118,0.43307,16.0423150684931,1700.93,1372.25,15.7291
"2309","dukehw",2020,119,0.43172,16.0423150684931,1700.93,1372.25,15.7291
"2310","dukehw",2020,120,0.43041,16.0423150684931,1700.93,1372.25,15.7291
"2311","dukehw",2020,121,0.42925,16.0423150684931,1700.93,1372.25,15.7291
"2312","dukehw",2020,122,0.42831,16.0423150684931,1700.93,1372.25,15.7291
"2313","dukehw",2020,123,0.42743,16.0423150684931,1700.93,1372.25,15.7291
"2314","dukehw",2020,124,0.42644,16.0423150684931,1700.93,1372.25,15.7291
"2315","dukehw",2020,125,0.42539,16.0423150684931,1700.93,1372.25,15.7291
"2316","dukehw",2020,126,0.42434,16.0423150684931,1700.93,1372.25,15.7291
"2317","dukehw",2020,127,0.42335,16.0423150684931,1700.93,1372.25,15.7291
"2318","dukehw",2020,128,0.42247,16.0423150684931,1700.93,1372.25,15.7291
"2319","dukehw",2020,129,0.42176,16.0423150684931,1700.93,1372.25,15.7291
"2320","dukehw",2020,130,0.42127,16.0423150684931,1700.93,1372.25,15.7291
"2321","dukehw",2020,131,0.42107,16.0423150684931,1700.93,1372.25,15.7291
"2322","dukehw",2020,132,0.42125,16.0423150684931,1700.93,1372.25,15.7291
"2323","dukehw",2020,133,0.4218,16.0423150684931,1700.93,1372.25,15.7291
"2324","dukehw",2020,134,0.42262,16.0423150684931,1700.93,1372.25,15.7291
"2325","dukehw",2020,135,0.42362,16.0423150684931,1700.93,1372.25,15.7291
"2326","dukehw",2020,136,0.4247,16.0423150684931,1700.93,1372.25,15.7291
"2327","dukehw",2020,137,0.42575,16.0423150684931,1700.93,1372.25,15.7291
"2328","dukehw",2020,138,0.42668,16.0423150684931,1700.93,1372.25,15.7291
"2329","dukehw",2020,139,0.42739,16.0423150684931,1700.93,1372.25,15.7291
"2330","dukehw",2020,140,0.42778,16.0423150684931,1700.93,1372.25,15.7291
"2331","dukehw",2020,141,0.42794,16.0423150684931,1700.93,1372.25,15.7291
"2332","dukehw",2020,142,0.42802,16.0423150684931,1700.93,1372.25,15.7291
"2333","dukehw",2020,143,0.42803,16.0423150684931,1700.93,1372.25,15.7291
"2334","dukehw",2020,144,0.42796,16.0423150684931,1700.93,1372.25,15.7291
"2335","dukehw",2020,145,0.42782,16.0423150684931,1700.93,1372.25,15.7291
"2336","dukehw",2020,146,0.42761,16.0423150684931,1700.93,1372.25,15.7291
"2337","dukehw",2020,147,0.42734,16.0423150684931,1700.93,1372.25,15.7291
"2338","dukehw",2020,148,0.42699,16.0423150684931,1700.93,1372.25,15.7291
"2339","dukehw",2020,149,0.42659,16.0423150684931,1700.93,1372.25,15.7291
"2340","dukehw",2020,150,0.42602,16.0423150684931,1700.93,1372.25,15.7291
"2341","dukehw",2020,151,0.42526,16.0423150684931,1700.93,1372.25,15.7291
"2342","dukehw",2020,152,0.42435,16.0423150684931,1700.93,1372.25,15.7291
"2343","dukehw",2020,153,0.42336,16.0423150684931,1700.93,1372.25,15.7291
"2344","dukehw",2020,154,0.42234,16.0423150684931,1700.93,1372.25,15.7291
"2345","dukehw",2020,155,0.42137,16.0423150684931,1700.93,1372.25,15.7291
"2346","dukehw",2020,156,0.4205,16.0423150684931,1700.93,1372.25,15.7291
"2347","dukehw",2020,157,0.41979,16.0423150684931,1700.93,1372.25,15.7291
"2348","dukehw",2020,158,0.41931,16.0423150684931,1700.93,1372.25,15.7291
"2349","dukehw",2020,159,0.41906,16.0423150684931,1700.93,1372.25,15.7291
"2350","dukehw",2020,160,0.41898,16.0423150684931,1700.93,1372.25,15.7291
"2351","dukehw",2020,161,0.41903,16.0423150684931,1700.93,1372.25,15.7291
"2352","dukehw",2020,162,0.41917,16.0423150684931,1700.93,1372.25,15.7291
"2353","dukehw",2020,163,0.41934,16.0423150684931,1700.93,1372.25,15.7291
"2354","dukehw",2020,164,0.4195,16.0423150684931,1700.93,1372.25,15.7291
"2355","dukehw",2020,165,0.4196,16.0423150684931,1700.93,1372.25,15.7291
"2356","dukehw",2020,166,0.4196,16.0423150684931,1700.93,1372.25,15.7291
"2357","dukehw",2020,167,0.41944,16.0423150684931,1700.93,1372.25,15.7291
"2358","dukehw",2020,168,0.41914,16.0423150684931,1700.93,1372.25,15.7291
"2359","dukehw",2020,169,0.41874,16.0423150684931,1700.93,1372.25,15.7291
"2360","dukehw",2020,170,0.41827,16.0423150684931,1700.93,1372.25,15.7291
"2361","dukehw",2020,171,0.41774,16.0423150684931,1700.93,1372.25,15.7291
"2362","dukehw",2020,172,0.41719,16.0423150684931,1700.93,1372.25,15.7291
"2363","dukehw",2020,173,0.41663,16.0423150684931,1700.93,1372.25,15.7291
"2364","dukehw",2020,174,0.4161,16.0423150684931,1700.93,1372.25,15.7291
"2365","dukehw",2020,175,0.41561,16.0423150684931,1700.93,1372.25,15.7291
"2366","dukehw",2020,176,0.4152,16.0423150684931,1700.93,1372.25,15.7291
"2367","dukehw",2020,177,0.41485,16.0423150684931,1700.93,1372.25,15.7291
"2368","dukehw",2020,178,0.41454,16.0423150684931,1700.93,1372.25,15.7291
"2369","dukehw",2020,179,0.41425,16.0423150684931,1700.93,1372.25,15.7291
"2370","dukehw",2020,180,0.41398,16.0423150684931,1700.93,1372.25,15.7291
"2371","dukehw",2020,181,0.41372,16.0423150684931,1700.93,1372.25,15.7291
"2372","dukehw",2020,182,0.41346,16.0423150684931,1700.93,1372.25,15.7291
"2373","dukehw",2020,183,0.4132,16.0423150684931,1700.93,1372.25,15.7291
"2374","dukehw",2020,184,0.41291,16.0423150684931,1700.93,1372.25,15.7291
"2375","dukehw",2020,185,0.41261,16.0423150684931,1700.93,1372.25,15.7291
"2376","dukehw",2020,186,0.41229,16.0423150684931,1700.93,1372.25,15.7291
"2377","dukehw",2020,187,0.41197,16.0423150684931,1700.93,1372.25,15.7291
"2378","dukehw",2020,188,0.41165,16.0423150684931,1700.93,1372.25,15.7291
"2379","dukehw",2020,189,0.41133,16.0423150684931,1700.93,1372.25,15.7291
"2380","dukehw",2020,190,0.411,16.0423150684931,1700.93,1372.25,15.7291
"2381","dukehw",2020,191,0.41066,16.0423150684931,1700.93,1372.25,15.7291
"2382","dukehw",2020,192,0.4103,16.0423150684931,1700.93,1372.25,15.7291
"2383","dukehw",2020,193,0.40992,16.0423150684931,1700.93,1372.25,15.7291
"2384","dukehw",2020,194,0.40952,16.0423150684931,1700.93,1372.25,15.7291
"2385","dukehw",2020,195,0.40906,16.0423150684931,1700.93,1372.25,15.7291
"2386","dukehw",2020,196,0.4085,16.0423150684931,1700.93,1372.25,15.7291
"2387","dukehw",2020,197,0.40789,16.0423150684931,1700.93,1372.25,15.7291
"2388","dukehw",2020,198,0.40725,16.0423150684931,1700.93,1372.25,15.7291
"2389","dukehw",2020,199,0.4066,16.0423150684931,1700.93,1372.25,15.7291
"2390","dukehw",2020,200,0.40599,16.0423150684931,1700.93,1372.25,15.7291
"2391","dukehw",2020,201,0.40543,16.0423150684931,1700.93,1372.25,15.7291
"2392","dukehw",2020,202,0.40496,16.0423150684931,1700.93,1372.25,15.7291
"2393","dukehw",2020,203,0.40461,16.0423150684931,1700.93,1372.25,15.7291
"2394","dukehw",2020,204,0.40436,16.0423150684931,1700.93,1372.25,15.7291
"2395","dukehw",2020,205,0.4042,16.0423150684931,1700.93,1372.25,15.7291
"2396","dukehw",2020,206,0.40409,16.0423150684931,1700.93,1372.25,15.7291
"2397","dukehw",2020,207,0.40404,16.0423150684931,1700.93,1372.25,15.7291
"2398","dukehw",2020,208,0.40404,16.0423150684931,1700.93,1372.25,15.7291
"2399","dukehw",2020,209,0.40405,16.0423150684931,1700.93,1372.25,15.7291
"2400","dukehw",2020,210,0.40409,16.0423150684931,1700.93,1372.25,15.7291
"2401","dukehw",2020,211,0.40413,16.0423150684931,1700.93,1372.25,15.7291
"2402","dukehw",2020,212,0.40416,16.0423150684931,1700.93,1372.25,15.7291
"2403","dukehw",2020,213,0.40423,16.0423150684931,1700.93,1372.25,15.7291
"2404","dukehw",2020,214,0.40437,16.0423150684931,1700.93,1372.25,15.7291
"2405","dukehw",2020,215,0.40458,16.0423150684931,1700.93,1372.25,15.7291
"2406","dukehw",2020,216,0.40482,16.0423150684931,1700.93,1372.25,15.7291
"2407","dukehw",2020,217,0.40507,16.0423150684931,1700.93,1372.25,15.7291
"2408","dukehw",2020,218,0.40532,16.0423150684931,1700.93,1372.25,15.7291
"2409","dukehw",2020,219,0.40555,16.0423150684931,1700.93,1372.25,15.7291
"2410","dukehw",2020,220,0.40572,16.0423150684931,1700.93,1372.25,15.7291
"2411","dukehw",2020,221,0.40583,16.0423150684931,1700.93,1372.25,15.7291
"2412","dukehw",2020,222,0.4059,16.0423150684931,1700.93,1372.25,15.7291
"2413","dukehw",2020,223,0.40597,16.0423150684931,1700.93,1372.25,15.7291
"2414","dukehw",2020,224,0.40602,16.0423150684931,1700.93,1372.25,15.7291
"2415","dukehw",2020,225,0.40606,16.0423150684931,1700.93,1372.25,15.7291
"2416","dukehw",2020,226,0.40608,16.0423150684931,1700.93,1372.25,15.7291
"2417","dukehw",2020,227,0.40606,16.0423150684931,1700.93,1372.25,15.7291
"2418","dukehw",2020,228,0.40599,16.0423150684931,1700.93,1372.25,15.7291
"2419","dukehw",2020,229,0.40587,16.0423150684931,1700.93,1372.25,15.7291
"2420","dukehw",2020,230,0.40569,16.0423150684931,1700.93,1372.25,15.7291
"2421","dukehw",2020,231,0.40541,16.0423150684931,1700.93,1372.25,15.7291
"2422","dukehw",2020,232,0.40504,16.0423150684931,1700.93,1372.25,15.7291
"2423","dukehw",2020,233,0.40459,16.0423150684931,1700.93,1372.25,15.7291
"2424","dukehw",2020,234,0.40409,16.0423150684931,1700.93,1372.25,15.7291
"2425","dukehw",2020,235,0.40356,16.0423150684931,1700.93,1372.25,15.7291
"2426","dukehw",2020,236,0.40303,16.0423150684931,1700.93,1372.25,15.7291
"2427","dukehw",2020,237,0.40251,16.0423150684931,1700.93,1372.25,15.7291
"2428","dukehw",2020,238,0.40203,16.0423150684931,1700.93,1372.25,15.7291
"2429","dukehw",2020,239,0.40161,16.0423150684931,1700.93,1372.25,15.7291
"2430","dukehw",2020,240,0.40124,16.0423150684931,1700.93,1372.25,15.7291
"2431","dukehw",2020,241,0.40088,16.0423150684931,1700.93,1372.25,15.7291
"2432","dukehw",2020,242,0.40054,16.0423150684931,1700.93,1372.25,15.7291
"2433","dukehw",2020,243,0.40021,16.0423150684931,1700.93,1372.25,15.7291
"2434","dukehw",2020,244,0.3999,16.0423150684931,1700.93,1372.25,15.7291
"2435","dukehw",2020,245,0.39961,16.0423150684931,1700.93,1372.25,15.7291
"2436","dukehw",2020,246,0.39934,16.0423150684931,1700.93,1372.25,15.7291
"2437","dukehw",2020,247,0.3991,16.0423150684931,1700.93,1372.25,15.7291
"2438","dukehw",2020,248,0.39888,16.0423150684931,1700.93,1372.25,15.7291
"2439","dukehw",2020,249,0.39873,16.0423150684931,1700.93,1372.25,15.7291
"2440","dukehw",2020,250,0.39869,16.0423150684931,1700.93,1372.25,15.7291
"2441","dukehw",2020,251,0.39871,16.0423150684931,1700.93,1372.25,15.7291
"2442","dukehw",2020,252,0.39875,16.0423150684931,1700.93,1372.25,15.7291
"2443","dukehw",2020,253,0.39879,16.0423150684931,1700.93,1372.25,15.7291
"2444","dukehw",2020,254,0.39878,16.0423150684931,1700.93,1372.25,15.7291
"2445","dukehw",2020,255,0.39868,16.0423150684931,1700.93,1372.25,15.7291
"2446","dukehw",2020,256,0.39846,16.0423150684931,1700.93,1372.25,15.7291
"2447","dukehw",2020,257,0.39808,16.0423150684931,1700.93,1372.25,15.7291
"2448","dukehw",2020,258,0.39759,16.0423150684931,1700.93,1372.25,15.7291
"2449","dukehw",2020,259,0.39706,16.0423150684931,1700.93,1372.25,15.7291
"2450","dukehw",2020,260,0.39649,16.0423150684931,1700.93,1372.25,15.7291
"2451","dukehw",2020,261,0.39585,16.0423150684931,1700.93,1372.25,15.7291
"2452","dukehw",2020,262,0.39514,16.0423150684931,1700.93,1372.25,15.7291
"2453","dukehw",2020,263,0.39434,16.0423150684931,1700.93,1372.25,15.7291
"2454","dukehw",2020,264,0.39345,16.0423150684931,1700.93,1372.25,15.7291
"2455","dukehw",2020,265,0.39245,16.0423150684931,1700.93,1372.25,15.7291
"2456","dukehw",2020,266,0.39133,16.0423150684931,1700.93,1372.25,15.7291
"2457","dukehw",2020,267,0.39005,16.0423150684931,1700.93,1372.25,15.7291
"2458","dukehw",2020,268,0.38862,16.0423150684931,1700.93,1372.25,15.7291
"2459","dukehw",2020,269,0.38705,16.0423150684931,1700.93,1372.25,15.7291
"2460","dukehw",2020,270,0.3854,16.0423150684931,1700.93,1372.25,15.7291
"2461","dukehw",2020,271,0.38369,16.0423150684931,1700.93,1372.25,15.7291
"2462","dukehw",2020,272,0.38195,16.0423150684931,1700.93,1372.25,15.7291
"2463","dukehw",2020,273,0.38023,16.0423150684931,1700.93,1372.25,15.7291
"2464","dukehw",2020,274,0.37856,16.0423150684931,1700.93,1372.25,15.7291
"2465","dukehw",2020,275,0.37698,16.0423150684931,1700.93,1372.25,15.7291
"2466","dukehw",2020,276,0.37544,16.0423150684931,1700.93,1372.25,15.7291
"2467","dukehw",2020,277,0.37388,16.0423150684931,1700.93,1372.25,15.7291
"2468","dukehw",2020,278,0.3723,16.0423150684931,1700.93,1372.25,15.7291
"2469","dukehw",2020,279,0.37069,16.0423150684931,1700.93,1372.25,15.7291
"2470","dukehw",2020,280,0.36905,16.0423150684931,1700.93,1372.25,15.7291
"2471","dukehw",2020,281,0.36737,16.0423150684931,1700.93,1372.25,15.7291
"2472","dukehw",2020,282,0.36566,16.0423150684931,1700.93,1372.25,15.7291
"2473","dukehw",2020,283,0.3639,16.0423150684931,1700.93,1372.25,15.7291
"2474","dukehw",2020,284,0.3621,16.0423150684931,1700.93,1372.25,15.7291
"2475","dukehw",2020,285,0.36019,16.0423150684931,1700.93,1372.25,15.7291
"2476","dukehw",2020,286,0.35817,16.0423150684931,1700.93,1372.25,15.7291
"2477","dukehw",2020,287,0.35607,16.0423150684931,1700.93,1372.25,15.7291
"2478","dukehw",2020,288,0.35394,16.0423150684931,1700.93,1372.25,15.7291
"2479","dukehw",2020,289,0.35182,16.0423150684931,1700.93,1372.25,15.7291
"2480","dukehw",2020,290,0.34975,16.0423150684931,1700.93,1372.25,15.7291
"2481","dukehw",2020,291,0.34779,16.0423150684931,1700.93,1372.25,15.7291
"2482","dukehw",2020,292,0.34596,16.0423150684931,1700.93,1372.25,15.7291
"2483","dukehw",2020,293,0.34432,16.0423150684931,1700.93,1372.25,15.7291
"2484","dukehw",2020,294,0.34283,16.0423150684931,1700.93,1372.25,15.7291
"2485","dukehw",2020,295,0.3414,16.0423150684931,1700.93,1372.25,15.7291
"2486","dukehw",2020,296,0.34003,16.0423150684931,1700.93,1372.25,15.7291
"2487","dukehw",2020,297,0.33872,16.0423150684931,1700.93,1372.25,15.7291
"2488","dukehw",2020,298,0.33745,16.0423150684931,1700.93,1372.25,15.7291
"2489","dukehw",2020,299,0.33623,16.0423150684931,1700.93,1372.25,15.7291
"2490","dukehw",2020,300,0.33505,16.0423150684931,1700.93,1372.25,15.7291
"2491","dukehw",2020,301,0.3339,16.0423150684931,1700.93,1372.25,15.7291
"2492","dukehw",2020,302,0.33278,16.0423150684931,1700.93,1372.25,15.7291
"2493","dukehw",2020,303,0.33173,16.0423150684931,1700.93,1372.25,15.7291
"2494","dukehw",2020,304,0.33078,16.0423150684931,1700.93,1372.25,15.7291
"2495","dukehw",2020,305,0.32992,16.0423150684931,1700.93,1372.25,15.7291
"2496","dukehw",2020,306,0.32913,16.0423150684931,1700.93,1372.25,15.7291
"2497","dukehw",2020,307,0.32839,16.0423150684931,1700.93,1372.25,15.7291
"2498","dukehw",2020,308,0.32767,16.0423150684931,1700.93,1372.25,15.7291
"2499","dukehw",2020,309,0.32697,16.0423150684931,1700.93,1372.25,15.7291
"2500","dukehw",2020,310,0.32626,16.0423150684931,1700.93,1372.25,15.7291
"2501","dukehw",2020,311,0.32553,16.0423150684931,1700.93,1372.25,15.7291
"2502","dukehw",2020,312,0.32475,16.0423150684931,1700.93,1372.25,15.7291
"2503","dukehw",2020,313,0.32392,16.0423150684931,1700.93,1372.25,15.7291
"2504","dukehw",2020,314,0.32307,16.0423150684931,1700.93,1372.25,15.7291
"2505","dukehw",2020,315,0.32223,16.0423150684931,1700.93,1372.25,15.7291
"2506","dukehw",2020,316,0.3214,16.0423150684931,1700.93,1372.25,15.7291
"2507","dukehw",2020,317,0.32062,16.0423150684931,1700.93,1372.25,15.7291
"2508","dukehw",2020,318,0.31991,16.0423150684931,1700.93,1372.25,15.7291
"2509","dukehw",2020,319,0.31928,16.0423150684931,1700.93,1372.25,15.7291
"2510","dukehw",2020,320,0.31877,16.0423150684931,1700.93,1372.25,15.7291
"2511","dukehw",2020,321,0.31839,16.0423150684931,1700.93,1372.25,15.7291
"2512","dukehw",2020,322,0.31813,16.0423150684931,1700.93,1372.25,15.7291
"2513","dukehw",2020,323,0.31796,16.0423150684931,1700.93,1372.25,15.7291
"2514","dukehw",2020,324,0.31786,16.0423150684931,1700.93,1372.25,15.7291
"2515","dukehw",2020,325,0.31781,16.0423150684931,1700.93,1372.25,15.7291
"2516","dukehw",2020,326,0.31779,16.0423150684931,1700.93,1372.25,15.7291
"2517","dukehw",2020,327,0.31777,16.0423150684931,1700.93,1372.25,15.7291
"2518","dukehw",2020,328,0.31772,16.0423150684931,1700.93,1372.25,15.7291
"2519","dukehw",2020,329,0.31764,16.0423150684931,1700.93,1372.25,15.7291
"2520","dukehw",2020,330,0.31754,16.0423150684931,1700.93,1372.25,15.7291
"2521","dukehw",2020,331,0.31746,16.0423150684931,1700.93,1372.25,15.7291
"2522","dukehw",2020,332,0.31741,16.0423150684931,1700.93,1372.25,15.7291
"2523","dukehw",2020,333,0.31739,16.0423150684931,1700.93,1372.25,15.7291
"2524","dukehw",2020,334,0.31737,16.0423150684931,1700.93,1372.25,15.7291
"2525","dukehw",2020,335,0.31737,16.0423150684931,1700.93,1372.25,15.7291
"2526","dukehw",2020,336,0.31738,16.0423150684931,1700.93,1372.25,15.7291
"2527","dukehw",2020,337,0.3174,16.0423150684931,1700.93,1372.25,15.7291
"2528","dukehw",2020,338,0.31741,16.0423150684931,1700.93,1372.25,15.7291
"2529","dukehw",2020,339,0.31744,16.0423150684931,1700.93,1372.25,15.7291
"2530","dukehw",2020,340,0.31749,16.0423150684931,1700.93,1372.25,15.7291
"2531","dukehw",2020,341,0.31756,16.0423150684931,1700.93,1372.25,15.7291
"2532","dukehw",2020,342,0.31764,16.0423150684931,1700.93,1372.25,15.7291
"2533","dukehw",2020,343,0.31772,16.0423150684931,1700.93,1372.25,15.7291
"2534","dukehw",2020,344,0.3178,16.0423150684931,1700.93,1372.25,15.7291
"2535","dukehw",2020,345,0.31787,16.0423150684931,1700.93,1372.25,15.7291
"2536","dukehw",2020,346,0.31792,16.0423150684931,1700.93,1372.25,15.7291
"2537","dukehw",2020,347,0.31795,16.0423150684931,1700.93,1372.25,15.7291
"2538","dukehw",2020,348,0.31795,16.0423150684931,1700.93,1372.25,15.7291
"2539","dukehw",2020,349,0.31793,16.0423150684931,1700.93,1372.25,15.7291
"2540","dukehw",2020,350,0.3179,16.0423150684931,1700.93,1372.25,15.7291
"2541","dukehw",2020,351,0.31787,16.0423150684931,1700.93,1372.25,15.7291
"2542","dukehw",2020,352,0.31783,16.0423150684931,1700.93,1372.25,15.7291
"2543","dukehw",2020,353,0.31781,16.0423150684931,1700.93,1372.25,15.7291
"2544","dukehw",2020,354,0.3178,16.0423150684931,1700.93,1372.25,15.7291
"2545","dukehw",2020,355,0.3178,16.0423150684931,1700.93,1372.25,15.7291
"2546","dukehw",2020,356,0.31784,16.0423150684931,1700.93,1372.25,15.7291
"2547","dukehw",2020,357,0.31791,16.0423150684931,1700.93,1372.25,15.7291
"2548","dukehw",2020,358,0.31802,16.0423150684931,1700.93,1372.25,15.7291
"2549","dukehw",2020,359,0.31817,16.0423150684931,1700.93,1372.25,15.7291
"2550","dukehw",2020,360,0.31836,16.0423150684931,1700.93,1372.25,15.7291
"2551","dukehw",2020,361,0.31858,16.0423150684931,1700.93,1372.25,15.7291
"2552","dukehw",2020,362,0.31883,16.0423150684931,1700.93,1372.25,15.7291
"2553","dukehw",2020,363,0.31911,16.0423150684931,1700.93,1372.25,15.7291
"2554","dukehw",2020,364,0.31941,16.0423150684931,1700.93,1372.25,15.7291
"2555","dukehw",2020,365,0.31973,16.0423150684931,1700.93,1372.25,15.7291
"2556","dukehw",2021,1,0.31993,15.7299315068493,1134.75,1372.25,15.7291
"2557","dukehw",2021,2,0.31976,15.7299315068493,1134.75,1372.25,15.7291
"2558","dukehw",2021,3,0.31949,15.7299315068493,1134.75,1372.25,15.7291
"2559","dukehw",2021,4,0.31917,15.7299315068493,1134.75,1372.25,15.7291
"2560","dukehw",2021,5,0.31885,15.7299315068493,1134.75,1372.25,15.7291
"2561","dukehw",2021,6,0.31857,15.7299315068493,1134.75,1372.25,15.7291
"2562","dukehw",2021,7,0.31841,15.7299315068493,1134.75,1372.25,15.7291
"2563","dukehw",2021,8,0.3183,15.7299315068493,1134.75,1372.25,15.7291
"2564","dukehw",2021,9,0.31817,15.7299315068493,1134.75,1372.25,15.7291
"2565","dukehw",2021,10,0.31803,15.7299315068493,1134.75,1372.25,15.7291
"2566","dukehw",2021,11,0.31788,15.7299315068493,1134.75,1372.25,15.7291
"2567","dukehw",2021,12,0.31774,15.7299315068493,1134.75,1372.25,15.7291
"2568","dukehw",2021,13,0.31762,15.7299315068493,1134.75,1372.25,15.7291
"2569","dukehw",2021,14,0.31752,15.7299315068493,1134.75,1372.25,15.7291
"2570","dukehw",2021,15,0.31746,15.7299315068493,1134.75,1372.25,15.7291
"2571","dukehw",2021,16,0.31744,15.7299315068493,1134.75,1372.25,15.7291
"2572","dukehw",2021,17,0.31744,15.7299315068493,1134.75,1372.25,15.7291
"2573","dukehw",2021,18,0.31744,15.7299315068493,1134.75,1372.25,15.7291
"2574","dukehw",2021,19,0.31745,15.7299315068493,1134.75,1372.25,15.7291
"2575","dukehw",2021,20,0.31746,15.7299315068493,1134.75,1372.25,15.7291
"2576","dukehw",2021,21,0.31748,15.7299315068493,1134.75,1372.25,15.7291
"2577","dukehw",2021,22,0.31749,15.7299315068493,1134.75,1372.25,15.7291
"2578","dukehw",2021,23,0.31751,15.7299315068493,1134.75,1372.25,15.7291
"2579","dukehw",2021,24,0.31752,15.7299315068493,1134.75,1372.25,15.7291
"2580","dukehw",2021,25,0.31754,15.7299315068493,1134.75,1372.25,15.7291
"2581","dukehw",2021,26,0.31756,15.7299315068493,1134.75,1372.25,15.7291
"2582","dukehw",2021,27,0.31758,15.7299315068493,1134.75,1372.25,15.7291
"2583","dukehw",2021,28,0.3176,15.7299315068493,1134.75,1372.25,15.7291
"2584","dukehw",2021,29,0.31763,15.7299315068493,1134.75,1372.25,15.7291
"2585","dukehw",2021,30,0.31765,15.7299315068493,1134.75,1372.25,15.7291
"2586","dukehw",2021,31,0.31768,15.7299315068493,1134.75,1372.25,15.7291
"2587","dukehw",2021,32,0.3177,15.7299315068493,1134.75,1372.25,15.7291
"2588","dukehw",2021,33,0.31772,15.7299315068493,1134.75,1372.25,15.7291
"2589","dukehw",2021,34,0.31774,15.7299315068493,1134.75,1372.25,15.7291
"2590","dukehw",2021,35,0.31775,15.7299315068493,1134.75,1372.25,15.7291
"2591","dukehw",2021,36,0.31776,15.7299315068493,1134.75,1372.25,15.7291
"2592","dukehw",2021,37,0.31777,15.7299315068493,1134.75,1372.25,15.7291
"2593","dukehw",2021,38,0.31778,15.7299315068493,1134.75,1372.25,15.7291
"2594","dukehw",2021,39,0.31778,15.7299315068493,1134.75,1372.25,15.7291
"2595","dukehw",2021,40,0.31779,15.7299315068493,1134.75,1372.25,15.7291
"2596","dukehw",2021,41,0.3178,15.7299315068493,1134.75,1372.25,15.7291
"2597","dukehw",2021,42,0.31781,15.7299315068493,1134.75,1372.25,15.7291
"2598","dukehw",2021,43,0.31782,15.7299315068493,1134.75,1372.25,15.7291
"2599","dukehw",2021,44,0.31783,15.7299315068493,1134.75,1372.25,15.7291
"2600","dukehw",2021,45,0.31783,15.7299315068493,1134.75,1372.25,15.7291
"2601","dukehw",2021,46,0.31783,15.7299315068493,1134.75,1372.25,15.7291
"2602","dukehw",2021,47,0.31782,15.7299315068493,1134.75,1372.25,15.7291
"2603","dukehw",2021,48,0.31782,15.7299315068493,1134.75,1372.25,15.7291
"2604","dukehw",2021,49,0.31783,15.7299315068493,1134.75,1372.25,15.7291
"2605","dukehw",2021,50,0.31784,15.7299315068493,1134.75,1372.25,15.7291
"2606","dukehw",2021,51,0.31786,15.7299315068493,1134.75,1372.25,15.7291
"2607","dukehw",2021,52,0.3179,15.7299315068493,1134.75,1372.25,15.7291
"2608","dukehw",2021,53,0.31793,15.7299315068493,1134.75,1372.25,15.7291
"2609","dukehw",2021,54,0.31794,15.7299315068493,1134.75,1372.25,15.7291
"2610","dukehw",2021,55,0.31793,15.7299315068493,1134.75,1372.25,15.7291
"2611","dukehw",2021,56,0.31793,15.7299315068493,1134.75,1372.25,15.7291
"2612","dukehw",2021,57,0.31793,15.7299315068493,1134.75,1372.25,15.7291
"2613","dukehw",2021,58,0.31796,15.7299315068493,1134.75,1372.25,15.7291
"2614","dukehw",2021,59,0.31802,15.7299315068493,1134.75,1372.25,15.7291
"2615","dukehw",2021,60,0.31812,15.7299315068493,1134.75,1372.25,15.7291
"2616","dukehw",2021,61,0.31828,15.7299315068493,1134.75,1372.25,15.7291
"2617","dukehw",2021,62,0.31843,15.7299315068493,1134.75,1372.25,15.7291
"2618","dukehw",2021,63,0.31854,15.7299315068493,1134.75,1372.25,15.7291
"2619","dukehw",2021,64,0.31862,15.7299315068493,1134.75,1372.25,15.7291
"2620","dukehw",2021,65,0.31872,15.7299315068493,1134.75,1372.25,15.7291
"2621","dukehw",2021,66,0.31885,15.7299315068493,1134.75,1372.25,15.7291
"2622","dukehw",2021,67,0.31906,15.7299315068493,1134.75,1372.25,15.7291
"2623","dukehw",2021,68,0.31937,15.7299315068493,1134.75,1372.25,15.7291
"2624","dukehw",2021,69,0.3198,15.7299315068493,1134.75,1372.25,15.7291
"2625","dukehw",2021,70,0.32039,15.7299315068493,1134.75,1372.25,15.7291
"2626","dukehw",2021,71,0.32106,15.7299315068493,1134.75,1372.25,15.7291
"2627","dukehw",2021,72,0.32174,15.7299315068493,1134.75,1372.25,15.7291
"2628","dukehw",2021,73,0.32244,15.7299315068493,1134.75,1372.25,15.7291
"2629","dukehw",2021,74,0.32321,15.7299315068493,1134.75,1372.25,15.7291
"2630","dukehw",2021,75,0.32407,15.7299315068493,1134.75,1372.25,15.7291
"2631","dukehw",2021,76,0.32506,15.7299315068493,1134.75,1372.25,15.7291
"2632","dukehw",2021,77,0.32621,15.7299315068493,1134.75,1372.25,15.7291
"2633","dukehw",2021,78,0.32755,15.7299315068493,1134.75,1372.25,15.7291
"2634","dukehw",2021,79,0.32912,15.7299315068493,1134.75,1372.25,15.7291
"2635","dukehw",2021,80,0.3309,15.7299315068493,1134.75,1372.25,15.7291
"2636","dukehw",2021,81,0.33285,15.7299315068493,1134.75,1372.25,15.7291
"2637","dukehw",2021,82,0.33496,15.7299315068493,1134.75,1372.25,15.7291
"2638","dukehw",2021,83,0.33723,15.7299315068493,1134.75,1372.25,15.7291
"2639","dukehw",2021,84,0.33964,15.7299315068493,1134.75,1372.25,15.7291
"2640","dukehw",2021,85,0.34218,15.7299315068493,1134.75,1372.25,15.7291
"2641","dukehw",2021,86,0.34486,15.7299315068493,1134.75,1372.25,15.7291
"2642","dukehw",2021,87,0.34766,15.7299315068493,1134.75,1372.25,15.7291
"2643","dukehw",2021,88,0.35056,15.7299315068493,1134.75,1372.25,15.7291
"2644","dukehw",2021,89,0.35372,15.7299315068493,1134.75,1372.25,15.7291
"2645","dukehw",2021,90,0.35722,15.7299315068493,1134.75,1372.25,15.7291
"2646","dukehw",2021,91,0.36097,15.7299315068493,1134.75,1372.25,15.7291
"2647","dukehw",2021,92,0.3649,15.7299315068493,1134.75,1372.25,15.7291
"2648","dukehw",2021,93,0.36892,15.7299315068493,1134.75,1372.25,15.7291
"2649","dukehw",2021,94,0.37297,15.7299315068493,1134.75,1372.25,15.7291
"2650","dukehw",2021,95,0.37696,15.7299315068493,1134.75,1372.25,15.7291
"2651","dukehw",2021,96,0.3808,15.7299315068493,1134.75,1372.25,15.7291
"2652","dukehw",2021,97,0.38443,15.7299315068493,1134.75,1372.25,15.7291
"2653","dukehw",2021,98,0.38806,15.7299315068493,1134.75,1372.25,15.7291
"2654","dukehw",2021,99,0.39191,15.7299315068493,1134.75,1372.25,15.7291
"2655","dukehw",2021,100,0.39588,15.7299315068493,1134.75,1372.25,15.7291
"2656","dukehw",2021,101,0.39989,15.7299315068493,1134.75,1372.25,15.7291
"2657","dukehw",2021,102,0.40382,15.7299315068493,1134.75,1372.25,15.7291
"2658","dukehw",2021,103,0.40759,15.7299315068493,1134.75,1372.25,15.7291
"2659","dukehw",2021,104,0.41111,15.7299315068493,1134.75,1372.25,15.7291
"2660","dukehw",2021,105,0.41427,15.7299315068493,1134.75,1372.25,15.7291
"2661","dukehw",2021,106,0.41697,15.7299315068493,1134.75,1372.25,15.7291
"2662","dukehw",2021,107,0.4193,15.7299315068493,1134.75,1372.25,15.7291
"2663","dukehw",2021,108,0.42139,15.7299315068493,1134.75,1372.25,15.7291
"2664","dukehw",2021,109,0.42326,15.7299315068493,1134.75,1372.25,15.7291
"2665","dukehw",2021,110,0.42491,15.7299315068493,1134.75,1372.25,15.7291
"2666","dukehw",2021,111,0.42636,15.7299315068493,1134.75,1372.25,15.7291
"2667","dukehw",2021,112,0.42763,15.7299315068493,1134.75,1372.25,15.7291
"2668","dukehw",2021,113,0.42872,15.7299315068493,1134.75,1372.25,15.7291
"2669","dukehw",2021,114,0.42964,15.7299315068493,1134.75,1372.25,15.7291
"2670","dukehw",2021,115,0.43042,15.7299315068493,1134.75,1372.25,15.7291
"2671","dukehw",2021,116,0.4309,15.7299315068493,1134.75,1372.25,15.7291
"2672","dukehw",2021,117,0.431,15.7299315068493,1134.75,1372.25,15.7291
"2673","dukehw",2021,118,0.43079,15.7299315068493,1134.75,1372.25,15.7291
"2674","dukehw",2021,119,0.43035,15.7299315068493,1134.75,1372.25,15.7291
"2675","dukehw",2021,120,0.42977,15.7299315068493,1134.75,1372.25,15.7291
"2676","dukehw",2021,121,0.42913,15.7299315068493,1134.75,1372.25,15.7291
"2677","dukehw",2021,122,0.4285,15.7299315068493,1134.75,1372.25,15.7291
"2678","dukehw",2021,123,0.42798,15.7299315068493,1134.75,1372.25,15.7291
"2679","dukehw",2021,124,0.42764,15.7299315068493,1134.75,1372.25,15.7291
"2680","dukehw",2021,125,0.42738,15.7299315068493,1134.75,1372.25,15.7291
"2681","dukehw",2021,126,0.42704,15.7299315068493,1134.75,1372.25,15.7291
"2682","dukehw",2021,127,0.42665,15.7299315068493,1134.75,1372.25,15.7291
"2683","dukehw",2021,128,0.42623,15.7299315068493,1134.75,1372.25,15.7291
"2684","dukehw",2021,129,0.4258,15.7299315068493,1134.75,1372.25,15.7291
"2685","dukehw",2021,130,0.42538,15.7299315068493,1134.75,1372.25,15.7291
"2686","dukehw",2021,131,0.425,15.7299315068493,1134.75,1372.25,15.7291
"2687","dukehw",2021,132,0.42467,15.7299315068493,1134.75,1372.25,15.7291
"2688","dukehw",2021,133,0.42442,15.7299315068493,1134.75,1372.25,15.7291
"2689","dukehw",2021,134,0.42423,15.7299315068493,1134.75,1372.25,15.7291
"2690","dukehw",2021,135,0.4241,15.7299315068493,1134.75,1372.25,15.7291
"2691","dukehw",2021,136,0.42399,15.7299315068493,1134.75,1372.25,15.7291
"2692","dukehw",2021,137,0.42391,15.7299315068493,1134.75,1372.25,15.7291
"2693","dukehw",2021,138,0.42383,15.7299315068493,1134.75,1372.25,15.7291
"2694","dukehw",2021,139,0.42375,15.7299315068493,1134.75,1372.25,15.7291
"2695","dukehw",2021,140,0.42365,15.7299315068493,1134.75,1372.25,15.7291
"2696","dukehw",2021,141,0.42353,15.7299315068493,1134.75,1372.25,15.7291
"2697","dukehw",2021,142,0.42335,15.7299315068493,1134.75,1372.25,15.7291
"2698","dukehw",2021,143,0.42315,15.7299315068493,1134.75,1372.25,15.7291
"2699","dukehw",2021,144,0.42294,15.7299315068493,1134.75,1372.25,15.7291
"2700","dukehw",2021,145,0.42272,15.7299315068493,1134.75,1372.25,15.7291
"2701","dukehw",2021,146,0.42248,15.7299315068493,1134.75,1372.25,15.7291
"2702","dukehw",2021,147,0.42223,15.7299315068493,1134.75,1372.25,15.7291
"2703","dukehw",2021,148,0.42197,15.7299315068493,1134.75,1372.25,15.7291
"2704","dukehw",2021,149,0.4217,15.7299315068493,1134.75,1372.25,15.7291
"2705","dukehw",2021,150,0.42141,15.7299315068493,1134.75,1372.25,15.7291
"2706","dukehw",2021,151,0.42111,15.7299315068493,1134.75,1372.25,15.7291
"2707","dukehw",2021,152,0.42079,15.7299315068493,1134.75,1372.25,15.7291
"2708","dukehw",2021,153,0.42045,15.7299315068493,1134.75,1372.25,15.7291
"2709","dukehw",2021,154,0.42009,15.7299315068493,1134.75,1372.25,15.7291
"2710","dukehw",2021,155,0.41971,15.7299315068493,1134.75,1372.25,15.7291
"2711","dukehw",2021,156,0.41934,15.7299315068493,1134.75,1372.25,15.7291
"2712","dukehw",2021,157,0.41896,15.7299315068493,1134.75,1372.25,15.7291
"2713","dukehw",2021,158,0.4186,15.7299315068493,1134.75,1372.25,15.7291
"2714","dukehw",2021,159,0.41825,15.7299315068493,1134.75,1372.25,15.7291
"2715","dukehw",2021,160,0.41792,15.7299315068493,1134.75,1372.25,15.7291
"2716","dukehw",2021,161,0.41761,15.7299315068493,1134.75,1372.25,15.7291
"2717","dukehw",2021,162,0.41728,15.7299315068493,1134.75,1372.25,15.7291
"2718","dukehw",2021,163,0.41696,15.7299315068493,1134.75,1372.25,15.7291
"2719","dukehw",2021,164,0.41663,15.7299315068493,1134.75,1372.25,15.7291
"2720","dukehw",2021,165,0.41631,15.7299315068493,1134.75,1372.25,15.7291
"2721","dukehw",2021,166,0.41599,15.7299315068493,1134.75,1372.25,15.7291
"2722","dukehw",2021,167,0.41568,15.7299315068493,1134.75,1372.25,15.7291
"2723","dukehw",2021,168,0.41539,15.7299315068493,1134.75,1372.25,15.7291
"2724","dukehw",2021,169,0.41511,15.7299315068493,1134.75,1372.25,15.7291
"2725","dukehw",2021,170,0.41484,15.7299315068493,1134.75,1372.25,15.7291
"2726","dukehw",2021,171,0.41458,15.7299315068493,1134.75,1372.25,15.7291
"2727","dukehw",2021,172,0.41433,15.7299315068493,1134.75,1372.25,15.7291
"2728","dukehw",2021,173,0.41409,15.7299315068493,1134.75,1372.25,15.7291
"2729","dukehw",2021,174,0.41386,15.7299315068493,1134.75,1372.25,15.7291
"2730","dukehw",2021,175,0.41363,15.7299315068493,1134.75,1372.25,15.7291
"2731","dukehw",2021,176,0.41342,15.7299315068493,1134.75,1372.25,15.7291
"2732","dukehw",2021,177,0.41322,15.7299315068493,1134.75,1372.25,15.7291
"2733","dukehw",2021,178,0.41302,15.7299315068493,1134.75,1372.25,15.7291
"2734","dukehw",2021,179,0.41285,15.7299315068493,1134.75,1372.25,15.7291
"2735","dukehw",2021,180,0.4127,15.7299315068493,1134.75,1372.25,15.7291
"2736","dukehw",2021,181,0.41257,15.7299315068493,1134.75,1372.25,15.7291
"2737","dukehw",2021,182,0.41245,15.7299315068493,1134.75,1372.25,15.7291
"2738","dukehw",2021,183,0.41233,15.7299315068493,1134.75,1372.25,15.7291
"2739","dukehw",2021,184,0.41221,15.7299315068493,1134.75,1372.25,15.7291
"2740","dukehw",2021,185,0.41208,15.7299315068493,1134.75,1372.25,15.7291
"2741","dukehw",2021,186,0.41194,15.7299315068493,1134.75,1372.25,15.7291
"2742","dukehw",2021,187,0.41178,15.7299315068493,1134.75,1372.25,15.7291
"2743","dukehw",2021,188,0.41161,15.7299315068493,1134.75,1372.25,15.7291
"2744","dukehw",2021,189,0.41143,15.7299315068493,1134.75,1372.25,15.7291
"2745","dukehw",2021,190,0.41125,15.7299315068493,1134.75,1372.25,15.7291
"2746","dukehw",2021,191,0.41106,15.7299315068493,1134.75,1372.25,15.7291
"2747","dukehw",2021,192,0.41087,15.7299315068493,1134.75,1372.25,15.7291
"2748","dukehw",2021,193,0.41068,15.7299315068493,1134.75,1372.25,15.7291
"2749","dukehw",2021,194,0.41048,15.7299315068493,1134.75,1372.25,15.7291
"2750","dukehw",2021,195,0.41027,15.7299315068493,1134.75,1372.25,15.7291
"2751","dukehw",2021,196,0.41007,15.7299315068493,1134.75,1372.25,15.7291
"2752","dukehw",2021,197,0.40986,15.7299315068493,1134.75,1372.25,15.7291
"2753","dukehw",2021,198,0.40965,15.7299315068493,1134.75,1372.25,15.7291
"2754","dukehw",2021,199,0.40944,15.7299315068493,1134.75,1372.25,15.7291
"2755","dukehw",2021,200,0.40922,15.7299315068493,1134.75,1372.25,15.7291
"2756","dukehw",2021,201,0.409,15.7299315068493,1134.75,1372.25,15.7291
"2757","dukehw",2021,202,0.40876,15.7299315068493,1134.75,1372.25,15.7291
"2758","dukehw",2021,203,0.40851,15.7299315068493,1134.75,1372.25,15.7291
"2759","dukehw",2021,204,0.40825,15.7299315068493,1134.75,1372.25,15.7291
"2760","dukehw",2021,205,0.40796,15.7299315068493,1134.75,1372.25,15.7291
"2761","dukehw",2021,206,0.4076,15.7299315068493,1134.75,1372.25,15.7291
"2762","dukehw",2021,207,0.40714,15.7299315068493,1134.75,1372.25,15.7291
"2763","dukehw",2021,208,0.4066,15.7299315068493,1134.75,1372.25,15.7291
"2764","dukehw",2021,209,0.40602,15.7299315068493,1134.75,1372.25,15.7291
"2765","dukehw",2021,210,0.40541,15.7299315068493,1134.75,1372.25,15.7291
"2766","dukehw",2021,211,0.4048,15.7299315068493,1134.75,1372.25,15.7291
"2767","dukehw",2021,212,0.40422,15.7299315068493,1134.75,1372.25,15.7291
"2768","dukehw",2021,213,0.40369,15.7299315068493,1134.75,1372.25,15.7291
"2769","dukehw",2021,214,0.40323,15.7299315068493,1134.75,1372.25,15.7291
"2770","dukehw",2021,215,0.40282,15.7299315068493,1134.75,1372.25,15.7291
"2771","dukehw",2021,216,0.4024,15.7299315068493,1134.75,1372.25,15.7291
"2772","dukehw",2021,217,0.40198,15.7299315068493,1134.75,1372.25,15.7291
"2773","dukehw",2021,218,0.4016,15.7299315068493,1134.75,1372.25,15.7291
"2774","dukehw",2021,219,0.40125,15.7299315068493,1134.75,1372.25,15.7291
"2775","dukehw",2021,220,0.40096,15.7299315068493,1134.75,1372.25,15.7291
"2776","dukehw",2021,221,0.40075,15.7299315068493,1134.75,1372.25,15.7291
"2777","dukehw",2021,222,0.40063,15.7299315068493,1134.75,1372.25,15.7291
"2778","dukehw",2021,223,0.40062,15.7299315068493,1134.75,1372.25,15.7291
"2779","dukehw",2021,224,0.40065,15.7299315068493,1134.75,1372.25,15.7291
"2780","dukehw",2021,225,0.40066,15.7299315068493,1134.75,1372.25,15.7291
"2781","dukehw",2021,226,0.40065,15.7299315068493,1134.75,1372.25,15.7291
"2782","dukehw",2021,227,0.40062,15.7299315068493,1134.75,1372.25,15.7291
"2783","dukehw",2021,228,0.40057,15.7299315068493,1134.75,1372.25,15.7291
"2784","dukehw",2021,229,0.4005,15.7299315068493,1134.75,1372.25,15.7291
"2785","dukehw",2021,230,0.40043,15.7299315068493,1134.75,1372.25,15.7291
"2786","dukehw",2021,231,0.40034,15.7299315068493,1134.75,1372.25,15.7291
"2787","dukehw",2021,232,0.40025,15.7299315068493,1134.75,1372.25,15.7291
"2788","dukehw",2021,233,0.40014,15.7299315068493,1134.75,1372.25,15.7291
"2789","dukehw",2021,234,0.40004,15.7299315068493,1134.75,1372.25,15.7291
"2790","dukehw",2021,235,0.39992,15.7299315068493,1134.75,1372.25,15.7291
"2791","dukehw",2021,236,0.39979,15.7299315068493,1134.75,1372.25,15.7291
"2792","dukehw",2021,237,0.39966,15.7299315068493,1134.75,1372.25,15.7291
"2793","dukehw",2021,238,0.39952,15.7299315068493,1134.75,1372.25,15.7291
"2794","dukehw",2021,239,0.39938,15.7299315068493,1134.75,1372.25,15.7291
"2795","dukehw",2021,240,0.39923,15.7299315068493,1134.75,1372.25,15.7291
"2796","dukehw",2021,241,0.39907,15.7299315068493,1134.75,1372.25,15.7291
"2797","dukehw",2021,242,0.3989,15.7299315068493,1134.75,1372.25,15.7291
"2798","dukehw",2021,243,0.39872,15.7299315068493,1134.75,1372.25,15.7291
"2799","dukehw",2021,244,0.39853,15.7299315068493,1134.75,1372.25,15.7291
"2800","dukehw",2021,245,0.39833,15.7299315068493,1134.75,1372.25,15.7291
"2801","dukehw",2021,246,0.39813,15.7299315068493,1134.75,1372.25,15.7291
"2802","dukehw",2021,247,0.39792,15.7299315068493,1134.75,1372.25,15.7291
"2803","dukehw",2021,248,0.39772,15.7299315068493,1134.75,1372.25,15.7291
"2804","dukehw",2021,249,0.39752,15.7299315068493,1134.75,1372.25,15.7291
"2805","dukehw",2021,250,0.39733,15.7299315068493,1134.75,1372.25,15.7291
"2806","dukehw",2021,251,0.39717,15.7299315068493,1134.75,1372.25,15.7291
"2807","dukehw",2021,252,0.39707,15.7299315068493,1134.75,1372.25,15.7291
"2808","dukehw",2021,253,0.39699,15.7299315068493,1134.75,1372.25,15.7291
"2809","dukehw",2021,254,0.39692,15.7299315068493,1134.75,1372.25,15.7291
"2810","dukehw",2021,255,0.39683,15.7299315068493,1134.75,1372.25,15.7291
"2811","dukehw",2021,256,0.3967,15.7299315068493,1134.75,1372.25,15.7291
"2812","dukehw",2021,257,0.39651,15.7299315068493,1134.75,1372.25,15.7291
"2813","dukehw",2021,258,0.39623,15.7299315068493,1134.75,1372.25,15.7291
"2814","dukehw",2021,259,0.39585,15.7299315068493,1134.75,1372.25,15.7291
"2815","dukehw",2021,260,0.39542,15.7299315068493,1134.75,1372.25,15.7291
"2816","dukehw",2021,261,0.395,15.7299315068493,1134.75,1372.25,15.7291
"2817","dukehw",2021,262,0.39457,15.7299315068493,1134.75,1372.25,15.7291
"2818","dukehw",2021,263,0.3941,15.7299315068493,1134.75,1372.25,15.7291
"2819","dukehw",2021,264,0.39356,15.7299315068493,1134.75,1372.25,15.7291
"2820","dukehw",2021,265,0.39293,15.7299315068493,1134.75,1372.25,15.7291
"2821","dukehw",2021,266,0.39217,15.7299315068493,1134.75,1372.25,15.7291
"2822","dukehw",2021,267,0.39125,15.7299315068493,1134.75,1372.25,15.7291
"2823","dukehw",2021,268,0.39016,15.7299315068493,1134.75,1372.25,15.7291
"2824","dukehw",2021,269,0.38894,15.7299315068493,1134.75,1372.25,15.7291
"2825","dukehw",2021,270,0.3877,15.7299315068493,1134.75,1372.25,15.7291
"2826","dukehw",2021,271,0.38644,15.7299315068493,1134.75,1372.25,15.7291
"2827","dukehw",2021,272,0.38516,15.7299315068493,1134.75,1372.25,15.7291
"2828","dukehw",2021,273,0.38389,15.7299315068493,1134.75,1372.25,15.7291
"2829","dukehw",2021,274,0.38263,15.7299315068493,1134.75,1372.25,15.7291
"2830","dukehw",2021,275,0.38138,15.7299315068493,1134.75,1372.25,15.7291
"2831","dukehw",2021,276,0.38017,15.7299315068493,1134.75,1372.25,15.7291
"2832","dukehw",2021,277,0.379,15.7299315068493,1134.75,1372.25,15.7291
"2833","dukehw",2021,278,0.37804,15.7299315068493,1134.75,1372.25,15.7291
"2834","dukehw",2021,279,0.37741,15.7299315068493,1134.75,1372.25,15.7291
"2835","dukehw",2021,280,0.37701,15.7299315068493,1134.75,1372.25,15.7291
"2836","dukehw",2021,281,0.37673,15.7299315068493,1134.75,1372.25,15.7291
"2837","dukehw",2021,282,0.37649,15.7299315068493,1134.75,1372.25,15.7291
"2838","dukehw",2021,283,0.37618,15.7299315068493,1134.75,1372.25,15.7291
"2839","dukehw",2021,284,0.37571,15.7299315068493,1134.75,1372.25,15.7291
"2840","dukehw",2021,285,0.37498,15.7299315068493,1134.75,1372.25,15.7291
"2841","dukehw",2021,286,0.3739,15.7299315068493,1134.75,1372.25,15.7291
"2842","dukehw",2021,287,0.37268,15.7299315068493,1134.75,1372.25,15.7291
"2843","dukehw",2021,288,0.37155,15.7299315068493,1134.75,1372.25,15.7291
"2844","dukehw",2021,289,0.37044,15.7299315068493,1134.75,1372.25,15.7291
"2845","dukehw",2021,290,0.36927,15.7299315068493,1134.75,1372.25,15.7291
"2846","dukehw",2021,291,0.36795,15.7299315068493,1134.75,1372.25,15.7291
"2847","dukehw",2021,292,0.36641,15.7299315068493,1134.75,1372.25,15.7291
"2848","dukehw",2021,293,0.36456,15.7299315068493,1134.75,1372.25,15.7291
"2849","dukehw",2021,294,0.36234,15.7299315068493,1134.75,1372.25,15.7291
"2850","dukehw",2021,295,0.35996,15.7299315068493,1134.75,1372.25,15.7291
"2851","dukehw",2021,296,0.35768,15.7299315068493,1134.75,1372.25,15.7291
"2852","dukehw",2021,297,0.35549,15.7299315068493,1134.75,1372.25,15.7291
"2853","dukehw",2021,298,0.35338,15.7299315068493,1134.75,1372.25,15.7291
"2854","dukehw",2021,299,0.35132,15.7299315068493,1134.75,1372.25,15.7291
"2855","dukehw",2021,300,0.34932,15.7299315068493,1134.75,1372.25,15.7291
"2856","dukehw",2021,301,0.34734,15.7299315068493,1134.75,1372.25,15.7291
"2857","dukehw",2021,302,0.34539,15.7299315068493,1134.75,1372.25,15.7291
"2858","dukehw",2021,303,0.34343,15.7299315068493,1134.75,1372.25,15.7291
"2859","dukehw",2021,304,0.3414,15.7299315068493,1134.75,1372.25,15.7291
"2860","dukehw",2021,305,0.33926,15.7299315068493,1134.75,1372.25,15.7291
"2861","dukehw",2021,306,0.33704,15.7299315068493,1134.75,1372.25,15.7291
"2862","dukehw",2021,307,0.3348,15.7299315068493,1134.75,1372.25,15.7291
"2863","dukehw",2021,308,0.33257,15.7299315068493,1134.75,1372.25,15.7291
"2864","dukehw",2021,309,0.33039,15.7299315068493,1134.75,1372.25,15.7291
"2865","dukehw",2021,310,0.32832,15.7299315068493,1134.75,1372.25,15.7291
"2866","dukehw",2021,311,0.32639,15.7299315068493,1134.75,1372.25,15.7291
"2867","dukehw",2021,312,0.32465,15.7299315068493,1134.75,1372.25,15.7291
"2868","dukehw",2021,313,0.32301,15.7299315068493,1134.75,1372.25,15.7291
"2869","dukehw",2021,314,0.32137,15.7299315068493,1134.75,1372.25,15.7291
"2870","dukehw",2021,315,0.31977,15.7299315068493,1134.75,1372.25,15.7291
"2871","dukehw",2021,316,0.31824,15.7299315068493,1134.75,1372.25,15.7291
"2872","dukehw",2021,317,0.3168,15.7299315068493,1134.75,1372.25,15.7291
"2873","dukehw",2021,318,0.31548,15.7299315068493,1134.75,1372.25,15.7291
"2874","dukehw",2021,319,0.31433,15.7299315068493,1134.75,1372.25,15.7291
"2875","dukehw",2021,320,0.31335,15.7299315068493,1134.75,1372.25,15.7291
"2876","dukehw",2021,321,0.3126,15.7299315068493,1134.75,1372.25,15.7291
"2877","dukehw",2021,322,0.31213,15.7299315068493,1134.75,1372.25,15.7291
"2878","dukehw",2021,323,0.31196,15.7299315068493,1134.75,1372.25,15.7291
"2879","dukehw",2021,324,0.31202,15.7299315068493,1134.75,1372.25,15.7291
"2880","dukehw",2021,325,0.31226,15.7299315068493,1134.75,1372.25,15.7291
"2881","dukehw",2021,326,0.31262,15.7299315068493,1134.75,1372.25,15.7291
"2882","dukehw",2021,327,0.31303,15.7299315068493,1134.75,1372.25,15.7291
"2883","dukehw",2021,328,0.31344,15.7299315068493,1134.75,1372.25,15.7291
"2884","dukehw",2021,329,0.31379,15.7299315068493,1134.75,1372.25,15.7291
"2885","dukehw",2021,330,0.31401,15.7299315068493,1134.75,1372.25,15.7291
"2886","dukehw",2021,331,0.31419,15.7299315068493,1134.75,1372.25,15.7291
"2887","dukehw",2021,332,0.31445,15.7299315068493,1134.75,1372.25,15.7291
"2888","dukehw",2021,333,0.31476,15.7299315068493,1134.75,1372.25,15.7291
"2889","dukehw",2021,334,0.3151,15.7299315068493,1134.75,1372.25,15.7291
"2890","dukehw",2021,335,0.31544,15.7299315068493,1134.75,1372.25,15.7291
"2891","dukehw",2021,336,0.31578,15.7299315068493,1134.75,1372.25,15.7291
"2892","dukehw",2021,337,0.31609,15.7299315068493,1134.75,1372.25,15.7291
"2893","dukehw",2021,338,0.31634,15.7299315068493,1134.75,1372.25,15.7291
"2894","dukehw",2021,339,0.31652,15.7299315068493,1134.75,1372.25,15.7291
"2895","dukehw",2021,340,0.31663,15.7299315068493,1134.75,1372.25,15.7291
"2896","dukehw",2021,341,0.31669,15.7299315068493,1134.75,1372.25,15.7291
"2897","dukehw",2021,342,0.31672,15.7299315068493,1134.75,1372.25,15.7291
"2898","dukehw",2021,343,0.31673,15.7299315068493,1134.75,1372.25,15.7291
"2899","dukehw",2021,344,0.31672,15.7299315068493,1134.75,1372.25,15.7291
"2900","dukehw",2021,345,0.31672,15.7299315068493,1134.75,1372.25,15.7291
"2901","dukehw",2021,346,0.31673,15.7299315068493,1134.75,1372.25,15.7291
"2902","dukehw",2021,347,0.31676,15.7299315068493,1134.75,1372.25,15.7291
"2903","dukehw",2021,348,0.31683,15.7299315068493,1134.75,1372.25,15.7291
"2904","dukehw",2021,349,0.31693,15.7299315068493,1134.75,1372.25,15.7291
"2905","dukehw",2021,350,0.31705,15.7299315068493,1134.75,1372.25,15.7291
"2906","dukehw",2021,351,0.31719,15.7299315068493,1134.75,1372.25,15.7291
"2907","dukehw",2021,352,0.31733,15.7299315068493,1134.75,1372.25,15.7291
"2908","dukehw",2021,353,0.31748,15.7299315068493,1134.75,1372.25,15.7291
"2909","dukehw",2021,354,0.31763,15.7299315068493,1134.75,1372.25,15.7291
"2910","dukehw",2021,355,0.31776,15.7299315068493,1134.75,1372.25,15.7291
"2911","dukehw",2021,356,0.31789,15.7299315068493,1134.75,1372.25,15.7291
"2912","dukehw",2021,357,0.31799,15.7299315068493,1134.75,1372.25,15.7291
"2913","dukehw",2021,358,0.31808,15.7299315068493,1134.75,1372.25,15.7291
"2914","dukehw",2021,359,0.31818,15.7299315068493,1134.75,1372.25,15.7291
"2915","dukehw",2021,360,0.31827,15.7299315068493,1134.75,1372.25,15.7291
"2916","dukehw",2021,361,0.31837,15.7299315068493,1134.75,1372.25,15.7291
"2917","dukehw",2021,362,0.31845,15.7299315068493,1134.75,1372.25,15.7291
"2918","dukehw",2021,363,0.31853,15.7299315068493,1134.75,1372.25,15.7291
"2919","dukehw",2021,364,0.3186,15.7299315068493,1134.75,1372.25,15.7291
"2920","dukehw",2021,365,0.31866,15.7299315068493,1134.75,1372.25,15.7291
"2921","dukehw",2022,1,0.3187,15.4335890410959,1307.05,1372.25,15.7291
"2922","dukehw",2022,2,0.31871,15.4335890410959,1307.05,1372.25,15.7291
"2923","dukehw",2022,3,0.31871,15.4335890410959,1307.05,1372.25,15.7291
"2924","dukehw",2022,4,0.31869,15.4335890410959,1307.05,1372.25,15.7291
"2925","dukehw",2022,5,0.31866,15.4335890410959,1307.05,1372.25,15.7291
"2926","dukehw",2022,6,0.31862,15.4335890410959,1307.05,1372.25,15.7291
"2927","dukehw",2022,7,0.31857,15.4335890410959,1307.05,1372.25,15.7291
"2928","dukehw",2022,8,0.31852,15.4335890410959,1307.05,1372.25,15.7291
"2929","dukehw",2022,9,0.31846,15.4335890410959,1307.05,1372.25,15.7291
"2930","dukehw",2022,10,0.31842,15.4335890410959,1307.05,1372.25,15.7291
"2931","dukehw",2022,11,0.31836,15.4335890410959,1307.05,1372.25,15.7291
"2932","dukehw",2022,12,0.31829,15.4335890410959,1307.05,1372.25,15.7291
"2933","dukehw",2022,13,0.31821,15.4335890410959,1307.05,1372.25,15.7291
"2934","dukehw",2022,14,0.31812,15.4335890410959,1307.05,1372.25,15.7291
"2935","dukehw",2022,15,0.31803,15.4335890410959,1307.05,1372.25,15.7291
"2936","dukehw",2022,16,0.31794,15.4335890410959,1307.05,1372.25,15.7291
"2937","dukehw",2022,17,0.31786,15.4335890410959,1307.05,1372.25,15.7291
"2938","dukehw",2022,18,0.31779,15.4335890410959,1307.05,1372.25,15.7291
"2939","dukehw",2022,19,0.31773,15.4335890410959,1307.05,1372.25,15.7291
"2940","dukehw",2022,20,0.31768,15.4335890410959,1307.05,1372.25,15.7291
"2941","dukehw",2022,21,0.31763,15.4335890410959,1307.05,1372.25,15.7291
"2942","dukehw",2022,22,0.31759,15.4335890410959,1307.05,1372.25,15.7291
"2943","dukehw",2022,23,0.31755,15.4335890410959,1307.05,1372.25,15.7291
"2944","dukehw",2022,24,0.31752,15.4335890410959,1307.05,1372.25,15.7291
"2945","dukehw",2022,25,0.31749,15.4335890410959,1307.05,1372.25,15.7291
"2946","dukehw",2022,26,0.31746,15.4335890410959,1307.05,1372.25,15.7291
"2947","dukehw",2022,27,0.31743,15.4335890410959,1307.05,1372.25,15.7291
"2948","dukehw",2022,28,0.3174,15.4335890410959,1307.05,1372.25,15.7291
"2949","dukehw",2022,29,0.31738,15.4335890410959,1307.05,1372.25,15.7291
"2950","dukehw",2022,30,0.31735,15.4335890410959,1307.05,1372.25,15.7291
"2951","dukehw",2022,31,0.31732,15.4335890410959,1307.05,1372.25,15.7291
"2952","dukehw",2022,32,0.3173,15.4335890410959,1307.05,1372.25,15.7291
"2953","dukehw",2022,33,0.31728,15.4335890410959,1307.05,1372.25,15.7291
"2954","dukehw",2022,34,0.31726,15.4335890410959,1307.05,1372.25,15.7291
"2955","dukehw",2022,35,0.31725,15.4335890410959,1307.05,1372.25,15.7291
"2956","dukehw",2022,36,0.31725,15.4335890410959,1307.05,1372.25,15.7291
"2957","dukehw",2022,37,0.31727,15.4335890410959,1307.05,1372.25,15.7291
"2958","dukehw",2022,38,0.31729,15.4335890410959,1307.05,1372.25,15.7291
"2959","dukehw",2022,39,0.31733,15.4335890410959,1307.05,1372.25,15.7291
"2960","dukehw",2022,40,0.31737,15.4335890410959,1307.05,1372.25,15.7291
"2961","dukehw",2022,41,0.31742,15.4335890410959,1307.05,1372.25,15.7291
"2962","dukehw",2022,42,0.31748,15.4335890410959,1307.05,1372.25,15.7291
"2963","dukehw",2022,43,0.31754,15.4335890410959,1307.05,1372.25,15.7291
"2964","dukehw",2022,44,0.3176,15.4335890410959,1307.05,1372.25,15.7291
"2965","dukehw",2022,45,0.31766,15.4335890410959,1307.05,1372.25,15.7291
"2966","dukehw",2022,46,0.31771,15.4335890410959,1307.05,1372.25,15.7291
"2967","dukehw",2022,47,0.31776,15.4335890410959,1307.05,1372.25,15.7291
"2968","dukehw",2022,48,0.3178,15.4335890410959,1307.05,1372.25,15.7291
"2969","dukehw",2022,49,0.31784,15.4335890410959,1307.05,1372.25,15.7291
"2970","dukehw",2022,50,0.31788,15.4335890410959,1307.05,1372.25,15.7291
"2971","dukehw",2022,51,0.31792,15.4335890410959,1307.05,1372.25,15.7291
"2972","dukehw",2022,52,0.31797,15.4335890410959,1307.05,1372.25,15.7291
"2973","dukehw",2022,53,0.31803,15.4335890410959,1307.05,1372.25,15.7291
"2974","dukehw",2022,54,0.3181,15.4335890410959,1307.05,1372.25,15.7291
"2975","dukehw",2022,55,0.31819,15.4335890410959,1307.05,1372.25,15.7291
"2976","dukehw",2022,56,0.31825,15.4335890410959,1307.05,1372.25,15.7291
"2977","dukehw",2022,57,0.31827,15.4335890410959,1307.05,1372.25,15.7291
"2978","dukehw",2022,58,0.31826,15.4335890410959,1307.05,1372.25,15.7291
"2979","dukehw",2022,59,0.31823,15.4335890410959,1307.05,1372.25,15.7291
"2980","dukehw",2022,60,0.31822,15.4335890410959,1307.05,1372.25,15.7291
"2981","dukehw",2022,61,0.31824,15.4335890410959,1307.05,1372.25,15.7291
"2982","dukehw",2022,62,0.31832,15.4335890410959,1307.05,1372.25,15.7291
"2983","dukehw",2022,63,0.31846,15.4335890410959,1307.05,1372.25,15.7291
"2984","dukehw",2022,64,0.31869,15.4335890410959,1307.05,1372.25,15.7291
"2985","dukehw",2022,65,0.31894,15.4335890410959,1307.05,1372.25,15.7291
"2986","dukehw",2022,66,0.31916,15.4335890410959,1307.05,1372.25,15.7291
"2987","dukehw",2022,67,0.31937,15.4335890410959,1307.05,1372.25,15.7291
"2988","dukehw",2022,68,0.31962,15.4335890410959,1307.05,1372.25,15.7291
"2989","dukehw",2022,69,0.31994,15.4335890410959,1307.05,1372.25,15.7291
"2990","dukehw",2022,70,0.32036,15.4335890410959,1307.05,1372.25,15.7291
"2991","dukehw",2022,71,0.32093,15.4335890410959,1307.05,1372.25,15.7291
"2992","dukehw",2022,72,0.32167,15.4335890410959,1307.05,1372.25,15.7291
"2993","dukehw",2022,73,0.32261,15.4335890410959,1307.05,1372.25,15.7291
"2994","dukehw",2022,74,0.32374,15.4335890410959,1307.05,1372.25,15.7291
"2995","dukehw",2022,75,0.32497,15.4335890410959,1307.05,1372.25,15.7291
"2996","dukehw",2022,76,0.32631,15.4335890410959,1307.05,1372.25,15.7291
"2997","dukehw",2022,77,0.32776,15.4335890410959,1307.05,1372.25,15.7291
"2998","dukehw",2022,78,0.32933,15.4335890410959,1307.05,1372.25,15.7291
"2999","dukehw",2022,79,0.331,15.4335890410959,1307.05,1372.25,15.7291
"3000","dukehw",2022,80,0.33279,15.4335890410959,1307.05,1372.25,15.7291
"3001","dukehw",2022,81,0.3347,15.4335890410959,1307.05,1372.25,15.7291
"3002","dukehw",2022,82,0.33671,15.4335890410959,1307.05,1372.25,15.7291
"3003","dukehw",2022,83,0.33885,15.4335890410959,1307.05,1372.25,15.7291
"3004","dukehw",2022,84,0.34111,15.4335890410959,1307.05,1372.25,15.7291
"3005","dukehw",2022,85,0.34349,15.4335890410959,1307.05,1372.25,15.7291
"3006","dukehw",2022,86,0.34599,15.4335890410959,1307.05,1372.25,15.7291
"3007","dukehw",2022,87,0.3486,15.4335890410959,1307.05,1372.25,15.7291
"3008","dukehw",2022,88,0.3513,15.4335890410959,1307.05,1372.25,15.7291
"3009","dukehw",2022,89,0.3541,15.4335890410959,1307.05,1372.25,15.7291
"3010","dukehw",2022,90,0.35699,15.4335890410959,1307.05,1372.25,15.7291
"3011","dukehw",2022,91,0.35997,15.4335890410959,1307.05,1372.25,15.7291
"3012","dukehw",2022,92,0.36315,15.4335890410959,1307.05,1372.25,15.7291
"3013","dukehw",2022,93,0.36664,15.4335890410959,1307.05,1372.25,15.7291
"3014","dukehw",2022,94,0.37035,15.4335890410959,1307.05,1372.25,15.7291
"3015","dukehw",2022,95,0.37421,15.4335890410959,1307.05,1372.25,15.7291
"3016","dukehw",2022,96,0.37813,15.4335890410959,1307.05,1372.25,15.7291
"3017","dukehw",2022,97,0.38205,15.4335890410959,1307.05,1372.25,15.7291
"3018","dukehw",2022,98,0.38588,15.4335890410959,1307.05,1372.25,15.7291
"3019","dukehw",2022,99,0.38955,15.4335890410959,1307.05,1372.25,15.7291
"3020","dukehw",2022,100,0.39299,15.4335890410959,1307.05,1372.25,15.7291
"3021","dukehw",2022,101,0.3964,15.4335890410959,1307.05,1372.25,15.7291
"3022","dukehw",2022,102,0.39998,15.4335890410959,1307.05,1372.25,15.7291
"3023","dukehw",2022,103,0.40366,15.4335890410959,1307.05,1372.25,15.7291
"3024","dukehw",2022,104,0.40734,15.4335890410959,1307.05,1372.25,15.7291
"3025","dukehw",2022,105,0.41093,15.4335890410959,1307.05,1372.25,15.7291
"3026","dukehw",2022,106,0.41434,15.4335890410959,1307.05,1372.25,15.7291
"3027","dukehw",2022,107,0.41748,15.4335890410959,1307.05,1372.25,15.7291
"3028","dukehw",2022,108,0.42026,15.4335890410959,1307.05,1372.25,15.7291
"3029","dukehw",2022,109,0.42259,15.4335890410959,1307.05,1372.25,15.7291
"3030","dukehw",2022,110,0.4245,15.4335890410959,1307.05,1372.25,15.7291
"3031","dukehw",2022,111,0.42607,15.4335890410959,1307.05,1372.25,15.7291
"3032","dukehw",2022,112,0.42735,15.4335890410959,1307.05,1372.25,15.7291
"3033","dukehw",2022,113,0.42838,15.4335890410959,1307.05,1372.25,15.7291
"3034","dukehw",2022,114,0.42919,15.4335890410959,1307.05,1372.25,15.7291
"3035","dukehw",2022,115,0.42983,15.4335890410959,1307.05,1372.25,15.7291
"3036","dukehw",2022,116,0.43035,15.4335890410959,1307.05,1372.25,15.7291
"3037","dukehw",2022,117,0.43076,15.4335890410959,1307.05,1372.25,15.7291
"3038","dukehw",2022,118,0.43113,15.4335890410959,1307.05,1372.25,15.7291
"3039","dukehw",2022,119,0.43131,15.4335890410959,1307.05,1372.25,15.7291
"3040","dukehw",2022,120,0.43118,15.4335890410959,1307.05,1372.25,15.7291
"3041","dukehw",2022,121,0.43081,15.4335890410959,1307.05,1372.25,15.7291
"3042","dukehw",2022,122,0.43027,15.4335890410959,1307.05,1372.25,15.7291
"3043","dukehw",2022,123,0.42962,15.4335890410959,1307.05,1372.25,15.7291
"3044","dukehw",2022,124,0.42894,15.4335890410959,1307.05,1372.25,15.7291
"3045","dukehw",2022,125,0.42828,15.4335890410959,1307.05,1372.25,15.7291
"3046","dukehw",2022,126,0.42772,15.4335890410959,1307.05,1372.25,15.7291
"3047","dukehw",2022,127,0.42731,15.4335890410959,1307.05,1372.25,15.7291
"3048","dukehw",2022,128,0.42698,15.4335890410959,1307.05,1372.25,15.7291
"3049","dukehw",2022,129,0.4266,15.4335890410959,1307.05,1372.25,15.7291
"3050","dukehw",2022,130,0.42619,15.4335890410959,1307.05,1372.25,15.7291
"3051","dukehw",2022,131,0.42576,15.4335890410959,1307.05,1372.25,15.7291
"3052","dukehw",2022,132,0.42533,15.4335890410959,1307.05,1372.25,15.7291
"3053","dukehw",2022,133,0.42492,15.4335890410959,1307.05,1372.25,15.7291
"3054","dukehw",2022,134,0.42455,15.4335890410959,1307.05,1372.25,15.7291
"3055","dukehw",2022,135,0.42423,15.4335890410959,1307.05,1372.25,15.7291
"3056","dukehw",2022,136,0.42397,15.4335890410959,1307.05,1372.25,15.7291
"3057","dukehw",2022,137,0.42379,15.4335890410959,1307.05,1372.25,15.7291
"3058","dukehw",2022,138,0.42367,15.4335890410959,1307.05,1372.25,15.7291
"3059","dukehw",2022,139,0.42359,15.4335890410959,1307.05,1372.25,15.7291
"3060","dukehw",2022,140,0.42353,15.4335890410959,1307.05,1372.25,15.7291
"3061","dukehw",2022,141,0.42348,15.4335890410959,1307.05,1372.25,15.7291
"3062","dukehw",2022,142,0.42342,15.4335890410959,1307.05,1372.25,15.7291
"3063","dukehw",2022,143,0.42333,15.4335890410959,1307.05,1372.25,15.7291
"3064","dukehw",2022,144,0.4232,15.4335890410959,1307.05,1372.25,15.7291
"3065","dukehw",2022,145,0.42301,15.4335890410959,1307.05,1372.25,15.7291
"3066","dukehw",2022,146,0.42277,15.4335890410959,1307.05,1372.25,15.7291
"3067","dukehw",2022,147,0.4225,15.4335890410959,1307.05,1372.25,15.7291
"3068","dukehw",2022,148,0.4222,15.4335890410959,1307.05,1372.25,15.7291
"3069","dukehw",2022,149,0.42189,15.4335890410959,1307.05,1372.25,15.7291
"3070","dukehw",2022,150,0.42157,15.4335890410959,1307.05,1372.25,15.7291
"3071","dukehw",2022,151,0.42125,15.4335890410959,1307.05,1372.25,15.7291
"3072","dukehw",2022,152,0.42093,15.4335890410959,1307.05,1372.25,15.7291
"3073","dukehw",2022,153,0.42062,15.4335890410959,1307.05,1372.25,15.7291
"3074","dukehw",2022,154,0.42032,15.4335890410959,1307.05,1372.25,15.7291
"3075","dukehw",2022,155,0.42003,15.4335890410959,1307.05,1372.25,15.7291
"3076","dukehw",2022,156,0.41972,15.4335890410959,1307.05,1372.25,15.7291
"3077","dukehw",2022,157,0.41939,15.4335890410959,1307.05,1372.25,15.7291
"3078","dukehw",2022,158,0.41907,15.4335890410959,1307.05,1372.25,15.7291
"3079","dukehw",2022,159,0.41875,15.4335890410959,1307.05,1372.25,15.7291
"3080","dukehw",2022,160,0.41844,15.4335890410959,1307.05,1372.25,15.7291
"3081","dukehw",2022,161,0.41815,15.4335890410959,1307.05,1372.25,15.7291
"3082","dukehw",2022,162,0.41789,15.4335890410959,1307.05,1372.25,15.7291
"3083","dukehw",2022,163,0.41767,15.4335890410959,1307.05,1372.25,15.7291
"3084","dukehw",2022,164,0.41748,15.4335890410959,1307.05,1372.25,15.7291
"3085","dukehw",2022,165,0.41732,15.4335890410959,1307.05,1372.25,15.7291
"3086","dukehw",2022,166,0.41718,15.4335890410959,1307.05,1372.25,15.7291
"3087","dukehw",2022,167,0.41706,15.4335890410959,1307.05,1372.25,15.7291
"3088","dukehw",2022,168,0.41694,15.4335890410959,1307.05,1372.25,15.7291
"3089","dukehw",2022,169,0.41682,15.4335890410959,1307.05,1372.25,15.7291
"3090","dukehw",2022,170,0.41669,15.4335890410959,1307.05,1372.25,15.7291
"3091","dukehw",2022,171,0.41655,15.4335890410959,1307.05,1372.25,15.7291
"3092","dukehw",2022,172,0.41638,15.4335890410959,1307.05,1372.25,15.7291
"3093","dukehw",2022,173,0.4162,15.4335890410959,1307.05,1372.25,15.7291
"3094","dukehw",2022,174,0.41601,15.4335890410959,1307.05,1372.25,15.7291
"3095","dukehw",2022,175,0.41581,15.4335890410959,1307.05,1372.25,15.7291
"3096","dukehw",2022,176,0.41561,15.4335890410959,1307.05,1372.25,15.7291
"3097","dukehw",2022,177,0.41541,15.4335890410959,1307.05,1372.25,15.7291
"3098","dukehw",2022,178,0.41521,15.4335890410959,1307.05,1372.25,15.7291
"3099","dukehw",2022,179,0.41502,15.4335890410959,1307.05,1372.25,15.7291
"3100","dukehw",2022,180,0.41483,15.4335890410959,1307.05,1372.25,15.7291
"3101","dukehw",2022,181,0.41465,15.4335890410959,1307.05,1372.25,15.7291
"3102","dukehw",2022,182,0.41447,15.4335890410959,1307.05,1372.25,15.7291
"3103","dukehw",2022,183,0.41429,15.4335890410959,1307.05,1372.25,15.7291
"3104","dukehw",2022,184,0.41411,15.4335890410959,1307.05,1372.25,15.7291
"3105","dukehw",2022,185,0.41393,15.4335890410959,1307.05,1372.25,15.7291
"3106","dukehw",2022,186,0.41374,15.4335890410959,1307.05,1372.25,15.7291
"3107","dukehw",2022,187,0.41354,15.4335890410959,1307.05,1372.25,15.7291
"3108","dukehw",2022,188,0.41334,15.4335890410959,1307.05,1372.25,15.7291
"3109","dukehw",2022,189,0.41311,15.4335890410959,1307.05,1372.25,15.7291
"3110","dukehw",2022,190,0.41288,15.4335890410959,1307.05,1372.25,15.7291
"3111","dukehw",2022,191,0.41262,15.4335890410959,1307.05,1372.25,15.7291
"3112","dukehw",2022,192,0.41235,15.4335890410959,1307.05,1372.25,15.7291
"3113","dukehw",2022,193,0.41206,15.4335890410959,1307.05,1372.25,15.7291
"3114","dukehw",2022,194,0.41176,15.4335890410959,1307.05,1372.25,15.7291
"3115","dukehw",2022,195,0.41146,15.4335890410959,1307.05,1372.25,15.7291
"3116","dukehw",2022,196,0.41117,15.4335890410959,1307.05,1372.25,15.7291
"3117","dukehw",2022,197,0.41089,15.4335890410959,1307.05,1372.25,15.7291
"3118","dukehw",2022,198,0.41062,15.4335890410959,1307.05,1372.25,15.7291
"3119","dukehw",2022,199,0.41038,15.4335890410959,1307.05,1372.25,15.7291
"3120","dukehw",2022,200,0.41016,15.4335890410959,1307.05,1372.25,15.7291
"3121","dukehw",2022,201,0.40995,15.4335890410959,1307.05,1372.25,15.7291
"3122","dukehw",2022,202,0.40975,15.4335890410959,1307.05,1372.25,15.7291
"3123","dukehw",2022,203,0.40957,15.4335890410959,1307.05,1372.25,15.7291
"3124","dukehw",2022,204,0.40938,15.4335890410959,1307.05,1372.25,15.7291
"3125","dukehw",2022,205,0.40921,15.4335890410959,1307.05,1372.25,15.7291
"3126","dukehw",2022,206,0.40903,15.4335890410959,1307.05,1372.25,15.7291
"3127","dukehw",2022,207,0.40886,15.4335890410959,1307.05,1372.25,15.7291
"3128","dukehw",2022,208,0.40869,15.4335890410959,1307.05,1372.25,15.7291
"3129","dukehw",2022,209,0.40852,15.4335890410959,1307.05,1372.25,15.7291
"3130","dukehw",2022,210,0.40836,15.4335890410959,1307.05,1372.25,15.7291
"3131","dukehw",2022,211,0.40821,15.4335890410959,1307.05,1372.25,15.7291
"3132","dukehw",2022,212,0.40806,15.4335890410959,1307.05,1372.25,15.7291
"3133","dukehw",2022,213,0.40792,15.4335890410959,1307.05,1372.25,15.7291
"3134","dukehw",2022,214,0.40778,15.4335890410959,1307.05,1372.25,15.7291
"3135","dukehw",2022,215,0.40764,15.4335890410959,1307.05,1372.25,15.7291
"3136","dukehw",2022,216,0.40749,15.4335890410959,1307.05,1372.25,15.7291
"3137","dukehw",2022,217,0.40736,15.4335890410959,1307.05,1372.25,15.7291
"3138","dukehw",2022,218,0.40726,15.4335890410959,1307.05,1372.25,15.7291
"3139","dukehw",2022,219,0.40717,15.4335890410959,1307.05,1372.25,15.7291
"3140","dukehw",2022,220,0.40709,15.4335890410959,1307.05,1372.25,15.7291
"3141","dukehw",2022,221,0.40701,15.4335890410959,1307.05,1372.25,15.7291
"3142","dukehw",2022,222,0.40693,15.4335890410959,1307.05,1372.25,15.7291
"3143","dukehw",2022,223,0.40682,15.4335890410959,1307.05,1372.25,15.7291
"3144","dukehw",2022,224,0.4067,15.4335890410959,1307.05,1372.25,15.7291
"3145","dukehw",2022,225,0.40653,15.4335890410959,1307.05,1372.25,15.7291
"3146","dukehw",2022,226,0.40634,15.4335890410959,1307.05,1372.25,15.7291
"3147","dukehw",2022,227,0.40611,15.4335890410959,1307.05,1372.25,15.7291
"3148","dukehw",2022,228,0.40587,15.4335890410959,1307.05,1372.25,15.7291
"3149","dukehw",2022,229,0.4056,15.4335890410959,1307.05,1372.25,15.7291
"3150","dukehw",2022,230,0.40532,15.4335890410959,1307.05,1372.25,15.7291
"3151","dukehw",2022,231,0.40502,15.4335890410959,1307.05,1372.25,15.7291
"3152","dukehw",2022,232,0.40471,15.4335890410959,1307.05,1372.25,15.7291
"3153","dukehw",2022,233,0.40439,15.4335890410959,1307.05,1372.25,15.7291
"3154","dukehw",2022,234,0.40407,15.4335890410959,1307.05,1372.25,15.7291
"3155","dukehw",2022,235,0.40372,15.4335890410959,1307.05,1372.25,15.7291
"3156","dukehw",2022,236,0.40335,15.4335890410959,1307.05,1372.25,15.7291
"3157","dukehw",2022,237,0.40295,15.4335890410959,1307.05,1372.25,15.7291
"3158","dukehw",2022,238,0.40254,15.4335890410959,1307.05,1372.25,15.7291
"3159","dukehw",2022,239,0.40212,15.4335890410959,1307.05,1372.25,15.7291
"3160","dukehw",2022,240,0.40171,15.4335890410959,1307.05,1372.25,15.7291
"3161","dukehw",2022,241,0.40132,15.4335890410959,1307.05,1372.25,15.7291
"3162","dukehw",2022,242,0.40095,15.4335890410959,1307.05,1372.25,15.7291
"3163","dukehw",2022,243,0.40061,15.4335890410959,1307.05,1372.25,15.7291
"3164","dukehw",2022,244,0.40033,15.4335890410959,1307.05,1372.25,15.7291
"3165","dukehw",2022,245,0.40013,15.4335890410959,1307.05,1372.25,15.7291
"3166","dukehw",2022,246,0.39997,15.4335890410959,1307.05,1372.25,15.7291
"3167","dukehw",2022,247,0.39983,15.4335890410959,1307.05,1372.25,15.7291
"3168","dukehw",2022,248,0.39969,15.4335890410959,1307.05,1372.25,15.7291
"3169","dukehw",2022,249,0.39951,15.4335890410959,1307.05,1372.25,15.7291
"3170","dukehw",2022,250,0.39929,15.4335890410959,1307.05,1372.25,15.7291
"3171","dukehw",2022,251,0.39898,15.4335890410959,1307.05,1372.25,15.7291
"3172","dukehw",2022,252,0.39857,15.4335890410959,1307.05,1372.25,15.7291
"3173","dukehw",2022,253,0.39808,15.4335890410959,1307.05,1372.25,15.7291
"3174","dukehw",2022,254,0.39755,15.4335890410959,1307.05,1372.25,15.7291
"3175","dukehw",2022,255,0.39698,15.4335890410959,1307.05,1372.25,15.7291
"3176","dukehw",2022,256,0.39637,15.4335890410959,1307.05,1372.25,15.7291
"3177","dukehw",2022,257,0.39571,15.4335890410959,1307.05,1372.25,15.7291
"3178","dukehw",2022,258,0.39501,15.4335890410959,1307.05,1372.25,15.7291
"3179","dukehw",2022,259,0.39426,15.4335890410959,1307.05,1372.25,15.7291
"3180","dukehw",2022,260,0.39346,15.4335890410959,1307.05,1372.25,15.7291
"3181","dukehw",2022,261,0.39261,15.4335890410959,1307.05,1372.25,15.7291
"3182","dukehw",2022,262,0.39181,15.4335890410959,1307.05,1372.25,15.7291
"3183","dukehw",2022,263,0.39113,15.4335890410959,1307.05,1372.25,15.7291
"3184","dukehw",2022,264,0.39049,15.4335890410959,1307.05,1372.25,15.7291
"3185","dukehw",2022,265,0.38985,15.4335890410959,1307.05,1372.25,15.7291
"3186","dukehw",2022,266,0.38912,15.4335890410959,1307.05,1372.25,15.7291
"3187","dukehw",2022,267,0.38826,15.4335890410959,1307.05,1372.25,15.7291
"3188","dukehw",2022,268,0.38719,15.4335890410959,1307.05,1372.25,15.7291
"3189","dukehw",2022,269,0.38586,15.4335890410959,1307.05,1372.25,15.7291
"3190","dukehw",2022,270,0.3842,15.4335890410959,1307.05,1372.25,15.7291
"3191","dukehw",2022,271,0.38212,15.4335890410959,1307.05,1372.25,15.7291
"3192","dukehw",2022,272,0.37963,15.4335890410959,1307.05,1372.25,15.7291
"3193","dukehw",2022,273,0.37684,15.4335890410959,1307.05,1372.25,15.7291
"3194","dukehw",2022,274,0.37382,15.4335890410959,1307.05,1372.25,15.7291
"3195","dukehw",2022,275,0.37069,15.4335890410959,1307.05,1372.25,15.7291
"3196","dukehw",2022,276,0.36752,15.4335890410959,1307.05,1372.25,15.7291
"3197","dukehw",2022,277,0.36441,15.4335890410959,1307.05,1372.25,15.7291
"3198","dukehw",2022,278,0.36146,15.4335890410959,1307.05,1372.25,15.7291
"3199","dukehw",2022,279,0.35876,15.4335890410959,1307.05,1372.25,15.7291
"3200","dukehw",2022,280,0.35612,15.4335890410959,1307.05,1372.25,15.7291
"3201","dukehw",2022,281,0.35334,15.4335890410959,1307.05,1372.25,15.7291
"3202","dukehw",2022,282,0.35048,15.4335890410959,1307.05,1372.25,15.7291
"3203","dukehw",2022,283,0.3476,15.4335890410959,1307.05,1372.25,15.7291
"3204","dukehw",2022,284,0.34474,15.4335890410959,1307.05,1372.25,15.7291
"3205","dukehw",2022,285,0.34197,15.4335890410959,1307.05,1372.25,15.7291
"3206","dukehw",2022,286,0.33933,15.4335890410959,1307.05,1372.25,15.7291
"3207","dukehw",2022,287,0.3369,15.4335890410959,1307.05,1372.25,15.7291
"3208","dukehw",2022,288,0.33471,15.4335890410959,1307.05,1372.25,15.7291
"3209","dukehw",2022,289,0.33278,15.4335890410959,1307.05,1372.25,15.7291
"3210","dukehw",2022,290,0.33104,15.4335890410959,1307.05,1372.25,15.7291
"3211","dukehw",2022,291,0.32948,15.4335890410959,1307.05,1372.25,15.7291
"3212","dukehw",2022,292,0.32806,15.4335890410959,1307.05,1372.25,15.7291
"3213","dukehw",2022,293,0.32676,15.4335890410959,1307.05,1372.25,15.7291
"3214","dukehw",2022,294,0.32556,15.4335890410959,1307.05,1372.25,15.7291
"3215","dukehw",2022,295,0.32443,15.4335890410959,1307.05,1372.25,15.7291
"3216","dukehw",2022,296,0.32334,15.4335890410959,1307.05,1372.25,15.7291
"3217","dukehw",2022,297,0.32226,15.4335890410959,1307.05,1372.25,15.7291
"3218","dukehw",2022,298,0.32117,15.4335890410959,1307.05,1372.25,15.7291
"3219","dukehw",2022,299,0.32005,15.4335890410959,1307.05,1372.25,15.7291
"3220","dukehw",2022,300,0.31894,15.4335890410959,1307.05,1372.25,15.7291
"3221","dukehw",2022,301,0.31787,15.4335890410959,1307.05,1372.25,15.7291
"3222","dukehw",2022,302,0.31687,15.4335890410959,1307.05,1372.25,15.7291
"3223","dukehw",2022,303,0.31596,15.4335890410959,1307.05,1372.25,15.7291
"3224","dukehw",2022,304,0.31519,15.4335890410959,1307.05,1372.25,15.7291
"3225","dukehw",2022,305,0.31457,15.4335890410959,1307.05,1372.25,15.7291
"3226","dukehw",2022,306,0.31413,15.4335890410959,1307.05,1372.25,15.7291
"3227","dukehw",2022,307,0.314,15.4335890410959,1307.05,1372.25,15.7291
"3228","dukehw",2022,308,0.3142,15.4335890410959,1307.05,1372.25,15.7291
"3229","dukehw",2022,309,0.31466,15.4335890410959,1307.05,1372.25,15.7291
"3230","dukehw",2022,310,0.3153,15.4335890410959,1307.05,1372.25,15.7291
"3231","dukehw",2022,311,0.31603,15.4335890410959,1307.05,1372.25,15.7291
"3232","dukehw",2022,312,0.31678,15.4335890410959,1307.05,1372.25,15.7291
"3233","dukehw",2022,313,0.31747,15.4335890410959,1307.05,1372.25,15.7291
"3234","dukehw",2022,314,0.318,15.4335890410959,1307.05,1372.25,15.7291
"3235","dukehw",2022,315,0.31831,15.4335890410959,1307.05,1372.25,15.7291
"3236","dukehw",2022,316,0.31846,15.4335890410959,1307.05,1372.25,15.7291
"3237","dukehw",2022,317,0.31856,15.4335890410959,1307.05,1372.25,15.7291
"3238","dukehw",2022,318,0.31861,15.4335890410959,1307.05,1372.25,15.7291
"3239","dukehw",2022,319,0.31863,15.4335890410959,1307.05,1372.25,15.7291
"3240","dukehw",2022,320,0.31861,15.4335890410959,1307.05,1372.25,15.7291
"3241","dukehw",2022,321,0.31854,15.4335890410959,1307.05,1372.25,15.7291
"3242","dukehw",2022,322,0.31845,15.4335890410959,1307.05,1372.25,15.7291
"3243","dukehw",2022,323,0.31831,15.4335890410959,1307.05,1372.25,15.7291
"3244","dukehw",2022,324,0.31815,15.4335890410959,1307.05,1372.25,15.7291
"3245","dukehw",2022,325,0.31791,15.4335890410959,1307.05,1372.25,15.7291
"3246","dukehw",2022,326,0.31756,15.4335890410959,1307.05,1372.25,15.7291
"3247","dukehw",2022,327,0.31714,15.4335890410959,1307.05,1372.25,15.7291
"3248","dukehw",2022,328,0.31668,15.4335890410959,1307.05,1372.25,15.7291
"3249","dukehw",2022,329,0.31621,15.4335890410959,1307.05,1372.25,15.7291
"3250","dukehw",2022,330,0.31576,15.4335890410959,1307.05,1372.25,15.7291
"3251","dukehw",2022,331,0.31537,15.4335890410959,1307.05,1372.25,15.7291
"3252","dukehw",2022,332,0.31506,15.4335890410959,1307.05,1372.25,15.7291
"3253","dukehw",2022,333,0.31488,15.4335890410959,1307.05,1372.25,15.7291
"3254","dukehw",2022,334,0.3148,15.4335890410959,1307.05,1372.25,15.7291
"3255","dukehw",2022,335,0.31477,15.4335890410959,1307.05,1372.25,15.7291
"3256","dukehw",2022,336,0.3148,15.4335890410959,1307.05,1372.25,15.7291
"3257","dukehw",2022,337,0.31487,15.4335890410959,1307.05,1372.25,15.7291
"3258","dukehw",2022,338,0.31497,15.4335890410959,1307.05,1372.25,15.7291
"3259","dukehw",2022,339,0.31509,15.4335890410959,1307.05,1372.25,15.7291
"3260","dukehw",2022,340,0.31521,15.4335890410959,1307.05,1372.25,15.7291
"3261","dukehw",2022,341,0.31534,15.4335890410959,1307.05,1372.25,15.7291
"3262","dukehw",2022,342,0.31545,15.4335890410959,1307.05,1372.25,15.7291
"3263","dukehw",2022,343,0.31558,15.4335890410959,1307.05,1372.25,15.7291
"3264","dukehw",2022,344,0.31574,15.4335890410959,1307.05,1372.25,15.7291
"3265","dukehw",2022,345,0.31594,15.4335890410959,1307.05,1372.25,15.7291
"3266","dukehw",2022,346,0.31616,15.4335890410959,1307.05,1372.25,15.7291
"3267","dukehw",2022,347,0.31639,15.4335890410959,1307.05,1372.25,15.7291
"3268","dukehw",2022,348,0.31661,15.4335890410959,1307.05,1372.25,15.7291
"3269","dukehw",2022,349,0.31683,15.4335890410959,1307.05,1372.25,15.7291
"3270","dukehw",2022,350,0.31702,15.4335890410959,1307.05,1372.25,15.7291
"3271","dukehw",2022,351,0.31718,15.4335890410959,1307.05,1372.25,15.7291
"3272","dukehw",2022,352,0.31732,15.4335890410959,1307.05,1372.25,15.7291
"3273","dukehw",2022,353,0.31746,15.4335890410959,1307.05,1372.25,15.7291
"3274","dukehw",2022,354,0.3176,15.4335890410959,1307.05,1372.25,15.7291
"3275","dukehw",2022,355,0.31773,15.4335890410959,1307.05,1372.25,15.7291
"3276","dukehw",2022,356,0.31785,15.4335890410959,1307.05,1372.25,15.7291
"3277","dukehw",2022,357,0.31797,15.4335890410959,1307.05,1372.25,15.7291
"3278","dukehw",2022,358,0.31807,15.4335890410959,1307.05,1372.25,15.7291
"3279","dukehw",2022,359,0.31816,15.4335890410959,1307.05,1372.25,15.7291
"3280","dukehw",2022,360,0.31823,15.4335890410959,1307.05,1372.25,15.7291
"3281","dukehw",2022,361,0.31829,15.4335890410959,1307.05,1372.25,15.7291
"3282","dukehw",2022,362,0.31834,15.4335890410959,1307.05,1372.25,15.7291
"3283","dukehw",2022,363,0.31837,15.4335890410959,1307.05,1372.25,15.7291
"3284","dukehw",2022,364,0.3184,15.4335890410959,1307.05,1372.25,15.7291
"3285","dukehw",2022,365,0.31841,15.4335890410959,1307.05,1372.25,15.7291
"3286","dukehw",2023,1,0.31842,15.9982328767123,1317.55,1372.25,15.7291
"3287","dukehw",2023,2,0.31841,15.9982328767123,1317.55,1372.25,15.7291
"3288","dukehw",2023,3,0.3184,15.9982328767123,1317.55,1372.25,15.7291
"3289","dukehw",2023,4,0.31838,15.9982328767123,1317.55,1372.25,15.7291
"3290","dukehw",2023,5,0.31833,15.9982328767123,1317.55,1372.25,15.7291
"3291","dukehw",2023,6,0.31825,15.9982328767123,1317.55,1372.25,15.7291
"3292","dukehw",2023,7,0.31815,15.9982328767123,1317.55,1372.25,15.7291
"3293","dukehw",2023,8,0.31803,15.9982328767123,1317.55,1372.25,15.7291
"3294","dukehw",2023,9,0.31791,15.9982328767123,1317.55,1372.25,15.7291
"3295","dukehw",2023,10,0.31779,15.9982328767123,1317.55,1372.25,15.7291
"3296","dukehw",2023,11,0.31768,15.9982328767123,1317.55,1372.25,15.7291
"3297","dukehw",2023,12,0.3176,15.9982328767123,1317.55,1372.25,15.7291
"3298","dukehw",2023,13,0.31754,15.9982328767123,1317.55,1372.25,15.7291
"3299","dukehw",2023,14,0.31751,15.9982328767123,1317.55,1372.25,15.7291
"3300","dukehw",2023,15,0.31748,15.9982328767123,1317.55,1372.25,15.7291
"3301","dukehw",2023,16,0.31747,15.9982328767123,1317.55,1372.25,15.7291
"3302","dukehw",2023,17,0.31746,15.9982328767123,1317.55,1372.25,15.7291
"3303","dukehw",2023,18,0.31746,15.9982328767123,1317.55,1372.25,15.7291
"3304","dukehw",2023,19,0.31747,15.9982328767123,1317.55,1372.25,15.7291
"3305","dukehw",2023,20,0.31748,15.9982328767123,1317.55,1372.25,15.7291
"3306","dukehw",2023,21,0.3175,15.9982328767123,1317.55,1372.25,15.7291
"3307","dukehw",2023,22,0.31753,15.9982328767123,1317.55,1372.25,15.7291
"3308","dukehw",2023,23,0.31757,15.9982328767123,1317.55,1372.25,15.7291
"3309","dukehw",2023,24,0.31763,15.9982328767123,1317.55,1372.25,15.7291
"3310","dukehw",2023,25,0.3177,15.9982328767123,1317.55,1372.25,15.7291
"3311","dukehw",2023,26,0.31777,15.9982328767123,1317.55,1372.25,15.7291
"3312","dukehw",2023,27,0.31785,15.9982328767123,1317.55,1372.25,15.7291
"3313","dukehw",2023,28,0.31793,15.9982328767123,1317.55,1372.25,15.7291
"3314","dukehw",2023,29,0.318,15.9982328767123,1317.55,1372.25,15.7291
"3315","dukehw",2023,30,0.31806,15.9982328767123,1317.55,1372.25,15.7291
"3316","dukehw",2023,31,0.3181,15.9982328767123,1317.55,1372.25,15.7291
"3317","dukehw",2023,32,0.31812,15.9982328767123,1317.55,1372.25,15.7291
"3318","dukehw",2023,33,0.31813,15.9982328767123,1317.55,1372.25,15.7291
"3319","dukehw",2023,34,0.31813,15.9982328767123,1317.55,1372.25,15.7291
"3320","dukehw",2023,35,0.31812,15.9982328767123,1317.55,1372.25,15.7291
"3321","dukehw",2023,36,0.31811,15.9982328767123,1317.55,1372.25,15.7291
"3322","dukehw",2023,37,0.3181,15.9982328767123,1317.55,1372.25,15.7291
"3323","dukehw",2023,38,0.31809,15.9982328767123,1317.55,1372.25,15.7291
"3324","dukehw",2023,39,0.3181,15.9982328767123,1317.55,1372.25,15.7291
"3325","dukehw",2023,40,0.31813,15.9982328767123,1317.55,1372.25,15.7291
"3326","dukehw",2023,41,0.31814,15.9982328767123,1317.55,1372.25,15.7291
"3327","dukehw",2023,42,0.31811,15.9982328767123,1317.55,1372.25,15.7291
"3328","dukehw",2023,43,0.31806,15.9982328767123,1317.55,1372.25,15.7291
"3329","dukehw",2023,44,0.31801,15.9982328767123,1317.55,1372.25,15.7291
"3330","dukehw",2023,45,0.31796,15.9982328767123,1317.55,1372.25,15.7291
"3331","dukehw",2023,46,0.31795,15.9982328767123,1317.55,1372.25,15.7291
"3332","dukehw",2023,47,0.31798,15.9982328767123,1317.55,1372.25,15.7291
"3333","dukehw",2023,48,0.31807,15.9982328767123,1317.55,1372.25,15.7291
"3334","dukehw",2023,49,0.31823,15.9982328767123,1317.55,1372.25,15.7291
"3335","dukehw",2023,50,0.31847,15.9982328767123,1317.55,1372.25,15.7291
"3336","dukehw",2023,51,0.31875,15.9982328767123,1317.55,1372.25,15.7291
"3337","dukehw",2023,52,0.31908,15.9982328767123,1317.55,1372.25,15.7291
"3338","dukehw",2023,53,0.31945,15.9982328767123,1317.55,1372.25,15.7291
"3339","dukehw",2023,54,0.31986,15.9982328767123,1317.55,1372.25,15.7291
"3340","dukehw",2023,55,0.32031,15.9982328767123,1317.55,1372.25,15.7291
"3341","dukehw",2023,56,0.32079,15.9982328767123,1317.55,1372.25,15.7291
"3342","dukehw",2023,57,0.3213,15.9982328767123,1317.55,1372.25,15.7291
"3343","dukehw",2023,58,0.32183,15.9982328767123,1317.55,1372.25,15.7291
"3344","dukehw",2023,59,0.32238,15.9982328767123,1317.55,1372.25,15.7291
"3345","dukehw",2023,60,0.32294,15.9982328767123,1317.55,1372.25,15.7291
"3346","dukehw",2023,61,0.32351,15.9982328767123,1317.55,1372.25,15.7291
"3347","dukehw",2023,62,0.3241,15.9982328767123,1317.55,1372.25,15.7291
"3348","dukehw",2023,63,0.32471,15.9982328767123,1317.55,1372.25,15.7291
"3349","dukehw",2023,64,0.32535,15.9982328767123,1317.55,1372.25,15.7291
"3350","dukehw",2023,65,0.32603,15.9982328767123,1317.55,1372.25,15.7291
"3351","dukehw",2023,66,0.32676,15.9982328767123,1317.55,1372.25,15.7291
"3352","dukehw",2023,67,0.32753,15.9982328767123,1317.55,1372.25,15.7291
"3353","dukehw",2023,68,0.32822,15.9982328767123,1317.55,1372.25,15.7291
"3354","dukehw",2023,69,0.32878,15.9982328767123,1317.55,1372.25,15.7291
"3355","dukehw",2023,70,0.32927,15.9982328767123,1317.55,1372.25,15.7291
"3356","dukehw",2023,71,0.32977,15.9982328767123,1317.55,1372.25,15.7291
"3357","dukehw",2023,72,0.33036,15.9982328767123,1317.55,1372.25,15.7291
"3358","dukehw",2023,73,0.33111,15.9982328767123,1317.55,1372.25,15.7291
"3359","dukehw",2023,74,0.3321,15.9982328767123,1317.55,1372.25,15.7291
"3360","dukehw",2023,75,0.33341,15.9982328767123,1317.55,1372.25,15.7291
"3361","dukehw",2023,76,0.3351,15.9982328767123,1317.55,1372.25,15.7291
"3362","dukehw",2023,77,0.33718,15.9982328767123,1317.55,1372.25,15.7291
"3363","dukehw",2023,78,0.33954,15.9982328767123,1317.55,1372.25,15.7291
"3364","dukehw",2023,79,0.34217,15.9982328767123,1317.55,1372.25,15.7291
"3365","dukehw",2023,80,0.34501,15.9982328767123,1317.55,1372.25,15.7291
"3366","dukehw",2023,81,0.34804,15.9982328767123,1317.55,1372.25,15.7291
"3367","dukehw",2023,82,0.35122,15.9982328767123,1317.55,1372.25,15.7291
"3368","dukehw",2023,83,0.35451,15.9982328767123,1317.55,1372.25,15.7291
"3369","dukehw",2023,84,0.35788,15.9982328767123,1317.55,1372.25,15.7291
"3370","dukehw",2023,85,0.36129,15.9982328767123,1317.55,1372.25,15.7291
"3371","dukehw",2023,86,0.36501,15.9982328767123,1317.55,1372.25,15.7291
"3372","dukehw",2023,87,0.36922,15.9982328767123,1317.55,1372.25,15.7291
"3373","dukehw",2023,88,0.37378,15.9982328767123,1317.55,1372.25,15.7291
"3374","dukehw",2023,89,0.37854,15.9982328767123,1317.55,1372.25,15.7291
"3375","dukehw",2023,90,0.38336,15.9982328767123,1317.55,1372.25,15.7291
"3376","dukehw",2023,91,0.38807,15.9982328767123,1317.55,1372.25,15.7291
"3377","dukehw",2023,92,0.39255,15.9982328767123,1317.55,1372.25,15.7291
"3378","dukehw",2023,93,0.39663,15.9982328767123,1317.55,1372.25,15.7291
"3379","dukehw",2023,94,0.40017,15.9982328767123,1317.55,1372.25,15.7291
"3380","dukehw",2023,95,0.40333,15.9982328767123,1317.55,1372.25,15.7291
"3381","dukehw",2023,96,0.40636,15.9982328767123,1317.55,1372.25,15.7291
"3382","dukehw",2023,97,0.40925,15.9982328767123,1317.55,1372.25,15.7291
"3383","dukehw",2023,98,0.41199,15.9982328767123,1317.55,1372.25,15.7291
"3384","dukehw",2023,99,0.41455,15.9982328767123,1317.55,1372.25,15.7291
"3385","dukehw",2023,100,0.41693,15.9982328767123,1317.55,1372.25,15.7291
"3386","dukehw",2023,101,0.41911,15.9982328767123,1317.55,1372.25,15.7291
"3387","dukehw",2023,102,0.42107,15.9982328767123,1317.55,1372.25,15.7291
"3388","dukehw",2023,103,0.42281,15.9982328767123,1317.55,1372.25,15.7291
"3389","dukehw",2023,104,0.42424,15.9982328767123,1317.55,1372.25,15.7291
"3390","dukehw",2023,105,0.42535,15.9982328767123,1317.55,1372.25,15.7291
"3391","dukehw",2023,106,0.42617,15.9982328767123,1317.55,1372.25,15.7291
"3392","dukehw",2023,107,0.42677,15.9982328767123,1317.55,1372.25,15.7291
"3393","dukehw",2023,108,0.42719,15.9982328767123,1317.55,1372.25,15.7291
"3394","dukehw",2023,109,0.42748,15.9982328767123,1317.55,1372.25,15.7291
"3395","dukehw",2023,110,0.42769,15.9982328767123,1317.55,1372.25,15.7291
"3396","dukehw",2023,111,0.42786,15.9982328767123,1317.55,1372.25,15.7291
"3397","dukehw",2023,112,0.42806,15.9982328767123,1317.55,1372.25,15.7291
"3398","dukehw",2023,113,0.42815,15.9982328767123,1317.55,1372.25,15.7291
"3399","dukehw",2023,114,0.42802,15.9982328767123,1317.55,1372.25,15.7291
"3400","dukehw",2023,115,0.42772,15.9982328767123,1317.55,1372.25,15.7291
"3401","dukehw",2023,116,0.42731,15.9982328767123,1317.55,1372.25,15.7291
"3402","dukehw",2023,117,0.42682,15.9982328767123,1317.55,1372.25,15.7291
"3403","dukehw",2023,118,0.42631,15.9982328767123,1317.55,1372.25,15.7291
"3404","dukehw",2023,119,0.42584,15.9982328767123,1317.55,1372.25,15.7291
"3405","dukehw",2023,120,0.42545,15.9982328767123,1317.55,1372.25,15.7291
"3406","dukehw",2023,121,0.42519,15.9982328767123,1317.55,1372.25,15.7291
"3407","dukehw",2023,122,0.425,15.9982328767123,1317.55,1372.25,15.7291
"3408","dukehw",2023,123,0.4248,15.9982328767123,1317.55,1372.25,15.7291
"3409","dukehw",2023,124,0.42459,15.9982328767123,1317.55,1372.25,15.7291
"3410","dukehw",2023,125,0.42438,15.9982328767123,1317.55,1372.25,15.7291
"3411","dukehw",2023,126,0.42417,15.9982328767123,1317.55,1372.25,15.7291
"3412","dukehw",2023,127,0.42398,15.9982328767123,1317.55,1372.25,15.7291
"3413","dukehw",2023,128,0.4238,15.9982328767123,1317.55,1372.25,15.7291
"3414","dukehw",2023,129,0.42365,15.9982328767123,1317.55,1372.25,15.7291
"3415","dukehw",2023,130,0.42354,15.9982328767123,1317.55,1372.25,15.7291
"3416","dukehw",2023,131,0.42349,15.9982328767123,1317.55,1372.25,15.7291
"3417","dukehw",2023,132,0.42352,15.9982328767123,1317.55,1372.25,15.7291
"3418","dukehw",2023,133,0.4236,15.9982328767123,1317.55,1372.25,15.7291
"3419","dukehw",2023,134,0.42371,15.9982328767123,1317.55,1372.25,15.7291
"3420","dukehw",2023,135,0.42382,15.9982328767123,1317.55,1372.25,15.7291
"3421","dukehw",2023,136,0.42391,15.9982328767123,1317.55,1372.25,15.7291
"3422","dukehw",2023,137,0.42395,15.9982328767123,1317.55,1372.25,15.7291
"3423","dukehw",2023,138,0.42392,15.9982328767123,1317.55,1372.25,15.7291
"3424","dukehw",2023,139,0.42383,15.9982328767123,1317.55,1372.25,15.7291
"3425","dukehw",2023,140,0.42373,15.9982328767123,1317.55,1372.25,15.7291
"3426","dukehw",2023,141,0.4236,15.9982328767123,1317.55,1372.25,15.7291
"3427","dukehw",2023,142,0.42346,15.9982328767123,1317.55,1372.25,15.7291
"3428","dukehw",2023,143,0.42329,15.9982328767123,1317.55,1372.25,15.7291
"3429","dukehw",2023,144,0.4231,15.9982328767123,1317.55,1372.25,15.7291
"3430","dukehw",2023,145,0.42288,15.9982328767123,1317.55,1372.25,15.7291
"3431","dukehw",2023,146,0.42264,15.9982328767123,1317.55,1372.25,15.7291
"3432","dukehw",2023,147,0.42238,15.9982328767123,1317.55,1372.25,15.7291
"3433","dukehw",2023,148,0.42207,15.9982328767123,1317.55,1372.25,15.7291
"3434","dukehw",2023,149,0.42172,15.9982328767123,1317.55,1372.25,15.7291
"3435","dukehw",2023,150,0.42134,15.9982328767123,1317.55,1372.25,15.7291
"3436","dukehw",2023,151,0.42092,15.9982328767123,1317.55,1372.25,15.7291
"3437","dukehw",2023,152,0.42049,15.9982328767123,1317.55,1372.25,15.7291
"3438","dukehw",2023,153,0.42004,15.9982328767123,1317.55,1372.25,15.7291
"3439","dukehw",2023,154,0.4196,15.9982328767123,1317.55,1372.25,15.7291
"3440","dukehw",2023,155,0.41916,15.9982328767123,1317.55,1372.25,15.7291
"3441","dukehw",2023,156,0.41873,15.9982328767123,1317.55,1372.25,15.7291
"3442","dukehw",2023,157,0.4183,15.9982328767123,1317.55,1372.25,15.7291
"3443","dukehw",2023,158,0.41783,15.9982328767123,1317.55,1372.25,15.7291
"3444","dukehw",2023,159,0.41733,15.9982328767123,1317.55,1372.25,15.7291
"3445","dukehw",2023,160,0.41682,15.9982328767123,1317.55,1372.25,15.7291
"3446","dukehw",2023,161,0.4163,15.9982328767123,1317.55,1372.25,15.7291
"3447","dukehw",2023,162,0.41579,15.9982328767123,1317.55,1372.25,15.7291
"3448","dukehw",2023,163,0.4153,15.9982328767123,1317.55,1372.25,15.7291
"3449","dukehw",2023,164,0.41484,15.9982328767123,1317.55,1372.25,15.7291
"3450","dukehw",2023,165,0.41442,15.9982328767123,1317.55,1372.25,15.7291
"3451","dukehw",2023,166,0.41404,15.9982328767123,1317.55,1372.25,15.7291
"3452","dukehw",2023,167,0.4137,15.9982328767123,1317.55,1372.25,15.7291
"3453","dukehw",2023,168,0.41338,15.9982328767123,1317.55,1372.25,15.7291
"3454","dukehw",2023,169,0.41309,15.9982328767123,1317.55,1372.25,15.7291
"3455","dukehw",2023,170,0.41282,15.9982328767123,1317.55,1372.25,15.7291
"3456","dukehw",2023,171,0.41256,15.9982328767123,1317.55,1372.25,15.7291
"3457","dukehw",2023,172,0.4123,15.9982328767123,1317.55,1372.25,15.7291
"3458","dukehw",2023,173,0.41206,15.9982328767123,1317.55,1372.25,15.7291
"3459","dukehw",2023,174,0.41181,15.9982328767123,1317.55,1372.25,15.7291
"3460","dukehw",2023,175,0.41156,15.9982328767123,1317.55,1372.25,15.7291
"3461","dukehw",2023,176,0.4113,15.9982328767123,1317.55,1372.25,15.7291
"3462","dukehw",2023,177,0.41105,15.9982328767123,1317.55,1372.25,15.7291
"3463","dukehw",2023,178,0.4108,15.9982328767123,1317.55,1372.25,15.7291
"3464","dukehw",2023,179,0.41055,15.9982328767123,1317.55,1372.25,15.7291
"3465","dukehw",2023,180,0.41029,15.9982328767123,1317.55,1372.25,15.7291
"3466","dukehw",2023,181,0.41004,15.9982328767123,1317.55,1372.25,15.7291
"3467","dukehw",2023,182,0.40979,15.9982328767123,1317.55,1372.25,15.7291
"3468","dukehw",2023,183,0.40955,15.9982328767123,1317.55,1372.25,15.7291
"3469","dukehw",2023,184,0.40932,15.9982328767123,1317.55,1372.25,15.7291
"3470","dukehw",2023,185,0.40912,15.9982328767123,1317.55,1372.25,15.7291
"3471","dukehw",2023,186,0.40894,15.9982328767123,1317.55,1372.25,15.7291
"3472","dukehw",2023,187,0.40878,15.9982328767123,1317.55,1372.25,15.7291
"3473","dukehw",2023,188,0.40863,15.9982328767123,1317.55,1372.25,15.7291
"3474","dukehw",2023,189,0.40849,15.9982328767123,1317.55,1372.25,15.7291
"3475","dukehw",2023,190,0.40834,15.9982328767123,1317.55,1372.25,15.7291
"3476","dukehw",2023,191,0.40819,15.9982328767123,1317.55,1372.25,15.7291
"3477","dukehw",2023,192,0.40802,15.9982328767123,1317.55,1372.25,15.7291
"3478","dukehw",2023,193,0.40784,15.9982328767123,1317.55,1372.25,15.7291
"3479","dukehw",2023,194,0.40763,15.9982328767123,1317.55,1372.25,15.7291
"3480","dukehw",2023,195,0.40742,15.9982328767123,1317.55,1372.25,15.7291
"3481","dukehw",2023,196,0.40719,15.9982328767123,1317.55,1372.25,15.7291
"3482","dukehw",2023,197,0.40695,15.9982328767123,1317.55,1372.25,15.7291
"3483","dukehw",2023,198,0.40672,15.9982328767123,1317.55,1372.25,15.7291
"3484","dukehw",2023,199,0.40648,15.9982328767123,1317.55,1372.25,15.7291
"3485","dukehw",2023,200,0.40624,15.9982328767123,1317.55,1372.25,15.7291
"3486","dukehw",2023,201,0.40601,15.9982328767123,1317.55,1372.25,15.7291
"3487","dukehw",2023,202,0.4058,15.9982328767123,1317.55,1372.25,15.7291
"3488","dukehw",2023,203,0.4056,15.9982328767123,1317.55,1372.25,15.7291
"3489","dukehw",2023,204,0.40542,15.9982328767123,1317.55,1372.25,15.7291
"3490","dukehw",2023,205,0.40525,15.9982328767123,1317.55,1372.25,15.7291
"3491","dukehw",2023,206,0.40507,15.9982328767123,1317.55,1372.25,15.7291
"3492","dukehw",2023,207,0.40488,15.9982328767123,1317.55,1372.25,15.7291
"3493","dukehw",2023,208,0.40466,15.9982328767123,1317.55,1372.25,15.7291
"3494","dukehw",2023,209,0.40442,15.9982328767123,1317.55,1372.25,15.7291
"3495","dukehw",2023,210,0.40414,15.9982328767123,1317.55,1372.25,15.7291
"3496","dukehw",2023,211,0.40382,15.9982328767123,1317.55,1372.25,15.7291
"3497","dukehw",2023,212,0.40344,15.9982328767123,1317.55,1372.25,15.7291
"3498","dukehw",2023,213,0.40304,15.9982328767123,1317.55,1372.25,15.7291
"3499","dukehw",2023,214,0.40261,15.9982328767123,1317.55,1372.25,15.7291
"3500","dukehw",2023,215,0.40218,15.9982328767123,1317.55,1372.25,15.7291
"3501","dukehw",2023,216,0.40175,15.9982328767123,1317.55,1372.25,15.7291
"3502","dukehw",2023,217,0.40133,15.9982328767123,1317.55,1372.25,15.7291
"3503","dukehw",2023,218,0.40095,15.9982328767123,1317.55,1372.25,15.7291
"3504","dukehw",2023,219,0.4006,15.9982328767123,1317.55,1372.25,15.7291
"3505","dukehw",2023,220,0.40028,15.9982328767123,1317.55,1372.25,15.7291
"3506","dukehw",2023,221,0.39994,15.9982328767123,1317.55,1372.25,15.7291
"3507","dukehw",2023,222,0.39961,15.9982328767123,1317.55,1372.25,15.7291
"3508","dukehw",2023,223,0.39928,15.9982328767123,1317.55,1372.25,15.7291
"3509","dukehw",2023,224,0.39896,15.9982328767123,1317.55,1372.25,15.7291
"3510","dukehw",2023,225,0.39867,15.9982328767123,1317.55,1372.25,15.7291
"3511","dukehw",2023,226,0.3984,15.9982328767123,1317.55,1372.25,15.7291
"3512","dukehw",2023,227,0.39817,15.9982328767123,1317.55,1372.25,15.7291
"3513","dukehw",2023,228,0.39798,15.9982328767123,1317.55,1372.25,15.7291
"3514","dukehw",2023,229,0.39787,15.9982328767123,1317.55,1372.25,15.7291
"3515","dukehw",2023,230,0.39786,15.9982328767123,1317.55,1372.25,15.7291
"3516","dukehw",2023,231,0.39791,15.9982328767123,1317.55,1372.25,15.7291
"3517","dukehw",2023,232,0.39799,15.9982328767123,1317.55,1372.25,15.7291
"3518","dukehw",2023,233,0.39808,15.9982328767123,1317.55,1372.25,15.7291
"3519","dukehw",2023,234,0.39814,15.9982328767123,1317.55,1372.25,15.7291
"3520","dukehw",2023,235,0.39816,15.9982328767123,1317.55,1372.25,15.7291
"3521","dukehw",2023,236,0.39808,15.9982328767123,1317.55,1372.25,15.7291
"3522","dukehw",2023,237,0.3979,15.9982328767123,1317.55,1372.25,15.7291
"3523","dukehw",2023,238,0.39761,15.9982328767123,1317.55,1372.25,15.7291
"3524","dukehw",2023,239,0.39724,15.9982328767123,1317.55,1372.25,15.7291
"3525","dukehw",2023,240,0.39682,15.9982328767123,1317.55,1372.25,15.7291
"3526","dukehw",2023,241,0.39636,15.9982328767123,1317.55,1372.25,15.7291
"3527","dukehw",2023,242,0.39587,15.9982328767123,1317.55,1372.25,15.7291
"3528","dukehw",2023,243,0.39538,15.9982328767123,1317.55,1372.25,15.7291
"3529","dukehw",2023,244,0.3949,15.9982328767123,1317.55,1372.25,15.7291
"3530","dukehw",2023,245,0.39446,15.9982328767123,1317.55,1372.25,15.7291
"3531","dukehw",2023,246,0.39406,15.9982328767123,1317.55,1372.25,15.7291
"3532","dukehw",2023,247,0.39367,15.9982328767123,1317.55,1372.25,15.7291
"3533","dukehw",2023,248,0.39327,15.9982328767123,1317.55,1372.25,15.7291
"3534","dukehw",2023,249,0.39286,15.9982328767123,1317.55,1372.25,15.7291
"3535","dukehw",2023,250,0.39245,15.9982328767123,1317.55,1372.25,15.7291
"3536","dukehw",2023,251,0.39205,15.9982328767123,1317.55,1372.25,15.7291
"3537","dukehw",2023,252,0.39165,15.9982328767123,1317.55,1372.25,15.7291
"3538","dukehw",2023,253,0.39128,15.9982328767123,1317.55,1372.25,15.7291
"3539","dukehw",2023,254,0.39093,15.9982328767123,1317.55,1372.25,15.7291
"3540","dukehw",2023,255,0.39062,15.9982328767123,1317.55,1372.25,15.7291
"3541","dukehw",2023,256,0.39038,15.9982328767123,1317.55,1372.25,15.7291
"3542","dukehw",2023,257,0.39024,15.9982328767123,1317.55,1372.25,15.7291
"3543","dukehw",2023,258,0.39017,15.9982328767123,1317.55,1372.25,15.7291
"3544","dukehw",2023,259,0.39013,15.9982328767123,1317.55,1372.25,15.7291
"3545","dukehw",2023,260,0.39008,15.9982328767123,1317.55,1372.25,15.7291
"3546","dukehw",2023,261,0.39,15.9982328767123,1317.55,1372.25,15.7291
"3547","dukehw",2023,262,0.38986,15.9982328767123,1317.55,1372.25,15.7291
"3548","dukehw",2023,263,0.38961,15.9982328767123,1317.55,1372.25,15.7291
"3549","dukehw",2023,264,0.38924,15.9982328767123,1317.55,1372.25,15.7291
"3550","dukehw",2023,265,0.38877,15.9982328767123,1317.55,1372.25,15.7291
"3551","dukehw",2023,266,0.38829,15.9982328767123,1317.55,1372.25,15.7291
"3552","dukehw",2023,267,0.38778,15.9982328767123,1317.55,1372.25,15.7291
"3553","dukehw",2023,268,0.38723,15.9982328767123,1317.55,1372.25,15.7291
"3554","dukehw",2023,269,0.38662,15.9982328767123,1317.55,1372.25,15.7291
"3555","dukehw",2023,270,0.38596,15.9982328767123,1317.55,1372.25,15.7291
"3556","dukehw",2023,271,0.38524,15.9982328767123,1317.55,1372.25,15.7291
"3557","dukehw",2023,272,0.38443,15.9982328767123,1317.55,1372.25,15.7291
"3558","dukehw",2023,273,0.38354,15.9982328767123,1317.55,1372.25,15.7291
"3559","dukehw",2023,274,0.3826,15.9982328767123,1317.55,1372.25,15.7291
"3560","dukehw",2023,275,0.38165,15.9982328767123,1317.55,1372.25,15.7291
"3561","dukehw",2023,276,0.38066,15.9982328767123,1317.55,1372.25,15.7291
"3562","dukehw",2023,277,0.37961,15.9982328767123,1317.55,1372.25,15.7291
"3563","dukehw",2023,278,0.37847,15.9982328767123,1317.55,1372.25,15.7291
"3564","dukehw",2023,279,0.37724,15.9982328767123,1317.55,1372.25,15.7291
"3565","dukehw",2023,280,0.37588,15.9982328767123,1317.55,1372.25,15.7291
"3566","dukehw",2023,281,0.37438,15.9982328767123,1317.55,1372.25,15.7291
"3567","dukehw",2023,282,0.3727,15.9982328767123,1317.55,1372.25,15.7291
"3568","dukehw",2023,283,0.37079,15.9982328767123,1317.55,1372.25,15.7291
"3569","dukehw",2023,284,0.36861,15.9982328767123,1317.55,1372.25,15.7291
"3570","dukehw",2023,285,0.36623,15.9982328767123,1317.55,1372.25,15.7291
"3571","dukehw",2023,286,0.36371,15.9982328767123,1317.55,1372.25,15.7291
"3572","dukehw",2023,287,0.36111,15.9982328767123,1317.55,1372.25,15.7291
"3573","dukehw",2023,288,0.35848,15.9982328767123,1317.55,1372.25,15.7291
"3574","dukehw",2023,289,0.35588,15.9982328767123,1317.55,1372.25,15.7291
"3575","dukehw",2023,290,0.35337,15.9982328767123,1317.55,1372.25,15.7291
"3576","dukehw",2023,291,0.35101,15.9982328767123,1317.55,1372.25,15.7291
"3577","dukehw",2023,292,0.34868,15.9982328767123,1317.55,1372.25,15.7291
"3578","dukehw",2023,293,0.34624,15.9982328767123,1317.55,1372.25,15.7291
"3579","dukehw",2023,294,0.34373,15.9982328767123,1317.55,1372.25,15.7291
"3580","dukehw",2023,295,0.34121,15.9982328767123,1317.55,1372.25,15.7291
"3581","dukehw",2023,296,0.33871,15.9982328767123,1317.55,1372.25,15.7291
"3582","dukehw",2023,297,0.33628,15.9982328767123,1317.55,1372.25,15.7291
"3583","dukehw",2023,298,0.33397,15.9982328767123,1317.55,1372.25,15.7291
"3584","dukehw",2023,299,0.33182,15.9982328767123,1317.55,1372.25,15.7291
"3585","dukehw",2023,300,0.32988,15.9982328767123,1317.55,1372.25,15.7291
"3586","dukehw",2023,301,0.32812,15.9982328767123,1317.55,1372.25,15.7291
"3587","dukehw",2023,302,0.3265,15.9982328767123,1317.55,1372.25,15.7291
"3588","dukehw",2023,303,0.32499,15.9982328767123,1317.55,1372.25,15.7291
"3589","dukehw",2023,304,0.32359,15.9982328767123,1317.55,1372.25,15.7291
"3590","dukehw",2023,305,0.32227,15.9982328767123,1317.55,1372.25,15.7291
"3591","dukehw",2023,306,0.32102,15.9982328767123,1317.55,1372.25,15.7291
"3592","dukehw",2023,307,0.31983,15.9982328767123,1317.55,1372.25,15.7291
"3593","dukehw",2023,308,0.31868,15.9982328767123,1317.55,1372.25,15.7291
"3594","dukehw",2023,309,0.31756,15.9982328767123,1317.55,1372.25,15.7291
"3595","dukehw",2023,310,0.31643,15.9982328767123,1317.55,1372.25,15.7291
"3596","dukehw",2023,311,0.31529,15.9982328767123,1317.55,1372.25,15.7291
"3597","dukehw",2023,312,0.31416,15.9982328767123,1317.55,1372.25,15.7291
"3598","dukehw",2023,313,0.31308,15.9982328767123,1317.55,1372.25,15.7291
"3599","dukehw",2023,314,0.31206,15.9982328767123,1317.55,1372.25,15.7291
"3600","dukehw",2023,315,0.31112,15.9982328767123,1317.55,1372.25,15.7291
"3601","dukehw",2023,316,0.3103,15.9982328767123,1317.55,1372.25,15.7291
"3602","dukehw",2023,317,0.30961,15.9982328767123,1317.55,1372.25,15.7291
"3603","dukehw",2023,318,0.30909,15.9982328767123,1317.55,1372.25,15.7291
"3604","dukehw",2023,319,0.30876,15.9982328767123,1317.55,1372.25,15.7291
"3605","dukehw",2023,320,0.30864,15.9982328767123,1317.55,1372.25,15.7291
"3606","dukehw",2023,321,0.30868,15.9982328767123,1317.55,1372.25,15.7291
"3607","dukehw",2023,322,0.30886,15.9982328767123,1317.55,1372.25,15.7291
"3608","dukehw",2023,323,0.30914,15.9982328767123,1317.55,1372.25,15.7291
"3609","dukehw",2023,324,0.30949,15.9982328767123,1317.55,1372.25,15.7291
"3610","dukehw",2023,325,0.30986,15.9982328767123,1317.55,1372.25,15.7291
"3611","dukehw",2023,326,0.31023,15.9982328767123,1317.55,1372.25,15.7291
"3612","dukehw",2023,327,0.31057,15.9982328767123,1317.55,1372.25,15.7291
"3613","dukehw",2023,328,0.31094,15.9982328767123,1317.55,1372.25,15.7291
"3614","dukehw",2023,329,0.31143,15.9982328767123,1317.55,1372.25,15.7291
"3615","dukehw",2023,330,0.31199,15.9982328767123,1317.55,1372.25,15.7291
"3616","dukehw",2023,331,0.31261,15.9982328767123,1317.55,1372.25,15.7291
"3617","dukehw",2023,332,0.31324,15.9982328767123,1317.55,1372.25,15.7291
"3618","dukehw",2023,333,0.31387,15.9982328767123,1317.55,1372.25,15.7291
"3619","dukehw",2023,334,0.31445,15.9982328767123,1317.55,1372.25,15.7291
"3620","dukehw",2023,335,0.31495,15.9982328767123,1317.55,1372.25,15.7291
"3621","dukehw",2023,336,0.31535,15.9982328767123,1317.55,1372.25,15.7291
"3622","dukehw",2023,337,0.31567,15.9982328767123,1317.55,1372.25,15.7291
"3623","dukehw",2023,338,0.31598,15.9982328767123,1317.55,1372.25,15.7291
"3624","dukehw",2023,339,0.31628,15.9982328767123,1317.55,1372.25,15.7291
"3625","dukehw",2023,340,0.31655,15.9982328767123,1317.55,1372.25,15.7291
"3626","dukehw",2023,341,0.3168,15.9982328767123,1317.55,1372.25,15.7291
"3627","dukehw",2023,342,0.31703,15.9982328767123,1317.55,1372.25,15.7291
"3628","dukehw",2023,343,0.31725,15.9982328767123,1317.55,1372.25,15.7291
"3629","dukehw",2023,344,0.31743,15.9982328767123,1317.55,1372.25,15.7291
"3630","dukehw",2023,345,0.3176,15.9982328767123,1317.55,1372.25,15.7291
"3631","dukehw",2023,346,0.31773,15.9982328767123,1317.55,1372.25,15.7291
"3632","dukehw",2023,347,0.31782,15.9982328767123,1317.55,1372.25,15.7291
"3633","dukehw",2023,348,0.31789,15.9982328767123,1317.55,1372.25,15.7291
"3634","dukehw",2023,349,0.31792,15.9982328767123,1317.55,1372.25,15.7291
"3635","dukehw",2023,350,0.31794,15.9982328767123,1317.55,1372.25,15.7291
"3636","dukehw",2023,351,0.31795,15.9982328767123,1317.55,1372.25,15.7291
"3637","dukehw",2023,352,0.31795,15.9982328767123,1317.55,1372.25,15.7291
"3638","dukehw",2023,353,0.31795,15.9982328767123,1317.55,1372.25,15.7291
"3639","dukehw",2023,354,0.31796,15.9982328767123,1317.55,1372.25,15.7291
"3640","dukehw",2023,355,0.31796,15.9982328767123,1317.55,1372.25,15.7291
"3641","dukehw",2023,356,0.31793,15.9982328767123,1317.55,1372.25,15.7291
"3642","dukehw",2023,357,0.31789,15.9982328767123,1317.55,1372.25,15.7291
"3643","dukehw",2023,358,0.31783,15.9982328767123,1317.55,1372.25,15.7291
"3644","dukehw",2023,359,0.31776,15.9982328767123,1317.55,1372.25,15.7291
"3645","dukehw",2023,360,0.3177,15.9982328767123,1317.55,1372.25,15.7291
"3646","dukehw",2023,361,0.31764,15.9982328767123,1317.55,1372.25,15.7291
"3647","dukehw",2023,362,0.31759,15.9982328767123,1317.55,1372.25,15.7291
"3648","dukehw",2023,363,0.31755,15.9982328767123,1317.55,1372.25,15.7291
"3649","dukehw",2023,364,0.31753,15.9982328767123,1317.55,1372.25,15.7291
"3650","dukehw",2023,365,0.3175,15.9982328767123,1317.55,1372.25,15.7291
