"","site","year","doy","smooth_gcc_90","annual_temp","annual_precip","map","mat"
"1","morganmonroe2",2018,1,0.32934,11.9980273972603,1403.37,1293.835,12.2183105022831
"2","morganmonroe2",2018,2,0.32947,11.9980273972603,1403.37,1293.835,12.2183105022831
"3","morganmonroe2",2018,3,0.32973,11.9980273972603,1403.37,1293.835,12.2183105022831
"4","morganmonroe2",2018,4,0.33006,11.9980273972603,1403.37,1293.835,12.2183105022831
"5","morganmonroe2",2018,5,0.33041,11.9980273972603,1403.37,1293.835,12.2183105022831
"6","morganmonroe2",2018,6,0.33071,11.9980273972603,1403.37,1293.835,12.2183105022831
"7","morganmonroe2",2018,7,0.33092,11.9980273972603,1403.37,1293.835,12.2183105022831
"8","morganmonroe2",2018,8,0.33106,11.9980273972603,1403.37,1293.835,12.2183105022831
"9","morganmonroe2",2018,9,0.33122,11.9980273972603,1403.37,1293.835,12.2183105022831
"10","morganmonroe2",2018,10,0.33138,11.9980273972603,1403.37,1293.835,12.2183105022831
"11","morganmonroe2",2018,11,0.33152,11.9980273972603,1403.37,1293.835,12.2183105022831
"12","morganmonroe2",2018,12,0.33162,11.9980273972603,1403.37,1293.835,12.2183105022831
"13","morganmonroe2",2018,13,0.33166,11.9980273972603,1403.37,1293.835,12.2183105022831
"14","morganmonroe2",2018,14,0.33161,11.9980273972603,1403.37,1293.835,12.2183105022831
"15","morganmonroe2",2018,15,0.33147,11.9980273972603,1403.37,1293.835,12.2183105022831
"16","morganmonroe2",2018,16,0.33126,11.9980273972603,1403.37,1293.835,12.2183105022831
"17","morganmonroe2",2018,17,0.33104,11.9980273972603,1403.37,1293.835,12.2183105022831
"18","morganmonroe2",2018,18,0.33085,11.9980273972603,1403.37,1293.835,12.2183105022831
"19","morganmonroe2",2018,19,0.33072,11.9980273972603,1403.37,1293.835,12.2183105022831
"20","morganmonroe2",2018,20,0.33067,11.9980273972603,1403.37,1293.835,12.2183105022831
"21","morganmonroe2",2018,21,0.33067,11.9980273972603,1403.37,1293.835,12.2183105022831
"22","morganmonroe2",2018,22,0.3307,11.9980273972603,1403.37,1293.835,12.2183105022831
"23","morganmonroe2",2018,23,0.33073,11.9980273972603,1403.37,1293.835,12.2183105022831
"24","morganmonroe2",2018,24,0.33075,11.9980273972603,1403.37,1293.835,12.2183105022831
"25","morganmonroe2",2018,25,0.33071,11.9980273972603,1403.37,1293.835,12.2183105022831
"26","morganmonroe2",2018,26,0.33061,11.9980273972603,1403.37,1293.835,12.2183105022831
"27","morganmonroe2",2018,27,0.33044,11.9980273972603,1403.37,1293.835,12.2183105022831
"28","morganmonroe2",2018,28,0.33024,11.9980273972603,1403.37,1293.835,12.2183105022831
"29","morganmonroe2",2018,29,0.33004,11.9980273972603,1403.37,1293.835,12.2183105022831
"30","morganmonroe2",2018,30,0.32986,11.9980273972603,1403.37,1293.835,12.2183105022831
"31","morganmonroe2",2018,31,0.32972,11.9980273972603,1403.37,1293.835,12.2183105022831
"32","morganmonroe2",2018,32,0.3296,11.9980273972603,1403.37,1293.835,12.2183105022831
"33","morganmonroe2",2018,33,0.32946,11.9980273972603,1403.37,1293.835,12.2183105022831
"34","morganmonroe2",2018,34,0.32932,11.9980273972603,1403.37,1293.835,12.2183105022831
"35","morganmonroe2",2018,35,0.32922,11.9980273972603,1403.37,1293.835,12.2183105022831
"36","morganmonroe2",2018,36,0.32919,11.9980273972603,1403.37,1293.835,12.2183105022831
"37","morganmonroe2",2018,37,0.32927,11.9980273972603,1403.37,1293.835,12.2183105022831
"38","morganmonroe2",2018,38,0.32951,11.9980273972603,1403.37,1293.835,12.2183105022831
"39","morganmonroe2",2018,39,0.3299,11.9980273972603,1403.37,1293.835,12.2183105022831
"40","morganmonroe2",2018,40,0.33032,11.9980273972603,1403.37,1293.835,12.2183105022831
"41","morganmonroe2",2018,41,0.33064,11.9980273972603,1403.37,1293.835,12.2183105022831
"42","morganmonroe2",2018,42,0.33097,11.9980273972603,1403.37,1293.835,12.2183105022831
"43","morganmonroe2",2018,43,0.33138,11.9980273972603,1403.37,1293.835,12.2183105022831
"44","morganmonroe2",2018,44,0.3317,11.9980273972603,1403.37,1293.835,12.2183105022831
"45","morganmonroe2",2018,45,0.33191,11.9980273972603,1403.37,1293.835,12.2183105022831
"46","morganmonroe2",2018,46,0.33212,11.9980273972603,1403.37,1293.835,12.2183105022831
"47","morganmonroe2",2018,47,0.3323,11.9980273972603,1403.37,1293.835,12.2183105022831
"48","morganmonroe2",2018,48,0.33245,11.9980273972603,1403.37,1293.835,12.2183105022831
"49","morganmonroe2",2018,49,0.33255,11.9980273972603,1403.37,1293.835,12.2183105022831
"50","morganmonroe2",2018,50,0.3326,11.9980273972603,1403.37,1293.835,12.2183105022831
"51","morganmonroe2",2018,51,0.33257,11.9980273972603,1403.37,1293.835,12.2183105022831
"52","morganmonroe2",2018,52,0.33248,11.9980273972603,1403.37,1293.835,12.2183105022831
"53","morganmonroe2",2018,53,0.33234,11.9980273972603,1403.37,1293.835,12.2183105022831
"54","morganmonroe2",2018,54,0.33218,11.9980273972603,1403.37,1293.835,12.2183105022831
"55","morganmonroe2",2018,55,0.33203,11.9980273972603,1403.37,1293.835,12.2183105022831
"56","morganmonroe2",2018,56,0.33189,11.9980273972603,1403.37,1293.835,12.2183105022831
"57","morganmonroe2",2018,57,0.33176,11.9980273972603,1403.37,1293.835,12.2183105022831
"58","morganmonroe2",2018,58,0.3316,11.9980273972603,1403.37,1293.835,12.2183105022831
"59","morganmonroe2",2018,59,0.33142,11.9980273972603,1403.37,1293.835,12.2183105022831
"60","morganmonroe2",2018,60,0.33124,11.9980273972603,1403.37,1293.835,12.2183105022831
"61","morganmonroe2",2018,61,0.33107,11.9980273972603,1403.37,1293.835,12.2183105022831
"62","morganmonroe2",2018,62,0.33091,11.9980273972603,1403.37,1293.835,12.2183105022831
"63","morganmonroe2",2018,63,0.33069,11.9980273972603,1403.37,1293.835,12.2183105022831
"64","morganmonroe2",2018,64,0.33041,11.9980273972603,1403.37,1293.835,12.2183105022831
"65","morganmonroe2",2018,65,0.33015,11.9980273972603,1403.37,1293.835,12.2183105022831
"66","morganmonroe2",2018,66,0.32999,11.9980273972603,1403.37,1293.835,12.2183105022831
"67","morganmonroe2",2018,67,0.3299,11.9980273972603,1403.37,1293.835,12.2183105022831
"68","morganmonroe2",2018,68,0.32981,11.9980273972603,1403.37,1293.835,12.2183105022831
"69","morganmonroe2",2018,69,0.32979,11.9980273972603,1403.37,1293.835,12.2183105022831
"70","morganmonroe2",2018,70,0.32992,11.9980273972603,1403.37,1293.835,12.2183105022831
"71","morganmonroe2",2018,71,0.33015,11.9980273972603,1403.37,1293.835,12.2183105022831
"72","morganmonroe2",2018,72,0.33045,11.9980273972603,1403.37,1293.835,12.2183105022831
"73","morganmonroe2",2018,73,0.33078,11.9980273972603,1403.37,1293.835,12.2183105022831
"74","morganmonroe2",2018,74,0.3311,11.9980273972603,1403.37,1293.835,12.2183105022831
"75","morganmonroe2",2018,75,0.33137,11.9980273972603,1403.37,1293.835,12.2183105022831
"76","morganmonroe2",2018,76,0.33163,11.9980273972603,1403.37,1293.835,12.2183105022831
"77","morganmonroe2",2018,77,0.33193,11.9980273972603,1403.37,1293.835,12.2183105022831
"78","morganmonroe2",2018,78,0.33225,11.9980273972603,1403.37,1293.835,12.2183105022831
"79","morganmonroe2",2018,79,0.33255,11.9980273972603,1403.37,1293.835,12.2183105022831
"80","morganmonroe2",2018,80,0.33281,11.9980273972603,1403.37,1293.835,12.2183105022831
"81","morganmonroe2",2018,81,0.33299,11.9980273972603,1403.37,1293.835,12.2183105022831
"82","morganmonroe2",2018,82,0.3331,11.9980273972603,1403.37,1293.835,12.2183105022831
"83","morganmonroe2",2018,83,0.33316,11.9980273972603,1403.37,1293.835,12.2183105022831
"84","morganmonroe2",2018,84,0.33319,11.9980273972603,1403.37,1293.835,12.2183105022831
"85","morganmonroe2",2018,85,0.33319,11.9980273972603,1403.37,1293.835,12.2183105022831
"86","morganmonroe2",2018,86,0.33319,11.9980273972603,1403.37,1293.835,12.2183105022831
"87","morganmonroe2",2018,87,0.33318,11.9980273972603,1403.37,1293.835,12.2183105022831
"88","morganmonroe2",2018,88,0.33316,11.9980273972603,1403.37,1293.835,12.2183105022831
"89","morganmonroe2",2018,89,0.33313,11.9980273972603,1403.37,1293.835,12.2183105022831
"90","morganmonroe2",2018,90,0.33308,11.9980273972603,1403.37,1293.835,12.2183105022831
"91","morganmonroe2",2018,91,0.33302,11.9980273972603,1403.37,1293.835,12.2183105022831
"92","morganmonroe2",2018,92,0.33289,11.9980273972603,1403.37,1293.835,12.2183105022831
"93","morganmonroe2",2018,93,0.3327,11.9980273972603,1403.37,1293.835,12.2183105022831
"94","morganmonroe2",2018,94,0.33258,11.9980273972603,1403.37,1293.835,12.2183105022831
"95","morganmonroe2",2018,95,0.3325,11.9980273972603,1403.37,1293.835,12.2183105022831
"96","morganmonroe2",2018,96,0.3324,11.9980273972603,1403.37,1293.835,12.2183105022831
"97","morganmonroe2",2018,97,0.33229,11.9980273972603,1403.37,1293.835,12.2183105022831
"98","morganmonroe2",2018,98,0.33222,11.9980273972603,1403.37,1293.835,12.2183105022831
"99","morganmonroe2",2018,99,0.33219,11.9980273972603,1403.37,1293.835,12.2183105022831
"100","morganmonroe2",2018,100,0.33222,11.9980273972603,1403.37,1293.835,12.2183105022831
"101","morganmonroe2",2018,101,0.3323,11.9980273972603,1403.37,1293.835,12.2183105022831
"102","morganmonroe2",2018,102,0.33238,11.9980273972603,1403.37,1293.835,12.2183105022831
"103","morganmonroe2",2018,103,0.33249,11.9980273972603,1403.37,1293.835,12.2183105022831
"104","morganmonroe2",2018,104,0.33264,11.9980273972603,1403.37,1293.835,12.2183105022831
"105","morganmonroe2",2018,105,0.33286,11.9980273972603,1403.37,1293.835,12.2183105022831
"106","morganmonroe2",2018,106,0.33317,11.9980273972603,1403.37,1293.835,12.2183105022831
"107","morganmonroe2",2018,107,0.33332,11.9980273972603,1403.37,1293.835,12.2183105022831
"108","morganmonroe2",2018,108,0.33317,11.9980273972603,1403.37,1293.835,12.2183105022831
"109","morganmonroe2",2018,109,0.33296,11.9980273972603,1403.37,1293.835,12.2183105022831
"110","morganmonroe2",2018,110,0.33292,11.9980273972603,1403.37,1293.835,12.2183105022831
"111","morganmonroe2",2018,111,0.33327,11.9980273972603,1403.37,1293.835,12.2183105022831
"112","morganmonroe2",2018,112,0.33425,11.9980273972603,1403.37,1293.835,12.2183105022831
"113","morganmonroe2",2018,113,0.33533,11.9980273972603,1403.37,1293.835,12.2183105022831
"114","morganmonroe2",2018,114,0.33626,11.9980273972603,1403.37,1293.835,12.2183105022831
"115","morganmonroe2",2018,115,0.33765,11.9980273972603,1403.37,1293.835,12.2183105022831
"116","morganmonroe2",2018,116,0.3401,11.9980273972603,1403.37,1293.835,12.2183105022831
"117","morganmonroe2",2018,117,0.34393,11.9980273972603,1403.37,1293.835,12.2183105022831
"118","morganmonroe2",2018,118,0.34857,11.9980273972603,1403.37,1293.835,12.2183105022831
"119","morganmonroe2",2018,119,0.35331,11.9980273972603,1403.37,1293.835,12.2183105022831
"120","morganmonroe2",2018,120,0.35863,11.9980273972603,1403.37,1293.835,12.2183105022831
"121","morganmonroe2",2018,121,0.36512,11.9980273972603,1403.37,1293.835,12.2183105022831
"122","morganmonroe2",2018,122,0.37222,11.9980273972603,1403.37,1293.835,12.2183105022831
"123","morganmonroe2",2018,123,0.37933,11.9980273972603,1403.37,1293.835,12.2183105022831
"124","morganmonroe2",2018,124,0.38589,11.9980273972603,1403.37,1293.835,12.2183105022831
"125","morganmonroe2",2018,125,0.39132,11.9980273972603,1403.37,1293.835,12.2183105022831
"126","morganmonroe2",2018,126,0.396,11.9980273972603,1403.37,1293.835,12.2183105022831
"127","morganmonroe2",2018,127,0.40055,11.9980273972603,1403.37,1293.835,12.2183105022831
"128","morganmonroe2",2018,128,0.40478,11.9980273972603,1403.37,1293.835,12.2183105022831
"129","morganmonroe2",2018,129,0.40847,11.9980273972603,1403.37,1293.835,12.2183105022831
"130","morganmonroe2",2018,130,0.41144,11.9980273972603,1403.37,1293.835,12.2183105022831
"131","morganmonroe2",2018,131,0.41347,11.9980273972603,1403.37,1293.835,12.2183105022831
"132","morganmonroe2",2018,132,0.41416,11.9980273972603,1403.37,1293.835,12.2183105022831
"133","morganmonroe2",2018,133,0.41353,11.9980273972603,1403.37,1293.835,12.2183105022831
"134","morganmonroe2",2018,134,0.41208,11.9980273972603,1403.37,1293.835,12.2183105022831
"135","morganmonroe2",2018,135,0.41028,11.9980273972603,1403.37,1293.835,12.2183105022831
"136","morganmonroe2",2018,136,0.40864,11.9980273972603,1403.37,1293.835,12.2183105022831
"137","morganmonroe2",2018,137,0.40762,11.9980273972603,1403.37,1293.835,12.2183105022831
"138","morganmonroe2",2018,138,0.40679,11.9980273972603,1403.37,1293.835,12.2183105022831
"139","morganmonroe2",2018,139,0.40558,11.9980273972603,1403.37,1293.835,12.2183105022831
"140","morganmonroe2",2018,140,0.40429,11.9980273972603,1403.37,1293.835,12.2183105022831
"141","morganmonroe2",2018,141,0.40319,11.9980273972603,1403.37,1293.835,12.2183105022831
"142","morganmonroe2",2018,142,0.40219,11.9980273972603,1403.37,1293.835,12.2183105022831
"143","morganmonroe2",2018,143,0.40112,11.9980273972603,1403.37,1293.835,12.2183105022831
"144","morganmonroe2",2018,144,0.40016,11.9980273972603,1403.37,1293.835,12.2183105022831
"145","morganmonroe2",2018,145,0.39936,11.9980273972603,1403.37,1293.835,12.2183105022831
"146","morganmonroe2",2018,146,0.39861,11.9980273972603,1403.37,1293.835,12.2183105022831
"147","morganmonroe2",2018,147,0.39791,11.9980273972603,1403.37,1293.835,12.2183105022831
"148","morganmonroe2",2018,148,0.39727,11.9980273972603,1403.37,1293.835,12.2183105022831
"149","morganmonroe2",2018,149,0.39668,11.9980273972603,1403.37,1293.835,12.2183105022831
"150","morganmonroe2",2018,150,0.39615,11.9980273972603,1403.37,1293.835,12.2183105022831
"151","morganmonroe2",2018,151,0.39571,11.9980273972603,1403.37,1293.835,12.2183105022831
"152","morganmonroe2",2018,152,0.39537,11.9980273972603,1403.37,1293.835,12.2183105022831
"153","morganmonroe2",2018,153,0.39511,11.9980273972603,1403.37,1293.835,12.2183105022831
"154","morganmonroe2",2018,154,0.39489,11.9980273972603,1403.37,1293.835,12.2183105022831
"155","morganmonroe2",2018,155,0.3947,11.9980273972603,1403.37,1293.835,12.2183105022831
"156","morganmonroe2",2018,156,0.39449,11.9980273972603,1403.37,1293.835,12.2183105022831
"157","morganmonroe2",2018,157,0.39429,11.9980273972603,1403.37,1293.835,12.2183105022831
"158","morganmonroe2",2018,158,0.39414,11.9980273972603,1403.37,1293.835,12.2183105022831
"159","morganmonroe2",2018,159,0.39402,11.9980273972603,1403.37,1293.835,12.2183105022831
"160","morganmonroe2",2018,160,0.3939,11.9980273972603,1403.37,1293.835,12.2183105022831
"161","morganmonroe2",2018,161,0.39377,11.9980273972603,1403.37,1293.835,12.2183105022831
"162","morganmonroe2",2018,162,0.39361,11.9980273972603,1403.37,1293.835,12.2183105022831
"163","morganmonroe2",2018,163,0.39341,11.9980273972603,1403.37,1293.835,12.2183105022831
"164","morganmonroe2",2018,164,0.39321,11.9980273972603,1403.37,1293.835,12.2183105022831
"165","morganmonroe2",2018,165,0.39302,11.9980273972603,1403.37,1293.835,12.2183105022831
"166","morganmonroe2",2018,166,0.39284,11.9980273972603,1403.37,1293.835,12.2183105022831
"167","morganmonroe2",2018,167,0.39267,11.9980273972603,1403.37,1293.835,12.2183105022831
"168","morganmonroe2",2018,168,0.39249,11.9980273972603,1403.37,1293.835,12.2183105022831
"169","morganmonroe2",2018,169,0.39232,11.9980273972603,1403.37,1293.835,12.2183105022831
"170","morganmonroe2",2018,170,0.39213,11.9980273972603,1403.37,1293.835,12.2183105022831
"171","morganmonroe2",2018,171,0.39192,11.9980273972603,1403.37,1293.835,12.2183105022831
"172","morganmonroe2",2018,172,0.39172,11.9980273972603,1403.37,1293.835,12.2183105022831
"173","morganmonroe2",2018,173,0.39153,11.9980273972603,1403.37,1293.835,12.2183105022831
"174","morganmonroe2",2018,174,0.39135,11.9980273972603,1403.37,1293.835,12.2183105022831
"175","morganmonroe2",2018,175,0.3912,11.9980273972603,1403.37,1293.835,12.2183105022831
"176","morganmonroe2",2018,176,0.39107,11.9980273972603,1403.37,1293.835,12.2183105022831
"177","morganmonroe2",2018,177,0.39094,11.9980273972603,1403.37,1293.835,12.2183105022831
"178","morganmonroe2",2018,178,0.39082,11.9980273972603,1403.37,1293.835,12.2183105022831
"179","morganmonroe2",2018,179,0.3907,11.9980273972603,1403.37,1293.835,12.2183105022831
"180","morganmonroe2",2018,180,0.3906,11.9980273972603,1403.37,1293.835,12.2183105022831
"181","morganmonroe2",2018,181,0.39052,11.9980273972603,1403.37,1293.835,12.2183105022831
"182","morganmonroe2",2018,182,0.39047,11.9980273972603,1403.37,1293.835,12.2183105022831
"183","morganmonroe2",2018,183,0.39049,11.9980273972603,1403.37,1293.835,12.2183105022831
"184","morganmonroe2",2018,184,0.39053,11.9980273972603,1403.37,1293.835,12.2183105022831
"185","morganmonroe2",2018,185,0.39057,11.9980273972603,1403.37,1293.835,12.2183105022831
"186","morganmonroe2",2018,186,0.39058,11.9980273972603,1403.37,1293.835,12.2183105022831
"187","morganmonroe2",2018,187,0.39054,11.9980273972603,1403.37,1293.835,12.2183105022831
"188","morganmonroe2",2018,188,0.39046,11.9980273972603,1403.37,1293.835,12.2183105022831
"189","morganmonroe2",2018,189,0.39036,11.9980273972603,1403.37,1293.835,12.2183105022831
"190","morganmonroe2",2018,190,0.39024,11.9980273972603,1403.37,1293.835,12.2183105022831
"191","morganmonroe2",2018,191,0.3901,11.9980273972603,1403.37,1293.835,12.2183105022831
"192","morganmonroe2",2018,192,0.38984,11.9980273972603,1403.37,1293.835,12.2183105022831
"193","morganmonroe2",2018,193,0.38947,11.9980273972603,1403.37,1293.835,12.2183105022831
"194","morganmonroe2",2018,194,0.38918,11.9980273972603,1403.37,1293.835,12.2183105022831
"195","morganmonroe2",2018,195,0.38902,11.9980273972603,1403.37,1293.835,12.2183105022831
"196","morganmonroe2",2018,196,0.38888,11.9980273972603,1403.37,1293.835,12.2183105022831
"197","morganmonroe2",2018,197,0.38876,11.9980273972603,1403.37,1293.835,12.2183105022831
"198","morganmonroe2",2018,198,0.38865,11.9980273972603,1403.37,1293.835,12.2183105022831
"199","morganmonroe2",2018,199,0.38854,11.9980273972603,1403.37,1293.835,12.2183105022831
"200","morganmonroe2",2018,200,0.38843,11.9980273972603,1403.37,1293.835,12.2183105022831
"201","morganmonroe2",2018,201,0.38832,11.9980273972603,1403.37,1293.835,12.2183105022831
"202","morganmonroe2",2018,202,0.38821,11.9980273972603,1403.37,1293.835,12.2183105022831
"203","morganmonroe2",2018,203,0.3881,11.9980273972603,1403.37,1293.835,12.2183105022831
"204","morganmonroe2",2018,204,0.388,11.9980273972603,1403.37,1293.835,12.2183105022831
"205","morganmonroe2",2018,205,0.38791,11.9980273972603,1403.37,1293.835,12.2183105022831
"206","morganmonroe2",2018,206,0.38784,11.9980273972603,1403.37,1293.835,12.2183105022831
"207","morganmonroe2",2018,207,0.38776,11.9980273972603,1403.37,1293.835,12.2183105022831
"208","morganmonroe2",2018,208,0.38769,11.9980273972603,1403.37,1293.835,12.2183105022831
"209","morganmonroe2",2018,209,0.38761,11.9980273972603,1403.37,1293.835,12.2183105022831
"210","morganmonroe2",2018,210,0.38754,11.9980273972603,1403.37,1293.835,12.2183105022831
"211","morganmonroe2",2018,211,0.3875,11.9980273972603,1403.37,1293.835,12.2183105022831
"212","morganmonroe2",2018,212,0.38748,11.9980273972603,1403.37,1293.835,12.2183105022831
"213","morganmonroe2",2018,213,0.3875,11.9980273972603,1403.37,1293.835,12.2183105022831
"214","morganmonroe2",2018,214,0.38758,11.9980273972603,1403.37,1293.835,12.2183105022831
"215","morganmonroe2",2018,215,0.38768,11.9980273972603,1403.37,1293.835,12.2183105022831
"216","morganmonroe2",2018,216,0.38779,11.9980273972603,1403.37,1293.835,12.2183105022831
"217","morganmonroe2",2018,217,0.38788,11.9980273972603,1403.37,1293.835,12.2183105022831
"218","morganmonroe2",2018,218,0.38793,11.9980273972603,1403.37,1293.835,12.2183105022831
"219","morganmonroe2",2018,219,0.38796,11.9980273972603,1403.37,1293.835,12.2183105022831
"220","morganmonroe2",2018,220,0.38797,11.9980273972603,1403.37,1293.835,12.2183105022831
"221","morganmonroe2",2018,221,0.38798,11.9980273972603,1403.37,1293.835,12.2183105022831
"222","morganmonroe2",2018,222,0.38799,11.9980273972603,1403.37,1293.835,12.2183105022831
"223","morganmonroe2",2018,223,0.38799,11.9980273972603,1403.37,1293.835,12.2183105022831
"224","morganmonroe2",2018,224,0.388,11.9980273972603,1403.37,1293.835,12.2183105022831
"225","morganmonroe2",2018,225,0.38803,11.9980273972603,1403.37,1293.835,12.2183105022831
"226","morganmonroe2",2018,226,0.38809,11.9980273972603,1403.37,1293.835,12.2183105022831
"227","morganmonroe2",2018,227,0.38815,11.9980273972603,1403.37,1293.835,12.2183105022831
"228","morganmonroe2",2018,228,0.38819,11.9980273972603,1403.37,1293.835,12.2183105022831
"229","morganmonroe2",2018,229,0.38818,11.9980273972603,1403.37,1293.835,12.2183105022831
"230","morganmonroe2",2018,230,0.38808,11.9980273972603,1403.37,1293.835,12.2183105022831
"231","morganmonroe2",2018,231,0.38793,11.9980273972603,1403.37,1293.835,12.2183105022831
"232","morganmonroe2",2018,232,0.38778,11.9980273972603,1403.37,1293.835,12.2183105022831
"233","morganmonroe2",2018,233,0.3876,11.9980273972603,1403.37,1293.835,12.2183105022831
"234","morganmonroe2",2018,234,0.38737,11.9980273972603,1403.37,1293.835,12.2183105022831
"235","morganmonroe2",2018,235,0.38706,11.9980273972603,1403.37,1293.835,12.2183105022831
"236","morganmonroe2",2018,236,0.38666,11.9980273972603,1403.37,1293.835,12.2183105022831
"237","morganmonroe2",2018,237,0.38609,11.9980273972603,1403.37,1293.835,12.2183105022831
"238","morganmonroe2",2018,238,0.3854,11.9980273972603,1403.37,1293.835,12.2183105022831
"239","morganmonroe2",2018,239,0.38474,11.9980273972603,1403.37,1293.835,12.2183105022831
"240","morganmonroe2",2018,240,0.38425,11.9980273972603,1403.37,1293.835,12.2183105022831
"241","morganmonroe2",2018,241,0.38379,11.9980273972603,1403.37,1293.835,12.2183105022831
"242","morganmonroe2",2018,242,0.38326,11.9980273972603,1403.37,1293.835,12.2183105022831
"243","morganmonroe2",2018,243,0.38289,11.9980273972603,1403.37,1293.835,12.2183105022831
"244","morganmonroe2",2018,244,0.38279,11.9980273972603,1403.37,1293.835,12.2183105022831
"245","morganmonroe2",2018,245,0.38285,11.9980273972603,1403.37,1293.835,12.2183105022831
"246","morganmonroe2",2018,246,0.38302,11.9980273972603,1403.37,1293.835,12.2183105022831
"247","morganmonroe2",2018,247,0.38322,11.9980273972603,1403.37,1293.835,12.2183105022831
"248","morganmonroe2",2018,248,0.38341,11.9980273972603,1403.37,1293.835,12.2183105022831
"249","morganmonroe2",2018,249,0.3835,11.9980273972603,1403.37,1293.835,12.2183105022831
"250","morganmonroe2",2018,250,0.38355,11.9980273972603,1403.37,1293.835,12.2183105022831
"251","morganmonroe2",2018,251,0.38363,11.9980273972603,1403.37,1293.835,12.2183105022831
"252","morganmonroe2",2018,252,0.3837,11.9980273972603,1403.37,1293.835,12.2183105022831
"253","morganmonroe2",2018,253,0.38373,11.9980273972603,1403.37,1293.835,12.2183105022831
"254","morganmonroe2",2018,254,0.38368,11.9980273972603,1403.37,1293.835,12.2183105022831
"255","morganmonroe2",2018,255,0.38351,11.9980273972603,1403.37,1293.835,12.2183105022831
"256","morganmonroe2",2018,256,0.38322,11.9980273972603,1403.37,1293.835,12.2183105022831
"257","morganmonroe2",2018,257,0.38286,11.9980273972603,1403.37,1293.835,12.2183105022831
"258","morganmonroe2",2018,258,0.38248,11.9980273972603,1403.37,1293.835,12.2183105022831
"259","morganmonroe2",2018,259,0.38215,11.9980273972603,1403.37,1293.835,12.2183105022831
"260","morganmonroe2",2018,260,0.38191,11.9980273972603,1403.37,1293.835,12.2183105022831
"261","morganmonroe2",2018,261,0.38182,11.9980273972603,1403.37,1293.835,12.2183105022831
"262","morganmonroe2",2018,262,0.38205,11.9980273972603,1403.37,1293.835,12.2183105022831
"263","morganmonroe2",2018,263,0.38255,11.9980273972603,1403.37,1293.835,12.2183105022831
"264","morganmonroe2",2018,264,0.38307,11.9980273972603,1403.37,1293.835,12.2183105022831
"265","morganmonroe2",2018,265,0.38337,11.9980273972603,1403.37,1293.835,12.2183105022831
"266","morganmonroe2",2018,266,0.3837,11.9980273972603,1403.37,1293.835,12.2183105022831
"267","morganmonroe2",2018,267,0.38423,11.9980273972603,1403.37,1293.835,12.2183105022831
"268","morganmonroe2",2018,268,0.38459,11.9980273972603,1403.37,1293.835,12.2183105022831
"269","morganmonroe2",2018,269,0.38477,11.9980273972603,1403.37,1293.835,12.2183105022831
"270","morganmonroe2",2018,270,0.38492,11.9980273972603,1403.37,1293.835,12.2183105022831
"271","morganmonroe2",2018,271,0.38502,11.9980273972603,1403.37,1293.835,12.2183105022831
"272","morganmonroe2",2018,272,0.38504,11.9980273972603,1403.37,1293.835,12.2183105022831
"273","morganmonroe2",2018,273,0.38494,11.9980273972603,1403.37,1293.835,12.2183105022831
"274","morganmonroe2",2018,274,0.38468,11.9980273972603,1403.37,1293.835,12.2183105022831
"275","morganmonroe2",2018,275,0.38426,11.9980273972603,1403.37,1293.835,12.2183105022831
"276","morganmonroe2",2018,276,0.38371,11.9980273972603,1403.37,1293.835,12.2183105022831
"277","morganmonroe2",2018,277,0.38304,11.9980273972603,1403.37,1293.835,12.2183105022831
"278","morganmonroe2",2018,278,0.3823,11.9980273972603,1403.37,1293.835,12.2183105022831
"279","morganmonroe2",2018,279,0.38151,11.9980273972603,1403.37,1293.835,12.2183105022831
"280","morganmonroe2",2018,280,0.3807,11.9980273972603,1403.37,1293.835,12.2183105022831
"281","morganmonroe2",2018,281,0.37978,11.9980273972603,1403.37,1293.835,12.2183105022831
"282","morganmonroe2",2018,282,0.37867,11.9980273972603,1403.37,1293.835,12.2183105022831
"283","morganmonroe2",2018,283,0.37737,11.9980273972603,1403.37,1293.835,12.2183105022831
"284","morganmonroe2",2018,284,0.3759,11.9980273972603,1403.37,1293.835,12.2183105022831
"285","morganmonroe2",2018,285,0.37427,11.9980273972603,1403.37,1293.835,12.2183105022831
"286","morganmonroe2",2018,286,0.37249,11.9980273972603,1403.37,1293.835,12.2183105022831
"287","morganmonroe2",2018,287,0.37049,11.9980273972603,1403.37,1293.835,12.2183105022831
"288","morganmonroe2",2018,288,0.36826,11.9980273972603,1403.37,1293.835,12.2183105022831
"289","morganmonroe2",2018,289,0.36594,11.9980273972603,1403.37,1293.835,12.2183105022831
"290","morganmonroe2",2018,290,0.36364,11.9980273972603,1403.37,1293.835,12.2183105022831
"291","morganmonroe2",2018,291,0.36066,11.9980273972603,1403.37,1293.835,12.2183105022831
"292","morganmonroe2",2018,292,0.35711,11.9980273972603,1403.37,1293.835,12.2183105022831
"293","morganmonroe2",2018,293,0.35433,11.9980273972603,1403.37,1293.835,12.2183105022831
"294","morganmonroe2",2018,294,0.3523,11.9980273972603,1403.37,1293.835,12.2183105022831
"295","morganmonroe2",2018,295,0.35019,11.9980273972603,1403.37,1293.835,12.2183105022831
"296","morganmonroe2",2018,296,0.34807,11.9980273972603,1403.37,1293.835,12.2183105022831
"297","morganmonroe2",2018,297,0.346,11.9980273972603,1403.37,1293.835,12.2183105022831
"298","morganmonroe2",2018,298,0.34406,11.9980273972603,1403.37,1293.835,12.2183105022831
"299","morganmonroe2",2018,299,0.34232,11.9980273972603,1403.37,1293.835,12.2183105022831
"300","morganmonroe2",2018,300,0.34078,11.9980273972603,1403.37,1293.835,12.2183105022831
"301","morganmonroe2",2018,301,0.33938,11.9980273972603,1403.37,1293.835,12.2183105022831
"302","morganmonroe2",2018,302,0.33809,11.9980273972603,1403.37,1293.835,12.2183105022831
"303","morganmonroe2",2018,303,0.33689,11.9980273972603,1403.37,1293.835,12.2183105022831
"304","morganmonroe2",2018,304,0.33574,11.9980273972603,1403.37,1293.835,12.2183105022831
"305","morganmonroe2",2018,305,0.33463,11.9980273972603,1403.37,1293.835,12.2183105022831
"306","morganmonroe2",2018,306,0.33355,11.9980273972603,1403.37,1293.835,12.2183105022831
"307","morganmonroe2",2018,307,0.33254,11.9980273972603,1403.37,1293.835,12.2183105022831
"308","morganmonroe2",2018,308,0.33159,11.9980273972603,1403.37,1293.835,12.2183105022831
"309","morganmonroe2",2018,309,0.3307,11.9980273972603,1403.37,1293.835,12.2183105022831
"310","morganmonroe2",2018,310,0.32987,11.9980273972603,1403.37,1293.835,12.2183105022831
"311","morganmonroe2",2018,311,0.3291,11.9980273972603,1403.37,1293.835,12.2183105022831
"312","morganmonroe2",2018,312,0.32825,11.9980273972603,1403.37,1293.835,12.2183105022831
"313","morganmonroe2",2018,313,0.32734,11.9980273972603,1403.37,1293.835,12.2183105022831
"314","morganmonroe2",2018,314,0.32652,11.9980273972603,1403.37,1293.835,12.2183105022831
"315","morganmonroe2",2018,315,0.32596,11.9980273972603,1403.37,1293.835,12.2183105022831
"316","morganmonroe2",2018,316,0.32572,11.9980273972603,1403.37,1293.835,12.2183105022831
"317","morganmonroe2",2018,317,0.32566,11.9980273972603,1403.37,1293.835,12.2183105022831
"318","morganmonroe2",2018,318,0.32564,11.9980273972603,1403.37,1293.835,12.2183105022831
"319","morganmonroe2",2018,319,0.32575,11.9980273972603,1403.37,1293.835,12.2183105022831
"320","morganmonroe2",2018,320,0.32609,11.9980273972603,1403.37,1293.835,12.2183105022831
"321","morganmonroe2",2018,321,0.32658,11.9980273972603,1403.37,1293.835,12.2183105022831
"322","morganmonroe2",2018,322,0.32711,11.9980273972603,1403.37,1293.835,12.2183105022831
"323","morganmonroe2",2018,323,0.32762,11.9980273972603,1403.37,1293.835,12.2183105022831
"324","morganmonroe2",2018,324,0.328,11.9980273972603,1403.37,1293.835,12.2183105022831
"325","morganmonroe2",2018,325,0.32829,11.9980273972603,1403.37,1293.835,12.2183105022831
"326","morganmonroe2",2018,326,0.32856,11.9980273972603,1403.37,1293.835,12.2183105022831
"327","morganmonroe2",2018,327,0.32881,11.9980273972603,1403.37,1293.835,12.2183105022831
"328","morganmonroe2",2018,328,0.32902,11.9980273972603,1403.37,1293.835,12.2183105022831
"329","morganmonroe2",2018,329,0.3292,11.9980273972603,1403.37,1293.835,12.2183105022831
"330","morganmonroe2",2018,330,0.32934,11.9980273972603,1403.37,1293.835,12.2183105022831
"331","morganmonroe2",2018,331,0.32944,11.9980273972603,1403.37,1293.835,12.2183105022831
"332","morganmonroe2",2018,332,0.3295,11.9980273972603,1403.37,1293.835,12.2183105022831
"333","morganmonroe2",2018,333,0.32954,11.9980273972603,1403.37,1293.835,12.2183105022831
"334","morganmonroe2",2018,334,0.32956,11.9980273972603,1403.37,1293.835,12.2183105022831
"335","morganmonroe2",2018,335,0.32957,11.9980273972603,1403.37,1293.835,12.2183105022831
"336","morganmonroe2",2018,336,0.32958,11.9980273972603,1403.37,1293.835,12.2183105022831
"337","morganmonroe2",2018,337,0.3296,11.9980273972603,1403.37,1293.835,12.2183105022831
"338","morganmonroe2",2018,338,0.32962,11.9980273972603,1403.37,1293.835,12.2183105022831
"339","morganmonroe2",2018,339,0.32964,11.9980273972603,1403.37,1293.835,12.2183105022831
"340","morganmonroe2",2018,340,0.32966,11.9980273972603,1403.37,1293.835,12.2183105022831
"341","morganmonroe2",2018,341,0.3297,11.9980273972603,1403.37,1293.835,12.2183105022831
"342","morganmonroe2",2018,342,0.32976,11.9980273972603,1403.37,1293.835,12.2183105022831
"343","morganmonroe2",2018,343,0.32982,11.9980273972603,1403.37,1293.835,12.2183105022831
"344","morganmonroe2",2018,344,0.32987,11.9980273972603,1403.37,1293.835,12.2183105022831
"345","morganmonroe2",2018,345,0.32994,11.9980273972603,1403.37,1293.835,12.2183105022831
"346","morganmonroe2",2018,346,0.33001,11.9980273972603,1403.37,1293.835,12.2183105022831
"347","morganmonroe2",2018,347,0.33009,11.9980273972603,1403.37,1293.835,12.2183105022831
"348","morganmonroe2",2018,348,0.33015,11.9980273972603,1403.37,1293.835,12.2183105022831
"349","morganmonroe2",2018,349,0.3302,11.9980273972603,1403.37,1293.835,12.2183105022831
"350","morganmonroe2",2018,350,0.33022,11.9980273972603,1403.37,1293.835,12.2183105022831
"351","morganmonroe2",2018,351,0.3302,11.9980273972603,1403.37,1293.835,12.2183105022831
"352","morganmonroe2",2018,352,0.33018,11.9980273972603,1403.37,1293.835,12.2183105022831
"353","morganmonroe2",2018,353,0.33014,11.9980273972603,1403.37,1293.835,12.2183105022831
"354","morganmonroe2",2018,354,0.33012,11.9980273972603,1403.37,1293.835,12.2183105022831
"355","morganmonroe2",2018,355,0.33013,11.9980273972603,1403.37,1293.835,12.2183105022831
"356","morganmonroe2",2018,356,0.33015,11.9980273972603,1403.37,1293.835,12.2183105022831
"357","morganmonroe2",2018,357,0.33019,11.9980273972603,1403.37,1293.835,12.2183105022831
"358","morganmonroe2",2018,358,0.33024,11.9980273972603,1403.37,1293.835,12.2183105022831
"359","morganmonroe2",2018,359,0.33029,11.9980273972603,1403.37,1293.835,12.2183105022831
"360","morganmonroe2",2018,360,0.33035,11.9980273972603,1403.37,1293.835,12.2183105022831
"361","morganmonroe2",2018,361,0.3304,11.9980273972603,1403.37,1293.835,12.2183105022831
"362","morganmonroe2",2018,362,0.33047,11.9980273972603,1403.37,1293.835,12.2183105022831
"363","morganmonroe2",2018,363,0.33056,11.9980273972603,1403.37,1293.835,12.2183105022831
"364","morganmonroe2",2018,364,0.33065,11.9980273972603,1403.37,1293.835,12.2183105022831
"365","morganmonroe2",2018,365,0.33072,11.9980273972603,1403.37,1293.835,12.2183105022831
"366","morganmonroe2",2019,1,0.33075,11.8335890410959,1399.32,1293.835,12.2183105022831
"367","morganmonroe2",2019,2,0.33078,11.8335890410959,1399.32,1293.835,12.2183105022831
"368","morganmonroe2",2019,3,0.3308,11.8335890410959,1399.32,1293.835,12.2183105022831
"369","morganmonroe2",2019,4,0.3308,11.8335890410959,1399.32,1293.835,12.2183105022831
"370","morganmonroe2",2019,5,0.33076,11.8335890410959,1399.32,1293.835,12.2183105022831
"371","morganmonroe2",2019,6,0.33071,11.8335890410959,1399.32,1293.835,12.2183105022831
"372","morganmonroe2",2019,7,0.33067,11.8335890410959,1399.32,1293.835,12.2183105022831
"373","morganmonroe2",2019,8,0.33064,11.8335890410959,1399.32,1293.835,12.2183105022831
"374","morganmonroe2",2019,9,0.33065,11.8335890410959,1399.32,1293.835,12.2183105022831
"375","morganmonroe2",2019,10,0.33072,11.8335890410959,1399.32,1293.835,12.2183105022831
"376","morganmonroe2",2019,11,0.33084,11.8335890410959,1399.32,1293.835,12.2183105022831
"377","morganmonroe2",2019,12,0.33099,11.8335890410959,1399.32,1293.835,12.2183105022831
"378","morganmonroe2",2019,13,0.33113,11.8335890410959,1399.32,1293.835,12.2183105022831
"379","morganmonroe2",2019,14,0.33123,11.8335890410959,1399.32,1293.835,12.2183105022831
"380","morganmonroe2",2019,15,0.33128,11.8335890410959,1399.32,1293.835,12.2183105022831
"381","morganmonroe2",2019,16,0.33127,11.8335890410959,1399.32,1293.835,12.2183105022831
"382","morganmonroe2",2019,17,0.33123,11.8335890410959,1399.32,1293.835,12.2183105022831
"383","morganmonroe2",2019,18,0.33116,11.8335890410959,1399.32,1293.835,12.2183105022831
"384","morganmonroe2",2019,19,0.33108,11.8335890410959,1399.32,1293.835,12.2183105022831
"385","morganmonroe2",2019,20,0.33097,11.8335890410959,1399.32,1293.835,12.2183105022831
"386","morganmonroe2",2019,21,0.33085,11.8335890410959,1399.32,1293.835,12.2183105022831
"387","morganmonroe2",2019,22,0.33058,11.8335890410959,1399.32,1293.835,12.2183105022831
"388","morganmonroe2",2019,23,0.33015,11.8335890410959,1399.32,1293.835,12.2183105022831
"389","morganmonroe2",2019,24,0.32974,11.8335890410959,1399.32,1293.835,12.2183105022831
"390","morganmonroe2",2019,25,0.32953,11.8335890410959,1399.32,1293.835,12.2183105022831
"391","morganmonroe2",2019,26,0.32944,11.8335890410959,1399.32,1293.835,12.2183105022831
"392","morganmonroe2",2019,27,0.32934,11.8335890410959,1399.32,1293.835,12.2183105022831
"393","morganmonroe2",2019,28,0.32938,11.8335890410959,1399.32,1293.835,12.2183105022831
"394","morganmonroe2",2019,29,0.32968,11.8335890410959,1399.32,1293.835,12.2183105022831
"395","morganmonroe2",2019,30,0.3302,11.8335890410959,1399.32,1293.835,12.2183105022831
"396","morganmonroe2",2019,31,0.33084,11.8335890410959,1399.32,1293.835,12.2183105022831
"397","morganmonroe2",2019,32,0.33149,11.8335890410959,1399.32,1293.835,12.2183105022831
"398","morganmonroe2",2019,33,0.33207,11.8335890410959,1399.32,1293.835,12.2183105022831
"399","morganmonroe2",2019,34,0.33247,11.8335890410959,1399.32,1293.835,12.2183105022831
"400","morganmonroe2",2019,35,0.33275,11.8335890410959,1399.32,1293.835,12.2183105022831
"401","morganmonroe2",2019,36,0.33303,11.8335890410959,1399.32,1293.835,12.2183105022831
"402","morganmonroe2",2019,37,0.33327,11.8335890410959,1399.32,1293.835,12.2183105022831
"403","morganmonroe2",2019,38,0.33346,11.8335890410959,1399.32,1293.835,12.2183105022831
"404","morganmonroe2",2019,39,0.33356,11.8335890410959,1399.32,1293.835,12.2183105022831
"405","morganmonroe2",2019,40,0.33355,11.8335890410959,1399.32,1293.835,12.2183105022831
"406","morganmonroe2",2019,41,0.33333,11.8335890410959,1399.32,1293.835,12.2183105022831
"407","morganmonroe2",2019,42,0.33292,11.8335890410959,1399.32,1293.835,12.2183105022831
"408","morganmonroe2",2019,43,0.33238,11.8335890410959,1399.32,1293.835,12.2183105022831
"409","morganmonroe2",2019,44,0.33182,11.8335890410959,1399.32,1293.835,12.2183105022831
"410","morganmonroe2",2019,45,0.33132,11.8335890410959,1399.32,1293.835,12.2183105022831
"411","morganmonroe2",2019,46,0.33098,11.8335890410959,1399.32,1293.835,12.2183105022831
"412","morganmonroe2",2019,47,0.33079,11.8335890410959,1399.32,1293.835,12.2183105022831
"413","morganmonroe2",2019,48,0.33067,11.8335890410959,1399.32,1293.835,12.2183105022831
"414","morganmonroe2",2019,49,0.33059,11.8335890410959,1399.32,1293.835,12.2183105022831
"415","morganmonroe2",2019,50,0.33054,11.8335890410959,1399.32,1293.835,12.2183105022831
"416","morganmonroe2",2019,51,0.3305,11.8335890410959,1399.32,1293.835,12.2183105022831
"417","morganmonroe2",2019,52,0.33046,11.8335890410959,1399.32,1293.835,12.2183105022831
"418","morganmonroe2",2019,53,0.33039,11.8335890410959,1399.32,1293.835,12.2183105022831
"419","morganmonroe2",2019,54,0.33031,11.8335890410959,1399.32,1293.835,12.2183105022831
"420","morganmonroe2",2019,55,0.33024,11.8335890410959,1399.32,1293.835,12.2183105022831
"421","morganmonroe2",2019,56,0.33018,11.8335890410959,1399.32,1293.835,12.2183105022831
"422","morganmonroe2",2019,57,0.33015,11.8335890410959,1399.32,1293.835,12.2183105022831
"423","morganmonroe2",2019,58,0.33016,11.8335890410959,1399.32,1293.835,12.2183105022831
"424","morganmonroe2",2019,59,0.33022,11.8335890410959,1399.32,1293.835,12.2183105022831
"425","morganmonroe2",2019,60,0.33035,11.8335890410959,1399.32,1293.835,12.2183105022831
"426","morganmonroe2",2019,61,0.3305,11.8335890410959,1399.32,1293.835,12.2183105022831
"427","morganmonroe2",2019,62,0.33066,11.8335890410959,1399.32,1293.835,12.2183105022831
"428","morganmonroe2",2019,63,0.33082,11.8335890410959,1399.32,1293.835,12.2183105022831
"429","morganmonroe2",2019,64,0.33094,11.8335890410959,1399.32,1293.835,12.2183105022831
"430","morganmonroe2",2019,65,0.33107,11.8335890410959,1399.32,1293.835,12.2183105022831
"431","morganmonroe2",2019,66,0.33123,11.8335890410959,1399.32,1293.835,12.2183105022831
"432","morganmonroe2",2019,67,0.33139,11.8335890410959,1399.32,1293.835,12.2183105022831
"433","morganmonroe2",2019,68,0.33154,11.8335890410959,1399.32,1293.835,12.2183105022831
"434","morganmonroe2",2019,69,0.33165,11.8335890410959,1399.32,1293.835,12.2183105022831
"435","morganmonroe2",2019,70,0.33169,11.8335890410959,1399.32,1293.835,12.2183105022831
"436","morganmonroe2",2019,71,0.33162,11.8335890410959,1399.32,1293.835,12.2183105022831
"437","morganmonroe2",2019,72,0.33145,11.8335890410959,1399.32,1293.835,12.2183105022831
"438","morganmonroe2",2019,73,0.33126,11.8335890410959,1399.32,1293.835,12.2183105022831
"439","morganmonroe2",2019,74,0.33114,11.8335890410959,1399.32,1293.835,12.2183105022831
"440","morganmonroe2",2019,75,0.33098,11.8335890410959,1399.32,1293.835,12.2183105022831
"441","morganmonroe2",2019,76,0.33074,11.8335890410959,1399.32,1293.835,12.2183105022831
"442","morganmonroe2",2019,77,0.3306,11.8335890410959,1399.32,1293.835,12.2183105022831
"443","morganmonroe2",2019,78,0.33059,11.8335890410959,1399.32,1293.835,12.2183105022831
"444","morganmonroe2",2019,79,0.33065,11.8335890410959,1399.32,1293.835,12.2183105022831
"445","morganmonroe2",2019,80,0.33074,11.8335890410959,1399.32,1293.835,12.2183105022831
"446","morganmonroe2",2019,81,0.33084,11.8335890410959,1399.32,1293.835,12.2183105022831
"447","morganmonroe2",2019,82,0.33094,11.8335890410959,1399.32,1293.835,12.2183105022831
"448","morganmonroe2",2019,83,0.33101,11.8335890410959,1399.32,1293.835,12.2183105022831
"449","morganmonroe2",2019,84,0.33099,11.8335890410959,1399.32,1293.835,12.2183105022831
"450","morganmonroe2",2019,85,0.33089,11.8335890410959,1399.32,1293.835,12.2183105022831
"451","morganmonroe2",2019,86,0.33076,11.8335890410959,1399.32,1293.835,12.2183105022831
"452","morganmonroe2",2019,87,0.33066,11.8335890410959,1399.32,1293.835,12.2183105022831
"453","morganmonroe2",2019,88,0.33066,11.8335890410959,1399.32,1293.835,12.2183105022831
"454","morganmonroe2",2019,89,0.33081,11.8335890410959,1399.32,1293.835,12.2183105022831
"455","morganmonroe2",2019,90,0.33095,11.8335890410959,1399.32,1293.835,12.2183105022831
"456","morganmonroe2",2019,91,0.33097,11.8335890410959,1399.32,1293.835,12.2183105022831
"457","morganmonroe2",2019,92,0.33102,11.8335890410959,1399.32,1293.835,12.2183105022831
"458","morganmonroe2",2019,93,0.33123,11.8335890410959,1399.32,1293.835,12.2183105022831
"459","morganmonroe2",2019,94,0.33176,11.8335890410959,1399.32,1293.835,12.2183105022831
"460","morganmonroe2",2019,95,0.33275,11.8335890410959,1399.32,1293.835,12.2183105022831
"461","morganmonroe2",2019,96,0.33408,11.8335890410959,1399.32,1293.835,12.2183105022831
"462","morganmonroe2",2019,97,0.33561,11.8335890410959,1399.32,1293.835,12.2183105022831
"463","morganmonroe2",2019,98,0.3374,11.8335890410959,1399.32,1293.835,12.2183105022831
"464","morganmonroe2",2019,99,0.33954,11.8335890410959,1399.32,1293.835,12.2183105022831
"465","morganmonroe2",2019,100,0.34227,11.8335890410959,1399.32,1293.835,12.2183105022831
"466","morganmonroe2",2019,101,0.34544,11.8335890410959,1399.32,1293.835,12.2183105022831
"467","morganmonroe2",2019,102,0.34861,11.8335890410959,1399.32,1293.835,12.2183105022831
"468","morganmonroe2",2019,103,0.35193,11.8335890410959,1399.32,1293.835,12.2183105022831
"469","morganmonroe2",2019,104,0.35569,11.8335890410959,1399.32,1293.835,12.2183105022831
"470","morganmonroe2",2019,105,0.35972,11.8335890410959,1399.32,1293.835,12.2183105022831
"471","morganmonroe2",2019,106,0.36384,11.8335890410959,1399.32,1293.835,12.2183105022831
"472","morganmonroe2",2019,107,0.36788,11.8335890410959,1399.32,1293.835,12.2183105022831
"473","morganmonroe2",2019,108,0.37164,11.8335890410959,1399.32,1293.835,12.2183105022831
"474","morganmonroe2",2019,109,0.37533,11.8335890410959,1399.32,1293.835,12.2183105022831
"475","morganmonroe2",2019,110,0.37917,11.8335890410959,1399.32,1293.835,12.2183105022831
"476","morganmonroe2",2019,111,0.38305,11.8335890410959,1399.32,1293.835,12.2183105022831
"477","morganmonroe2",2019,112,0.38685,11.8335890410959,1399.32,1293.835,12.2183105022831
"478","morganmonroe2",2019,113,0.39046,11.8335890410959,1399.32,1293.835,12.2183105022831
"479","morganmonroe2",2019,114,0.39376,11.8335890410959,1399.32,1293.835,12.2183105022831
"480","morganmonroe2",2019,115,0.39688,11.8335890410959,1399.32,1293.835,12.2183105022831
"481","morganmonroe2",2019,116,0.39996,11.8335890410959,1399.32,1293.835,12.2183105022831
"482","morganmonroe2",2019,117,0.40292,11.8335890410959,1399.32,1293.835,12.2183105022831
"483","morganmonroe2",2019,118,0.40567,11.8335890410959,1399.32,1293.835,12.2183105022831
"484","morganmonroe2",2019,119,0.40811,11.8335890410959,1399.32,1293.835,12.2183105022831
"485","morganmonroe2",2019,120,0.41017,11.8335890410959,1399.32,1293.835,12.2183105022831
"486","morganmonroe2",2019,121,0.41182,11.8335890410959,1399.32,1293.835,12.2183105022831
"487","morganmonroe2",2019,122,0.41313,11.8335890410959,1399.32,1293.835,12.2183105022831
"488","morganmonroe2",2019,123,0.41421,11.8335890410959,1399.32,1293.835,12.2183105022831
"489","morganmonroe2",2019,124,0.41514,11.8335890410959,1399.32,1293.835,12.2183105022831
"490","morganmonroe2",2019,125,0.41578,11.8335890410959,1399.32,1293.835,12.2183105022831
"491","morganmonroe2",2019,126,0.41609,11.8335890410959,1399.32,1293.835,12.2183105022831
"492","morganmonroe2",2019,127,0.41631,11.8335890410959,1399.32,1293.835,12.2183105022831
"493","morganmonroe2",2019,128,0.41641,11.8335890410959,1399.32,1293.835,12.2183105022831
"494","morganmonroe2",2019,129,0.41621,11.8335890410959,1399.32,1293.835,12.2183105022831
"495","morganmonroe2",2019,130,0.4158,11.8335890410959,1399.32,1293.835,12.2183105022831
"496","morganmonroe2",2019,131,0.41523,11.8335890410959,1399.32,1293.835,12.2183105022831
"497","morganmonroe2",2019,132,0.41457,11.8335890410959,1399.32,1293.835,12.2183105022831
"498","morganmonroe2",2019,133,0.4139,11.8335890410959,1399.32,1293.835,12.2183105022831
"499","morganmonroe2",2019,134,0.41311,11.8335890410959,1399.32,1293.835,12.2183105022831
"500","morganmonroe2",2019,135,0.41209,11.8335890410959,1399.32,1293.835,12.2183105022831
"501","morganmonroe2",2019,136,0.41093,11.8335890410959,1399.32,1293.835,12.2183105022831
"502","morganmonroe2",2019,137,0.40972,11.8335890410959,1399.32,1293.835,12.2183105022831
"503","morganmonroe2",2019,138,0.40853,11.8335890410959,1399.32,1293.835,12.2183105022831
"504","morganmonroe2",2019,139,0.40744,11.8335890410959,1399.32,1293.835,12.2183105022831
"505","morganmonroe2",2019,140,0.4063,11.8335890410959,1399.32,1293.835,12.2183105022831
"506","morganmonroe2",2019,141,0.40499,11.8335890410959,1399.32,1293.835,12.2183105022831
"507","morganmonroe2",2019,142,0.40362,11.8335890410959,1399.32,1293.835,12.2183105022831
"508","morganmonroe2",2019,143,0.40232,11.8335890410959,1399.32,1293.835,12.2183105022831
"509","morganmonroe2",2019,144,0.40119,11.8335890410959,1399.32,1293.835,12.2183105022831
"510","morganmonroe2",2019,145,0.40036,11.8335890410959,1399.32,1293.835,12.2183105022831
"511","morganmonroe2",2019,146,0.3999,11.8335890410959,1399.32,1293.835,12.2183105022831
"512","morganmonroe2",2019,147,0.39968,11.8335890410959,1399.32,1293.835,12.2183105022831
"513","morganmonroe2",2019,148,0.39956,11.8335890410959,1399.32,1293.835,12.2183105022831
"514","morganmonroe2",2019,149,0.3994,11.8335890410959,1399.32,1293.835,12.2183105022831
"515","morganmonroe2",2019,150,0.39945,11.8335890410959,1399.32,1293.835,12.2183105022831
"516","morganmonroe2",2019,151,0.39975,11.8335890410959,1399.32,1293.835,12.2183105022831
"517","morganmonroe2",2019,152,0.39983,11.8335890410959,1399.32,1293.835,12.2183105022831
"518","morganmonroe2",2019,153,0.39961,11.8335890410959,1399.32,1293.835,12.2183105022831
"519","morganmonroe2",2019,154,0.39935,11.8335890410959,1399.32,1293.835,12.2183105022831
"520","morganmonroe2",2019,155,0.39904,11.8335890410959,1399.32,1293.835,12.2183105022831
"521","morganmonroe2",2019,156,0.39871,11.8335890410959,1399.32,1293.835,12.2183105022831
"522","morganmonroe2",2019,157,0.39833,11.8335890410959,1399.32,1293.835,12.2183105022831
"523","morganmonroe2",2019,158,0.39792,11.8335890410959,1399.32,1293.835,12.2183105022831
"524","morganmonroe2",2019,159,0.39742,11.8335890410959,1399.32,1293.835,12.2183105022831
"525","morganmonroe2",2019,160,0.39679,11.8335890410959,1399.32,1293.835,12.2183105022831
"526","morganmonroe2",2019,161,0.39611,11.8335890410959,1399.32,1293.835,12.2183105022831
"527","morganmonroe2",2019,162,0.39545,11.8335890410959,1399.32,1293.835,12.2183105022831
"528","morganmonroe2",2019,163,0.39487,11.8335890410959,1399.32,1293.835,12.2183105022831
"529","morganmonroe2",2019,164,0.39444,11.8335890410959,1399.32,1293.835,12.2183105022831
"530","morganmonroe2",2019,165,0.39415,11.8335890410959,1399.32,1293.835,12.2183105022831
"531","morganmonroe2",2019,166,0.39395,11.8335890410959,1399.32,1293.835,12.2183105022831
"532","morganmonroe2",2019,167,0.39382,11.8335890410959,1399.32,1293.835,12.2183105022831
"533","morganmonroe2",2019,168,0.39373,11.8335890410959,1399.32,1293.835,12.2183105022831
"534","morganmonroe2",2019,169,0.39367,11.8335890410959,1399.32,1293.835,12.2183105022831
"535","morganmonroe2",2019,170,0.39361,11.8335890410959,1399.32,1293.835,12.2183105022831
"536","morganmonroe2",2019,171,0.39363,11.8335890410959,1399.32,1293.835,12.2183105022831
"537","morganmonroe2",2019,172,0.39374,11.8335890410959,1399.32,1293.835,12.2183105022831
"538","morganmonroe2",2019,173,0.39387,11.8335890410959,1399.32,1293.835,12.2183105022831
"539","morganmonroe2",2019,174,0.39392,11.8335890410959,1399.32,1293.835,12.2183105022831
"540","morganmonroe2",2019,175,0.39384,11.8335890410959,1399.32,1293.835,12.2183105022831
"541","morganmonroe2",2019,176,0.39369,11.8335890410959,1399.32,1293.835,12.2183105022831
"542","morganmonroe2",2019,177,0.39357,11.8335890410959,1399.32,1293.835,12.2183105022831
"543","morganmonroe2",2019,178,0.39353,11.8335890410959,1399.32,1293.835,12.2183105022831
"544","morganmonroe2",2019,179,0.39352,11.8335890410959,1399.32,1293.835,12.2183105022831
"545","morganmonroe2",2019,180,0.39353,11.8335890410959,1399.32,1293.835,12.2183105022831
"546","morganmonroe2",2019,181,0.39354,11.8335890410959,1399.32,1293.835,12.2183105022831
"547","morganmonroe2",2019,182,0.39352,11.8335890410959,1399.32,1293.835,12.2183105022831
"548","morganmonroe2",2019,183,0.39345,11.8335890410959,1399.32,1293.835,12.2183105022831
"549","morganmonroe2",2019,184,0.39331,11.8335890410959,1399.32,1293.835,12.2183105022831
"550","morganmonroe2",2019,185,0.39309,11.8335890410959,1399.32,1293.835,12.2183105022831
"551","morganmonroe2",2019,186,0.39284,11.8335890410959,1399.32,1293.835,12.2183105022831
"552","morganmonroe2",2019,187,0.39258,11.8335890410959,1399.32,1293.835,12.2183105022831
"553","morganmonroe2",2019,188,0.39235,11.8335890410959,1399.32,1293.835,12.2183105022831
"554","morganmonroe2",2019,189,0.39217,11.8335890410959,1399.32,1293.835,12.2183105022831
"555","morganmonroe2",2019,190,0.39208,11.8335890410959,1399.32,1293.835,12.2183105022831
"556","morganmonroe2",2019,191,0.39205,11.8335890410959,1399.32,1293.835,12.2183105022831
"557","morganmonroe2",2019,192,0.39203,11.8335890410959,1399.32,1293.835,12.2183105022831
"558","morganmonroe2",2019,193,0.39199,11.8335890410959,1399.32,1293.835,12.2183105022831
"559","morganmonroe2",2019,194,0.39188,11.8335890410959,1399.32,1293.835,12.2183105022831
"560","morganmonroe2",2019,195,0.39166,11.8335890410959,1399.32,1293.835,12.2183105022831
"561","morganmonroe2",2019,196,0.39127,11.8335890410959,1399.32,1293.835,12.2183105022831
"562","morganmonroe2",2019,197,0.39076,11.8335890410959,1399.32,1293.835,12.2183105022831
"563","morganmonroe2",2019,198,0.39023,11.8335890410959,1399.32,1293.835,12.2183105022831
"564","morganmonroe2",2019,199,0.38978,11.8335890410959,1399.32,1293.835,12.2183105022831
"565","morganmonroe2",2019,200,0.38907,11.8335890410959,1399.32,1293.835,12.2183105022831
"566","morganmonroe2",2019,201,0.3881,11.8335890410959,1399.32,1293.835,12.2183105022831
"567","morganmonroe2",2019,202,0.38745,11.8335890410959,1399.32,1293.835,12.2183105022831
"568","morganmonroe2",2019,203,0.3872,11.8335890410959,1399.32,1293.835,12.2183105022831
"569","morganmonroe2",2019,204,0.38702,11.8335890410959,1399.32,1293.835,12.2183105022831
"570","morganmonroe2",2019,205,0.38692,11.8335890410959,1399.32,1293.835,12.2183105022831
"571","morganmonroe2",2019,206,0.38688,11.8335890410959,1399.32,1293.835,12.2183105022831
"572","morganmonroe2",2019,207,0.38691,11.8335890410959,1399.32,1293.835,12.2183105022831
"573","morganmonroe2",2019,208,0.38701,11.8335890410959,1399.32,1293.835,12.2183105022831
"574","morganmonroe2",2019,209,0.38726,11.8335890410959,1399.32,1293.835,12.2183105022831
"575","morganmonroe2",2019,210,0.38772,11.8335890410959,1399.32,1293.835,12.2183105022831
"576","morganmonroe2",2019,211,0.38828,11.8335890410959,1399.32,1293.835,12.2183105022831
"577","morganmonroe2",2019,212,0.38885,11.8335890410959,1399.32,1293.835,12.2183105022831
"578","morganmonroe2",2019,213,0.38934,11.8335890410959,1399.32,1293.835,12.2183105022831
"579","morganmonroe2",2019,214,0.38966,11.8335890410959,1399.32,1293.835,12.2183105022831
"580","morganmonroe2",2019,215,0.3898,11.8335890410959,1399.32,1293.835,12.2183105022831
"581","morganmonroe2",2019,216,0.38985,11.8335890410959,1399.32,1293.835,12.2183105022831
"582","morganmonroe2",2019,217,0.38982,11.8335890410959,1399.32,1293.835,12.2183105022831
"583","morganmonroe2",2019,218,0.38974,11.8335890410959,1399.32,1293.835,12.2183105022831
"584","morganmonroe2",2019,219,0.38965,11.8335890410959,1399.32,1293.835,12.2183105022831
"585","morganmonroe2",2019,220,0.38957,11.8335890410959,1399.32,1293.835,12.2183105022831
"586","morganmonroe2",2019,221,0.38946,11.8335890410959,1399.32,1293.835,12.2183105022831
"587","morganmonroe2",2019,222,0.38929,11.8335890410959,1399.32,1293.835,12.2183105022831
"588","morganmonroe2",2019,223,0.38911,11.8335890410959,1399.32,1293.835,12.2183105022831
"589","morganmonroe2",2019,224,0.38895,11.8335890410959,1399.32,1293.835,12.2183105022831
"590","morganmonroe2",2019,225,0.38883,11.8335890410959,1399.32,1293.835,12.2183105022831
"591","morganmonroe2",2019,226,0.38874,11.8335890410959,1399.32,1293.835,12.2183105022831
"592","morganmonroe2",2019,227,0.3886,11.8335890410959,1399.32,1293.835,12.2183105022831
"593","morganmonroe2",2019,228,0.38837,11.8335890410959,1399.32,1293.835,12.2183105022831
"594","morganmonroe2",2019,229,0.38808,11.8335890410959,1399.32,1293.835,12.2183105022831
"595","morganmonroe2",2019,230,0.38777,11.8335890410959,1399.32,1293.835,12.2183105022831
"596","morganmonroe2",2019,231,0.38745,11.8335890410959,1399.32,1293.835,12.2183105022831
"597","morganmonroe2",2019,232,0.38717,11.8335890410959,1399.32,1293.835,12.2183105022831
"598","morganmonroe2",2019,233,0.38694,11.8335890410959,1399.32,1293.835,12.2183105022831
"599","morganmonroe2",2019,234,0.38677,11.8335890410959,1399.32,1293.835,12.2183105022831
"600","morganmonroe2",2019,235,0.3866,11.8335890410959,1399.32,1293.835,12.2183105022831
"601","morganmonroe2",2019,236,0.38646,11.8335890410959,1399.32,1293.835,12.2183105022831
"602","morganmonroe2",2019,237,0.38633,11.8335890410959,1399.32,1293.835,12.2183105022831
"603","morganmonroe2",2019,238,0.38624,11.8335890410959,1399.32,1293.835,12.2183105022831
"604","morganmonroe2",2019,239,0.38618,11.8335890410959,1399.32,1293.835,12.2183105022831
"605","morganmonroe2",2019,240,0.38618,11.8335890410959,1399.32,1293.835,12.2183105022831
"606","morganmonroe2",2019,241,0.38624,11.8335890410959,1399.32,1293.835,12.2183105022831
"607","morganmonroe2",2019,242,0.38634,11.8335890410959,1399.32,1293.835,12.2183105022831
"608","morganmonroe2",2019,243,0.38644,11.8335890410959,1399.32,1293.835,12.2183105022831
"609","morganmonroe2",2019,244,0.38654,11.8335890410959,1399.32,1293.835,12.2183105022831
"610","morganmonroe2",2019,245,0.3866,11.8335890410959,1399.32,1293.835,12.2183105022831
"611","morganmonroe2",2019,246,0.38663,11.8335890410959,1399.32,1293.835,12.2183105022831
"612","morganmonroe2",2019,247,0.38666,11.8335890410959,1399.32,1293.835,12.2183105022831
"613","morganmonroe2",2019,248,0.38669,11.8335890410959,1399.32,1293.835,12.2183105022831
"614","morganmonroe2",2019,249,0.3867,11.8335890410959,1399.32,1293.835,12.2183105022831
"615","morganmonroe2",2019,250,0.38668,11.8335890410959,1399.32,1293.835,12.2183105022831
"616","morganmonroe2",2019,251,0.38663,11.8335890410959,1399.32,1293.835,12.2183105022831
"617","morganmonroe2",2019,252,0.38657,11.8335890410959,1399.32,1293.835,12.2183105022831
"618","morganmonroe2",2019,253,0.3865,11.8335890410959,1399.32,1293.835,12.2183105022831
"619","morganmonroe2",2019,254,0.38643,11.8335890410959,1399.32,1293.835,12.2183105022831
"620","morganmonroe2",2019,255,0.38634,11.8335890410959,1399.32,1293.835,12.2183105022831
"621","morganmonroe2",2019,256,0.3862,11.8335890410959,1399.32,1293.835,12.2183105022831
"622","morganmonroe2",2019,257,0.38601,11.8335890410959,1399.32,1293.835,12.2183105022831
"623","morganmonroe2",2019,258,0.38575,11.8335890410959,1399.32,1293.835,12.2183105022831
"624","morganmonroe2",2019,259,0.38542,11.8335890410959,1399.32,1293.835,12.2183105022831
"625","morganmonroe2",2019,260,0.38505,11.8335890410959,1399.32,1293.835,12.2183105022831
"626","morganmonroe2",2019,261,0.38466,11.8335890410959,1399.32,1293.835,12.2183105022831
"627","morganmonroe2",2019,262,0.38427,11.8335890410959,1399.32,1293.835,12.2183105022831
"628","morganmonroe2",2019,263,0.38389,11.8335890410959,1399.32,1293.835,12.2183105022831
"629","morganmonroe2",2019,264,0.3835,11.8335890410959,1399.32,1293.835,12.2183105022831
"630","morganmonroe2",2019,265,0.38307,11.8335890410959,1399.32,1293.835,12.2183105022831
"631","morganmonroe2",2019,266,0.38262,11.8335890410959,1399.32,1293.835,12.2183105022831
"632","morganmonroe2",2019,267,0.38217,11.8335890410959,1399.32,1293.835,12.2183105022831
"633","morganmonroe2",2019,268,0.38174,11.8335890410959,1399.32,1293.835,12.2183105022831
"634","morganmonroe2",2019,269,0.38135,11.8335890410959,1399.32,1293.835,12.2183105022831
"635","morganmonroe2",2019,270,0.38104,11.8335890410959,1399.32,1293.835,12.2183105022831
"636","morganmonroe2",2019,271,0.3808,11.8335890410959,1399.32,1293.835,12.2183105022831
"637","morganmonroe2",2019,272,0.38055,11.8335890410959,1399.32,1293.835,12.2183105022831
"638","morganmonroe2",2019,273,0.38025,11.8335890410959,1399.32,1293.835,12.2183105022831
"639","morganmonroe2",2019,274,0.37998,11.8335890410959,1399.32,1293.835,12.2183105022831
"640","morganmonroe2",2019,275,0.37976,11.8335890410959,1399.32,1293.835,12.2183105022831
"641","morganmonroe2",2019,276,0.37944,11.8335890410959,1399.32,1293.835,12.2183105022831
"642","morganmonroe2",2019,277,0.37901,11.8335890410959,1399.32,1293.835,12.2183105022831
"643","morganmonroe2",2019,278,0.37857,11.8335890410959,1399.32,1293.835,12.2183105022831
"644","morganmonroe2",2019,279,0.37811,11.8335890410959,1399.32,1293.835,12.2183105022831
"645","morganmonroe2",2019,280,0.3776,11.8335890410959,1399.32,1293.835,12.2183105022831
"646","morganmonroe2",2019,281,0.37702,11.8335890410959,1399.32,1293.835,12.2183105022831
"647","morganmonroe2",2019,282,0.37634,11.8335890410959,1399.32,1293.835,12.2183105022831
"648","morganmonroe2",2019,283,0.37559,11.8335890410959,1399.32,1293.835,12.2183105022831
"649","morganmonroe2",2019,284,0.37481,11.8335890410959,1399.32,1293.835,12.2183105022831
"650","morganmonroe2",2019,285,0.37396,11.8335890410959,1399.32,1293.835,12.2183105022831
"651","morganmonroe2",2019,286,0.37301,11.8335890410959,1399.32,1293.835,12.2183105022831
"652","morganmonroe2",2019,287,0.37192,11.8335890410959,1399.32,1293.835,12.2183105022831
"653","morganmonroe2",2019,288,0.37068,11.8335890410959,1399.32,1293.835,12.2183105022831
"654","morganmonroe2",2019,289,0.36927,11.8335890410959,1399.32,1293.835,12.2183105022831
"655","morganmonroe2",2019,290,0.36773,11.8335890410959,1399.32,1293.835,12.2183105022831
"656","morganmonroe2",2019,291,0.36608,11.8335890410959,1399.32,1293.835,12.2183105022831
"657","morganmonroe2",2019,292,0.36434,11.8335890410959,1399.32,1293.835,12.2183105022831
"658","morganmonroe2",2019,293,0.36251,11.8335890410959,1399.32,1293.835,12.2183105022831
"659","morganmonroe2",2019,294,0.36063,11.8335890410959,1399.32,1293.835,12.2183105022831
"660","morganmonroe2",2019,295,0.35853,11.8335890410959,1399.32,1293.835,12.2183105022831
"661","morganmonroe2",2019,296,0.35616,11.8335890410959,1399.32,1293.835,12.2183105022831
"662","morganmonroe2",2019,297,0.35374,11.8335890410959,1399.32,1293.835,12.2183105022831
"663","morganmonroe2",2019,298,0.35148,11.8335890410959,1399.32,1293.835,12.2183105022831
"664","morganmonroe2",2019,299,0.34916,11.8335890410959,1399.32,1293.835,12.2183105022831
"665","morganmonroe2",2019,300,0.34668,11.8335890410959,1399.32,1293.835,12.2183105022831
"666","morganmonroe2",2019,301,0.3444,11.8335890410959,1399.32,1293.835,12.2183105022831
"667","morganmonroe2",2019,302,0.34231,11.8335890410959,1399.32,1293.835,12.2183105022831
"668","morganmonroe2",2019,303,0.34021,11.8335890410959,1399.32,1293.835,12.2183105022831
"669","morganmonroe2",2019,304,0.33816,11.8335890410959,1399.32,1293.835,12.2183105022831
"670","morganmonroe2",2019,305,0.33619,11.8335890410959,1399.32,1293.835,12.2183105022831
"671","morganmonroe2",2019,306,0.33435,11.8335890410959,1399.32,1293.835,12.2183105022831
"672","morganmonroe2",2019,307,0.33268,11.8335890410959,1399.32,1293.835,12.2183105022831
"673","morganmonroe2",2019,308,0.33112,11.8335890410959,1399.32,1293.835,12.2183105022831
"674","morganmonroe2",2019,309,0.32959,11.8335890410959,1399.32,1293.835,12.2183105022831
"675","morganmonroe2",2019,310,0.32814,11.8335890410959,1399.32,1293.835,12.2183105022831
"676","morganmonroe2",2019,311,0.32683,11.8335890410959,1399.32,1293.835,12.2183105022831
"677","morganmonroe2",2019,312,0.32572,11.8335890410959,1399.32,1293.835,12.2183105022831
"678","morganmonroe2",2019,313,0.32485,11.8335890410959,1399.32,1293.835,12.2183105022831
"679","morganmonroe2",2019,314,0.32426,11.8335890410959,1399.32,1293.835,12.2183105022831
"680","morganmonroe2",2019,315,0.32392,11.8335890410959,1399.32,1293.835,12.2183105022831
"681","morganmonroe2",2019,316,0.32377,11.8335890410959,1399.32,1293.835,12.2183105022831
"682","morganmonroe2",2019,317,0.32375,11.8335890410959,1399.32,1293.835,12.2183105022831
"683","morganmonroe2",2019,318,0.32382,11.8335890410959,1399.32,1293.835,12.2183105022831
"684","morganmonroe2",2019,319,0.32391,11.8335890410959,1399.32,1293.835,12.2183105022831
"685","morganmonroe2",2019,320,0.32422,11.8335890410959,1399.32,1293.835,12.2183105022831
"686","morganmonroe2",2019,321,0.32481,11.8335890410959,1399.32,1293.835,12.2183105022831
"687","morganmonroe2",2019,322,0.32547,11.8335890410959,1399.32,1293.835,12.2183105022831
"688","morganmonroe2",2019,323,0.32595,11.8335890410959,1399.32,1293.835,12.2183105022831
"689","morganmonroe2",2019,324,0.32639,11.8335890410959,1399.32,1293.835,12.2183105022831
"690","morganmonroe2",2019,325,0.32693,11.8335890410959,1399.32,1293.835,12.2183105022831
"691","morganmonroe2",2019,326,0.32736,11.8335890410959,1399.32,1293.835,12.2183105022831
"692","morganmonroe2",2019,327,0.32762,11.8335890410959,1399.32,1293.835,12.2183105022831
"693","morganmonroe2",2019,328,0.3278,11.8335890410959,1399.32,1293.835,12.2183105022831
"694","morganmonroe2",2019,329,0.32792,11.8335890410959,1399.32,1293.835,12.2183105022831
"695","morganmonroe2",2019,330,0.32802,11.8335890410959,1399.32,1293.835,12.2183105022831
"696","morganmonroe2",2019,331,0.32811,11.8335890410959,1399.32,1293.835,12.2183105022831
"697","morganmonroe2",2019,332,0.32822,11.8335890410959,1399.32,1293.835,12.2183105022831
"698","morganmonroe2",2019,333,0.32837,11.8335890410959,1399.32,1293.835,12.2183105022831
"699","morganmonroe2",2019,334,0.32855,11.8335890410959,1399.32,1293.835,12.2183105022831
"700","morganmonroe2",2019,335,0.32874,11.8335890410959,1399.32,1293.835,12.2183105022831
"701","morganmonroe2",2019,336,0.32892,11.8335890410959,1399.32,1293.835,12.2183105022831
"702","morganmonroe2",2019,337,0.32909,11.8335890410959,1399.32,1293.835,12.2183105022831
"703","morganmonroe2",2019,338,0.32923,11.8335890410959,1399.32,1293.835,12.2183105022831
"704","morganmonroe2",2019,339,0.32933,11.8335890410959,1399.32,1293.835,12.2183105022831
"705","morganmonroe2",2019,340,0.32941,11.8335890410959,1399.32,1293.835,12.2183105022831
"706","morganmonroe2",2019,341,0.32947,11.8335890410959,1399.32,1293.835,12.2183105022831
"707","morganmonroe2",2019,342,0.32952,11.8335890410959,1399.32,1293.835,12.2183105022831
"708","morganmonroe2",2019,343,0.32955,11.8335890410959,1399.32,1293.835,12.2183105022831
"709","morganmonroe2",2019,344,0.32959,11.8335890410959,1399.32,1293.835,12.2183105022831
"710","morganmonroe2",2019,345,0.3296,11.8335890410959,1399.32,1293.835,12.2183105022831
"711","morganmonroe2",2019,346,0.32959,11.8335890410959,1399.32,1293.835,12.2183105022831
"712","morganmonroe2",2019,347,0.32957,11.8335890410959,1399.32,1293.835,12.2183105022831
"713","morganmonroe2",2019,348,0.32957,11.8335890410959,1399.32,1293.835,12.2183105022831
"714","morganmonroe2",2019,349,0.32955,11.8335890410959,1399.32,1293.835,12.2183105022831
"715","morganmonroe2",2019,350,0.32951,11.8335890410959,1399.32,1293.835,12.2183105022831
"716","morganmonroe2",2019,351,0.32951,11.8335890410959,1399.32,1293.835,12.2183105022831
"717","morganmonroe2",2019,352,0.32956,11.8335890410959,1399.32,1293.835,12.2183105022831
"718","morganmonroe2",2019,353,0.32964,11.8335890410959,1399.32,1293.835,12.2183105022831
"719","morganmonroe2",2019,354,0.32974,11.8335890410959,1399.32,1293.835,12.2183105022831
"720","morganmonroe2",2019,355,0.32982,11.8335890410959,1399.32,1293.835,12.2183105022831
"721","morganmonroe2",2019,356,0.32989,11.8335890410959,1399.32,1293.835,12.2183105022831
"722","morganmonroe2",2019,357,0.32991,11.8335890410959,1399.32,1293.835,12.2183105022831
"723","morganmonroe2",2019,358,0.32988,11.8335890410959,1399.32,1293.835,12.2183105022831
"724","morganmonroe2",2019,359,0.32983,11.8335890410959,1399.32,1293.835,12.2183105022831
"725","morganmonroe2",2019,360,0.32976,11.8335890410959,1399.32,1293.835,12.2183105022831
"726","morganmonroe2",2019,361,0.32971,11.8335890410959,1399.32,1293.835,12.2183105022831
"727","morganmonroe2",2019,362,0.32967,11.8335890410959,1399.32,1293.835,12.2183105022831
"728","morganmonroe2",2019,363,0.32968,11.8335890410959,1399.32,1293.835,12.2183105022831
"729","morganmonroe2",2019,364,0.3297,11.8335890410959,1399.32,1293.835,12.2183105022831
"730","morganmonroe2",2019,365,0.32971,11.8335890410959,1399.32,1293.835,12.2183105022831
"731","morganmonroe2",2020,1,0.32972,12.3092876712329,1274.83,1293.835,12.2183105022831
"732","morganmonroe2",2020,2,0.32974,12.3092876712329,1274.83,1293.835,12.2183105022831
"733","morganmonroe2",2020,3,0.32979,12.3092876712329,1274.83,1293.835,12.2183105022831
"734","morganmonroe2",2020,4,0.32987,12.3092876712329,1274.83,1293.835,12.2183105022831
"735","morganmonroe2",2020,5,0.33008,12.3092876712329,1274.83,1293.835,12.2183105022831
"736","morganmonroe2",2020,6,0.33043,12.3092876712329,1274.83,1293.835,12.2183105022831
"737","morganmonroe2",2020,7,0.33077,12.3092876712329,1274.83,1293.835,12.2183105022831
"738","morganmonroe2",2020,8,0.33096,12.3092876712329,1274.83,1293.835,12.2183105022831
"739","morganmonroe2",2020,9,0.33107,12.3092876712329,1274.83,1293.835,12.2183105022831
"740","morganmonroe2",2020,10,0.33118,12.3092876712329,1274.83,1293.835,12.2183105022831
"741","morganmonroe2",2020,11,0.3312,12.3092876712329,1274.83,1293.835,12.2183105022831
"742","morganmonroe2",2020,12,0.33107,12.3092876712329,1274.83,1293.835,12.2183105022831
"743","morganmonroe2",2020,13,0.33082,12.3092876712329,1274.83,1293.835,12.2183105022831
"744","morganmonroe2",2020,14,0.33049,12.3092876712329,1274.83,1293.835,12.2183105022831
"745","morganmonroe2",2020,15,0.33016,12.3092876712329,1274.83,1293.835,12.2183105022831
"746","morganmonroe2",2020,16,0.32986,12.3092876712329,1274.83,1293.835,12.2183105022831
"747","morganmonroe2",2020,17,0.32967,12.3092876712329,1274.83,1293.835,12.2183105022831
"748","morganmonroe2",2020,18,0.32952,12.3092876712329,1274.83,1293.835,12.2183105022831
"749","morganmonroe2",2020,19,0.32935,12.3092876712329,1274.83,1293.835,12.2183105022831
"750","morganmonroe2",2020,20,0.32919,12.3092876712329,1274.83,1293.835,12.2183105022831
"751","morganmonroe2",2020,21,0.32904,12.3092876712329,1274.83,1293.835,12.2183105022831
"752","morganmonroe2",2020,22,0.32895,12.3092876712329,1274.83,1293.835,12.2183105022831
"753","morganmonroe2",2020,23,0.32893,12.3092876712329,1274.83,1293.835,12.2183105022831
"754","morganmonroe2",2020,24,0.32903,12.3092876712329,1274.83,1293.835,12.2183105022831
"755","morganmonroe2",2020,25,0.32924,12.3092876712329,1274.83,1293.835,12.2183105022831
"756","morganmonroe2",2020,26,0.32951,12.3092876712329,1274.83,1293.835,12.2183105022831
"757","morganmonroe2",2020,27,0.32981,12.3092876712329,1274.83,1293.835,12.2183105022831
"758","morganmonroe2",2020,28,0.33008,12.3092876712329,1274.83,1293.835,12.2183105022831
"759","morganmonroe2",2020,29,0.3303,12.3092876712329,1274.83,1293.835,12.2183105022831
"760","morganmonroe2",2020,30,0.33046,12.3092876712329,1274.83,1293.835,12.2183105022831
"761","morganmonroe2",2020,31,0.33063,12.3092876712329,1274.83,1293.835,12.2183105022831
"762","morganmonroe2",2020,32,0.33077,12.3092876712329,1274.83,1293.835,12.2183105022831
"763","morganmonroe2",2020,33,0.3309,12.3092876712329,1274.83,1293.835,12.2183105022831
"764","morganmonroe2",2020,34,0.33103,12.3092876712329,1274.83,1293.835,12.2183105022831
"765","morganmonroe2",2020,35,0.33118,12.3092876712329,1274.83,1293.835,12.2183105022831
"766","morganmonroe2",2020,36,0.33128,12.3092876712329,1274.83,1293.835,12.2183105022831
"767","morganmonroe2",2020,37,0.33131,12.3092876712329,1274.83,1293.835,12.2183105022831
"768","morganmonroe2",2020,38,0.33128,12.3092876712329,1274.83,1293.835,12.2183105022831
"769","morganmonroe2",2020,39,0.33123,12.3092876712329,1274.83,1293.835,12.2183105022831
"770","morganmonroe2",2020,40,0.33115,12.3092876712329,1274.83,1293.835,12.2183105022831
"771","morganmonroe2",2020,41,0.33107,12.3092876712329,1274.83,1293.835,12.2183105022831
"772","morganmonroe2",2020,42,0.33101,12.3092876712329,1274.83,1293.835,12.2183105022831
"773","morganmonroe2",2020,43,0.33095,12.3092876712329,1274.83,1293.835,12.2183105022831
"774","morganmonroe2",2020,44,0.33087,12.3092876712329,1274.83,1293.835,12.2183105022831
"775","morganmonroe2",2020,45,0.33078,12.3092876712329,1274.83,1293.835,12.2183105022831
"776","morganmonroe2",2020,46,0.33071,12.3092876712329,1274.83,1293.835,12.2183105022831
"777","morganmonroe2",2020,47,0.33065,12.3092876712329,1274.83,1293.835,12.2183105022831
"778","morganmonroe2",2020,48,0.33062,12.3092876712329,1274.83,1293.835,12.2183105022831
"779","morganmonroe2",2020,49,0.33063,12.3092876712329,1274.83,1293.835,12.2183105022831
"780","morganmonroe2",2020,50,0.33067,12.3092876712329,1274.83,1293.835,12.2183105022831
"781","morganmonroe2",2020,51,0.33072,12.3092876712329,1274.83,1293.835,12.2183105022831
"782","morganmonroe2",2020,52,0.33078,12.3092876712329,1274.83,1293.835,12.2183105022831
"783","morganmonroe2",2020,53,0.33083,12.3092876712329,1274.83,1293.835,12.2183105022831
"784","morganmonroe2",2020,54,0.33085,12.3092876712329,1274.83,1293.835,12.2183105022831
"785","morganmonroe2",2020,55,0.33086,12.3092876712329,1274.83,1293.835,12.2183105022831
"786","morganmonroe2",2020,56,0.33086,12.3092876712329,1274.83,1293.835,12.2183105022831
"787","morganmonroe2",2020,57,0.33086,12.3092876712329,1274.83,1293.835,12.2183105022831
"788","morganmonroe2",2020,58,0.33086,12.3092876712329,1274.83,1293.835,12.2183105022831
"789","morganmonroe2",2020,59,0.33081,12.3092876712329,1274.83,1293.835,12.2183105022831
"790","morganmonroe2",2020,60,0.33071,12.3092876712329,1274.83,1293.835,12.2183105022831
"791","morganmonroe2",2020,61,0.33068,12.3092876712329,1274.83,1293.835,12.2183105022831
"792","morganmonroe2",2020,62,0.3307,12.3092876712329,1274.83,1293.835,12.2183105022831
"793","morganmonroe2",2020,63,0.33075,12.3092876712329,1274.83,1293.835,12.2183105022831
"794","morganmonroe2",2020,64,0.3308,12.3092876712329,1274.83,1293.835,12.2183105022831
"795","morganmonroe2",2020,65,0.33087,12.3092876712329,1274.83,1293.835,12.2183105022831
"796","morganmonroe2",2020,66,0.33093,12.3092876712329,1274.83,1293.835,12.2183105022831
"797","morganmonroe2",2020,67,0.331,12.3092876712329,1274.83,1293.835,12.2183105022831
"798","morganmonroe2",2020,68,0.33109,12.3092876712329,1274.83,1293.835,12.2183105022831
"799","morganmonroe2",2020,69,0.3312,12.3092876712329,1274.83,1293.835,12.2183105022831
"800","morganmonroe2",2020,70,0.33132,12.3092876712329,1274.83,1293.835,12.2183105022831
"801","morganmonroe2",2020,71,0.33144,12.3092876712329,1274.83,1293.835,12.2183105022831
"802","morganmonroe2",2020,72,0.33156,12.3092876712329,1274.83,1293.835,12.2183105022831
"803","morganmonroe2",2020,73,0.33167,12.3092876712329,1274.83,1293.835,12.2183105022831
"804","morganmonroe2",2020,74,0.33173,12.3092876712329,1274.83,1293.835,12.2183105022831
"805","morganmonroe2",2020,75,0.33177,12.3092876712329,1274.83,1293.835,12.2183105022831
"806","morganmonroe2",2020,76,0.33179,12.3092876712329,1274.83,1293.835,12.2183105022831
"807","morganmonroe2",2020,77,0.33182,12.3092876712329,1274.83,1293.835,12.2183105022831
"808","morganmonroe2",2020,78,0.33187,12.3092876712329,1274.83,1293.835,12.2183105022831
"809","morganmonroe2",2020,79,0.33198,12.3092876712329,1274.83,1293.835,12.2183105022831
"810","morganmonroe2",2020,80,0.33211,12.3092876712329,1274.83,1293.835,12.2183105022831
"811","morganmonroe2",2020,81,0.33226,12.3092876712329,1274.83,1293.835,12.2183105022831
"812","morganmonroe2",2020,82,0.33242,12.3092876712329,1274.83,1293.835,12.2183105022831
"813","morganmonroe2",2020,83,0.3326,12.3092876712329,1274.83,1293.835,12.2183105022831
"814","morganmonroe2",2020,84,0.33281,12.3092876712329,1274.83,1293.835,12.2183105022831
"815","morganmonroe2",2020,85,0.33305,12.3092876712329,1274.83,1293.835,12.2183105022831
"816","morganmonroe2",2020,86,0.33322,12.3092876712329,1274.83,1293.835,12.2183105022831
"817","morganmonroe2",2020,87,0.33327,12.3092876712329,1274.83,1293.835,12.2183105022831
"818","morganmonroe2",2020,88,0.33331,12.3092876712329,1274.83,1293.835,12.2183105022831
"819","morganmonroe2",2020,89,0.33345,12.3092876712329,1274.83,1293.835,12.2183105022831
"820","morganmonroe2",2020,90,0.33381,12.3092876712329,1274.83,1293.835,12.2183105022831
"821","morganmonroe2",2020,91,0.33449,12.3092876712329,1274.83,1293.835,12.2183105022831
"822","morganmonroe2",2020,92,0.33559,12.3092876712329,1274.83,1293.835,12.2183105022831
"823","morganmonroe2",2020,93,0.33701,12.3092876712329,1274.83,1293.835,12.2183105022831
"824","morganmonroe2",2020,94,0.33865,12.3092876712329,1274.83,1293.835,12.2183105022831
"825","morganmonroe2",2020,95,0.34038,12.3092876712329,1274.83,1293.835,12.2183105022831
"826","morganmonroe2",2020,96,0.3421,12.3092876712329,1274.83,1293.835,12.2183105022831
"827","morganmonroe2",2020,97,0.34368,12.3092876712329,1274.83,1293.835,12.2183105022831
"828","morganmonroe2",2020,98,0.34526,12.3092876712329,1274.83,1293.835,12.2183105022831
"829","morganmonroe2",2020,99,0.34699,12.3092876712329,1274.83,1293.835,12.2183105022831
"830","morganmonroe2",2020,100,0.34878,12.3092876712329,1274.83,1293.835,12.2183105022831
"831","morganmonroe2",2020,101,0.35053,12.3092876712329,1274.83,1293.835,12.2183105022831
"832","morganmonroe2",2020,102,0.35215,12.3092876712329,1274.83,1293.835,12.2183105022831
"833","morganmonroe2",2020,103,0.35354,12.3092876712329,1274.83,1293.835,12.2183105022831
"834","morganmonroe2",2020,104,0.35434,12.3092876712329,1274.83,1293.835,12.2183105022831
"835","morganmonroe2",2020,105,0.35462,12.3092876712329,1274.83,1293.835,12.2183105022831
"836","morganmonroe2",2020,106,0.35493,12.3092876712329,1274.83,1293.835,12.2183105022831
"837","morganmonroe2",2020,107,0.35583,12.3092876712329,1274.83,1293.835,12.2183105022831
"838","morganmonroe2",2020,108,0.35675,12.3092876712329,1274.83,1293.835,12.2183105022831
"839","morganmonroe2",2020,109,0.35739,12.3092876712329,1274.83,1293.835,12.2183105022831
"840","morganmonroe2",2020,110,0.3587,12.3092876712329,1274.83,1293.835,12.2183105022831
"841","morganmonroe2",2020,111,0.36094,12.3092876712329,1274.83,1293.835,12.2183105022831
"842","morganmonroe2",2020,112,0.36366,12.3092876712329,1274.83,1293.835,12.2183105022831
"843","morganmonroe2",2020,113,0.36676,12.3092876712329,1274.83,1293.835,12.2183105022831
"844","morganmonroe2",2020,114,0.37012,12.3092876712329,1274.83,1293.835,12.2183105022831
"845","morganmonroe2",2020,115,0.37364,12.3092876712329,1274.83,1293.835,12.2183105022831
"846","morganmonroe2",2020,116,0.3772,12.3092876712329,1274.83,1293.835,12.2183105022831
"847","morganmonroe2",2020,117,0.38127,12.3092876712329,1274.83,1293.835,12.2183105022831
"848","morganmonroe2",2020,118,0.38608,12.3092876712329,1274.83,1293.835,12.2183105022831
"849","morganmonroe2",2020,119,0.3912,12.3092876712329,1274.83,1293.835,12.2183105022831
"850","morganmonroe2",2020,120,0.39622,12.3092876712329,1274.83,1293.835,12.2183105022831
"851","morganmonroe2",2020,121,0.40071,12.3092876712329,1274.83,1293.835,12.2183105022831
"852","morganmonroe2",2020,122,0.40424,12.3092876712329,1274.83,1293.835,12.2183105022831
"853","morganmonroe2",2020,123,0.40696,12.3092876712329,1274.83,1293.835,12.2183105022831
"854","morganmonroe2",2020,124,0.40932,12.3092876712329,1274.83,1293.835,12.2183105022831
"855","morganmonroe2",2020,125,0.41132,12.3092876712329,1274.83,1293.835,12.2183105022831
"856","morganmonroe2",2020,126,0.41297,12.3092876712329,1274.83,1293.835,12.2183105022831
"857","morganmonroe2",2020,127,0.41426,12.3092876712329,1274.83,1293.835,12.2183105022831
"858","morganmonroe2",2020,128,0.41521,12.3092876712329,1274.83,1293.835,12.2183105022831
"859","morganmonroe2",2020,129,0.41535,12.3092876712329,1274.83,1293.835,12.2183105022831
"860","morganmonroe2",2020,130,0.41463,12.3092876712329,1274.83,1293.835,12.2183105022831
"861","morganmonroe2",2020,131,0.41368,12.3092876712329,1274.83,1293.835,12.2183105022831
"862","morganmonroe2",2020,132,0.41314,12.3092876712329,1274.83,1293.835,12.2183105022831
"863","morganmonroe2",2020,133,0.41253,12.3092876712329,1274.83,1293.835,12.2183105022831
"864","morganmonroe2",2020,134,0.41148,12.3092876712329,1274.83,1293.835,12.2183105022831
"865","morganmonroe2",2020,135,0.41077,12.3092876712329,1274.83,1293.835,12.2183105022831
"866","morganmonroe2",2020,136,0.4106,12.3092876712329,1274.83,1293.835,12.2183105022831
"867","morganmonroe2",2020,137,0.41058,12.3092876712329,1274.83,1293.835,12.2183105022831
"868","morganmonroe2",2020,138,0.41064,12.3092876712329,1274.83,1293.835,12.2183105022831
"869","morganmonroe2",2020,139,0.41068,12.3092876712329,1274.83,1293.835,12.2183105022831
"870","morganmonroe2",2020,140,0.41065,12.3092876712329,1274.83,1293.835,12.2183105022831
"871","morganmonroe2",2020,141,0.41047,12.3092876712329,1274.83,1293.835,12.2183105022831
"872","morganmonroe2",2020,142,0.4101,12.3092876712329,1274.83,1293.835,12.2183105022831
"873","morganmonroe2",2020,143,0.40959,12.3092876712329,1274.83,1293.835,12.2183105022831
"874","morganmonroe2",2020,144,0.40897,12.3092876712329,1274.83,1293.835,12.2183105022831
"875","morganmonroe2",2020,145,0.4083,12.3092876712329,1274.83,1293.835,12.2183105022831
"876","morganmonroe2",2020,146,0.40762,12.3092876712329,1274.83,1293.835,12.2183105022831
"877","morganmonroe2",2020,147,0.40696,12.3092876712329,1274.83,1293.835,12.2183105022831
"878","morganmonroe2",2020,148,0.40628,12.3092876712329,1274.83,1293.835,12.2183105022831
"879","morganmonroe2",2020,149,0.40553,12.3092876712329,1274.83,1293.835,12.2183105022831
"880","morganmonroe2",2020,150,0.40476,12.3092876712329,1274.83,1293.835,12.2183105022831
"881","morganmonroe2",2020,151,0.40399,12.3092876712329,1274.83,1293.835,12.2183105022831
"882","morganmonroe2",2020,152,0.40325,12.3092876712329,1274.83,1293.835,12.2183105022831
"883","morganmonroe2",2020,153,0.4026,12.3092876712329,1274.83,1293.835,12.2183105022831
"884","morganmonroe2",2020,154,0.40199,12.3092876712329,1274.83,1293.835,12.2183105022831
"885","morganmonroe2",2020,155,0.40142,12.3092876712329,1274.83,1293.835,12.2183105022831
"886","morganmonroe2",2020,156,0.40088,12.3092876712329,1274.83,1293.835,12.2183105022831
"887","morganmonroe2",2020,157,0.40041,12.3092876712329,1274.83,1293.835,12.2183105022831
"888","morganmonroe2",2020,158,0.40003,12.3092876712329,1274.83,1293.835,12.2183105022831
"889","morganmonroe2",2020,159,0.39973,12.3092876712329,1274.83,1293.835,12.2183105022831
"890","morganmonroe2",2020,160,0.39943,12.3092876712329,1274.83,1293.835,12.2183105022831
"891","morganmonroe2",2020,161,0.39915,12.3092876712329,1274.83,1293.835,12.2183105022831
"892","morganmonroe2",2020,162,0.39894,12.3092876712329,1274.83,1293.835,12.2183105022831
"893","morganmonroe2",2020,163,0.39876,12.3092876712329,1274.83,1293.835,12.2183105022831
"894","morganmonroe2",2020,164,0.39859,12.3092876712329,1274.83,1293.835,12.2183105022831
"895","morganmonroe2",2020,165,0.39839,12.3092876712329,1274.83,1293.835,12.2183105022831
"896","morganmonroe2",2020,166,0.39815,12.3092876712329,1274.83,1293.835,12.2183105022831
"897","morganmonroe2",2020,167,0.39787,12.3092876712329,1274.83,1293.835,12.2183105022831
"898","morganmonroe2",2020,168,0.39758,12.3092876712329,1274.83,1293.835,12.2183105022831
"899","morganmonroe2",2020,169,0.3973,12.3092876712329,1274.83,1293.835,12.2183105022831
"900","morganmonroe2",2020,170,0.39701,12.3092876712329,1274.83,1293.835,12.2183105022831
"901","morganmonroe2",2020,171,0.3967,12.3092876712329,1274.83,1293.835,12.2183105022831
"902","morganmonroe2",2020,172,0.39639,12.3092876712329,1274.83,1293.835,12.2183105022831
"903","morganmonroe2",2020,173,0.39602,12.3092876712329,1274.83,1293.835,12.2183105022831
"904","morganmonroe2",2020,174,0.3956,12.3092876712329,1274.83,1293.835,12.2183105022831
"905","morganmonroe2",2020,175,0.39515,12.3092876712329,1274.83,1293.835,12.2183105022831
"906","morganmonroe2",2020,176,0.39471,12.3092876712329,1274.83,1293.835,12.2183105022831
"907","morganmonroe2",2020,177,0.39433,12.3092876712329,1274.83,1293.835,12.2183105022831
"908","morganmonroe2",2020,178,0.39404,12.3092876712329,1274.83,1293.835,12.2183105022831
"909","morganmonroe2",2020,179,0.39384,12.3092876712329,1274.83,1293.835,12.2183105022831
"910","morganmonroe2",2020,180,0.39368,12.3092876712329,1274.83,1293.835,12.2183105022831
"911","morganmonroe2",2020,181,0.39354,12.3092876712329,1274.83,1293.835,12.2183105022831
"912","morganmonroe2",2020,182,0.39344,12.3092876712329,1274.83,1293.835,12.2183105022831
"913","morganmonroe2",2020,183,0.3934,12.3092876712329,1274.83,1293.835,12.2183105022831
"914","morganmonroe2",2020,184,0.39343,12.3092876712329,1274.83,1293.835,12.2183105022831
"915","morganmonroe2",2020,185,0.39344,12.3092876712329,1274.83,1293.835,12.2183105022831
"916","morganmonroe2",2020,186,0.39343,12.3092876712329,1274.83,1293.835,12.2183105022831
"917","morganmonroe2",2020,187,0.39346,12.3092876712329,1274.83,1293.835,12.2183105022831
"918","morganmonroe2",2020,188,0.39351,12.3092876712329,1274.83,1293.835,12.2183105022831
"919","morganmonroe2",2020,189,0.39356,12.3092876712329,1274.83,1293.835,12.2183105022831
"920","morganmonroe2",2020,190,0.39357,12.3092876712329,1274.83,1293.835,12.2183105022831
"921","morganmonroe2",2020,191,0.39354,12.3092876712329,1274.83,1293.835,12.2183105022831
"922","morganmonroe2",2020,192,0.39346,12.3092876712329,1274.83,1293.835,12.2183105022831
"923","morganmonroe2",2020,193,0.39335,12.3092876712329,1274.83,1293.835,12.2183105022831
"924","morganmonroe2",2020,194,0.39323,12.3092876712329,1274.83,1293.835,12.2183105022831
"925","morganmonroe2",2020,195,0.39311,12.3092876712329,1274.83,1293.835,12.2183105022831
"926","morganmonroe2",2020,196,0.39298,12.3092876712329,1274.83,1293.835,12.2183105022831
"927","morganmonroe2",2020,197,0.39287,12.3092876712329,1274.83,1293.835,12.2183105022831
"928","morganmonroe2",2020,198,0.39279,12.3092876712329,1274.83,1293.835,12.2183105022831
"929","morganmonroe2",2020,199,0.39272,12.3092876712329,1274.83,1293.835,12.2183105022831
"930","morganmonroe2",2020,200,0.39266,12.3092876712329,1274.83,1293.835,12.2183105022831
"931","morganmonroe2",2020,201,0.39257,12.3092876712329,1274.83,1293.835,12.2183105022831
"932","morganmonroe2",2020,202,0.39244,12.3092876712329,1274.83,1293.835,12.2183105022831
"933","morganmonroe2",2020,203,0.39225,12.3092876712329,1274.83,1293.835,12.2183105022831
"934","morganmonroe2",2020,204,0.39195,12.3092876712329,1274.83,1293.835,12.2183105022831
"935","morganmonroe2",2020,205,0.39158,12.3092876712329,1274.83,1293.835,12.2183105022831
"936","morganmonroe2",2020,206,0.39122,12.3092876712329,1274.83,1293.835,12.2183105022831
"937","morganmonroe2",2020,207,0.39093,12.3092876712329,1274.83,1293.835,12.2183105022831
"938","morganmonroe2",2020,208,0.3906,12.3092876712329,1274.83,1293.835,12.2183105022831
"939","morganmonroe2",2020,209,0.39019,12.3092876712329,1274.83,1293.835,12.2183105022831
"940","morganmonroe2",2020,210,0.3899,12.3092876712329,1274.83,1293.835,12.2183105022831
"941","morganmonroe2",2020,211,0.38973,12.3092876712329,1274.83,1293.835,12.2183105022831
"942","morganmonroe2",2020,212,0.38959,12.3092876712329,1274.83,1293.835,12.2183105022831
"943","morganmonroe2",2020,213,0.38948,12.3092876712329,1274.83,1293.835,12.2183105022831
"944","morganmonroe2",2020,214,0.38941,12.3092876712329,1274.83,1293.835,12.2183105022831
"945","morganmonroe2",2020,215,0.3894,12.3092876712329,1274.83,1293.835,12.2183105022831
"946","morganmonroe2",2020,216,0.38943,12.3092876712329,1274.83,1293.835,12.2183105022831
"947","morganmonroe2",2020,217,0.38958,12.3092876712329,1274.83,1293.835,12.2183105022831
"948","morganmonroe2",2020,218,0.38985,12.3092876712329,1274.83,1293.835,12.2183105022831
"949","morganmonroe2",2020,219,0.39018,12.3092876712329,1274.83,1293.835,12.2183105022831
"950","morganmonroe2",2020,220,0.39052,12.3092876712329,1274.83,1293.835,12.2183105022831
"951","morganmonroe2",2020,221,0.39082,12.3092876712329,1274.83,1293.835,12.2183105022831
"952","morganmonroe2",2020,222,0.39102,12.3092876712329,1274.83,1293.835,12.2183105022831
"953","morganmonroe2",2020,223,0.39112,12.3092876712329,1274.83,1293.835,12.2183105022831
"954","morganmonroe2",2020,224,0.39119,12.3092876712329,1274.83,1293.835,12.2183105022831
"955","morganmonroe2",2020,225,0.39122,12.3092876712329,1274.83,1293.835,12.2183105022831
"956","morganmonroe2",2020,226,0.39124,12.3092876712329,1274.83,1293.835,12.2183105022831
"957","morganmonroe2",2020,227,0.39126,12.3092876712329,1274.83,1293.835,12.2183105022831
"958","morganmonroe2",2020,228,0.39128,12.3092876712329,1274.83,1293.835,12.2183105022831
"959","morganmonroe2",2020,229,0.39134,12.3092876712329,1274.83,1293.835,12.2183105022831
"960","morganmonroe2",2020,230,0.39141,12.3092876712329,1274.83,1293.835,12.2183105022831
"961","morganmonroe2",2020,231,0.39145,12.3092876712329,1274.83,1293.835,12.2183105022831
"962","morganmonroe2",2020,232,0.39144,12.3092876712329,1274.83,1293.835,12.2183105022831
"963","morganmonroe2",2020,233,0.39142,12.3092876712329,1274.83,1293.835,12.2183105022831
"964","morganmonroe2",2020,234,0.39141,12.3092876712329,1274.83,1293.835,12.2183105022831
"965","morganmonroe2",2020,235,0.39133,12.3092876712329,1274.83,1293.835,12.2183105022831
"966","morganmonroe2",2020,236,0.39116,12.3092876712329,1274.83,1293.835,12.2183105022831
"967","morganmonroe2",2020,237,0.39091,12.3092876712329,1274.83,1293.835,12.2183105022831
"968","morganmonroe2",2020,238,0.39062,12.3092876712329,1274.83,1293.835,12.2183105022831
"969","morganmonroe2",2020,239,0.39031,12.3092876712329,1274.83,1293.835,12.2183105022831
"970","morganmonroe2",2020,240,0.39,12.3092876712329,1274.83,1293.835,12.2183105022831
"971","morganmonroe2",2020,241,0.38972,12.3092876712329,1274.83,1293.835,12.2183105022831
"972","morganmonroe2",2020,242,0.38942,12.3092876712329,1274.83,1293.835,12.2183105022831
"973","morganmonroe2",2020,243,0.38906,12.3092876712329,1274.83,1293.835,12.2183105022831
"974","morganmonroe2",2020,244,0.38868,12.3092876712329,1274.83,1293.835,12.2183105022831
"975","morganmonroe2",2020,245,0.38832,12.3092876712329,1274.83,1293.835,12.2183105022831
"976","morganmonroe2",2020,246,0.388,12.3092876712329,1274.83,1293.835,12.2183105022831
"977","morganmonroe2",2020,247,0.38778,12.3092876712329,1274.83,1293.835,12.2183105022831
"978","morganmonroe2",2020,248,0.38767,12.3092876712329,1274.83,1293.835,12.2183105022831
"979","morganmonroe2",2020,249,0.38768,12.3092876712329,1274.83,1293.835,12.2183105022831
"980","morganmonroe2",2020,250,0.38775,12.3092876712329,1274.83,1293.835,12.2183105022831
"981","morganmonroe2",2020,251,0.38785,12.3092876712329,1274.83,1293.835,12.2183105022831
"982","morganmonroe2",2020,252,0.38794,12.3092876712329,1274.83,1293.835,12.2183105022831
"983","morganmonroe2",2020,253,0.38798,12.3092876712329,1274.83,1293.835,12.2183105022831
"984","morganmonroe2",2020,254,0.38811,12.3092876712329,1274.83,1293.835,12.2183105022831
"985","morganmonroe2",2020,255,0.38838,12.3092876712329,1274.83,1293.835,12.2183105022831
"986","morganmonroe2",2020,256,0.38859,12.3092876712329,1274.83,1293.835,12.2183105022831
"987","morganmonroe2",2020,257,0.38859,12.3092876712329,1274.83,1293.835,12.2183105022831
"988","morganmonroe2",2020,258,0.38841,12.3092876712329,1274.83,1293.835,12.2183105022831
"989","morganmonroe2",2020,259,0.38821,12.3092876712329,1274.83,1293.835,12.2183105022831
"990","morganmonroe2",2020,260,0.3879,12.3092876712329,1274.83,1293.835,12.2183105022831
"991","morganmonroe2",2020,261,0.38742,12.3092876712329,1274.83,1293.835,12.2183105022831
"992","morganmonroe2",2020,262,0.38677,12.3092876712329,1274.83,1293.835,12.2183105022831
"993","morganmonroe2",2020,263,0.38601,12.3092876712329,1274.83,1293.835,12.2183105022831
"994","morganmonroe2",2020,264,0.3852,12.3092876712329,1274.83,1293.835,12.2183105022831
"995","morganmonroe2",2020,265,0.38438,12.3092876712329,1274.83,1293.835,12.2183105022831
"996","morganmonroe2",2020,266,0.38363,12.3092876712329,1274.83,1293.835,12.2183105022831
"997","morganmonroe2",2020,267,0.38301,12.3092876712329,1274.83,1293.835,12.2183105022831
"998","morganmonroe2",2020,268,0.38251,12.3092876712329,1274.83,1293.835,12.2183105022831
"999","morganmonroe2",2020,269,0.38206,12.3092876712329,1274.83,1293.835,12.2183105022831
"1000","morganmonroe2",2020,270,0.38155,12.3092876712329,1274.83,1293.835,12.2183105022831
"1001","morganmonroe2",2020,271,0.38091,12.3092876712329,1274.83,1293.835,12.2183105022831
"1002","morganmonroe2",2020,272,0.38004,12.3092876712329,1274.83,1293.835,12.2183105022831
"1003","morganmonroe2",2020,273,0.37903,12.3092876712329,1274.83,1293.835,12.2183105022831
"1004","morganmonroe2",2020,274,0.37796,12.3092876712329,1274.83,1293.835,12.2183105022831
"1005","morganmonroe2",2020,275,0.37677,12.3092876712329,1274.83,1293.835,12.2183105022831
"1006","morganmonroe2",2020,276,0.37538,12.3092876712329,1274.83,1293.835,12.2183105022831
"1007","morganmonroe2",2020,277,0.37373,12.3092876712329,1274.83,1293.835,12.2183105022831
"1008","morganmonroe2",2020,278,0.37174,12.3092876712329,1274.83,1293.835,12.2183105022831
"1009","morganmonroe2",2020,279,0.36914,12.3092876712329,1274.83,1293.835,12.2183105022831
"1010","morganmonroe2",2020,280,0.36591,12.3092876712329,1274.83,1293.835,12.2183105022831
"1011","morganmonroe2",2020,281,0.36236,12.3092876712329,1274.83,1293.835,12.2183105022831
"1012","morganmonroe2",2020,282,0.3588,12.3092876712329,1274.83,1293.835,12.2183105022831
"1013","morganmonroe2",2020,283,0.35553,12.3092876712329,1274.83,1293.835,12.2183105022831
"1014","morganmonroe2",2020,284,0.35286,12.3092876712329,1274.83,1293.835,12.2183105022831
"1015","morganmonroe2",2020,285,0.35075,12.3092876712329,1274.83,1293.835,12.2183105022831
"1016","morganmonroe2",2020,286,0.34888,12.3092876712329,1274.83,1293.835,12.2183105022831
"1017","morganmonroe2",2020,287,0.34719,12.3092876712329,1274.83,1293.835,12.2183105022831
"1018","morganmonroe2",2020,288,0.34561,12.3092876712329,1274.83,1293.835,12.2183105022831
"1019","morganmonroe2",2020,289,0.34409,12.3092876712329,1274.83,1293.835,12.2183105022831
"1020","morganmonroe2",2020,290,0.34255,12.3092876712329,1274.83,1293.835,12.2183105022831
"1021","morganmonroe2",2020,291,0.34107,12.3092876712329,1274.83,1293.835,12.2183105022831
"1022","morganmonroe2",2020,292,0.33975,12.3092876712329,1274.83,1293.835,12.2183105022831
"1023","morganmonroe2",2020,293,0.33853,12.3092876712329,1274.83,1293.835,12.2183105022831
"1024","morganmonroe2",2020,294,0.33737,12.3092876712329,1274.83,1293.835,12.2183105022831
"1025","morganmonroe2",2020,295,0.33624,12.3092876712329,1274.83,1293.835,12.2183105022831
"1026","morganmonroe2",2020,296,0.33507,12.3092876712329,1274.83,1293.835,12.2183105022831
"1027","morganmonroe2",2020,297,0.33376,12.3092876712329,1274.83,1293.835,12.2183105022831
"1028","morganmonroe2",2020,298,0.33229,12.3092876712329,1274.83,1293.835,12.2183105022831
"1029","morganmonroe2",2020,299,0.33078,12.3092876712329,1274.83,1293.835,12.2183105022831
"1030","morganmonroe2",2020,300,0.32937,12.3092876712329,1274.83,1293.835,12.2183105022831
"1031","morganmonroe2",2020,301,0.32818,12.3092876712329,1274.83,1293.835,12.2183105022831
"1032","morganmonroe2",2020,302,0.32733,12.3092876712329,1274.83,1293.835,12.2183105022831
"1033","morganmonroe2",2020,303,0.32699,12.3092876712329,1274.83,1293.835,12.2183105022831
"1034","morganmonroe2",2020,304,0.32707,12.3092876712329,1274.83,1293.835,12.2183105022831
"1035","morganmonroe2",2020,305,0.32728,12.3092876712329,1274.83,1293.835,12.2183105022831
"1036","morganmonroe2",2020,306,0.32738,12.3092876712329,1274.83,1293.835,12.2183105022831
"1037","morganmonroe2",2020,307,0.32762,12.3092876712329,1274.83,1293.835,12.2183105022831
"1038","morganmonroe2",2020,308,0.32815,12.3092876712329,1274.83,1293.835,12.2183105022831
"1039","morganmonroe2",2020,309,0.32852,12.3092876712329,1274.83,1293.835,12.2183105022831
"1040","morganmonroe2",2020,310,0.32862,12.3092876712329,1274.83,1293.835,12.2183105022831
"1041","morganmonroe2",2020,311,0.32868,12.3092876712329,1274.83,1293.835,12.2183105022831
"1042","morganmonroe2",2020,312,0.32873,12.3092876712329,1274.83,1293.835,12.2183105022831
"1043","morganmonroe2",2020,313,0.32879,12.3092876712329,1274.83,1293.835,12.2183105022831
"1044","morganmonroe2",2020,314,0.32887,12.3092876712329,1274.83,1293.835,12.2183105022831
"1045","morganmonroe2",2020,315,0.32901,12.3092876712329,1274.83,1293.835,12.2183105022831
"1046","morganmonroe2",2020,316,0.32924,12.3092876712329,1274.83,1293.835,12.2183105022831
"1047","morganmonroe2",2020,317,0.32957,12.3092876712329,1274.83,1293.835,12.2183105022831
"1048","morganmonroe2",2020,318,0.32995,12.3092876712329,1274.83,1293.835,12.2183105022831
"1049","morganmonroe2",2020,319,0.33033,12.3092876712329,1274.83,1293.835,12.2183105022831
"1050","morganmonroe2",2020,320,0.33066,12.3092876712329,1274.83,1293.835,12.2183105022831
"1051","morganmonroe2",2020,321,0.3309,12.3092876712329,1274.83,1293.835,12.2183105022831
"1052","morganmonroe2",2020,322,0.33105,12.3092876712329,1274.83,1293.835,12.2183105022831
"1053","morganmonroe2",2020,323,0.33115,12.3092876712329,1274.83,1293.835,12.2183105022831
"1054","morganmonroe2",2020,324,0.33121,12.3092876712329,1274.83,1293.835,12.2183105022831
"1055","morganmonroe2",2020,325,0.33124,12.3092876712329,1274.83,1293.835,12.2183105022831
"1056","morganmonroe2",2020,326,0.33126,12.3092876712329,1274.83,1293.835,12.2183105022831
"1057","morganmonroe2",2020,327,0.33126,12.3092876712329,1274.83,1293.835,12.2183105022831
"1058","morganmonroe2",2020,328,0.33124,12.3092876712329,1274.83,1293.835,12.2183105022831
"1059","morganmonroe2",2020,329,0.33119,12.3092876712329,1274.83,1293.835,12.2183105022831
"1060","morganmonroe2",2020,330,0.33111,12.3092876712329,1274.83,1293.835,12.2183105022831
"1061","morganmonroe2",2020,331,0.33103,12.3092876712329,1274.83,1293.835,12.2183105022831
"1062","morganmonroe2",2020,332,0.33092,12.3092876712329,1274.83,1293.835,12.2183105022831
"1063","morganmonroe2",2020,333,0.33077,12.3092876712329,1274.83,1293.835,12.2183105022831
"1064","morganmonroe2",2020,334,0.33064,12.3092876712329,1274.83,1293.835,12.2183105022831
"1065","morganmonroe2",2020,335,0.33052,12.3092876712329,1274.83,1293.835,12.2183105022831
"1066","morganmonroe2",2020,336,0.33039,12.3092876712329,1274.83,1293.835,12.2183105022831
"1067","morganmonroe2",2020,337,0.33025,12.3092876712329,1274.83,1293.835,12.2183105022831
"1068","morganmonroe2",2020,338,0.33013,12.3092876712329,1274.83,1293.835,12.2183105022831
"1069","morganmonroe2",2020,339,0.33003,12.3092876712329,1274.83,1293.835,12.2183105022831
"1070","morganmonroe2",2020,340,0.32997,12.3092876712329,1274.83,1293.835,12.2183105022831
"1071","morganmonroe2",2020,341,0.32994,12.3092876712329,1274.83,1293.835,12.2183105022831
"1072","morganmonroe2",2020,342,0.32993,12.3092876712329,1274.83,1293.835,12.2183105022831
"1073","morganmonroe2",2020,343,0.32994,12.3092876712329,1274.83,1293.835,12.2183105022831
"1074","morganmonroe2",2020,344,0.32995,12.3092876712329,1274.83,1293.835,12.2183105022831
"1075","morganmonroe2",2020,345,0.32997,12.3092876712329,1274.83,1293.835,12.2183105022831
"1076","morganmonroe2",2020,346,0.32999,12.3092876712329,1274.83,1293.835,12.2183105022831
"1077","morganmonroe2",2020,347,0.33003,12.3092876712329,1274.83,1293.835,12.2183105022831
"1078","morganmonroe2",2020,348,0.33011,12.3092876712329,1274.83,1293.835,12.2183105022831
"1079","morganmonroe2",2020,349,0.3302,12.3092876712329,1274.83,1293.835,12.2183105022831
"1080","morganmonroe2",2020,350,0.3303,12.3092876712329,1274.83,1293.835,12.2183105022831
"1081","morganmonroe2",2020,351,0.33038,12.3092876712329,1274.83,1293.835,12.2183105022831
"1082","morganmonroe2",2020,352,0.33041,12.3092876712329,1274.83,1293.835,12.2183105022831
"1083","morganmonroe2",2020,353,0.33037,12.3092876712329,1274.83,1293.835,12.2183105022831
"1084","morganmonroe2",2020,354,0.33026,12.3092876712329,1274.83,1293.835,12.2183105022831
"1085","morganmonroe2",2020,355,0.33014,12.3092876712329,1274.83,1293.835,12.2183105022831
"1086","morganmonroe2",2020,356,0.33008,12.3092876712329,1274.83,1293.835,12.2183105022831
"1087","morganmonroe2",2020,357,0.33008,12.3092876712329,1274.83,1293.835,12.2183105022831
"1088","morganmonroe2",2020,358,0.33011,12.3092876712329,1274.83,1293.835,12.2183105022831
"1089","morganmonroe2",2020,359,0.33013,12.3092876712329,1274.83,1293.835,12.2183105022831
"1090","morganmonroe2",2020,360,0.33017,12.3092876712329,1274.83,1293.835,12.2183105022831
"1091","morganmonroe2",2020,361,0.33025,12.3092876712329,1274.83,1293.835,12.2183105022831
"1092","morganmonroe2",2020,362,0.33034,12.3092876712329,1274.83,1293.835,12.2183105022831
"1093","morganmonroe2",2020,363,0.33041,12.3092876712329,1274.83,1293.835,12.2183105022831
"1094","morganmonroe2",2020,364,0.33044,12.3092876712329,1274.83,1293.835,12.2183105022831
"1095","morganmonroe2",2020,365,0.3304,12.3092876712329,1274.83,1293.835,12.2183105022831
"1096","morganmonroe2",2021,1,0.33006,12.5473835616438,1436.08,1293.835,12.2183105022831
"1097","morganmonroe2",2021,2,0.32982,12.5473835616438,1436.08,1293.835,12.2183105022831
"1098","morganmonroe2",2021,3,0.32957,12.5473835616438,1436.08,1293.835,12.2183105022831
"1099","morganmonroe2",2021,4,0.32936,12.5473835616438,1436.08,1293.835,12.2183105022831
"1100","morganmonroe2",2021,5,0.32923,12.5473835616438,1436.08,1293.835,12.2183105022831
"1101","morganmonroe2",2021,6,0.32913,12.5473835616438,1436.08,1293.835,12.2183105022831
"1102","morganmonroe2",2021,7,0.32903,12.5473835616438,1436.08,1293.835,12.2183105022831
"1103","morganmonroe2",2021,8,0.32893,12.5473835616438,1436.08,1293.835,12.2183105022831
"1104","morganmonroe2",2021,9,0.32887,12.5473835616438,1436.08,1293.835,12.2183105022831
"1105","morganmonroe2",2021,10,0.32885,12.5473835616438,1436.08,1293.835,12.2183105022831
"1106","morganmonroe2",2021,11,0.32889,12.5473835616438,1436.08,1293.835,12.2183105022831
"1107","morganmonroe2",2021,12,0.32907,12.5473835616438,1436.08,1293.835,12.2183105022831
"1108","morganmonroe2",2021,13,0.3294,12.5473835616438,1436.08,1293.835,12.2183105022831
"1109","morganmonroe2",2021,14,0.32975,12.5473835616438,1436.08,1293.835,12.2183105022831
"1110","morganmonroe2",2021,15,0.33,12.5473835616438,1436.08,1293.835,12.2183105022831
"1111","morganmonroe2",2021,16,0.33026,12.5473835616438,1436.08,1293.835,12.2183105022831
"1112","morganmonroe2",2021,17,0.33058,12.5473835616438,1436.08,1293.835,12.2183105022831
"1113","morganmonroe2",2021,18,0.3308,12.5473835616438,1436.08,1293.835,12.2183105022831
"1114","morganmonroe2",2021,19,0.33089,12.5473835616438,1436.08,1293.835,12.2183105022831
"1115","morganmonroe2",2021,20,0.33092,12.5473835616438,1436.08,1293.835,12.2183105022831
"1116","morganmonroe2",2021,21,0.33091,12.5473835616438,1436.08,1293.835,12.2183105022831
"1117","morganmonroe2",2021,22,0.33087,12.5473835616438,1436.08,1293.835,12.2183105022831
"1118","morganmonroe2",2021,23,0.33082,12.5473835616438,1436.08,1293.835,12.2183105022831
"1119","morganmonroe2",2021,24,0.33078,12.5473835616438,1436.08,1293.835,12.2183105022831
"1120","morganmonroe2",2021,25,0.33073,12.5473835616438,1436.08,1293.835,12.2183105022831
"1121","morganmonroe2",2021,26,0.33065,12.5473835616438,1436.08,1293.835,12.2183105022831
"1122","morganmonroe2",2021,27,0.33055,12.5473835616438,1436.08,1293.835,12.2183105022831
"1123","morganmonroe2",2021,28,0.33044,12.5473835616438,1436.08,1293.835,12.2183105022831
"1124","morganmonroe2",2021,29,0.33035,12.5473835616438,1436.08,1293.835,12.2183105022831
"1125","morganmonroe2",2021,30,0.33029,12.5473835616438,1436.08,1293.835,12.2183105022831
"1126","morganmonroe2",2021,31,0.33025,12.5473835616438,1436.08,1293.835,12.2183105022831
"1127","morganmonroe2",2021,32,0.33021,12.5473835616438,1436.08,1293.835,12.2183105022831
"1128","morganmonroe2",2021,33,0.33017,12.5473835616438,1436.08,1293.835,12.2183105022831
"1129","morganmonroe2",2021,34,0.33015,12.5473835616438,1436.08,1293.835,12.2183105022831
"1130","morganmonroe2",2021,35,0.33015,12.5473835616438,1436.08,1293.835,12.2183105022831
"1131","morganmonroe2",2021,36,0.33018,12.5473835616438,1436.08,1293.835,12.2183105022831
"1132","morganmonroe2",2021,37,0.3303,12.5473835616438,1436.08,1293.835,12.2183105022831
"1133","morganmonroe2",2021,38,0.33048,12.5473835616438,1436.08,1293.835,12.2183105022831
"1134","morganmonroe2",2021,39,0.33065,12.5473835616438,1436.08,1293.835,12.2183105022831
"1135","morganmonroe2",2021,40,0.33076,12.5473835616438,1436.08,1293.835,12.2183105022831
"1136","morganmonroe2",2021,41,0.33083,12.5473835616438,1436.08,1293.835,12.2183105022831
"1137","morganmonroe2",2021,42,0.33092,12.5473835616438,1436.08,1293.835,12.2183105022831
"1138","morganmonroe2",2021,43,0.33097,12.5473835616438,1436.08,1293.835,12.2183105022831
"1139","morganmonroe2",2021,44,0.33094,12.5473835616438,1436.08,1293.835,12.2183105022831
"1140","morganmonroe2",2021,45,0.33086,12.5473835616438,1436.08,1293.835,12.2183105022831
"1141","morganmonroe2",2021,46,0.33075,12.5473835616438,1436.08,1293.835,12.2183105022831
"1142","morganmonroe2",2021,47,0.33063,12.5473835616438,1436.08,1293.835,12.2183105022831
"1143","morganmonroe2",2021,48,0.33052,12.5473835616438,1436.08,1293.835,12.2183105022831
"1144","morganmonroe2",2021,49,0.33044,12.5473835616438,1436.08,1293.835,12.2183105022831
"1145","morganmonroe2",2021,50,0.33037,12.5473835616438,1436.08,1293.835,12.2183105022831
"1146","morganmonroe2",2021,51,0.33029,12.5473835616438,1436.08,1293.835,12.2183105022831
"1147","morganmonroe2",2021,52,0.33021,12.5473835616438,1436.08,1293.835,12.2183105022831
"1148","morganmonroe2",2021,53,0.33014,12.5473835616438,1436.08,1293.835,12.2183105022831
"1149","morganmonroe2",2021,54,0.3301,12.5473835616438,1436.08,1293.835,12.2183105022831
"1150","morganmonroe2",2021,55,0.33009,12.5473835616438,1436.08,1293.835,12.2183105022831
"1151","morganmonroe2",2021,56,0.33014,12.5473835616438,1436.08,1293.835,12.2183105022831
"1152","morganmonroe2",2021,57,0.33024,12.5473835616438,1436.08,1293.835,12.2183105022831
"1153","morganmonroe2",2021,58,0.33037,12.5473835616438,1436.08,1293.835,12.2183105022831
"1154","morganmonroe2",2021,59,0.33051,12.5473835616438,1436.08,1293.835,12.2183105022831
"1155","morganmonroe2",2021,60,0.33064,12.5473835616438,1436.08,1293.835,12.2183105022831
"1156","morganmonroe2",2021,61,0.33073,12.5473835616438,1436.08,1293.835,12.2183105022831
"1157","morganmonroe2",2021,62,0.33079,12.5473835616438,1436.08,1293.835,12.2183105022831
"1158","morganmonroe2",2021,63,0.33083,12.5473835616438,1436.08,1293.835,12.2183105022831
"1159","morganmonroe2",2021,64,0.33087,12.5473835616438,1436.08,1293.835,12.2183105022831
"1160","morganmonroe2",2021,65,0.33092,12.5473835616438,1436.08,1293.835,12.2183105022831
"1161","morganmonroe2",2021,66,0.33097,12.5473835616438,1436.08,1293.835,12.2183105022831
"1162","morganmonroe2",2021,67,0.33102,12.5473835616438,1436.08,1293.835,12.2183105022831
"1163","morganmonroe2",2021,68,0.33107,12.5473835616438,1436.08,1293.835,12.2183105022831
"1164","morganmonroe2",2021,69,0.33112,12.5473835616438,1436.08,1293.835,12.2183105022831
"1165","morganmonroe2",2021,70,0.33116,12.5473835616438,1436.08,1293.835,12.2183105022831
"1166","morganmonroe2",2021,71,0.3312,12.5473835616438,1436.08,1293.835,12.2183105022831
"1167","morganmonroe2",2021,72,0.33124,12.5473835616438,1436.08,1293.835,12.2183105022831
"1168","morganmonroe2",2021,73,0.33129,12.5473835616438,1436.08,1293.835,12.2183105022831
"1169","morganmonroe2",2021,74,0.33135,12.5473835616438,1436.08,1293.835,12.2183105022831
"1170","morganmonroe2",2021,75,0.33138,12.5473835616438,1436.08,1293.835,12.2183105022831
"1171","morganmonroe2",2021,76,0.33139,12.5473835616438,1436.08,1293.835,12.2183105022831
"1172","morganmonroe2",2021,77,0.33139,12.5473835616438,1436.08,1293.835,12.2183105022831
"1173","morganmonroe2",2021,78,0.33141,12.5473835616438,1436.08,1293.835,12.2183105022831
"1174","morganmonroe2",2021,79,0.33147,12.5473835616438,1436.08,1293.835,12.2183105022831
"1175","morganmonroe2",2021,80,0.33161,12.5473835616438,1436.08,1293.835,12.2183105022831
"1176","morganmonroe2",2021,81,0.33171,12.5473835616438,1436.08,1293.835,12.2183105022831
"1177","morganmonroe2",2021,82,0.33173,12.5473835616438,1436.08,1293.835,12.2183105022831
"1178","morganmonroe2",2021,83,0.33173,12.5473835616438,1436.08,1293.835,12.2183105022831
"1179","morganmonroe2",2021,84,0.33179,12.5473835616438,1436.08,1293.835,12.2183105022831
"1180","morganmonroe2",2021,85,0.332,12.5473835616438,1436.08,1293.835,12.2183105022831
"1181","morganmonroe2",2021,86,0.33243,12.5473835616438,1436.08,1293.835,12.2183105022831
"1182","morganmonroe2",2021,87,0.33276,12.5473835616438,1436.08,1293.835,12.2183105022831
"1183","morganmonroe2",2021,88,0.3329,12.5473835616438,1436.08,1293.835,12.2183105022831
"1184","morganmonroe2",2021,89,0.33327,12.5473835616438,1436.08,1293.835,12.2183105022831
"1185","morganmonroe2",2021,90,0.33428,12.5473835616438,1436.08,1293.835,12.2183105022831
"1186","morganmonroe2",2021,91,0.33593,12.5473835616438,1436.08,1293.835,12.2183105022831
"1187","morganmonroe2",2021,92,0.33787,12.5473835616438,1436.08,1293.835,12.2183105022831
"1188","morganmonroe2",2021,93,0.34001,12.5473835616438,1436.08,1293.835,12.2183105022831
"1189","morganmonroe2",2021,94,0.34272,12.5473835616438,1436.08,1293.835,12.2183105022831
"1190","morganmonroe2",2021,95,0.34617,12.5473835616438,1436.08,1293.835,12.2183105022831
"1191","morganmonroe2",2021,96,0.35004,12.5473835616438,1436.08,1293.835,12.2183105022831
"1192","morganmonroe2",2021,97,0.35397,12.5473835616438,1436.08,1293.835,12.2183105022831
"1193","morganmonroe2",2021,98,0.35762,12.5473835616438,1436.08,1293.835,12.2183105022831
"1194","morganmonroe2",2021,99,0.36066,12.5473835616438,1436.08,1293.835,12.2183105022831
"1195","morganmonroe2",2021,100,0.36348,12.5473835616438,1436.08,1293.835,12.2183105022831
"1196","morganmonroe2",2021,101,0.36655,12.5473835616438,1436.08,1293.835,12.2183105022831
"1197","morganmonroe2",2021,102,0.36955,12.5473835616438,1436.08,1293.835,12.2183105022831
"1198","morganmonroe2",2021,103,0.37217,12.5473835616438,1436.08,1293.835,12.2183105022831
"1199","morganmonroe2",2021,104,0.37412,12.5473835616438,1436.08,1293.835,12.2183105022831
"1200","morganmonroe2",2021,105,0.37509,12.5473835616438,1436.08,1293.835,12.2183105022831
"1201","morganmonroe2",2021,106,0.37467,12.5473835616438,1436.08,1293.835,12.2183105022831
"1202","morganmonroe2",2021,107,0.37301,12.5473835616438,1436.08,1293.835,12.2183105022831
"1203","morganmonroe2",2021,108,0.37063,12.5473835616438,1436.08,1293.835,12.2183105022831
"1204","morganmonroe2",2021,109,0.36807,12.5473835616438,1436.08,1293.835,12.2183105022831
"1205","morganmonroe2",2021,110,0.36585,12.5473835616438,1436.08,1293.835,12.2183105022831
"1206","morganmonroe2",2021,111,0.3645,12.5473835616438,1436.08,1293.835,12.2183105022831
"1207","morganmonroe2",2021,112,0.36359,12.5473835616438,1436.08,1293.835,12.2183105022831
"1208","morganmonroe2",2021,113,0.36249,12.5473835616438,1436.08,1293.835,12.2183105022831
"1209","morganmonroe2",2021,114,0.36142,12.5473835616438,1436.08,1293.835,12.2183105022831
"1210","morganmonroe2",2021,115,0.36062,12.5473835616438,1436.08,1293.835,12.2183105022831
"1211","morganmonroe2",2021,116,0.36032,12.5473835616438,1436.08,1293.835,12.2183105022831
"1212","morganmonroe2",2021,117,0.36075,12.5473835616438,1436.08,1293.835,12.2183105022831
"1213","morganmonroe2",2021,118,0.36225,12.5473835616438,1436.08,1293.835,12.2183105022831
"1214","morganmonroe2",2021,119,0.36474,12.5473835616438,1436.08,1293.835,12.2183105022831
"1215","morganmonroe2",2021,120,0.36783,12.5473835616438,1436.08,1293.835,12.2183105022831
"1216","morganmonroe2",2021,121,0.3711,12.5473835616438,1436.08,1293.835,12.2183105022831
"1217","morganmonroe2",2021,122,0.37417,12.5473835616438,1436.08,1293.835,12.2183105022831
"1218","morganmonroe2",2021,123,0.37663,12.5473835616438,1436.08,1293.835,12.2183105022831
"1219","morganmonroe2",2021,124,0.37861,12.5473835616438,1436.08,1293.835,12.2183105022831
"1220","morganmonroe2",2021,125,0.38049,12.5473835616438,1436.08,1293.835,12.2183105022831
"1221","morganmonroe2",2021,126,0.38227,12.5473835616438,1436.08,1293.835,12.2183105022831
"1222","morganmonroe2",2021,127,0.38395,12.5473835616438,1436.08,1293.835,12.2183105022831
"1223","morganmonroe2",2021,128,0.38553,12.5473835616438,1436.08,1293.835,12.2183105022831
"1224","morganmonroe2",2021,129,0.38699,12.5473835616438,1436.08,1293.835,12.2183105022831
"1225","morganmonroe2",2021,130,0.38831,12.5473835616438,1436.08,1293.835,12.2183105022831
"1226","morganmonroe2",2021,131,0.38948,12.5473835616438,1436.08,1293.835,12.2183105022831
"1227","morganmonroe2",2021,132,0.39054,12.5473835616438,1436.08,1293.835,12.2183105022831
"1228","morganmonroe2",2021,133,0.39155,12.5473835616438,1436.08,1293.835,12.2183105022831
"1229","morganmonroe2",2021,134,0.39255,12.5473835616438,1436.08,1293.835,12.2183105022831
"1230","morganmonroe2",2021,135,0.39358,12.5473835616438,1436.08,1293.835,12.2183105022831
"1231","morganmonroe2",2021,136,0.39474,12.5473835616438,1436.08,1293.835,12.2183105022831
"1232","morganmonroe2",2021,137,0.39599,12.5473835616438,1436.08,1293.835,12.2183105022831
"1233","morganmonroe2",2021,138,0.39719,12.5473835616438,1436.08,1293.835,12.2183105022831
"1234","morganmonroe2",2021,139,0.39818,12.5473835616438,1436.08,1293.835,12.2183105022831
"1235","morganmonroe2",2021,140,0.39905,12.5473835616438,1436.08,1293.835,12.2183105022831
"1236","morganmonroe2",2021,141,0.3999,12.5473835616438,1436.08,1293.835,12.2183105022831
"1237","morganmonroe2",2021,142,0.40061,12.5473835616438,1436.08,1293.835,12.2183105022831
"1238","morganmonroe2",2021,143,0.40108,12.5473835616438,1436.08,1293.835,12.2183105022831
"1239","morganmonroe2",2021,144,0.40134,12.5473835616438,1436.08,1293.835,12.2183105022831
"1240","morganmonroe2",2021,145,0.40146,12.5473835616438,1436.08,1293.835,12.2183105022831
"1241","morganmonroe2",2021,146,0.40151,12.5473835616438,1436.08,1293.835,12.2183105022831
"1242","morganmonroe2",2021,147,0.40158,12.5473835616438,1436.08,1293.835,12.2183105022831
"1243","morganmonroe2",2021,148,0.40173,12.5473835616438,1436.08,1293.835,12.2183105022831
"1244","morganmonroe2",2021,149,0.40194,12.5473835616438,1436.08,1293.835,12.2183105022831
"1245","morganmonroe2",2021,150,0.40215,12.5473835616438,1436.08,1293.835,12.2183105022831
"1246","morganmonroe2",2021,151,0.40236,12.5473835616438,1436.08,1293.835,12.2183105022831
"1247","morganmonroe2",2021,152,0.40255,12.5473835616438,1436.08,1293.835,12.2183105022831
"1248","morganmonroe2",2021,153,0.40274,12.5473835616438,1436.08,1293.835,12.2183105022831
"1249","morganmonroe2",2021,154,0.40293,12.5473835616438,1436.08,1293.835,12.2183105022831
"1250","morganmonroe2",2021,155,0.40318,12.5473835616438,1436.08,1293.835,12.2183105022831
"1251","morganmonroe2",2021,156,0.40351,12.5473835616438,1436.08,1293.835,12.2183105022831
"1252","morganmonroe2",2021,157,0.40385,12.5473835616438,1436.08,1293.835,12.2183105022831
"1253","morganmonroe2",2021,158,0.40413,12.5473835616438,1436.08,1293.835,12.2183105022831
"1254","morganmonroe2",2021,159,0.40428,12.5473835616438,1436.08,1293.835,12.2183105022831
"1255","morganmonroe2",2021,160,0.40421,12.5473835616438,1436.08,1293.835,12.2183105022831
"1256","morganmonroe2",2021,161,0.40395,12.5473835616438,1436.08,1293.835,12.2183105022831
"1257","morganmonroe2",2021,162,0.40359,12.5473835616438,1436.08,1293.835,12.2183105022831
"1258","morganmonroe2",2021,163,0.40314,12.5473835616438,1436.08,1293.835,12.2183105022831
"1259","morganmonroe2",2021,164,0.40263,12.5473835616438,1436.08,1293.835,12.2183105022831
"1260","morganmonroe2",2021,165,0.40192,12.5473835616438,1436.08,1293.835,12.2183105022831
"1261","morganmonroe2",2021,166,0.40104,12.5473835616438,1436.08,1293.835,12.2183105022831
"1262","morganmonroe2",2021,167,0.4002,12.5473835616438,1436.08,1293.835,12.2183105022831
"1263","morganmonroe2",2021,168,0.39928,12.5473835616438,1436.08,1293.835,12.2183105022831
"1264","morganmonroe2",2021,169,0.39808,12.5473835616438,1436.08,1293.835,12.2183105022831
"1265","morganmonroe2",2021,170,0.39677,12.5473835616438,1436.08,1293.835,12.2183105022831
"1266","morganmonroe2",2021,171,0.39551,12.5473835616438,1436.08,1293.835,12.2183105022831
"1267","morganmonroe2",2021,172,0.39446,12.5473835616438,1436.08,1293.835,12.2183105022831
"1268","morganmonroe2",2021,173,0.39376,12.5473835616438,1436.08,1293.835,12.2183105022831
"1269","morganmonroe2",2021,174,0.39346,12.5473835616438,1436.08,1293.835,12.2183105022831
"1270","morganmonroe2",2021,175,0.39342,12.5473835616438,1436.08,1293.835,12.2183105022831
"1271","morganmonroe2",2021,176,0.39354,12.5473835616438,1436.08,1293.835,12.2183105022831
"1272","morganmonroe2",2021,177,0.39373,12.5473835616438,1436.08,1293.835,12.2183105022831
"1273","morganmonroe2",2021,178,0.39391,12.5473835616438,1436.08,1293.835,12.2183105022831
"1274","morganmonroe2",2021,179,0.39398,12.5473835616438,1436.08,1293.835,12.2183105022831
"1275","morganmonroe2",2021,180,0.39405,12.5473835616438,1436.08,1293.835,12.2183105022831
"1276","morganmonroe2",2021,181,0.39424,12.5473835616438,1436.08,1293.835,12.2183105022831
"1277","morganmonroe2",2021,182,0.39447,12.5473835616438,1436.08,1293.835,12.2183105022831
"1278","morganmonroe2",2021,183,0.39466,12.5473835616438,1436.08,1293.835,12.2183105022831
"1279","morganmonroe2",2021,184,0.39475,12.5473835616438,1436.08,1293.835,12.2183105022831
"1280","morganmonroe2",2021,185,0.39467,12.5473835616438,1436.08,1293.835,12.2183105022831
"1281","morganmonroe2",2021,186,0.39437,12.5473835616438,1436.08,1293.835,12.2183105022831
"1282","morganmonroe2",2021,187,0.3939,12.5473835616438,1436.08,1293.835,12.2183105022831
"1283","morganmonroe2",2021,188,0.39337,12.5473835616438,1436.08,1293.835,12.2183105022831
"1284","morganmonroe2",2021,189,0.39287,12.5473835616438,1436.08,1293.835,12.2183105022831
"1285","morganmonroe2",2021,190,0.39221,12.5473835616438,1436.08,1293.835,12.2183105022831
"1286","morganmonroe2",2021,191,0.39136,12.5473835616438,1436.08,1293.835,12.2183105022831
"1287","morganmonroe2",2021,192,0.39067,12.5473835616438,1436.08,1293.835,12.2183105022831
"1288","morganmonroe2",2021,193,0.39018,12.5473835616438,1436.08,1293.835,12.2183105022831
"1289","morganmonroe2",2021,194,0.38972,12.5473835616438,1436.08,1293.835,12.2183105022831
"1290","morganmonroe2",2021,195,0.3893,12.5473835616438,1436.08,1293.835,12.2183105022831
"1291","morganmonroe2",2021,196,0.38896,12.5473835616438,1436.08,1293.835,12.2183105022831
"1292","morganmonroe2",2021,197,0.38869,12.5473835616438,1436.08,1293.835,12.2183105022831
"1293","morganmonroe2",2021,198,0.38854,12.5473835616438,1436.08,1293.835,12.2183105022831
"1294","morganmonroe2",2021,199,0.38851,12.5473835616438,1436.08,1293.835,12.2183105022831
"1295","morganmonroe2",2021,200,0.3886,12.5473835616438,1436.08,1293.835,12.2183105022831
"1296","morganmonroe2",2021,201,0.38876,12.5473835616438,1436.08,1293.835,12.2183105022831
"1297","morganmonroe2",2021,202,0.38893,12.5473835616438,1436.08,1293.835,12.2183105022831
"1298","morganmonroe2",2021,203,0.38908,12.5473835616438,1436.08,1293.835,12.2183105022831
"1299","morganmonroe2",2021,204,0.38915,12.5473835616438,1436.08,1293.835,12.2183105022831
"1300","morganmonroe2",2021,205,0.3892,12.5473835616438,1436.08,1293.835,12.2183105022831
"1301","morganmonroe2",2021,206,0.38931,12.5473835616438,1436.08,1293.835,12.2183105022831
"1302","morganmonroe2",2021,207,0.38945,12.5473835616438,1436.08,1293.835,12.2183105022831
"1303","morganmonroe2",2021,208,0.38958,12.5473835616438,1436.08,1293.835,12.2183105022831
"1304","morganmonroe2",2021,209,0.38969,12.5473835616438,1436.08,1293.835,12.2183105022831
"1305","morganmonroe2",2021,210,0.38973,12.5473835616438,1436.08,1293.835,12.2183105022831
"1306","morganmonroe2",2021,211,0.38968,12.5473835616438,1436.08,1293.835,12.2183105022831
"1307","morganmonroe2",2021,212,0.38954,12.5473835616438,1436.08,1293.835,12.2183105022831
"1308","morganmonroe2",2021,213,0.38937,12.5473835616438,1436.08,1293.835,12.2183105022831
"1309","morganmonroe2",2021,214,0.38924,12.5473835616438,1436.08,1293.835,12.2183105022831
"1310","morganmonroe2",2021,215,0.38915,12.5473835616438,1436.08,1293.835,12.2183105022831
"1311","morganmonroe2",2021,216,0.38905,12.5473835616438,1436.08,1293.835,12.2183105022831
"1312","morganmonroe2",2021,217,0.38893,12.5473835616438,1436.08,1293.835,12.2183105022831
"1313","morganmonroe2",2021,218,0.38876,12.5473835616438,1436.08,1293.835,12.2183105022831
"1314","morganmonroe2",2021,219,0.38855,12.5473835616438,1436.08,1293.835,12.2183105022831
"1315","morganmonroe2",2021,220,0.38832,12.5473835616438,1436.08,1293.835,12.2183105022831
"1316","morganmonroe2",2021,221,0.3881,12.5473835616438,1436.08,1293.835,12.2183105022831
"1317","morganmonroe2",2021,222,0.38792,12.5473835616438,1436.08,1293.835,12.2183105022831
"1318","morganmonroe2",2021,223,0.38781,12.5473835616438,1436.08,1293.835,12.2183105022831
"1319","morganmonroe2",2021,224,0.38776,12.5473835616438,1436.08,1293.835,12.2183105022831
"1320","morganmonroe2",2021,225,0.38774,12.5473835616438,1436.08,1293.835,12.2183105022831
"1321","morganmonroe2",2021,226,0.38775,12.5473835616438,1436.08,1293.835,12.2183105022831
"1322","morganmonroe2",2021,227,0.38778,12.5473835616438,1436.08,1293.835,12.2183105022831
"1323","morganmonroe2",2021,228,0.38783,12.5473835616438,1436.08,1293.835,12.2183105022831
"1324","morganmonroe2",2021,229,0.38789,12.5473835616438,1436.08,1293.835,12.2183105022831
"1325","morganmonroe2",2021,230,0.38802,12.5473835616438,1436.08,1293.835,12.2183105022831
"1326","morganmonroe2",2021,231,0.38824,12.5473835616438,1436.08,1293.835,12.2183105022831
"1327","morganmonroe2",2021,232,0.3885,12.5473835616438,1436.08,1293.835,12.2183105022831
"1328","morganmonroe2",2021,233,0.38876,12.5473835616438,1436.08,1293.835,12.2183105022831
"1329","morganmonroe2",2021,234,0.38895,12.5473835616438,1436.08,1293.835,12.2183105022831
"1330","morganmonroe2",2021,235,0.38903,12.5473835616438,1436.08,1293.835,12.2183105022831
"1331","morganmonroe2",2021,236,0.38899,12.5473835616438,1436.08,1293.835,12.2183105022831
"1332","morganmonroe2",2021,237,0.38888,12.5473835616438,1436.08,1293.835,12.2183105022831
"1333","morganmonroe2",2021,238,0.38873,12.5473835616438,1436.08,1293.835,12.2183105022831
"1334","morganmonroe2",2021,239,0.38857,12.5473835616438,1436.08,1293.835,12.2183105022831
"1335","morganmonroe2",2021,240,0.38833,12.5473835616438,1436.08,1293.835,12.2183105022831
"1336","morganmonroe2",2021,241,0.388,12.5473835616438,1436.08,1293.835,12.2183105022831
"1337","morganmonroe2",2021,242,0.38772,12.5473835616438,1436.08,1293.835,12.2183105022831
"1338","morganmonroe2",2021,243,0.38749,12.5473835616438,1436.08,1293.835,12.2183105022831
"1339","morganmonroe2",2021,244,0.38725,12.5473835616438,1436.08,1293.835,12.2183105022831
"1340","morganmonroe2",2021,245,0.387,12.5473835616438,1436.08,1293.835,12.2183105022831
"1341","morganmonroe2",2021,246,0.38674,12.5473835616438,1436.08,1293.835,12.2183105022831
"1342","morganmonroe2",2021,247,0.38648,12.5473835616438,1436.08,1293.835,12.2183105022831
"1343","morganmonroe2",2021,248,0.38622,12.5473835616438,1436.08,1293.835,12.2183105022831
"1344","morganmonroe2",2021,249,0.38594,12.5473835616438,1436.08,1293.835,12.2183105022831
"1345","morganmonroe2",2021,250,0.38565,12.5473835616438,1436.08,1293.835,12.2183105022831
"1346","morganmonroe2",2021,251,0.38536,12.5473835616438,1436.08,1293.835,12.2183105022831
"1347","morganmonroe2",2021,252,0.38508,12.5473835616438,1436.08,1293.835,12.2183105022831
"1348","morganmonroe2",2021,253,0.38481,12.5473835616438,1436.08,1293.835,12.2183105022831
"1349","morganmonroe2",2021,254,0.38456,12.5473835616438,1436.08,1293.835,12.2183105022831
"1350","morganmonroe2",2021,255,0.38435,12.5473835616438,1436.08,1293.835,12.2183105022831
"1351","morganmonroe2",2021,256,0.38416,12.5473835616438,1436.08,1293.835,12.2183105022831
"1352","morganmonroe2",2021,257,0.38397,12.5473835616438,1436.08,1293.835,12.2183105022831
"1353","morganmonroe2",2021,258,0.38379,12.5473835616438,1436.08,1293.835,12.2183105022831
"1354","morganmonroe2",2021,259,0.38358,12.5473835616438,1436.08,1293.835,12.2183105022831
"1355","morganmonroe2",2021,260,0.38335,12.5473835616438,1436.08,1293.835,12.2183105022831
"1356","morganmonroe2",2021,261,0.38312,12.5473835616438,1436.08,1293.835,12.2183105022831
"1357","morganmonroe2",2021,262,0.3829,12.5473835616438,1436.08,1293.835,12.2183105022831
"1358","morganmonroe2",2021,263,0.38268,12.5473835616438,1436.08,1293.835,12.2183105022831
"1359","morganmonroe2",2021,264,0.38241,12.5473835616438,1436.08,1293.835,12.2183105022831
"1360","morganmonroe2",2021,265,0.38208,12.5473835616438,1436.08,1293.835,12.2183105022831
"1361","morganmonroe2",2021,266,0.38171,12.5473835616438,1436.08,1293.835,12.2183105022831
"1362","morganmonroe2",2021,267,0.38135,12.5473835616438,1436.08,1293.835,12.2183105022831
"1363","morganmonroe2",2021,268,0.38098,12.5473835616438,1436.08,1293.835,12.2183105022831
"1364","morganmonroe2",2021,269,0.38056,12.5473835616438,1436.08,1293.835,12.2183105022831
"1365","morganmonroe2",2021,270,0.38012,12.5473835616438,1436.08,1293.835,12.2183105022831
"1366","morganmonroe2",2021,271,0.37971,12.5473835616438,1436.08,1293.835,12.2183105022831
"1367","morganmonroe2",2021,272,0.37936,12.5473835616438,1436.08,1293.835,12.2183105022831
"1368","morganmonroe2",2021,273,0.37911,12.5473835616438,1436.08,1293.835,12.2183105022831
"1369","morganmonroe2",2021,274,0.37899,12.5473835616438,1436.08,1293.835,12.2183105022831
"1370","morganmonroe2",2021,275,0.37896,12.5473835616438,1436.08,1293.835,12.2183105022831
"1371","morganmonroe2",2021,276,0.37898,12.5473835616438,1436.08,1293.835,12.2183105022831
"1372","morganmonroe2",2021,277,0.379,12.5473835616438,1436.08,1293.835,12.2183105022831
"1373","morganmonroe2",2021,278,0.37895,12.5473835616438,1436.08,1293.835,12.2183105022831
"1374","morganmonroe2",2021,279,0.37881,12.5473835616438,1436.08,1293.835,12.2183105022831
"1375","morganmonroe2",2021,280,0.37863,12.5473835616438,1436.08,1293.835,12.2183105022831
"1376","morganmonroe2",2021,281,0.37849,12.5473835616438,1436.08,1293.835,12.2183105022831
"1377","morganmonroe2",2021,282,0.37835,12.5473835616438,1436.08,1293.835,12.2183105022831
"1378","morganmonroe2",2021,283,0.37815,12.5473835616438,1436.08,1293.835,12.2183105022831
"1379","morganmonroe2",2021,284,0.37785,12.5473835616438,1436.08,1293.835,12.2183105022831
"1380","morganmonroe2",2021,285,0.3774,12.5473835616438,1436.08,1293.835,12.2183105022831
"1381","morganmonroe2",2021,286,0.37676,12.5473835616438,1436.08,1293.835,12.2183105022831
"1382","morganmonroe2",2021,287,0.37597,12.5473835616438,1436.08,1293.835,12.2183105022831
"1383","morganmonroe2",2021,288,0.37509,12.5473835616438,1436.08,1293.835,12.2183105022831
"1384","morganmonroe2",2021,289,0.37418,12.5473835616438,1436.08,1293.835,12.2183105022831
"1385","morganmonroe2",2021,290,0.37323,12.5473835616438,1436.08,1293.835,12.2183105022831
"1386","morganmonroe2",2021,291,0.37219,12.5473835616438,1436.08,1293.835,12.2183105022831
"1387","morganmonroe2",2021,292,0.37113,12.5473835616438,1436.08,1293.835,12.2183105022831
"1388","morganmonroe2",2021,293,0.37009,12.5473835616438,1436.08,1293.835,12.2183105022831
"1389","morganmonroe2",2021,294,0.36906,12.5473835616438,1436.08,1293.835,12.2183105022831
"1390","morganmonroe2",2021,295,0.36798,12.5473835616438,1436.08,1293.835,12.2183105022831
"1391","morganmonroe2",2021,296,0.36681,12.5473835616438,1436.08,1293.835,12.2183105022831
"1392","morganmonroe2",2021,297,0.3655,12.5473835616438,1436.08,1293.835,12.2183105022831
"1393","morganmonroe2",2021,298,0.36401,12.5473835616438,1436.08,1293.835,12.2183105022831
"1394","morganmonroe2",2021,299,0.36231,12.5473835616438,1436.08,1293.835,12.2183105022831
"1395","morganmonroe2",2021,300,0.36047,12.5473835616438,1436.08,1293.835,12.2183105022831
"1396","morganmonroe2",2021,301,0.35851,12.5473835616438,1436.08,1293.835,12.2183105022831
"1397","morganmonroe2",2021,302,0.35646,12.5473835616438,1436.08,1293.835,12.2183105022831
"1398","morganmonroe2",2021,303,0.35436,12.5473835616438,1436.08,1293.835,12.2183105022831
"1399","morganmonroe2",2021,304,0.35222,12.5473835616438,1436.08,1293.835,12.2183105022831
"1400","morganmonroe2",2021,305,0.34987,12.5473835616438,1436.08,1293.835,12.2183105022831
"1401","morganmonroe2",2021,306,0.34721,12.5473835616438,1436.08,1293.835,12.2183105022831
"1402","morganmonroe2",2021,307,0.34439,12.5473835616438,1436.08,1293.835,12.2183105022831
"1403","morganmonroe2",2021,308,0.3416,12.5473835616438,1436.08,1293.835,12.2183105022831
"1404","morganmonroe2",2021,309,0.33899,12.5473835616438,1436.08,1293.835,12.2183105022831
"1405","morganmonroe2",2021,310,0.33673,12.5473835616438,1436.08,1293.835,12.2183105022831
"1406","morganmonroe2",2021,311,0.33458,12.5473835616438,1436.08,1293.835,12.2183105022831
"1407","morganmonroe2",2021,312,0.33235,12.5473835616438,1436.08,1293.835,12.2183105022831
"1408","morganmonroe2",2021,313,0.33029,12.5473835616438,1436.08,1293.835,12.2183105022831
"1409","morganmonroe2",2021,314,0.32868,12.5473835616438,1436.08,1293.835,12.2183105022831
"1410","morganmonroe2",2021,315,0.32749,12.5473835616438,1436.08,1293.835,12.2183105022831
"1411","morganmonroe2",2021,316,0.32652,12.5473835616438,1436.08,1293.835,12.2183105022831
"1412","morganmonroe2",2021,317,0.32578,12.5473835616438,1436.08,1293.835,12.2183105022831
"1413","morganmonroe2",2021,318,0.32537,12.5473835616438,1436.08,1293.835,12.2183105022831
"1414","morganmonroe2",2021,319,0.32536,12.5473835616438,1436.08,1293.835,12.2183105022831
"1415","morganmonroe2",2021,320,0.32562,12.5473835616438,1436.08,1293.835,12.2183105022831
"1416","morganmonroe2",2021,321,0.32604,12.5473835616438,1436.08,1293.835,12.2183105022831
"1417","morganmonroe2",2021,322,0.32651,12.5473835616438,1436.08,1293.835,12.2183105022831
"1418","morganmonroe2",2021,323,0.3269,12.5473835616438,1436.08,1293.835,12.2183105022831
"1419","morganmonroe2",2021,324,0.32737,12.5473835616438,1436.08,1293.835,12.2183105022831
"1420","morganmonroe2",2021,325,0.32807,12.5473835616438,1436.08,1293.835,12.2183105022831
"1421","morganmonroe2",2021,326,0.32889,12.5473835616438,1436.08,1293.835,12.2183105022831
"1422","morganmonroe2",2021,327,0.32973,12.5473835616438,1436.08,1293.835,12.2183105022831
"1423","morganmonroe2",2021,328,0.33049,12.5473835616438,1436.08,1293.835,12.2183105022831
"1424","morganmonroe2",2021,329,0.33104,12.5473835616438,1436.08,1293.835,12.2183105022831
"1425","morganmonroe2",2021,330,0.33144,12.5473835616438,1436.08,1293.835,12.2183105022831
"1426","morganmonroe2",2021,331,0.33178,12.5473835616438,1436.08,1293.835,12.2183105022831
"1427","morganmonroe2",2021,332,0.33206,12.5473835616438,1436.08,1293.835,12.2183105022831
"1428","morganmonroe2",2021,333,0.3323,12.5473835616438,1436.08,1293.835,12.2183105022831
"1429","morganmonroe2",2021,334,0.33249,12.5473835616438,1436.08,1293.835,12.2183105022831
"1430","morganmonroe2",2021,335,0.33263,12.5473835616438,1436.08,1293.835,12.2183105022831
"1431","morganmonroe2",2021,336,0.3327,12.5473835616438,1436.08,1293.835,12.2183105022831
"1432","morganmonroe2",2021,337,0.33268,12.5473835616438,1436.08,1293.835,12.2183105022831
"1433","morganmonroe2",2021,338,0.33264,12.5473835616438,1436.08,1293.835,12.2183105022831
"1434","morganmonroe2",2021,339,0.33265,12.5473835616438,1436.08,1293.835,12.2183105022831
"1435","morganmonroe2",2021,340,0.33266,12.5473835616438,1436.08,1293.835,12.2183105022831
"1436","morganmonroe2",2021,341,0.33263,12.5473835616438,1436.08,1293.835,12.2183105022831
"1437","morganmonroe2",2021,342,0.33261,12.5473835616438,1436.08,1293.835,12.2183105022831
"1438","morganmonroe2",2021,343,0.33262,12.5473835616438,1436.08,1293.835,12.2183105022831
"1439","morganmonroe2",2021,344,0.33264,12.5473835616438,1436.08,1293.835,12.2183105022831
"1440","morganmonroe2",2021,345,0.33266,12.5473835616438,1436.08,1293.835,12.2183105022831
"1441","morganmonroe2",2021,346,0.33267,12.5473835616438,1436.08,1293.835,12.2183105022831
"1442","morganmonroe2",2021,347,0.33268,12.5473835616438,1436.08,1293.835,12.2183105022831
"1443","morganmonroe2",2021,348,0.33267,12.5473835616438,1436.08,1293.835,12.2183105022831
"1444","morganmonroe2",2021,349,0.33262,12.5473835616438,1436.08,1293.835,12.2183105022831
"1445","morganmonroe2",2021,350,0.33252,12.5473835616438,1436.08,1293.835,12.2183105022831
"1446","morganmonroe2",2021,351,0.33241,12.5473835616438,1436.08,1293.835,12.2183105022831
"1447","morganmonroe2",2021,352,0.3323,12.5473835616438,1436.08,1293.835,12.2183105022831
"1448","morganmonroe2",2021,353,0.33222,12.5473835616438,1436.08,1293.835,12.2183105022831
"1449","morganmonroe2",2021,354,0.3322,12.5473835616438,1436.08,1293.835,12.2183105022831
"1450","morganmonroe2",2021,355,0.33228,12.5473835616438,1436.08,1293.835,12.2183105022831
"1451","morganmonroe2",2021,356,0.33244,12.5473835616438,1436.08,1293.835,12.2183105022831
"1452","morganmonroe2",2021,357,0.33265,12.5473835616438,1436.08,1293.835,12.2183105022831
"1453","morganmonroe2",2021,358,0.33285,12.5473835616438,1436.08,1293.835,12.2183105022831
"1454","morganmonroe2",2021,359,0.33302,12.5473835616438,1436.08,1293.835,12.2183105022831
"1455","morganmonroe2",2021,360,0.33309,12.5473835616438,1436.08,1293.835,12.2183105022831
"1456","morganmonroe2",2021,361,0.33308,12.5473835616438,1436.08,1293.835,12.2183105022831
"1457","morganmonroe2",2021,362,0.33304,12.5473835616438,1436.08,1293.835,12.2183105022831
"1458","morganmonroe2",2021,363,0.33297,12.5473835616438,1436.08,1293.835,12.2183105022831
"1459","morganmonroe2",2021,364,0.3329,12.5473835616438,1436.08,1293.835,12.2183105022831
"1460","morganmonroe2",2021,365,0.33276,12.5473835616438,1436.08,1293.835,12.2183105022831
"1461","morganmonroe2",2022,1,0.33254,11.8008219178082,1116.14,1293.835,12.2183105022831
"1462","morganmonroe2",2022,2,0.33238,11.8008219178082,1116.14,1293.835,12.2183105022831
"1463","morganmonroe2",2022,3,0.33226,11.8008219178082,1116.14,1293.835,12.2183105022831
"1464","morganmonroe2",2022,4,0.3321,11.8008219178082,1116.14,1293.835,12.2183105022831
"1465","morganmonroe2",2022,5,0.33192,11.8008219178082,1116.14,1293.835,12.2183105022831
"1466","morganmonroe2",2022,6,0.33174,11.8008219178082,1116.14,1293.835,12.2183105022831
"1467","morganmonroe2",2022,7,0.33158,11.8008219178082,1116.14,1293.835,12.2183105022831
"1468","morganmonroe2",2022,8,0.33145,11.8008219178082,1116.14,1293.835,12.2183105022831
"1469","morganmonroe2",2022,9,0.33137,11.8008219178082,1116.14,1293.835,12.2183105022831
"1470","morganmonroe2",2022,10,0.33133,11.8008219178082,1116.14,1293.835,12.2183105022831
"1471","morganmonroe2",2022,11,0.33133,11.8008219178082,1116.14,1293.835,12.2183105022831
"1472","morganmonroe2",2022,12,0.33132,11.8008219178082,1116.14,1293.835,12.2183105022831
"1473","morganmonroe2",2022,13,0.33131,11.8008219178082,1116.14,1293.835,12.2183105022831
"1474","morganmonroe2",2022,14,0.33126,11.8008219178082,1116.14,1293.835,12.2183105022831
"1475","morganmonroe2",2022,15,0.33116,11.8008219178082,1116.14,1293.835,12.2183105022831
"1476","morganmonroe2",2022,16,0.33102,11.8008219178082,1116.14,1293.835,12.2183105022831
"1477","morganmonroe2",2022,17,0.33086,11.8008219178082,1116.14,1293.835,12.2183105022831
"1478","morganmonroe2",2022,18,0.3307,11.8008219178082,1116.14,1293.835,12.2183105022831
"1479","morganmonroe2",2022,19,0.33056,11.8008219178082,1116.14,1293.835,12.2183105022831
"1480","morganmonroe2",2022,20,0.33048,11.8008219178082,1116.14,1293.835,12.2183105022831
"1481","morganmonroe2",2022,21,0.33045,11.8008219178082,1116.14,1293.835,12.2183105022831
"1482","morganmonroe2",2022,22,0.33044,11.8008219178082,1116.14,1293.835,12.2183105022831
"1483","morganmonroe2",2022,23,0.33046,11.8008219178082,1116.14,1293.835,12.2183105022831
"1484","morganmonroe2",2022,24,0.3305,11.8008219178082,1116.14,1293.835,12.2183105022831
"1485","morganmonroe2",2022,25,0.33061,11.8008219178082,1116.14,1293.835,12.2183105022831
"1486","morganmonroe2",2022,26,0.33077,11.8008219178082,1116.14,1293.835,12.2183105022831
"1487","morganmonroe2",2022,27,0.3309,11.8008219178082,1116.14,1293.835,12.2183105022831
"1488","morganmonroe2",2022,28,0.331,11.8008219178082,1116.14,1293.835,12.2183105022831
"1489","morganmonroe2",2022,29,0.33114,11.8008219178082,1116.14,1293.835,12.2183105022831
"1490","morganmonroe2",2022,30,0.33128,11.8008219178082,1116.14,1293.835,12.2183105022831
"1491","morganmonroe2",2022,31,0.3314,11.8008219178082,1116.14,1293.835,12.2183105022831
"1492","morganmonroe2",2022,32,0.33149,11.8008219178082,1116.14,1293.835,12.2183105022831
"1493","morganmonroe2",2022,33,0.33153,11.8008219178082,1116.14,1293.835,12.2183105022831
"1494","morganmonroe2",2022,34,0.33148,11.8008219178082,1116.14,1293.835,12.2183105022831
"1495","morganmonroe2",2022,35,0.33137,11.8008219178082,1116.14,1293.835,12.2183105022831
"1496","morganmonroe2",2022,36,0.33122,11.8008219178082,1116.14,1293.835,12.2183105022831
"1497","morganmonroe2",2022,37,0.33108,11.8008219178082,1116.14,1293.835,12.2183105022831
"1498","morganmonroe2",2022,38,0.33096,11.8008219178082,1116.14,1293.835,12.2183105022831
"1499","morganmonroe2",2022,39,0.33091,11.8008219178082,1116.14,1293.835,12.2183105022831
"1500","morganmonroe2",2022,40,0.3309,11.8008219178082,1116.14,1293.835,12.2183105022831
"1501","morganmonroe2",2022,41,0.3309,11.8008219178082,1116.14,1293.835,12.2183105022831
"1502","morganmonroe2",2022,42,0.33093,11.8008219178082,1116.14,1293.835,12.2183105022831
"1503","morganmonroe2",2022,43,0.33097,11.8008219178082,1116.14,1293.835,12.2183105022831
"1504","morganmonroe2",2022,44,0.33103,11.8008219178082,1116.14,1293.835,12.2183105022831
"1505","morganmonroe2",2022,45,0.33113,11.8008219178082,1116.14,1293.835,12.2183105022831
"1506","morganmonroe2",2022,46,0.33134,11.8008219178082,1116.14,1293.835,12.2183105022831
"1507","morganmonroe2",2022,47,0.33165,11.8008219178082,1116.14,1293.835,12.2183105022831
"1508","morganmonroe2",2022,48,0.33197,11.8008219178082,1116.14,1293.835,12.2183105022831
"1509","morganmonroe2",2022,49,0.33218,11.8008219178082,1116.14,1293.835,12.2183105022831
"1510","morganmonroe2",2022,50,0.33232,11.8008219178082,1116.14,1293.835,12.2183105022831
"1511","morganmonroe2",2022,51,0.33246,11.8008219178082,1116.14,1293.835,12.2183105022831
"1512","morganmonroe2",2022,52,0.33256,11.8008219178082,1116.14,1293.835,12.2183105022831
"1513","morganmonroe2",2022,53,0.33257,11.8008219178082,1116.14,1293.835,12.2183105022831
"1514","morganmonroe2",2022,54,0.33252,11.8008219178082,1116.14,1293.835,12.2183105022831
"1515","morganmonroe2",2022,55,0.33242,11.8008219178082,1116.14,1293.835,12.2183105022831
"1516","morganmonroe2",2022,56,0.33229,11.8008219178082,1116.14,1293.835,12.2183105022831
"1517","morganmonroe2",2022,57,0.33217,11.8008219178082,1116.14,1293.835,12.2183105022831
"1518","morganmonroe2",2022,58,0.33205,11.8008219178082,1116.14,1293.835,12.2183105022831
"1519","morganmonroe2",2022,59,0.33193,11.8008219178082,1116.14,1293.835,12.2183105022831
"1520","morganmonroe2",2022,60,0.33177,11.8008219178082,1116.14,1293.835,12.2183105022831
"1521","morganmonroe2",2022,61,0.3316,11.8008219178082,1116.14,1293.835,12.2183105022831
"1522","morganmonroe2",2022,62,0.33144,11.8008219178082,1116.14,1293.835,12.2183105022831
"1523","morganmonroe2",2022,63,0.33129,11.8008219178082,1116.14,1293.835,12.2183105022831
"1524","morganmonroe2",2022,64,0.33119,11.8008219178082,1116.14,1293.835,12.2183105022831
"1525","morganmonroe2",2022,65,0.33111,11.8008219178082,1116.14,1293.835,12.2183105022831
"1526","morganmonroe2",2022,66,0.33102,11.8008219178082,1116.14,1293.835,12.2183105022831
"1527","morganmonroe2",2022,67,0.33094,11.8008219178082,1116.14,1293.835,12.2183105022831
"1528","morganmonroe2",2022,68,0.33088,11.8008219178082,1116.14,1293.835,12.2183105022831
"1529","morganmonroe2",2022,69,0.33085,11.8008219178082,1116.14,1293.835,12.2183105022831
"1530","morganmonroe2",2022,70,0.33087,11.8008219178082,1116.14,1293.835,12.2183105022831
"1531","morganmonroe2",2022,71,0.33097,11.8008219178082,1116.14,1293.835,12.2183105022831
"1532","morganmonroe2",2022,72,0.33117,11.8008219178082,1116.14,1293.835,12.2183105022831
"1533","morganmonroe2",2022,73,0.33137,11.8008219178082,1116.14,1293.835,12.2183105022831
"1534","morganmonroe2",2022,74,0.33152,11.8008219178082,1116.14,1293.835,12.2183105022831
"1535","morganmonroe2",2022,75,0.33172,11.8008219178082,1116.14,1293.835,12.2183105022831
"1536","morganmonroe2",2022,76,0.33198,11.8008219178082,1116.14,1293.835,12.2183105022831
"1537","morganmonroe2",2022,77,0.33215,11.8008219178082,1116.14,1293.835,12.2183105022831
"1538","morganmonroe2",2022,78,0.3322,11.8008219178082,1116.14,1293.835,12.2183105022831
"1539","morganmonroe2",2022,79,0.33218,11.8008219178082,1116.14,1293.835,12.2183105022831
"1540","morganmonroe2",2022,80,0.33213,11.8008219178082,1116.14,1293.835,12.2183105022831
"1541","morganmonroe2",2022,81,0.33206,11.8008219178082,1116.14,1293.835,12.2183105022831
"1542","morganmonroe2",2022,82,0.332,11.8008219178082,1116.14,1293.835,12.2183105022831
"1543","morganmonroe2",2022,83,0.33197,11.8008219178082,1116.14,1293.835,12.2183105022831
"1544","morganmonroe2",2022,84,0.33195,11.8008219178082,1116.14,1293.835,12.2183105022831
"1545","morganmonroe2",2022,85,0.3319,11.8008219178082,1116.14,1293.835,12.2183105022831
"1546","morganmonroe2",2022,86,0.33184,11.8008219178082,1116.14,1293.835,12.2183105022831
"1547","morganmonroe2",2022,87,0.33179,11.8008219178082,1116.14,1293.835,12.2183105022831
"1548","morganmonroe2",2022,88,0.33178,11.8008219178082,1116.14,1293.835,12.2183105022831
"1549","morganmonroe2",2022,89,0.33182,11.8008219178082,1116.14,1293.835,12.2183105022831
"1550","morganmonroe2",2022,90,0.3319,11.8008219178082,1116.14,1293.835,12.2183105022831
"1551","morganmonroe2",2022,91,0.332,11.8008219178082,1116.14,1293.835,12.2183105022831
"1552","morganmonroe2",2022,92,0.33212,11.8008219178082,1116.14,1293.835,12.2183105022831
"1553","morganmonroe2",2022,93,0.33229,11.8008219178082,1116.14,1293.835,12.2183105022831
"1554","morganmonroe2",2022,94,0.33251,11.8008219178082,1116.14,1293.835,12.2183105022831
"1555","morganmonroe2",2022,95,0.33281,11.8008219178082,1116.14,1293.835,12.2183105022831
"1556","morganmonroe2",2022,96,0.33317,11.8008219178082,1116.14,1293.835,12.2183105022831
"1557","morganmonroe2",2022,97,0.33357,11.8008219178082,1116.14,1293.835,12.2183105022831
"1558","morganmonroe2",2022,98,0.33401,11.8008219178082,1116.14,1293.835,12.2183105022831
"1559","morganmonroe2",2022,99,0.33446,11.8008219178082,1116.14,1293.835,12.2183105022831
"1560","morganmonroe2",2022,100,0.33469,11.8008219178082,1116.14,1293.835,12.2183105022831
"1561","morganmonroe2",2022,101,0.33479,11.8008219178082,1116.14,1293.835,12.2183105022831
"1562","morganmonroe2",2022,102,0.3352,11.8008219178082,1116.14,1293.835,12.2183105022831
"1563","morganmonroe2",2022,103,0.33582,11.8008219178082,1116.14,1293.835,12.2183105022831
"1564","morganmonroe2",2022,104,0.33637,11.8008219178082,1116.14,1293.835,12.2183105022831
"1565","morganmonroe2",2022,105,0.33699,11.8008219178082,1116.14,1293.835,12.2183105022831
"1566","morganmonroe2",2022,106,0.33788,11.8008219178082,1116.14,1293.835,12.2183105022831
"1567","morganmonroe2",2022,107,0.33918,11.8008219178082,1116.14,1293.835,12.2183105022831
"1568","morganmonroe2",2022,108,0.34107,11.8008219178082,1116.14,1293.835,12.2183105022831
"1569","morganmonroe2",2022,109,0.34361,11.8008219178082,1116.14,1293.835,12.2183105022831
"1570","morganmonroe2",2022,110,0.34665,11.8008219178082,1116.14,1293.835,12.2183105022831
"1571","morganmonroe2",2022,111,0.35006,11.8008219178082,1116.14,1293.835,12.2183105022831
"1572","morganmonroe2",2022,112,0.35372,11.8008219178082,1116.14,1293.835,12.2183105022831
"1573","morganmonroe2",2022,113,0.35751,11.8008219178082,1116.14,1293.835,12.2183105022831
"1574","morganmonroe2",2022,114,0.3613,11.8008219178082,1116.14,1293.835,12.2183105022831
"1575","morganmonroe2",2022,115,0.36542,11.8008219178082,1116.14,1293.835,12.2183105022831
"1576","morganmonroe2",2022,116,0.37008,11.8008219178082,1116.14,1293.835,12.2183105022831
"1577","morganmonroe2",2022,117,0.375,11.8008219178082,1116.14,1293.835,12.2183105022831
"1578","morganmonroe2",2022,118,0.37991,11.8008219178082,1116.14,1293.835,12.2183105022831
"1579","morganmonroe2",2022,119,0.38454,11.8008219178082,1116.14,1293.835,12.2183105022831
"1580","morganmonroe2",2022,120,0.38862,11.8008219178082,1116.14,1293.835,12.2183105022831
"1581","morganmonroe2",2022,121,0.39231,11.8008219178082,1116.14,1293.835,12.2183105022831
"1582","morganmonroe2",2022,122,0.39592,11.8008219178082,1116.14,1293.835,12.2183105022831
"1583","morganmonroe2",2022,123,0.39932,11.8008219178082,1116.14,1293.835,12.2183105022831
"1584","morganmonroe2",2022,124,0.40242,11.8008219178082,1116.14,1293.835,12.2183105022831
"1585","morganmonroe2",2022,125,0.40558,11.8008219178082,1116.14,1293.835,12.2183105022831
"1586","morganmonroe2",2022,126,0.40881,11.8008219178082,1116.14,1293.835,12.2183105022831
"1587","morganmonroe2",2022,127,0.41143,11.8008219178082,1116.14,1293.835,12.2183105022831
"1588","morganmonroe2",2022,128,0.41336,11.8008219178082,1116.14,1293.835,12.2183105022831
"1589","morganmonroe2",2022,129,0.41495,11.8008219178082,1116.14,1293.835,12.2183105022831
"1590","morganmonroe2",2022,130,0.4162,11.8008219178082,1116.14,1293.835,12.2183105022831
"1591","morganmonroe2",2022,131,0.41712,11.8008219178082,1116.14,1293.835,12.2183105022831
"1592","morganmonroe2",2022,132,0.41769,11.8008219178082,1116.14,1293.835,12.2183105022831
"1593","morganmonroe2",2022,133,0.41793,11.8008219178082,1116.14,1293.835,12.2183105022831
"1594","morganmonroe2",2022,134,0.4176,11.8008219178082,1116.14,1293.835,12.2183105022831
"1595","morganmonroe2",2022,135,0.41661,11.8008219178082,1116.14,1293.835,12.2183105022831
"1596","morganmonroe2",2022,136,0.41521,11.8008219178082,1116.14,1293.835,12.2183105022831
"1597","morganmonroe2",2022,137,0.41364,11.8008219178082,1116.14,1293.835,12.2183105022831
"1598","morganmonroe2",2022,138,0.41213,11.8008219178082,1116.14,1293.835,12.2183105022831
"1599","morganmonroe2",2022,139,0.41091,11.8008219178082,1116.14,1293.835,12.2183105022831
"1600","morganmonroe2",2022,140,0.40983,11.8008219178082,1116.14,1293.835,12.2183105022831
"1601","morganmonroe2",2022,141,0.40861,11.8008219178082,1116.14,1293.835,12.2183105022831
"1602","morganmonroe2",2022,142,0.40734,11.8008219178082,1116.14,1293.835,12.2183105022831
"1603","morganmonroe2",2022,143,0.40612,11.8008219178082,1116.14,1293.835,12.2183105022831
"1604","morganmonroe2",2022,144,0.40502,11.8008219178082,1116.14,1293.835,12.2183105022831
"1605","morganmonroe2",2022,145,0.40415,11.8008219178082,1116.14,1293.835,12.2183105022831
"1606","morganmonroe2",2022,146,0.40351,11.8008219178082,1116.14,1293.835,12.2183105022831
"1607","morganmonroe2",2022,147,0.40301,11.8008219178082,1116.14,1293.835,12.2183105022831
"1608","morganmonroe2",2022,148,0.40261,11.8008219178082,1116.14,1293.835,12.2183105022831
"1609","morganmonroe2",2022,149,0.40225,11.8008219178082,1116.14,1293.835,12.2183105022831
"1610","morganmonroe2",2022,150,0.40188,11.8008219178082,1116.14,1293.835,12.2183105022831
"1611","morganmonroe2",2022,151,0.40146,11.8008219178082,1116.14,1293.835,12.2183105022831
"1612","morganmonroe2",2022,152,0.40101,11.8008219178082,1116.14,1293.835,12.2183105022831
"1613","morganmonroe2",2022,153,0.40058,11.8008219178082,1116.14,1293.835,12.2183105022831
"1614","morganmonroe2",2022,154,0.40018,11.8008219178082,1116.14,1293.835,12.2183105022831
"1615","morganmonroe2",2022,155,0.39982,11.8008219178082,1116.14,1293.835,12.2183105022831
"1616","morganmonroe2",2022,156,0.39949,11.8008219178082,1116.14,1293.835,12.2183105022831
"1617","morganmonroe2",2022,157,0.3992,11.8008219178082,1116.14,1293.835,12.2183105022831
"1618","morganmonroe2",2022,158,0.39898,11.8008219178082,1116.14,1293.835,12.2183105022831
"1619","morganmonroe2",2022,159,0.3988,11.8008219178082,1116.14,1293.835,12.2183105022831
"1620","morganmonroe2",2022,160,0.39867,11.8008219178082,1116.14,1293.835,12.2183105022831
"1621","morganmonroe2",2022,161,0.39855,11.8008219178082,1116.14,1293.835,12.2183105022831
"1622","morganmonroe2",2022,162,0.39842,11.8008219178082,1116.14,1293.835,12.2183105022831
"1623","morganmonroe2",2022,163,0.39826,11.8008219178082,1116.14,1293.835,12.2183105022831
"1624","morganmonroe2",2022,164,0.3981,11.8008219178082,1116.14,1293.835,12.2183105022831
"1625","morganmonroe2",2022,165,0.39795,11.8008219178082,1116.14,1293.835,12.2183105022831
"1626","morganmonroe2",2022,166,0.3978,11.8008219178082,1116.14,1293.835,12.2183105022831
"1627","morganmonroe2",2022,167,0.39764,11.8008219178082,1116.14,1293.835,12.2183105022831
"1628","morganmonroe2",2022,168,0.39746,11.8008219178082,1116.14,1293.835,12.2183105022831
"1629","morganmonroe2",2022,169,0.39725,11.8008219178082,1116.14,1293.835,12.2183105022831
"1630","morganmonroe2",2022,170,0.39693,11.8008219178082,1116.14,1293.835,12.2183105022831
"1631","morganmonroe2",2022,171,0.39652,11.8008219178082,1116.14,1293.835,12.2183105022831
"1632","morganmonroe2",2022,172,0.39611,11.8008219178082,1116.14,1293.835,12.2183105022831
"1633","morganmonroe2",2022,173,0.39581,11.8008219178082,1116.14,1293.835,12.2183105022831
"1634","morganmonroe2",2022,174,0.39564,11.8008219178082,1116.14,1293.835,12.2183105022831
"1635","morganmonroe2",2022,175,0.39552,11.8008219178082,1116.14,1293.835,12.2183105022831
"1636","morganmonroe2",2022,176,0.39537,11.8008219178082,1116.14,1293.835,12.2183105022831
"1637","morganmonroe2",2022,177,0.39519,11.8008219178082,1116.14,1293.835,12.2183105022831
"1638","morganmonroe2",2022,178,0.39503,11.8008219178082,1116.14,1293.835,12.2183105022831
"1639","morganmonroe2",2022,179,0.39487,11.8008219178082,1116.14,1293.835,12.2183105022831
"1640","morganmonroe2",2022,180,0.3947,11.8008219178082,1116.14,1293.835,12.2183105022831
"1641","morganmonroe2",2022,181,0.39452,11.8008219178082,1116.14,1293.835,12.2183105022831
"1642","morganmonroe2",2022,182,0.39431,11.8008219178082,1116.14,1293.835,12.2183105022831
"1643","morganmonroe2",2022,183,0.39407,11.8008219178082,1116.14,1293.835,12.2183105022831
"1644","morganmonroe2",2022,184,0.3938,11.8008219178082,1116.14,1293.835,12.2183105022831
"1645","morganmonroe2",2022,185,0.39353,11.8008219178082,1116.14,1293.835,12.2183105022831
"1646","morganmonroe2",2022,186,0.39325,11.8008219178082,1116.14,1293.835,12.2183105022831
"1647","morganmonroe2",2022,187,0.393,11.8008219178082,1116.14,1293.835,12.2183105022831
"1648","morganmonroe2",2022,188,0.39279,11.8008219178082,1116.14,1293.835,12.2183105022831
"1649","morganmonroe2",2022,189,0.39259,11.8008219178082,1116.14,1293.835,12.2183105022831
"1650","morganmonroe2",2022,190,0.3924,11.8008219178082,1116.14,1293.835,12.2183105022831
"1651","morganmonroe2",2022,191,0.39223,11.8008219178082,1116.14,1293.835,12.2183105022831
"1652","morganmonroe2",2022,192,0.39209,11.8008219178082,1116.14,1293.835,12.2183105022831
"1653","morganmonroe2",2022,193,0.392,11.8008219178082,1116.14,1293.835,12.2183105022831
"1654","morganmonroe2",2022,194,0.39197,11.8008219178082,1116.14,1293.835,12.2183105022831
"1655","morganmonroe2",2022,195,0.39209,11.8008219178082,1116.14,1293.835,12.2183105022831
"1656","morganmonroe2",2022,196,0.39233,11.8008219178082,1116.14,1293.835,12.2183105022831
"1657","morganmonroe2",2022,197,0.39259,11.8008219178082,1116.14,1293.835,12.2183105022831
"1658","morganmonroe2",2022,198,0.39276,11.8008219178082,1116.14,1293.835,12.2183105022831
"1659","morganmonroe2",2022,199,0.39278,11.8008219178082,1116.14,1293.835,12.2183105022831
"1660","morganmonroe2",2022,200,0.39276,11.8008219178082,1116.14,1293.835,12.2183105022831
"1661","morganmonroe2",2022,201,0.39276,11.8008219178082,1116.14,1293.835,12.2183105022831
"1662","morganmonroe2",2022,202,0.39282,11.8008219178082,1116.14,1293.835,12.2183105022831
"1663","morganmonroe2",2022,203,0.39292,11.8008219178082,1116.14,1293.835,12.2183105022831
"1664","morganmonroe2",2022,204,0.39304,11.8008219178082,1116.14,1293.835,12.2183105022831
"1665","morganmonroe2",2022,205,0.39315,11.8008219178082,1116.14,1293.835,12.2183105022831
"1666","morganmonroe2",2022,206,0.39322,11.8008219178082,1116.14,1293.835,12.2183105022831
"1667","morganmonroe2",2022,207,0.39323,11.8008219178082,1116.14,1293.835,12.2183105022831
"1668","morganmonroe2",2022,208,0.39315,11.8008219178082,1116.14,1293.835,12.2183105022831
"1669","morganmonroe2",2022,209,0.39299,11.8008219178082,1116.14,1293.835,12.2183105022831
"1670","morganmonroe2",2022,210,0.39279,11.8008219178082,1116.14,1293.835,12.2183105022831
"1671","morganmonroe2",2022,211,0.39259,11.8008219178082,1116.14,1293.835,12.2183105022831
"1672","morganmonroe2",2022,212,0.39242,11.8008219178082,1116.14,1293.835,12.2183105022831
"1673","morganmonroe2",2022,213,0.39232,11.8008219178082,1116.14,1293.835,12.2183105022831
"1674","morganmonroe2",2022,214,0.39228,11.8008219178082,1116.14,1293.835,12.2183105022831
"1675","morganmonroe2",2022,215,0.39227,11.8008219178082,1116.14,1293.835,12.2183105022831
"1676","morganmonroe2",2022,216,0.39228,11.8008219178082,1116.14,1293.835,12.2183105022831
"1677","morganmonroe2",2022,217,0.39229,11.8008219178082,1116.14,1293.835,12.2183105022831
"1678","morganmonroe2",2022,218,0.39228,11.8008219178082,1116.14,1293.835,12.2183105022831
"1679","morganmonroe2",2022,219,0.39224,11.8008219178082,1116.14,1293.835,12.2183105022831
"1680","morganmonroe2",2022,220,0.39217,11.8008219178082,1116.14,1293.835,12.2183105022831
"1681","morganmonroe2",2022,221,0.39209,11.8008219178082,1116.14,1293.835,12.2183105022831
"1682","morganmonroe2",2022,222,0.39202,11.8008219178082,1116.14,1293.835,12.2183105022831
"1683","morganmonroe2",2022,223,0.39196,11.8008219178082,1116.14,1293.835,12.2183105022831
"1684","morganmonroe2",2022,224,0.39184,11.8008219178082,1116.14,1293.835,12.2183105022831
"1685","morganmonroe2",2022,225,0.39167,11.8008219178082,1116.14,1293.835,12.2183105022831
"1686","morganmonroe2",2022,226,0.39157,11.8008219178082,1116.14,1293.835,12.2183105022831
"1687","morganmonroe2",2022,227,0.39156,11.8008219178082,1116.14,1293.835,12.2183105022831
"1688","morganmonroe2",2022,228,0.39158,11.8008219178082,1116.14,1293.835,12.2183105022831
"1689","morganmonroe2",2022,229,0.39163,11.8008219178082,1116.14,1293.835,12.2183105022831
"1690","morganmonroe2",2022,230,0.3917,11.8008219178082,1116.14,1293.835,12.2183105022831
"1691","morganmonroe2",2022,231,0.39181,11.8008219178082,1116.14,1293.835,12.2183105022831
"1692","morganmonroe2",2022,232,0.39194,11.8008219178082,1116.14,1293.835,12.2183105022831
"1693","morganmonroe2",2022,233,0.39213,11.8008219178082,1116.14,1293.835,12.2183105022831
"1694","morganmonroe2",2022,234,0.39238,11.8008219178082,1116.14,1293.835,12.2183105022831
"1695","morganmonroe2",2022,235,0.39266,11.8008219178082,1116.14,1293.835,12.2183105022831
"1696","morganmonroe2",2022,236,0.39291,11.8008219178082,1116.14,1293.835,12.2183105022831
"1697","morganmonroe2",2022,237,0.39311,11.8008219178082,1116.14,1293.835,12.2183105022831
"1698","morganmonroe2",2022,238,0.39322,11.8008219178082,1116.14,1293.835,12.2183105022831
"1699","morganmonroe2",2022,239,0.39325,11.8008219178082,1116.14,1293.835,12.2183105022831
"1700","morganmonroe2",2022,240,0.39326,11.8008219178082,1116.14,1293.835,12.2183105022831
"1701","morganmonroe2",2022,241,0.39323,11.8008219178082,1116.14,1293.835,12.2183105022831
"1702","morganmonroe2",2022,242,0.39318,11.8008219178082,1116.14,1293.835,12.2183105022831
"1703","morganmonroe2",2022,243,0.39312,11.8008219178082,1116.14,1293.835,12.2183105022831
"1704","morganmonroe2",2022,244,0.39303,11.8008219178082,1116.14,1293.835,12.2183105022831
"1705","morganmonroe2",2022,245,0.39283,11.8008219178082,1116.14,1293.835,12.2183105022831
"1706","morganmonroe2",2022,246,0.39252,11.8008219178082,1116.14,1293.835,12.2183105022831
"1707","morganmonroe2",2022,247,0.39221,11.8008219178082,1116.14,1293.835,12.2183105022831
"1708","morganmonroe2",2022,248,0.39202,11.8008219178082,1116.14,1293.835,12.2183105022831
"1709","morganmonroe2",2022,249,0.39193,11.8008219178082,1116.14,1293.835,12.2183105022831
"1710","morganmonroe2",2022,250,0.39186,11.8008219178082,1116.14,1293.835,12.2183105022831
"1711","morganmonroe2",2022,251,0.39181,11.8008219178082,1116.14,1293.835,12.2183105022831
"1712","morganmonroe2",2022,252,0.39185,11.8008219178082,1116.14,1293.835,12.2183105022831
"1713","morganmonroe2",2022,253,0.39199,11.8008219178082,1116.14,1293.835,12.2183105022831
"1714","morganmonroe2",2022,254,0.39218,11.8008219178082,1116.14,1293.835,12.2183105022831
"1715","morganmonroe2",2022,255,0.39234,11.8008219178082,1116.14,1293.835,12.2183105022831
"1716","morganmonroe2",2022,256,0.3924,11.8008219178082,1116.14,1293.835,12.2183105022831
"1717","morganmonroe2",2022,257,0.39229,11.8008219178082,1116.14,1293.835,12.2183105022831
"1718","morganmonroe2",2022,258,0.39206,11.8008219178082,1116.14,1293.835,12.2183105022831
"1719","morganmonroe2",2022,259,0.39177,11.8008219178082,1116.14,1293.835,12.2183105022831
"1720","morganmonroe2",2022,260,0.39144,11.8008219178082,1116.14,1293.835,12.2183105022831
"1721","morganmonroe2",2022,261,0.39106,11.8008219178082,1116.14,1293.835,12.2183105022831
"1722","morganmonroe2",2022,262,0.39065,11.8008219178082,1116.14,1293.835,12.2183105022831
"1723","morganmonroe2",2022,263,0.39021,11.8008219178082,1116.14,1293.835,12.2183105022831
"1724","morganmonroe2",2022,264,0.38972,11.8008219178082,1116.14,1293.835,12.2183105022831
"1725","morganmonroe2",2022,265,0.38915,11.8008219178082,1116.14,1293.835,12.2183105022831
"1726","morganmonroe2",2022,266,0.38851,11.8008219178082,1116.14,1293.835,12.2183105022831
"1727","morganmonroe2",2022,267,0.38782,11.8008219178082,1116.14,1293.835,12.2183105022831
"1728","morganmonroe2",2022,268,0.3871,11.8008219178082,1116.14,1293.835,12.2183105022831
"1729","morganmonroe2",2022,269,0.38634,11.8008219178082,1116.14,1293.835,12.2183105022831
"1730","morganmonroe2",2022,270,0.38564,11.8008219178082,1116.14,1293.835,12.2183105022831
"1731","morganmonroe2",2022,271,0.385,11.8008219178082,1116.14,1293.835,12.2183105022831
"1732","morganmonroe2",2022,272,0.38431,11.8008219178082,1116.14,1293.835,12.2183105022831
"1733","morganmonroe2",2022,273,0.38345,11.8008219178082,1116.14,1293.835,12.2183105022831
"1734","morganmonroe2",2022,274,0.38257,11.8008219178082,1116.14,1293.835,12.2183105022831
"1735","morganmonroe2",2022,275,0.38171,11.8008219178082,1116.14,1293.835,12.2183105022831
"1736","morganmonroe2",2022,276,0.38062,11.8008219178082,1116.14,1293.835,12.2183105022831
"1737","morganmonroe2",2022,277,0.37927,11.8008219178082,1116.14,1293.835,12.2183105022831
"1738","morganmonroe2",2022,278,0.3778,11.8008219178082,1116.14,1293.835,12.2183105022831
"1739","morganmonroe2",2022,279,0.3762,11.8008219178082,1116.14,1293.835,12.2183105022831
"1740","morganmonroe2",2022,280,0.37444,11.8008219178082,1116.14,1293.835,12.2183105022831
"1741","morganmonroe2",2022,281,0.37251,11.8008219178082,1116.14,1293.835,12.2183105022831
"1742","morganmonroe2",2022,282,0.37039,11.8008219178082,1116.14,1293.835,12.2183105022831
"1743","morganmonroe2",2022,283,0.36807,11.8008219178082,1116.14,1293.835,12.2183105022831
"1744","morganmonroe2",2022,284,0.36556,11.8008219178082,1116.14,1293.835,12.2183105022831
"1745","morganmonroe2",2022,285,0.3629,11.8008219178082,1116.14,1293.835,12.2183105022831
"1746","morganmonroe2",2022,286,0.36011,11.8008219178082,1116.14,1293.835,12.2183105022831
"1747","morganmonroe2",2022,287,0.35724,11.8008219178082,1116.14,1293.835,12.2183105022831
"1748","morganmonroe2",2022,288,0.35431,11.8008219178082,1116.14,1293.835,12.2183105022831
"1749","morganmonroe2",2022,289,0.35103,11.8008219178082,1116.14,1293.835,12.2183105022831
"1750","morganmonroe2",2022,290,0.34725,11.8008219178082,1116.14,1293.835,12.2183105022831
"1751","morganmonroe2",2022,291,0.34325,11.8008219178082,1116.14,1293.835,12.2183105022831
"1752","morganmonroe2",2022,292,0.33928,11.8008219178082,1116.14,1293.835,12.2183105022831
"1753","morganmonroe2",2022,293,0.33562,11.8008219178082,1116.14,1293.835,12.2183105022831
"1754","morganmonroe2",2022,294,0.33252,11.8008219178082,1116.14,1293.835,12.2183105022831
"1755","morganmonroe2",2022,295,0.32958,11.8008219178082,1116.14,1293.835,12.2183105022831
"1756","morganmonroe2",2022,296,0.32649,11.8008219178082,1116.14,1293.835,12.2183105022831
"1757","morganmonroe2",2022,297,0.32371,11.8008219178082,1116.14,1293.835,12.2183105022831
"1758","morganmonroe2",2022,298,0.32169,11.8008219178082,1116.14,1293.835,12.2183105022831
"1759","morganmonroe2",2022,299,0.32032,11.8008219178082,1116.14,1293.835,12.2183105022831
"1760","morganmonroe2",2022,300,0.31927,11.8008219178082,1116.14,1293.835,12.2183105022831
"1761","morganmonroe2",2022,301,0.31861,11.8008219178082,1116.14,1293.835,12.2183105022831
"1762","morganmonroe2",2022,302,0.3187,11.8008219178082,1116.14,1293.835,12.2183105022831
"1763","morganmonroe2",2022,303,0.31968,11.8008219178082,1116.14,1293.835,12.2183105022831
"1764","morganmonroe2",2022,304,0.32121,11.8008219178082,1116.14,1293.835,12.2183105022831
"1765","morganmonroe2",2022,305,0.32296,11.8008219178082,1116.14,1293.835,12.2183105022831
"1766","morganmonroe2",2022,306,0.32459,11.8008219178082,1116.14,1293.835,12.2183105022831
"1767","morganmonroe2",2022,307,0.32578,11.8008219178082,1116.14,1293.835,12.2183105022831
"1768","morganmonroe2",2022,308,0.32672,11.8008219178082,1116.14,1293.835,12.2183105022831
"1769","morganmonroe2",2022,309,0.32775,11.8008219178082,1116.14,1293.835,12.2183105022831
"1770","morganmonroe2",2022,310,0.32878,11.8008219178082,1116.14,1293.835,12.2183105022831
"1771","morganmonroe2",2022,311,0.32972,11.8008219178082,1116.14,1293.835,12.2183105022831
"1772","morganmonroe2",2022,312,0.33046,11.8008219178082,1116.14,1293.835,12.2183105022831
"1773","morganmonroe2",2022,313,0.33091,11.8008219178082,1116.14,1293.835,12.2183105022831
"1774","morganmonroe2",2022,314,0.33102,11.8008219178082,1116.14,1293.835,12.2183105022831
"1775","morganmonroe2",2022,315,0.33086,11.8008219178082,1116.14,1293.835,12.2183105022831
"1776","morganmonroe2",2022,316,0.33054,11.8008219178082,1116.14,1293.835,12.2183105022831
"1777","morganmonroe2",2022,317,0.33016,11.8008219178082,1116.14,1293.835,12.2183105022831
"1778","morganmonroe2",2022,318,0.32984,11.8008219178082,1116.14,1293.835,12.2183105022831
"1779","morganmonroe2",2022,319,0.32967,11.8008219178082,1116.14,1293.835,12.2183105022831
"1780","morganmonroe2",2022,320,0.32958,11.8008219178082,1116.14,1293.835,12.2183105022831
"1781","morganmonroe2",2022,321,0.32946,11.8008219178082,1116.14,1293.835,12.2183105022831
"1782","morganmonroe2",2022,322,0.32935,11.8008219178082,1116.14,1293.835,12.2183105022831
"1783","morganmonroe2",2022,323,0.3293,11.8008219178082,1116.14,1293.835,12.2183105022831
"1784","morganmonroe2",2022,324,0.32937,11.8008219178082,1116.14,1293.835,12.2183105022831
"1785","morganmonroe2",2022,325,0.32951,11.8008219178082,1116.14,1293.835,12.2183105022831
"1786","morganmonroe2",2022,326,0.32962,11.8008219178082,1116.14,1293.835,12.2183105022831
"1787","morganmonroe2",2022,327,0.32967,11.8008219178082,1116.14,1293.835,12.2183105022831
"1788","morganmonroe2",2022,328,0.32971,11.8008219178082,1116.14,1293.835,12.2183105022831
"1789","morganmonroe2",2022,329,0.32975,11.8008219178082,1116.14,1293.835,12.2183105022831
"1790","morganmonroe2",2022,330,0.3298,11.8008219178082,1116.14,1293.835,12.2183105022831
"1791","morganmonroe2",2022,331,0.32986,11.8008219178082,1116.14,1293.835,12.2183105022831
"1792","morganmonroe2",2022,332,0.32994,11.8008219178082,1116.14,1293.835,12.2183105022831
"1793","morganmonroe2",2022,333,0.33008,11.8008219178082,1116.14,1293.835,12.2183105022831
"1794","morganmonroe2",2022,334,0.33028,11.8008219178082,1116.14,1293.835,12.2183105022831
"1795","morganmonroe2",2022,335,0.33052,11.8008219178082,1116.14,1293.835,12.2183105022831
"1796","morganmonroe2",2022,336,0.33075,11.8008219178082,1116.14,1293.835,12.2183105022831
"1797","morganmonroe2",2022,337,0.33095,11.8008219178082,1116.14,1293.835,12.2183105022831
"1798","morganmonroe2",2022,338,0.33108,11.8008219178082,1116.14,1293.835,12.2183105022831
"1799","morganmonroe2",2022,339,0.33114,11.8008219178082,1116.14,1293.835,12.2183105022831
"1800","morganmonroe2",2022,340,0.33118,11.8008219178082,1116.14,1293.835,12.2183105022831
"1801","morganmonroe2",2022,341,0.33119,11.8008219178082,1116.14,1293.835,12.2183105022831
"1802","morganmonroe2",2022,342,0.33117,11.8008219178082,1116.14,1293.835,12.2183105022831
"1803","morganmonroe2",2022,343,0.33112,11.8008219178082,1116.14,1293.835,12.2183105022831
"1804","morganmonroe2",2022,344,0.33105,11.8008219178082,1116.14,1293.835,12.2183105022831
"1805","morganmonroe2",2022,345,0.33092,11.8008219178082,1116.14,1293.835,12.2183105022831
"1806","morganmonroe2",2022,346,0.3307,11.8008219178082,1116.14,1293.835,12.2183105022831
"1807","morganmonroe2",2022,347,0.33043,11.8008219178082,1116.14,1293.835,12.2183105022831
"1808","morganmonroe2",2022,348,0.33016,11.8008219178082,1116.14,1293.835,12.2183105022831
"1809","morganmonroe2",2022,349,0.32993,11.8008219178082,1116.14,1293.835,12.2183105022831
"1810","morganmonroe2",2022,350,0.32976,11.8008219178082,1116.14,1293.835,12.2183105022831
"1811","morganmonroe2",2022,351,0.32965,11.8008219178082,1116.14,1293.835,12.2183105022831
"1812","morganmonroe2",2022,352,0.32954,11.8008219178082,1116.14,1293.835,12.2183105022831
"1813","morganmonroe2",2022,353,0.32946,11.8008219178082,1116.14,1293.835,12.2183105022831
"1814","morganmonroe2",2022,354,0.32942,11.8008219178082,1116.14,1293.835,12.2183105022831
"1815","morganmonroe2",2022,355,0.32942,11.8008219178082,1116.14,1293.835,12.2183105022831
"1816","morganmonroe2",2022,356,0.32948,11.8008219178082,1116.14,1293.835,12.2183105022831
"1817","morganmonroe2",2022,357,0.32964,11.8008219178082,1116.14,1293.835,12.2183105022831
"1818","morganmonroe2",2022,358,0.32989,11.8008219178082,1116.14,1293.835,12.2183105022831
"1819","morganmonroe2",2022,359,0.3302,11.8008219178082,1116.14,1293.835,12.2183105022831
"1820","morganmonroe2",2022,360,0.3305,11.8008219178082,1116.14,1293.835,12.2183105022831
"1821","morganmonroe2",2022,361,0.33076,11.8008219178082,1116.14,1293.835,12.2183105022831
"1822","morganmonroe2",2022,362,0.33092,11.8008219178082,1116.14,1293.835,12.2183105022831
"1823","morganmonroe2",2022,363,0.33102,11.8008219178082,1116.14,1293.835,12.2183105022831
"1824","morganmonroe2",2022,364,0.33109,11.8008219178082,1116.14,1293.835,12.2183105022831
"1825","morganmonroe2",2022,365,0.33115,11.8008219178082,1116.14,1293.835,12.2183105022831
"1826","morganmonroe2",2023,1,0.33119,12.8207534246575,1133.27,1293.835,12.2183105022831
"1827","morganmonroe2",2023,2,0.33121,12.8207534246575,1133.27,1293.835,12.2183105022831
"1828","morganmonroe2",2023,3,0.33121,12.8207534246575,1133.27,1293.835,12.2183105022831
"1829","morganmonroe2",2023,4,0.33113,12.8207534246575,1133.27,1293.835,12.2183105022831
"1830","morganmonroe2",2023,5,0.33096,12.8207534246575,1133.27,1293.835,12.2183105022831
"1831","morganmonroe2",2023,6,0.33077,12.8207534246575,1133.27,1293.835,12.2183105022831
"1832","morganmonroe2",2023,7,0.33064,12.8207534246575,1133.27,1293.835,12.2183105022831
"1833","morganmonroe2",2023,8,0.33053,12.8207534246575,1133.27,1293.835,12.2183105022831
"1834","morganmonroe2",2023,9,0.33039,12.8207534246575,1133.27,1293.835,12.2183105022831
"1835","morganmonroe2",2023,10,0.33027,12.8207534246575,1133.27,1293.835,12.2183105022831
"1836","morganmonroe2",2023,11,0.3302,12.8207534246575,1133.27,1293.835,12.2183105022831
"1837","morganmonroe2",2023,12,0.33017,12.8207534246575,1133.27,1293.835,12.2183105022831
"1838","morganmonroe2",2023,13,0.33016,12.8207534246575,1133.27,1293.835,12.2183105022831
"1839","morganmonroe2",2023,14,0.33016,12.8207534246575,1133.27,1293.835,12.2183105022831
"1840","morganmonroe2",2023,15,0.33015,12.8207534246575,1133.27,1293.835,12.2183105022831
"1841","morganmonroe2",2023,16,0.33011,12.8207534246575,1133.27,1293.835,12.2183105022831
"1842","morganmonroe2",2023,17,0.33003,12.8207534246575,1133.27,1293.835,12.2183105022831
"1843","morganmonroe2",2023,18,0.3299,12.8207534246575,1133.27,1293.835,12.2183105022831
"1844","morganmonroe2",2023,19,0.32976,12.8207534246575,1133.27,1293.835,12.2183105022831
"1845","morganmonroe2",2023,20,0.32964,12.8207534246575,1133.27,1293.835,12.2183105022831
"1846","morganmonroe2",2023,21,0.32955,12.8207534246575,1133.27,1293.835,12.2183105022831
"1847","morganmonroe2",2023,22,0.32954,12.8207534246575,1133.27,1293.835,12.2183105022831
"1848","morganmonroe2",2023,23,0.32962,12.8207534246575,1133.27,1293.835,12.2183105022831
"1849","morganmonroe2",2023,24,0.32979,12.8207534246575,1133.27,1293.835,12.2183105022831
"1850","morganmonroe2",2023,25,0.32999,12.8207534246575,1133.27,1293.835,12.2183105022831
"1851","morganmonroe2",2023,26,0.33021,12.8207534246575,1133.27,1293.835,12.2183105022831
"1852","morganmonroe2",2023,27,0.3304,12.8207534246575,1133.27,1293.835,12.2183105022831
"1853","morganmonroe2",2023,28,0.33053,12.8207534246575,1133.27,1293.835,12.2183105022831
"1854","morganmonroe2",2023,29,0.33064,12.8207534246575,1133.27,1293.835,12.2183105022831
"1855","morganmonroe2",2023,30,0.33077,12.8207534246575,1133.27,1293.835,12.2183105022831
"1856","morganmonroe2",2023,31,0.33089,12.8207534246575,1133.27,1293.835,12.2183105022831
"1857","morganmonroe2",2023,32,0.33096,12.8207534246575,1133.27,1293.835,12.2183105022831
"1858","morganmonroe2",2023,33,0.33091,12.8207534246575,1133.27,1293.835,12.2183105022831
"1859","morganmonroe2",2023,34,0.33078,12.8207534246575,1133.27,1293.835,12.2183105022831
"1860","morganmonroe2",2023,35,0.33071,12.8207534246575,1133.27,1293.835,12.2183105022831
"1861","morganmonroe2",2023,36,0.33068,12.8207534246575,1133.27,1293.835,12.2183105022831
"1862","morganmonroe2",2023,37,0.33065,12.8207534246575,1133.27,1293.835,12.2183105022831
"1863","morganmonroe2",2023,38,0.3306,12.8207534246575,1133.27,1293.835,12.2183105022831
"1864","morganmonroe2",2023,39,0.33056,12.8207534246575,1133.27,1293.835,12.2183105022831
"1865","morganmonroe2",2023,40,0.33054,12.8207534246575,1133.27,1293.835,12.2183105022831
"1866","morganmonroe2",2023,41,0.33055,12.8207534246575,1133.27,1293.835,12.2183105022831
"1867","morganmonroe2",2023,42,0.3306,12.8207534246575,1133.27,1293.835,12.2183105022831
"1868","morganmonroe2",2023,43,0.33069,12.8207534246575,1133.27,1293.835,12.2183105022831
"1869","morganmonroe2",2023,44,0.3308,12.8207534246575,1133.27,1293.835,12.2183105022831
"1870","morganmonroe2",2023,45,0.33092,12.8207534246575,1133.27,1293.835,12.2183105022831
"1871","morganmonroe2",2023,46,0.33102,12.8207534246575,1133.27,1293.835,12.2183105022831
"1872","morganmonroe2",2023,47,0.33108,12.8207534246575,1133.27,1293.835,12.2183105022831
"1873","morganmonroe2",2023,48,0.3311,12.8207534246575,1133.27,1293.835,12.2183105022831
"1874","morganmonroe2",2023,49,0.3311,12.8207534246575,1133.27,1293.835,12.2183105022831
"1875","morganmonroe2",2023,50,0.33107,12.8207534246575,1133.27,1293.835,12.2183105022831
"1876","morganmonroe2",2023,51,0.33105,12.8207534246575,1133.27,1293.835,12.2183105022831
"1877","morganmonroe2",2023,52,0.33103,12.8207534246575,1133.27,1293.835,12.2183105022831
"1878","morganmonroe2",2023,53,0.33103,12.8207534246575,1133.27,1293.835,12.2183105022831
"1879","morganmonroe2",2023,54,0.33107,12.8207534246575,1133.27,1293.835,12.2183105022831
"1880","morganmonroe2",2023,55,0.33114,12.8207534246575,1133.27,1293.835,12.2183105022831
"1881","morganmonroe2",2023,56,0.33121,12.8207534246575,1133.27,1293.835,12.2183105022831
"1882","morganmonroe2",2023,57,0.33125,12.8207534246575,1133.27,1293.835,12.2183105022831
"1883","morganmonroe2",2023,58,0.33128,12.8207534246575,1133.27,1293.835,12.2183105022831
"1884","morganmonroe2",2023,59,0.33132,12.8207534246575,1133.27,1293.835,12.2183105022831
"1885","morganmonroe2",2023,60,0.33133,12.8207534246575,1133.27,1293.835,12.2183105022831
"1886","morganmonroe2",2023,61,0.33128,12.8207534246575,1133.27,1293.835,12.2183105022831
"1887","morganmonroe2",2023,62,0.3312,12.8207534246575,1133.27,1293.835,12.2183105022831
"1888","morganmonroe2",2023,63,0.3311,12.8207534246575,1133.27,1293.835,12.2183105022831
"1889","morganmonroe2",2023,64,0.33099,12.8207534246575,1133.27,1293.835,12.2183105022831
"1890","morganmonroe2",2023,65,0.33089,12.8207534246575,1133.27,1293.835,12.2183105022831
"1891","morganmonroe2",2023,66,0.33081,12.8207534246575,1133.27,1293.835,12.2183105022831
"1892","morganmonroe2",2023,67,0.33069,12.8207534246575,1133.27,1293.835,12.2183105022831
"1893","morganmonroe2",2023,68,0.33051,12.8207534246575,1133.27,1293.835,12.2183105022831
"1894","morganmonroe2",2023,69,0.3303,12.8207534246575,1133.27,1293.835,12.2183105022831
"1895","morganmonroe2",2023,70,0.33011,12.8207534246575,1133.27,1293.835,12.2183105022831
"1896","morganmonroe2",2023,71,0.32998,12.8207534246575,1133.27,1293.835,12.2183105022831
"1897","morganmonroe2",2023,72,0.32994,12.8207534246575,1133.27,1293.835,12.2183105022831
"1898","morganmonroe2",2023,73,0.33003,12.8207534246575,1133.27,1293.835,12.2183105022831
"1899","morganmonroe2",2023,74,0.33021,12.8207534246575,1133.27,1293.835,12.2183105022831
"1900","morganmonroe2",2023,75,0.33045,12.8207534246575,1133.27,1293.835,12.2183105022831
"1901","morganmonroe2",2023,76,0.33071,12.8207534246575,1133.27,1293.835,12.2183105022831
"1902","morganmonroe2",2023,77,0.33096,12.8207534246575,1133.27,1293.835,12.2183105022831
"1903","morganmonroe2",2023,78,0.33117,12.8207534246575,1133.27,1293.835,12.2183105022831
"1904","morganmonroe2",2023,79,0.33137,12.8207534246575,1133.27,1293.835,12.2183105022831
"1905","morganmonroe2",2023,80,0.33161,12.8207534246575,1133.27,1293.835,12.2183105022831
"1906","morganmonroe2",2023,81,0.33184,12.8207534246575,1133.27,1293.835,12.2183105022831
"1907","morganmonroe2",2023,82,0.33204,12.8207534246575,1133.27,1293.835,12.2183105022831
"1908","morganmonroe2",2023,83,0.33211,12.8207534246575,1133.27,1293.835,12.2183105022831
"1909","morganmonroe2",2023,84,0.33213,12.8207534246575,1133.27,1293.835,12.2183105022831
"1910","morganmonroe2",2023,85,0.33232,12.8207534246575,1133.27,1293.835,12.2183105022831
"1911","morganmonroe2",2023,86,0.33254,12.8207534246575,1133.27,1293.835,12.2183105022831
"1912","morganmonroe2",2023,87,0.33264,12.8207534246575,1133.27,1293.835,12.2183105022831
"1913","morganmonroe2",2023,88,0.33271,12.8207534246575,1133.27,1293.835,12.2183105022831
"1914","morganmonroe2",2023,89,0.33289,12.8207534246575,1133.27,1293.835,12.2183105022831
"1915","morganmonroe2",2023,90,0.33328,12.8207534246575,1133.27,1293.835,12.2183105022831
"1916","morganmonroe2",2023,91,0.334,12.8207534246575,1133.27,1293.835,12.2183105022831
"1917","morganmonroe2",2023,92,0.33481,12.8207534246575,1133.27,1293.835,12.2183105022831
"1918","morganmonroe2",2023,93,0.33551,12.8207534246575,1133.27,1293.835,12.2183105022831
"1919","morganmonroe2",2023,94,0.33632,12.8207534246575,1133.27,1293.835,12.2183105022831
"1920","morganmonroe2",2023,95,0.33744,12.8207534246575,1133.27,1293.835,12.2183105022831
"1921","morganmonroe2",2023,96,0.3391,12.8207534246575,1133.27,1293.835,12.2183105022831
"1922","morganmonroe2",2023,97,0.34149,12.8207534246575,1133.27,1293.835,12.2183105022831
"1923","morganmonroe2",2023,98,0.34486,12.8207534246575,1133.27,1293.835,12.2183105022831
"1924","morganmonroe2",2023,99,0.34909,12.8207534246575,1133.27,1293.835,12.2183105022831
"1925","morganmonroe2",2023,100,0.35386,12.8207534246575,1133.27,1293.835,12.2183105022831
"1926","morganmonroe2",2023,101,0.35887,12.8207534246575,1133.27,1293.835,12.2183105022831
"1927","morganmonroe2",2023,102,0.3638,12.8207534246575,1133.27,1293.835,12.2183105022831
"1928","morganmonroe2",2023,103,0.36834,12.8207534246575,1133.27,1293.835,12.2183105022831
"1929","morganmonroe2",2023,104,0.37275,12.8207534246575,1133.27,1293.835,12.2183105022831
"1930","morganmonroe2",2023,105,0.37728,12.8207534246575,1133.27,1293.835,12.2183105022831
"1931","morganmonroe2",2023,106,0.38161,12.8207534246575,1133.27,1293.835,12.2183105022831
"1932","morganmonroe2",2023,107,0.3854,12.8207534246575,1133.27,1293.835,12.2183105022831
"1933","morganmonroe2",2023,108,0.38873,12.8207534246575,1133.27,1293.835,12.2183105022831
"1934","morganmonroe2",2023,109,0.39181,12.8207534246575,1133.27,1293.835,12.2183105022831
"1935","morganmonroe2",2023,110,0.39456,12.8207534246575,1133.27,1293.835,12.2183105022831
"1936","morganmonroe2",2023,111,0.39672,12.8207534246575,1133.27,1293.835,12.2183105022831
"1937","morganmonroe2",2023,112,0.39824,12.8207534246575,1133.27,1293.835,12.2183105022831
"1938","morganmonroe2",2023,113,0.39933,12.8207534246575,1133.27,1293.835,12.2183105022831
"1939","morganmonroe2",2023,114,0.40021,12.8207534246575,1133.27,1293.835,12.2183105022831
"1940","morganmonroe2",2023,115,0.40109,12.8207534246575,1133.27,1293.835,12.2183105022831
"1941","morganmonroe2",2023,116,0.4022,12.8207534246575,1133.27,1293.835,12.2183105022831
"1942","morganmonroe2",2023,117,0.40343,12.8207534246575,1133.27,1293.835,12.2183105022831
"1943","morganmonroe2",2023,118,0.40455,12.8207534246575,1133.27,1293.835,12.2183105022831
"1944","morganmonroe2",2023,119,0.40561,12.8207534246575,1133.27,1293.835,12.2183105022831
"1945","morganmonroe2",2023,120,0.40665,12.8207534246575,1133.27,1293.835,12.2183105022831
"1946","morganmonroe2",2023,121,0.40771,12.8207534246575,1133.27,1293.835,12.2183105022831
"1947","morganmonroe2",2023,122,0.40882,12.8207534246575,1133.27,1293.835,12.2183105022831
"1948","morganmonroe2",2023,123,0.41007,12.8207534246575,1133.27,1293.835,12.2183105022831
"1949","morganmonroe2",2023,124,0.41144,12.8207534246575,1133.27,1293.835,12.2183105022831
"1950","morganmonroe2",2023,125,0.41283,12.8207534246575,1133.27,1293.835,12.2183105022831
"1951","morganmonroe2",2023,126,0.41414,12.8207534246575,1133.27,1293.835,12.2183105022831
"1952","morganmonroe2",2023,127,0.41527,12.8207534246575,1133.27,1293.835,12.2183105022831
"1953","morganmonroe2",2023,128,0.41611,12.8207534246575,1133.27,1293.835,12.2183105022831
"1954","morganmonroe2",2023,129,0.41673,12.8207534246575,1133.27,1293.835,12.2183105022831
"1955","morganmonroe2",2023,130,0.41723,12.8207534246575,1133.27,1293.835,12.2183105022831
"1956","morganmonroe2",2023,131,0.4176,12.8207534246575,1133.27,1293.835,12.2183105022831
"1957","morganmonroe2",2023,132,0.41785,12.8207534246575,1133.27,1293.835,12.2183105022831
"1958","morganmonroe2",2023,133,0.41782,12.8207534246575,1133.27,1293.835,12.2183105022831
"1959","morganmonroe2",2023,134,0.41754,12.8207534246575,1133.27,1293.835,12.2183105022831
"1960","morganmonroe2",2023,135,0.41725,12.8207534246575,1133.27,1293.835,12.2183105022831
"1961","morganmonroe2",2023,136,0.41692,12.8207534246575,1133.27,1293.835,12.2183105022831
"1962","morganmonroe2",2023,137,0.41639,12.8207534246575,1133.27,1293.835,12.2183105022831
"1963","morganmonroe2",2023,138,0.41575,12.8207534246575,1133.27,1293.835,12.2183105022831
"1964","morganmonroe2",2023,139,0.41504,12.8207534246575,1133.27,1293.835,12.2183105022831
"1965","morganmonroe2",2023,140,0.41434,12.8207534246575,1133.27,1293.835,12.2183105022831
"1966","morganmonroe2",2023,141,0.41371,12.8207534246575,1133.27,1293.835,12.2183105022831
"1967","morganmonroe2",2023,142,0.41311,12.8207534246575,1133.27,1293.835,12.2183105022831
"1968","morganmonroe2",2023,143,0.41246,12.8207534246575,1133.27,1293.835,12.2183105022831
"1969","morganmonroe2",2023,144,0.41178,12.8207534246575,1133.27,1293.835,12.2183105022831
"1970","morganmonroe2",2023,145,0.41108,12.8207534246575,1133.27,1293.835,12.2183105022831
"1971","morganmonroe2",2023,146,0.41036,12.8207534246575,1133.27,1293.835,12.2183105022831
"1972","morganmonroe2",2023,147,0.40963,12.8207534246575,1133.27,1293.835,12.2183105022831
"1973","morganmonroe2",2023,148,0.40886,12.8207534246575,1133.27,1293.835,12.2183105022831
"1974","morganmonroe2",2023,149,0.40804,12.8207534246575,1133.27,1293.835,12.2183105022831
"1975","morganmonroe2",2023,150,0.40721,12.8207534246575,1133.27,1293.835,12.2183105022831
"1976","morganmonroe2",2023,151,0.4064,12.8207534246575,1133.27,1293.835,12.2183105022831
"1977","morganmonroe2",2023,152,0.40564,12.8207534246575,1133.27,1293.835,12.2183105022831
"1978","morganmonroe2",2023,153,0.40499,12.8207534246575,1133.27,1293.835,12.2183105022831
"1979","morganmonroe2",2023,154,0.40442,12.8207534246575,1133.27,1293.835,12.2183105022831
"1980","morganmonroe2",2023,155,0.40388,12.8207534246575,1133.27,1293.835,12.2183105022831
"1981","morganmonroe2",2023,156,0.40338,12.8207534246575,1133.27,1293.835,12.2183105022831
"1982","morganmonroe2",2023,157,0.4029,12.8207534246575,1133.27,1293.835,12.2183105022831
"1983","morganmonroe2",2023,158,0.40242,12.8207534246575,1133.27,1293.835,12.2183105022831
"1984","morganmonroe2",2023,159,0.40194,12.8207534246575,1133.27,1293.835,12.2183105022831
"1985","morganmonroe2",2023,160,0.40152,12.8207534246575,1133.27,1293.835,12.2183105022831
"1986","morganmonroe2",2023,161,0.40122,12.8207534246575,1133.27,1293.835,12.2183105022831
"1987","morganmonroe2",2023,162,0.40102,12.8207534246575,1133.27,1293.835,12.2183105022831
"1988","morganmonroe2",2023,163,0.40088,12.8207534246575,1133.27,1293.835,12.2183105022831
"1989","morganmonroe2",2023,164,0.40076,12.8207534246575,1133.27,1293.835,12.2183105022831
"1990","morganmonroe2",2023,165,0.40062,12.8207534246575,1133.27,1293.835,12.2183105022831
"1991","morganmonroe2",2023,166,0.40041,12.8207534246575,1133.27,1293.835,12.2183105022831
"1992","morganmonroe2",2023,167,0.40017,12.8207534246575,1133.27,1293.835,12.2183105022831
"1993","morganmonroe2",2023,168,0.39994,12.8207534246575,1133.27,1293.835,12.2183105022831
"1994","morganmonroe2",2023,169,0.3997,12.8207534246575,1133.27,1293.835,12.2183105022831
"1995","morganmonroe2",2023,170,0.39943,12.8207534246575,1133.27,1293.835,12.2183105022831
"1996","morganmonroe2",2023,171,0.39909,12.8207534246575,1133.27,1293.835,12.2183105022831
"1997","morganmonroe2",2023,172,0.39868,12.8207534246575,1133.27,1293.835,12.2183105022831
"1998","morganmonroe2",2023,173,0.39817,12.8207534246575,1133.27,1293.835,12.2183105022831
"1999","morganmonroe2",2023,174,0.3976,12.8207534246575,1133.27,1293.835,12.2183105022831
"2000","morganmonroe2",2023,175,0.39703,12.8207534246575,1133.27,1293.835,12.2183105022831
"2001","morganmonroe2",2023,176,0.3965,12.8207534246575,1133.27,1293.835,12.2183105022831
"2002","morganmonroe2",2023,177,0.39608,12.8207534246575,1133.27,1293.835,12.2183105022831
"2003","morganmonroe2",2023,178,0.39582,12.8207534246575,1133.27,1293.835,12.2183105022831
"2004","morganmonroe2",2023,179,0.39573,12.8207534246575,1133.27,1293.835,12.2183105022831
"2005","morganmonroe2",2023,180,0.39577,12.8207534246575,1133.27,1293.835,12.2183105022831
"2006","morganmonroe2",2023,181,0.3959,12.8207534246575,1133.27,1293.835,12.2183105022831
"2007","morganmonroe2",2023,182,0.39609,12.8207534246575,1133.27,1293.835,12.2183105022831
"2008","morganmonroe2",2023,183,0.39629,12.8207534246575,1133.27,1293.835,12.2183105022831
"2009","morganmonroe2",2023,184,0.39647,12.8207534246575,1133.27,1293.835,12.2183105022831
"2010","morganmonroe2",2023,185,0.39668,12.8207534246575,1133.27,1293.835,12.2183105022831
"2011","morganmonroe2",2023,186,0.39699,12.8207534246575,1133.27,1293.835,12.2183105022831
"2012","morganmonroe2",2023,187,0.39732,12.8207534246575,1133.27,1293.835,12.2183105022831
"2013","morganmonroe2",2023,188,0.39762,12.8207534246575,1133.27,1293.835,12.2183105022831
"2014","morganmonroe2",2023,189,0.39781,12.8207534246575,1133.27,1293.835,12.2183105022831
"2015","morganmonroe2",2023,190,0.39785,12.8207534246575,1133.27,1293.835,12.2183105022831
"2016","morganmonroe2",2023,191,0.39764,12.8207534246575,1133.27,1293.835,12.2183105022831
"2017","morganmonroe2",2023,192,0.39724,12.8207534246575,1133.27,1293.835,12.2183105022831
"2018","morganmonroe2",2023,193,0.39673,12.8207534246575,1133.27,1293.835,12.2183105022831
"2019","morganmonroe2",2023,194,0.39621,12.8207534246575,1133.27,1293.835,12.2183105022831
"2020","morganmonroe2",2023,195,0.39578,12.8207534246575,1133.27,1293.835,12.2183105022831
"2021","morganmonroe2",2023,196,0.39554,12.8207534246575,1133.27,1293.835,12.2183105022831
"2022","morganmonroe2",2023,197,0.39546,12.8207534246575,1133.27,1293.835,12.2183105022831
"2023","morganmonroe2",2023,198,0.39545,12.8207534246575,1133.27,1293.835,12.2183105022831
"2024","morganmonroe2",2023,199,0.39549,12.8207534246575,1133.27,1293.835,12.2183105022831
"2025","morganmonroe2",2023,200,0.39556,12.8207534246575,1133.27,1293.835,12.2183105022831
"2026","morganmonroe2",2023,201,0.39565,12.8207534246575,1133.27,1293.835,12.2183105022831
"2027","morganmonroe2",2023,202,0.39573,12.8207534246575,1133.27,1293.835,12.2183105022831
"2028","morganmonroe2",2023,203,0.39593,12.8207534246575,1133.27,1293.835,12.2183105022831
"2029","morganmonroe2",2023,204,0.39629,12.8207534246575,1133.27,1293.835,12.2183105022831
"2030","morganmonroe2",2023,205,0.39663,12.8207534246575,1133.27,1293.835,12.2183105022831
"2031","morganmonroe2",2023,206,0.3968,12.8207534246575,1133.27,1293.835,12.2183105022831
"2032","morganmonroe2",2023,207,0.39676,12.8207534246575,1133.27,1293.835,12.2183105022831
"2033","morganmonroe2",2023,208,0.39663,12.8207534246575,1133.27,1293.835,12.2183105022831
"2034","morganmonroe2",2023,209,0.3965,12.8207534246575,1133.27,1293.835,12.2183105022831
"2035","morganmonroe2",2023,210,0.39633,12.8207534246575,1133.27,1293.835,12.2183105022831
"2036","morganmonroe2",2023,211,0.39606,12.8207534246575,1133.27,1293.835,12.2183105022831
"2037","morganmonroe2",2023,212,0.39573,12.8207534246575,1133.27,1293.835,12.2183105022831
"2038","morganmonroe2",2023,213,0.3954,12.8207534246575,1133.27,1293.835,12.2183105022831
"2039","morganmonroe2",2023,214,0.39512,12.8207534246575,1133.27,1293.835,12.2183105022831
"2040","morganmonroe2",2023,215,0.39493,12.8207534246575,1133.27,1293.835,12.2183105022831
"2041","morganmonroe2",2023,216,0.3948,12.8207534246575,1133.27,1293.835,12.2183105022831
"2042","morganmonroe2",2023,217,0.39467,12.8207534246575,1133.27,1293.835,12.2183105022831
"2043","morganmonroe2",2023,218,0.39454,12.8207534246575,1133.27,1293.835,12.2183105022831
"2044","morganmonroe2",2023,219,0.39443,12.8207534246575,1133.27,1293.835,12.2183105022831
"2045","morganmonroe2",2023,220,0.39434,12.8207534246575,1133.27,1293.835,12.2183105022831
"2046","morganmonroe2",2023,221,0.39429,12.8207534246575,1133.27,1293.835,12.2183105022831
"2047","morganmonroe2",2023,222,0.39432,12.8207534246575,1133.27,1293.835,12.2183105022831
"2048","morganmonroe2",2023,223,0.39442,12.8207534246575,1133.27,1293.835,12.2183105022831
"2049","morganmonroe2",2023,224,0.39455,12.8207534246575,1133.27,1293.835,12.2183105022831
"2050","morganmonroe2",2023,225,0.39469,12.8207534246575,1133.27,1293.835,12.2183105022831
"2051","morganmonroe2",2023,226,0.39479,12.8207534246575,1133.27,1293.835,12.2183105022831
"2052","morganmonroe2",2023,227,0.39481,12.8207534246575,1133.27,1293.835,12.2183105022831
"2053","morganmonroe2",2023,228,0.39474,12.8207534246575,1133.27,1293.835,12.2183105022831
"2054","morganmonroe2",2023,229,0.39462,12.8207534246575,1133.27,1293.835,12.2183105022831
"2055","morganmonroe2",2023,230,0.3945,12.8207534246575,1133.27,1293.835,12.2183105022831
"2056","morganmonroe2",2023,231,0.39443,12.8207534246575,1133.27,1293.835,12.2183105022831
"2057","morganmonroe2",2023,232,0.39444,12.8207534246575,1133.27,1293.835,12.2183105022831
"2058","morganmonroe2",2023,233,0.39449,12.8207534246575,1133.27,1293.835,12.2183105022831
"2059","morganmonroe2",2023,234,0.39448,12.8207534246575,1133.27,1293.835,12.2183105022831
"2060","morganmonroe2",2023,235,0.3944,12.8207534246575,1133.27,1293.835,12.2183105022831
"2061","morganmonroe2",2023,236,0.3943,12.8207534246575,1133.27,1293.835,12.2183105022831
"2062","morganmonroe2",2023,237,0.39417,12.8207534246575,1133.27,1293.835,12.2183105022831
"2063","morganmonroe2",2023,238,0.39403,12.8207534246575,1133.27,1293.835,12.2183105022831
"2064","morganmonroe2",2023,239,0.39387,12.8207534246575,1133.27,1293.835,12.2183105022831
"2065","morganmonroe2",2023,240,0.39369,12.8207534246575,1133.27,1293.835,12.2183105022831
"2066","morganmonroe2",2023,241,0.39348,12.8207534246575,1133.27,1293.835,12.2183105022831
"2067","morganmonroe2",2023,242,0.39322,12.8207534246575,1133.27,1293.835,12.2183105022831
"2068","morganmonroe2",2023,243,0.39294,12.8207534246575,1133.27,1293.835,12.2183105022831
"2069","morganmonroe2",2023,244,0.39267,12.8207534246575,1133.27,1293.835,12.2183105022831
"2070","morganmonroe2",2023,245,0.39244,12.8207534246575,1133.27,1293.835,12.2183105022831
"2071","morganmonroe2",2023,246,0.39227,12.8207534246575,1133.27,1293.835,12.2183105022831
"2072","morganmonroe2",2023,247,0.39219,12.8207534246575,1133.27,1293.835,12.2183105022831
"2073","morganmonroe2",2023,248,0.39219,12.8207534246575,1133.27,1293.835,12.2183105022831
"2074","morganmonroe2",2023,249,0.39224,12.8207534246575,1133.27,1293.835,12.2183105022831
"2075","morganmonroe2",2023,250,0.39229,12.8207534246575,1133.27,1293.835,12.2183105022831
"2076","morganmonroe2",2023,251,0.39231,12.8207534246575,1133.27,1293.835,12.2183105022831
"2077","morganmonroe2",2023,252,0.39227,12.8207534246575,1133.27,1293.835,12.2183105022831
"2078","morganmonroe2",2023,253,0.39224,12.8207534246575,1133.27,1293.835,12.2183105022831
"2079","morganmonroe2",2023,254,0.39226,12.8207534246575,1133.27,1293.835,12.2183105022831
"2080","morganmonroe2",2023,255,0.39225,12.8207534246575,1133.27,1293.835,12.2183105022831
"2081","morganmonroe2",2023,256,0.39212,12.8207534246575,1133.27,1293.835,12.2183105022831
"2082","morganmonroe2",2023,257,0.39182,12.8207534246575,1133.27,1293.835,12.2183105022831
"2083","morganmonroe2",2023,258,0.39142,12.8207534246575,1133.27,1293.835,12.2183105022831
"2084","morganmonroe2",2023,259,0.39104,12.8207534246575,1133.27,1293.835,12.2183105022831
"2085","morganmonroe2",2023,260,0.39066,12.8207534246575,1133.27,1293.835,12.2183105022831
"2086","morganmonroe2",2023,261,0.39021,12.8207534246575,1133.27,1293.835,12.2183105022831
"2087","morganmonroe2",2023,262,0.38973,12.8207534246575,1133.27,1293.835,12.2183105022831
"2088","morganmonroe2",2023,263,0.38922,12.8207534246575,1133.27,1293.835,12.2183105022831
"2089","morganmonroe2",2023,264,0.38872,12.8207534246575,1133.27,1293.835,12.2183105022831
"2090","morganmonroe2",2023,265,0.38826,12.8207534246575,1133.27,1293.835,12.2183105022831
"2091","morganmonroe2",2023,266,0.38784,12.8207534246575,1133.27,1293.835,12.2183105022831
"2092","morganmonroe2",2023,267,0.38745,12.8207534246575,1133.27,1293.835,12.2183105022831
"2093","morganmonroe2",2023,268,0.38706,12.8207534246575,1133.27,1293.835,12.2183105022831
"2094","morganmonroe2",2023,269,0.38666,12.8207534246575,1133.27,1293.835,12.2183105022831
"2095","morganmonroe2",2023,270,0.38622,12.8207534246575,1133.27,1293.835,12.2183105022831
"2096","morganmonroe2",2023,271,0.38573,12.8207534246575,1133.27,1293.835,12.2183105022831
"2097","morganmonroe2",2023,272,0.38517,12.8207534246575,1133.27,1293.835,12.2183105022831
"2098","morganmonroe2",2023,273,0.38459,12.8207534246575,1133.27,1293.835,12.2183105022831
"2099","morganmonroe2",2023,274,0.38398,12.8207534246575,1133.27,1293.835,12.2183105022831
"2100","morganmonroe2",2023,275,0.38334,12.8207534246575,1133.27,1293.835,12.2183105022831
"2101","morganmonroe2",2023,276,0.38266,12.8207534246575,1133.27,1293.835,12.2183105022831
"2102","morganmonroe2",2023,277,0.38194,12.8207534246575,1133.27,1293.835,12.2183105022831
"2103","morganmonroe2",2023,278,0.38126,12.8207534246575,1133.27,1293.835,12.2183105022831
"2104","morganmonroe2",2023,279,0.38061,12.8207534246575,1133.27,1293.835,12.2183105022831
"2105","morganmonroe2",2023,280,0.37991,12.8207534246575,1133.27,1293.835,12.2183105022831
"2106","morganmonroe2",2023,281,0.37904,12.8207534246575,1133.27,1293.835,12.2183105022831
"2107","morganmonroe2",2023,282,0.37814,12.8207534246575,1133.27,1293.835,12.2183105022831
"2108","morganmonroe2",2023,283,0.37726,12.8207534246575,1133.27,1293.835,12.2183105022831
"2109","morganmonroe2",2023,284,0.37619,12.8207534246575,1133.27,1293.835,12.2183105022831
"2110","morganmonroe2",2023,285,0.37496,12.8207534246575,1133.27,1293.835,12.2183105022831
"2111","morganmonroe2",2023,286,0.37373,12.8207534246575,1133.27,1293.835,12.2183105022831
"2112","morganmonroe2",2023,287,0.37242,12.8207534246575,1133.27,1293.835,12.2183105022831
"2113","morganmonroe2",2023,288,0.37093,12.8207534246575,1133.27,1293.835,12.2183105022831
"2114","morganmonroe2",2023,289,0.36919,12.8207534246575,1133.27,1293.835,12.2183105022831
"2115","morganmonroe2",2023,290,0.36711,12.8207534246575,1133.27,1293.835,12.2183105022831
"2116","morganmonroe2",2023,291,0.36452,12.8207534246575,1133.27,1293.835,12.2183105022831
"2117","morganmonroe2",2023,292,0.36146,12.8207534246575,1133.27,1293.835,12.2183105022831
"2118","morganmonroe2",2023,293,0.35809,12.8207534246575,1133.27,1293.835,12.2183105022831
"2119","morganmonroe2",2023,294,0.35462,12.8207534246575,1133.27,1293.835,12.2183105022831
"2120","morganmonroe2",2023,295,0.35123,12.8207534246575,1133.27,1293.835,12.2183105022831
"2121","morganmonroe2",2023,296,0.3481,12.8207534246575,1133.27,1293.835,12.2183105022831
"2122","morganmonroe2",2023,297,0.34493,12.8207534246575,1133.27,1293.835,12.2183105022831
"2123","morganmonroe2",2023,298,0.34146,12.8207534246575,1133.27,1293.835,12.2183105022831
"2124","morganmonroe2",2023,299,0.33791,12.8207534246575,1133.27,1293.835,12.2183105022831
"2125","morganmonroe2",2023,300,0.33452,12.8207534246575,1133.27,1293.835,12.2183105022831
"2126","morganmonroe2",2023,301,0.33151,12.8207534246575,1133.27,1293.835,12.2183105022831
"2127","morganmonroe2",2023,302,0.32913,12.8207534246575,1133.27,1293.835,12.2183105022831
"2128","morganmonroe2",2023,303,0.32735,12.8207534246575,1133.27,1293.835,12.2183105022831
"2129","morganmonroe2",2023,304,0.32593,12.8207534246575,1133.27,1293.835,12.2183105022831
"2130","morganmonroe2",2023,305,0.32479,12.8207534246575,1133.27,1293.835,12.2183105022831
"2131","morganmonroe2",2023,306,0.32381,12.8207534246575,1133.27,1293.835,12.2183105022831
"2132","morganmonroe2",2023,307,0.32335,12.8207534246575,1133.27,1293.835,12.2183105022831
"2133","morganmonroe2",2023,308,0.32341,12.8207534246575,1133.27,1293.835,12.2183105022831
"2134","morganmonroe2",2023,309,0.3234,12.8207534246575,1133.27,1293.835,12.2183105022831
"2135","morganmonroe2",2023,310,0.32332,12.8207534246575,1133.27,1293.835,12.2183105022831
"2136","morganmonroe2",2023,311,0.32349,12.8207534246575,1133.27,1293.835,12.2183105022831
"2137","morganmonroe2",2023,312,0.32385,12.8207534246575,1133.27,1293.835,12.2183105022831
"2138","morganmonroe2",2023,313,0.32429,12.8207534246575,1133.27,1293.835,12.2183105022831
"2139","morganmonroe2",2023,314,0.32473,12.8207534246575,1133.27,1293.835,12.2183105022831
"2140","morganmonroe2",2023,315,0.32509,12.8207534246575,1133.27,1293.835,12.2183105022831
"2141","morganmonroe2",2023,316,0.32546,12.8207534246575,1133.27,1293.835,12.2183105022831
"2142","morganmonroe2",2023,317,0.32597,12.8207534246575,1133.27,1293.835,12.2183105022831
"2143","morganmonroe2",2023,318,0.32656,12.8207534246575,1133.27,1293.835,12.2183105022831
"2144","morganmonroe2",2023,319,0.32716,12.8207534246575,1133.27,1293.835,12.2183105022831
"2145","morganmonroe2",2023,320,0.32771,12.8207534246575,1133.27,1293.835,12.2183105022831
"2146","morganmonroe2",2023,321,0.32813,12.8207534246575,1133.27,1293.835,12.2183105022831
"2147","morganmonroe2",2023,322,0.32845,12.8207534246575,1133.27,1293.835,12.2183105022831
"2148","morganmonroe2",2023,323,0.32874,12.8207534246575,1133.27,1293.835,12.2183105022831
"2149","morganmonroe2",2023,324,0.32899,12.8207534246575,1133.27,1293.835,12.2183105022831
"2150","morganmonroe2",2023,325,0.32921,12.8207534246575,1133.27,1293.835,12.2183105022831
"2151","morganmonroe2",2023,326,0.32939,12.8207534246575,1133.27,1293.835,12.2183105022831
"2152","morganmonroe2",2023,327,0.32953,12.8207534246575,1133.27,1293.835,12.2183105022831
"2153","morganmonroe2",2023,328,0.32962,12.8207534246575,1133.27,1293.835,12.2183105022831
"2154","morganmonroe2",2023,329,0.32965,12.8207534246575,1133.27,1293.835,12.2183105022831
"2155","morganmonroe2",2023,330,0.32964,12.8207534246575,1133.27,1293.835,12.2183105022831
"2156","morganmonroe2",2023,331,0.32964,12.8207534246575,1133.27,1293.835,12.2183105022831
"2157","morganmonroe2",2023,332,0.32964,12.8207534246575,1133.27,1293.835,12.2183105022831
"2158","morganmonroe2",2023,333,0.32961,12.8207534246575,1133.27,1293.835,12.2183105022831
"2159","morganmonroe2",2023,334,0.32957,12.8207534246575,1133.27,1293.835,12.2183105022831
"2160","morganmonroe2",2023,335,0.32951,12.8207534246575,1133.27,1293.835,12.2183105022831
"2161","morganmonroe2",2023,336,0.32941,12.8207534246575,1133.27,1293.835,12.2183105022831
"2162","morganmonroe2",2023,337,0.32928,12.8207534246575,1133.27,1293.835,12.2183105022831
"2163","morganmonroe2",2023,338,0.32917,12.8207534246575,1133.27,1293.835,12.2183105022831
"2164","morganmonroe2",2023,339,0.32909,12.8207534246575,1133.27,1293.835,12.2183105022831
"2165","morganmonroe2",2023,340,0.32906,12.8207534246575,1133.27,1293.835,12.2183105022831
"2166","morganmonroe2",2023,341,0.3291,12.8207534246575,1133.27,1293.835,12.2183105022831
"2167","morganmonroe2",2023,342,0.32917,12.8207534246575,1133.27,1293.835,12.2183105022831
"2168","morganmonroe2",2023,343,0.32927,12.8207534246575,1133.27,1293.835,12.2183105022831
"2169","morganmonroe2",2023,344,0.32937,12.8207534246575,1133.27,1293.835,12.2183105022831
"2170","morganmonroe2",2023,345,0.32948,12.8207534246575,1133.27,1293.835,12.2183105022831
"2171","morganmonroe2",2023,346,0.32957,12.8207534246575,1133.27,1293.835,12.2183105022831
"2172","morganmonroe2",2023,347,0.32968,12.8207534246575,1133.27,1293.835,12.2183105022831
"2173","morganmonroe2",2023,348,0.32983,12.8207534246575,1133.27,1293.835,12.2183105022831
"2174","morganmonroe2",2023,349,0.32999,12.8207534246575,1133.27,1293.835,12.2183105022831
"2175","morganmonroe2",2023,350,0.33015,12.8207534246575,1133.27,1293.835,12.2183105022831
"2176","morganmonroe2",2023,351,0.33028,12.8207534246575,1133.27,1293.835,12.2183105022831
"2177","morganmonroe2",2023,352,0.33036,12.8207534246575,1133.27,1293.835,12.2183105022831
"2178","morganmonroe2",2023,353,0.33041,12.8207534246575,1133.27,1293.835,12.2183105022831
"2179","morganmonroe2",2023,354,0.33045,12.8207534246575,1133.27,1293.835,12.2183105022831
"2180","morganmonroe2",2023,355,0.33047,12.8207534246575,1133.27,1293.835,12.2183105022831
"2181","morganmonroe2",2023,356,0.33044,12.8207534246575,1133.27,1293.835,12.2183105022831
"2182","morganmonroe2",2023,357,0.33036,12.8207534246575,1133.27,1293.835,12.2183105022831
"2183","morganmonroe2",2023,358,0.33024,12.8207534246575,1133.27,1293.835,12.2183105022831
"2184","morganmonroe2",2023,359,0.33012,12.8207534246575,1133.27,1293.835,12.2183105022831
"2185","morganmonroe2",2023,360,0.32997,12.8207534246575,1133.27,1293.835,12.2183105022831
"2186","morganmonroe2",2023,361,0.32975,12.8207534246575,1133.27,1293.835,12.2183105022831
"2187","morganmonroe2",2023,362,0.3295,12.8207534246575,1133.27,1293.835,12.2183105022831
"2188","morganmonroe2",2023,363,0.32925,12.8207534246575,1133.27,1293.835,12.2183105022831
"2189","morganmonroe2",2023,364,0.32904,12.8207534246575,1133.27,1293.835,12.2183105022831
"2190","morganmonroe2",2023,365,0.32891,12.8207534246575,1133.27,1293.835,12.2183105022831
