"","site","year","doy","smooth_gcc_90","annual_temp","annual_precip","map","mat"
"1","nationalcapital",2010,1,0.3267,14.3040684931507,1067.45,1181.01555555556,14.2817229832572
"2","nationalcapital",2010,2,0.32663,14.3040684931507,1067.45,1181.01555555556,14.2817229832572
"3","nationalcapital",2010,3,0.32655,14.3040684931507,1067.45,1181.01555555556,14.2817229832572
"4","nationalcapital",2010,4,0.32648,14.3040684931507,1067.45,1181.01555555556,14.2817229832572
"5","nationalcapital",2010,5,0.32641,14.3040684931507,1067.45,1181.01555555556,14.2817229832572
"6","nationalcapital",2010,6,0.3263,14.3040684931507,1067.45,1181.01555555556,14.2817229832572
"7","nationalcapital",2010,7,0.32617,14.3040684931507,1067.45,1181.01555555556,14.2817229832572
"8","nationalcapital",2010,8,0.32603,14.3040684931507,1067.45,1181.01555555556,14.2817229832572
"9","nationalcapital",2010,9,0.32591,14.3040684931507,1067.45,1181.01555555556,14.2817229832572
"10","nationalcapital",2010,10,0.32581,14.3040684931507,1067.45,1181.01555555556,14.2817229832572
"11","nationalcapital",2010,11,0.32576,14.3040684931507,1067.45,1181.01555555556,14.2817229832572
"12","nationalcapital",2010,12,0.32574,14.3040684931507,1067.45,1181.01555555556,14.2817229832572
"13","nationalcapital",2010,13,0.32575,14.3040684931507,1067.45,1181.01555555556,14.2817229832572
"14","nationalcapital",2010,14,0.32578,14.3040684931507,1067.45,1181.01555555556,14.2817229832572
"15","nationalcapital",2010,15,0.32582,14.3040684931507,1067.45,1181.01555555556,14.2817229832572
"16","nationalcapital",2010,16,0.32586,14.3040684931507,1067.45,1181.01555555556,14.2817229832572
"17","nationalcapital",2010,17,0.32591,14.3040684931507,1067.45,1181.01555555556,14.2817229832572
"18","nationalcapital",2010,18,0.32596,14.3040684931507,1067.45,1181.01555555556,14.2817229832572
"19","nationalcapital",2010,19,0.32602,14.3040684931507,1067.45,1181.01555555556,14.2817229832572
"20","nationalcapital",2010,20,0.32611,14.3040684931507,1067.45,1181.01555555556,14.2817229832572
"21","nationalcapital",2010,21,0.32622,14.3040684931507,1067.45,1181.01555555556,14.2817229832572
"22","nationalcapital",2010,22,0.32632,14.3040684931507,1067.45,1181.01555555556,14.2817229832572
"23","nationalcapital",2010,23,0.32641,14.3040684931507,1067.45,1181.01555555556,14.2817229832572
"24","nationalcapital",2010,24,0.32646,14.3040684931507,1067.45,1181.01555555556,14.2817229832572
"25","nationalcapital",2010,25,0.32646,14.3040684931507,1067.45,1181.01555555556,14.2817229832572
"26","nationalcapital",2010,26,0.32643,14.3040684931507,1067.45,1181.01555555556,14.2817229832572
"27","nationalcapital",2010,27,0.32638,14.3040684931507,1067.45,1181.01555555556,14.2817229832572
"28","nationalcapital",2010,28,0.32632,14.3040684931507,1067.45,1181.01555555556,14.2817229832572
"29","nationalcapital",2010,29,0.32624,14.3040684931507,1067.45,1181.01555555556,14.2817229832572
"30","nationalcapital",2010,30,0.32615,14.3040684931507,1067.45,1181.01555555556,14.2817229832572
"31","nationalcapital",2010,31,0.32602,14.3040684931507,1067.45,1181.01555555556,14.2817229832572
"32","nationalcapital",2010,32,0.32588,14.3040684931507,1067.45,1181.01555555556,14.2817229832572
"33","nationalcapital",2010,33,0.32571,14.3040684931507,1067.45,1181.01555555556,14.2817229832572
"34","nationalcapital",2010,34,0.32555,14.3040684931507,1067.45,1181.01555555556,14.2817229832572
"35","nationalcapital",2010,35,0.3254,14.3040684931507,1067.45,1181.01555555556,14.2817229832572
"36","nationalcapital",2010,36,0.32526,14.3040684931507,1067.45,1181.01555555556,14.2817229832572
"37","nationalcapital",2010,37,0.32514,14.3040684931507,1067.45,1181.01555555556,14.2817229832572
"38","nationalcapital",2010,38,0.32506,14.3040684931507,1067.45,1181.01555555556,14.2817229832572
"39","nationalcapital",2010,39,0.32501,14.3040684931507,1067.45,1181.01555555556,14.2817229832572
"40","nationalcapital",2010,40,0.32507,14.3040684931507,1067.45,1181.01555555556,14.2817229832572
"41","nationalcapital",2010,41,0.32528,14.3040684931507,1067.45,1181.01555555556,14.2817229832572
"42","nationalcapital",2010,42,0.32557,14.3040684931507,1067.45,1181.01555555556,14.2817229832572
"43","nationalcapital",2010,43,0.32589,14.3040684931507,1067.45,1181.01555555556,14.2817229832572
"44","nationalcapital",2010,44,0.3262,14.3040684931507,1067.45,1181.01555555556,14.2817229832572
"45","nationalcapital",2010,45,0.32643,14.3040684931507,1067.45,1181.01555555556,14.2817229832572
"46","nationalcapital",2010,46,0.32653,14.3040684931507,1067.45,1181.01555555556,14.2817229832572
"47","nationalcapital",2010,47,0.32649,14.3040684931507,1067.45,1181.01555555556,14.2817229832572
"48","nationalcapital",2010,48,0.32635,14.3040684931507,1067.45,1181.01555555556,14.2817229832572
"49","nationalcapital",2010,49,0.32617,14.3040684931507,1067.45,1181.01555555556,14.2817229832572
"50","nationalcapital",2010,50,0.32597,14.3040684931507,1067.45,1181.01555555556,14.2817229832572
"51","nationalcapital",2010,51,0.32581,14.3040684931507,1067.45,1181.01555555556,14.2817229832572
"52","nationalcapital",2010,52,0.32572,14.3040684931507,1067.45,1181.01555555556,14.2817229832572
"53","nationalcapital",2010,53,0.32575,14.3040684931507,1067.45,1181.01555555556,14.2817229832572
"54","nationalcapital",2010,54,0.32583,14.3040684931507,1067.45,1181.01555555556,14.2817229832572
"55","nationalcapital",2010,55,0.32587,14.3040684931507,1067.45,1181.01555555556,14.2817229832572
"56","nationalcapital",2010,56,0.32587,14.3040684931507,1067.45,1181.01555555556,14.2817229832572
"57","nationalcapital",2010,57,0.32584,14.3040684931507,1067.45,1181.01555555556,14.2817229832572
"58","nationalcapital",2010,58,0.32574,14.3040684931507,1067.45,1181.01555555556,14.2817229832572
"59","nationalcapital",2010,59,0.32559,14.3040684931507,1067.45,1181.01555555556,14.2817229832572
"60","nationalcapital",2010,60,0.32546,14.3040684931507,1067.45,1181.01555555556,14.2817229832572
"61","nationalcapital",2010,61,0.32542,14.3040684931507,1067.45,1181.01555555556,14.2817229832572
"62","nationalcapital",2010,62,0.32551,14.3040684931507,1067.45,1181.01555555556,14.2817229832572
"63","nationalcapital",2010,63,0.32567,14.3040684931507,1067.45,1181.01555555556,14.2817229832572
"64","nationalcapital",2010,64,0.32591,14.3040684931507,1067.45,1181.01555555556,14.2817229832572
"65","nationalcapital",2010,65,0.32618,14.3040684931507,1067.45,1181.01555555556,14.2817229832572
"66","nationalcapital",2010,66,0.32648,14.3040684931507,1067.45,1181.01555555556,14.2817229832572
"67","nationalcapital",2010,67,0.32678,14.3040684931507,1067.45,1181.01555555556,14.2817229832572
"68","nationalcapital",2010,68,0.32707,14.3040684931507,1067.45,1181.01555555556,14.2817229832572
"69","nationalcapital",2010,69,0.32733,14.3040684931507,1067.45,1181.01555555556,14.2817229832572
"70","nationalcapital",2010,70,0.32759,14.3040684931507,1067.45,1181.01555555556,14.2817229832572
"71","nationalcapital",2010,71,0.32786,14.3040684931507,1067.45,1181.01555555556,14.2817229832572
"72","nationalcapital",2010,72,0.32816,14.3040684931507,1067.45,1181.01555555556,14.2817229832572
"73","nationalcapital",2010,73,0.32852,14.3040684931507,1067.45,1181.01555555556,14.2817229832572
"74","nationalcapital",2010,74,0.32896,14.3040684931507,1067.45,1181.01555555556,14.2817229832572
"75","nationalcapital",2010,75,0.32948,14.3040684931507,1067.45,1181.01555555556,14.2817229832572
"76","nationalcapital",2010,76,0.33005,14.3040684931507,1067.45,1181.01555555556,14.2817229832572
"77","nationalcapital",2010,77,0.33064,14.3040684931507,1067.45,1181.01555555556,14.2817229832572
"78","nationalcapital",2010,78,0.33127,14.3040684931507,1067.45,1181.01555555556,14.2817229832572
"79","nationalcapital",2010,79,0.33194,14.3040684931507,1067.45,1181.01555555556,14.2817229832572
"80","nationalcapital",2010,80,0.33267,14.3040684931507,1067.45,1181.01555555556,14.2817229832572
"81","nationalcapital",2010,81,0.33349,14.3040684931507,1067.45,1181.01555555556,14.2817229832572
"82","nationalcapital",2010,82,0.3344,14.3040684931507,1067.45,1181.01555555556,14.2817229832572
"83","nationalcapital",2010,83,0.33545,14.3040684931507,1067.45,1181.01555555556,14.2817229832572
"84","nationalcapital",2010,84,0.33663,14.3040684931507,1067.45,1181.01555555556,14.2817229832572
"85","nationalcapital",2010,85,0.33792,14.3040684931507,1067.45,1181.01555555556,14.2817229832572
"86","nationalcapital",2010,86,0.33927,14.3040684931507,1067.45,1181.01555555556,14.2817229832572
"87","nationalcapital",2010,87,0.34066,14.3040684931507,1067.45,1181.01555555556,14.2817229832572
"88","nationalcapital",2010,88,0.34206,14.3040684931507,1067.45,1181.01555555556,14.2817229832572
"89","nationalcapital",2010,89,0.34344,14.3040684931507,1067.45,1181.01555555556,14.2817229832572
"90","nationalcapital",2010,90,0.34481,14.3040684931507,1067.45,1181.01555555556,14.2817229832572
"91","nationalcapital",2010,91,0.34622,14.3040684931507,1067.45,1181.01555555556,14.2817229832572
"92","nationalcapital",2010,92,0.34768,14.3040684931507,1067.45,1181.01555555556,14.2817229832572
"93","nationalcapital",2010,93,0.3492,14.3040684931507,1067.45,1181.01555555556,14.2817229832572
"94","nationalcapital",2010,94,0.35079,14.3040684931507,1067.45,1181.01555555556,14.2817229832572
"95","nationalcapital",2010,95,0.35245,14.3040684931507,1067.45,1181.01555555556,14.2817229832572
"96","nationalcapital",2010,96,0.35419,14.3040684931507,1067.45,1181.01555555556,14.2817229832572
"97","nationalcapital",2010,97,0.35642,14.3040684931507,1067.45,1181.01555555556,14.2817229832572
"98","nationalcapital",2010,98,0.35932,14.3040684931507,1067.45,1181.01555555556,14.2817229832572
"99","nationalcapital",2010,99,0.36263,14.3040684931507,1067.45,1181.01555555556,14.2817229832572
"100","nationalcapital",2010,100,0.36609,14.3040684931507,1067.45,1181.01555555556,14.2817229832572
"101","nationalcapital",2010,101,0.36942,14.3040684931507,1067.45,1181.01555555556,14.2817229832572
"102","nationalcapital",2010,102,0.37236,14.3040684931507,1067.45,1181.01555555556,14.2817229832572
"103","nationalcapital",2010,103,0.37463,14.3040684931507,1067.45,1181.01555555556,14.2817229832572
"104","nationalcapital",2010,104,0.37645,14.3040684931507,1067.45,1181.01555555556,14.2817229832572
"105","nationalcapital",2010,105,0.37817,14.3040684931507,1067.45,1181.01555555556,14.2817229832572
"106","nationalcapital",2010,106,0.3798,14.3040684931507,1067.45,1181.01555555556,14.2817229832572
"107","nationalcapital",2010,107,0.38132,14.3040684931507,1067.45,1181.01555555556,14.2817229832572
"108","nationalcapital",2010,108,0.38273,14.3040684931507,1067.45,1181.01555555556,14.2817229832572
"109","nationalcapital",2010,109,0.38401,14.3040684931507,1067.45,1181.01555555556,14.2817229832572
"110","nationalcapital",2010,110,0.38516,14.3040684931507,1067.45,1181.01555555556,14.2817229832572
"111","nationalcapital",2010,111,0.38621,14.3040684931507,1067.45,1181.01555555556,14.2817229832572
"112","nationalcapital",2010,112,0.3872,14.3040684931507,1067.45,1181.01555555556,14.2817229832572
"113","nationalcapital",2010,113,0.38808,14.3040684931507,1067.45,1181.01555555556,14.2817229832572
"114","nationalcapital",2010,114,0.38883,14.3040684931507,1067.45,1181.01555555556,14.2817229832572
"115","nationalcapital",2010,115,0.38969,14.3040684931507,1067.45,1181.01555555556,14.2817229832572
"116","nationalcapital",2010,116,0.39075,14.3040684931507,1067.45,1181.01555555556,14.2817229832572
"117","nationalcapital",2010,117,0.3918,14.3040684931507,1067.45,1181.01555555556,14.2817229832572
"118","nationalcapital",2010,118,0.39259,14.3040684931507,1067.45,1181.01555555556,14.2817229832572
"119","nationalcapital",2010,119,0.39307,14.3040684931507,1067.45,1181.01555555556,14.2817229832572
"120","nationalcapital",2010,120,0.39337,14.3040684931507,1067.45,1181.01555555556,14.2817229832572
"121","nationalcapital",2010,121,0.39352,14.3040684931507,1067.45,1181.01555555556,14.2817229832572
"122","nationalcapital",2010,122,0.39354,14.3040684931507,1067.45,1181.01555555556,14.2817229832572
"123","nationalcapital",2010,123,0.39348,14.3040684931507,1067.45,1181.01555555556,14.2817229832572
"124","nationalcapital",2010,124,0.39335,14.3040684931507,1067.45,1181.01555555556,14.2817229832572
"125","nationalcapital",2010,125,0.3932,14.3040684931507,1067.45,1181.01555555556,14.2817229832572
"126","nationalcapital",2010,126,0.39288,14.3040684931507,1067.45,1181.01555555556,14.2817229832572
"127","nationalcapital",2010,127,0.39229,14.3040684931507,1067.45,1181.01555555556,14.2817229832572
"128","nationalcapital",2010,128,0.39154,14.3040684931507,1067.45,1181.01555555556,14.2817229832572
"129","nationalcapital",2010,129,0.39071,14.3040684931507,1067.45,1181.01555555556,14.2817229832572
"130","nationalcapital",2010,130,0.3899,14.3040684931507,1067.45,1181.01555555556,14.2817229832572
"131","nationalcapital",2010,131,0.38921,14.3040684931507,1067.45,1181.01555555556,14.2817229832572
"132","nationalcapital",2010,132,0.38874,14.3040684931507,1067.45,1181.01555555556,14.2817229832572
"133","nationalcapital",2010,133,0.38833,14.3040684931507,1067.45,1181.01555555556,14.2817229832572
"134","nationalcapital",2010,134,0.38784,14.3040684931507,1067.45,1181.01555555556,14.2817229832572
"135","nationalcapital",2010,135,0.38733,14.3040684931507,1067.45,1181.01555555556,14.2817229832572
"136","nationalcapital",2010,136,0.38688,14.3040684931507,1067.45,1181.01555555556,14.2817229832572
"137","nationalcapital",2010,137,0.38653,14.3040684931507,1067.45,1181.01555555556,14.2817229832572
"138","nationalcapital",2010,138,0.38637,14.3040684931507,1067.45,1181.01555555556,14.2817229832572
"139","nationalcapital",2010,139,0.38646,14.3040684931507,1067.45,1181.01555555556,14.2817229832572
"140","nationalcapital",2010,140,0.38679,14.3040684931507,1067.45,1181.01555555556,14.2817229832572
"141","nationalcapital",2010,141,0.3873,14.3040684931507,1067.45,1181.01555555556,14.2817229832572
"142","nationalcapital",2010,142,0.38798,14.3040684931507,1067.45,1181.01555555556,14.2817229832572
"143","nationalcapital",2010,143,0.3888,14.3040684931507,1067.45,1181.01555555556,14.2817229832572
"144","nationalcapital",2010,144,0.38973,14.3040684931507,1067.45,1181.01555555556,14.2817229832572
"145","nationalcapital",2010,145,0.39075,14.3040684931507,1067.45,1181.01555555556,14.2817229832572
"146","nationalcapital",2010,146,0.39184,14.3040684931507,1067.45,1181.01555555556,14.2817229832572
"147","nationalcapital",2010,147,0.39325,14.3040684931507,1067.45,1181.01555555556,14.2817229832572
"148","nationalcapital",2010,148,0.39514,14.3040684931507,1067.45,1181.01555555556,14.2817229832572
"149","nationalcapital",2010,149,0.39729,14.3040684931507,1067.45,1181.01555555556,14.2817229832572
"150","nationalcapital",2010,150,0.39952,14.3040684931507,1067.45,1181.01555555556,14.2817229832572
"151","nationalcapital",2010,151,0.40162,14.3040684931507,1067.45,1181.01555555556,14.2817229832572
"152","nationalcapital",2010,152,0.4034,14.3040684931507,1067.45,1181.01555555556,14.2817229832572
"153","nationalcapital",2010,153,0.40465,14.3040684931507,1067.45,1181.01555555556,14.2817229832572
"154","nationalcapital",2010,154,0.40549,14.3040684931507,1067.45,1181.01555555556,14.2817229832572
"155","nationalcapital",2010,155,0.40618,14.3040684931507,1067.45,1181.01555555556,14.2817229832572
"156","nationalcapital",2010,156,0.40671,14.3040684931507,1067.45,1181.01555555556,14.2817229832572
"157","nationalcapital",2010,157,0.40709,14.3040684931507,1067.45,1181.01555555556,14.2817229832572
"158","nationalcapital",2010,158,0.40731,14.3040684931507,1067.45,1181.01555555556,14.2817229832572
"159","nationalcapital",2010,159,0.40737,14.3040684931507,1067.45,1181.01555555556,14.2817229832572
"160","nationalcapital",2010,160,0.40727,14.3040684931507,1067.45,1181.01555555556,14.2817229832572
"161","nationalcapital",2010,161,0.40679,14.3040684931507,1067.45,1181.01555555556,14.2817229832572
"162","nationalcapital",2010,162,0.40582,14.3040684931507,1067.45,1181.01555555556,14.2817229832572
"163","nationalcapital",2010,163,0.40451,14.3040684931507,1067.45,1181.01555555556,14.2817229832572
"164","nationalcapital",2010,164,0.40306,14.3040684931507,1067.45,1181.01555555556,14.2817229832572
"165","nationalcapital",2010,165,0.40162,14.3040684931507,1067.45,1181.01555555556,14.2817229832572
"166","nationalcapital",2010,166,0.40038,14.3040684931507,1067.45,1181.01555555556,14.2817229832572
"167","nationalcapital",2010,167,0.39949,14.3040684931507,1067.45,1181.01555555556,14.2817229832572
"168","nationalcapital",2010,168,0.39876,14.3040684931507,1067.45,1181.01555555556,14.2817229832572
"169","nationalcapital",2010,169,0.39795,14.3040684931507,1067.45,1181.01555555556,14.2817229832572
"170","nationalcapital",2010,170,0.39723,14.3040684931507,1067.45,1181.01555555556,14.2817229832572
"171","nationalcapital",2010,171,0.39675,14.3040684931507,1067.45,1181.01555555556,14.2817229832572
"172","nationalcapital",2010,172,0.39679,14.3040684931507,1067.45,1181.01555555556,14.2817229832572
"173","nationalcapital",2010,173,0.39727,14.3040684931507,1067.45,1181.01555555556,14.2817229832572
"174","nationalcapital",2010,174,0.39779,14.3040684931507,1067.45,1181.01555555556,14.2817229832572
"175","nationalcapital",2010,175,0.39796,14.3040684931507,1067.45,1181.01555555556,14.2817229832572
"176","nationalcapital",2010,176,0.39783,14.3040684931507,1067.45,1181.01555555556,14.2817229832572
"177","nationalcapital",2010,177,0.39772,14.3040684931507,1067.45,1181.01555555556,14.2817229832572
"178","nationalcapital",2010,178,0.39761,14.3040684931507,1067.45,1181.01555555556,14.2817229832572
"179","nationalcapital",2010,179,0.39747,14.3040684931507,1067.45,1181.01555555556,14.2817229832572
"180","nationalcapital",2010,180,0.39728,14.3040684931507,1067.45,1181.01555555556,14.2817229832572
"181","nationalcapital",2010,181,0.39703,14.3040684931507,1067.45,1181.01555555556,14.2817229832572
"182","nationalcapital",2010,182,0.3967,14.3040684931507,1067.45,1181.01555555556,14.2817229832572
"183","nationalcapital",2010,183,0.39623,14.3040684931507,1067.45,1181.01555555556,14.2817229832572
"184","nationalcapital",2010,184,0.39561,14.3040684931507,1067.45,1181.01555555556,14.2817229832572
"185","nationalcapital",2010,185,0.3949,14.3040684931507,1067.45,1181.01555555556,14.2817229832572
"186","nationalcapital",2010,186,0.39416,14.3040684931507,1067.45,1181.01555555556,14.2817229832572
"187","nationalcapital",2010,187,0.39346,14.3040684931507,1067.45,1181.01555555556,14.2817229832572
"188","nationalcapital",2010,188,0.39284,14.3040684931507,1067.45,1181.01555555556,14.2817229832572
"189","nationalcapital",2010,189,0.39238,14.3040684931507,1067.45,1181.01555555556,14.2817229832572
"190","nationalcapital",2010,190,0.39199,14.3040684931507,1067.45,1181.01555555556,14.2817229832572
"191","nationalcapital",2010,191,0.39157,14.3040684931507,1067.45,1181.01555555556,14.2817229832572
"192","nationalcapital",2010,192,0.39116,14.3040684931507,1067.45,1181.01555555556,14.2817229832572
"193","nationalcapital",2010,193,0.39081,14.3040684931507,1067.45,1181.01555555556,14.2817229832572
"194","nationalcapital",2010,194,0.39057,14.3040684931507,1067.45,1181.01555555556,14.2817229832572
"195","nationalcapital",2010,195,0.39048,14.3040684931507,1067.45,1181.01555555556,14.2817229832572
"196","nationalcapital",2010,196,0.39059,14.3040684931507,1067.45,1181.01555555556,14.2817229832572
"197","nationalcapital",2010,197,0.39094,14.3040684931507,1067.45,1181.01555555556,14.2817229832572
"198","nationalcapital",2010,198,0.39151,14.3040684931507,1067.45,1181.01555555556,14.2817229832572
"199","nationalcapital",2010,199,0.39218,14.3040684931507,1067.45,1181.01555555556,14.2817229832572
"200","nationalcapital",2010,200,0.39285,14.3040684931507,1067.45,1181.01555555556,14.2817229832572
"201","nationalcapital",2010,201,0.39343,14.3040684931507,1067.45,1181.01555555556,14.2817229832572
"202","nationalcapital",2010,202,0.3938,14.3040684931507,1067.45,1181.01555555556,14.2817229832572
"203","nationalcapital",2010,203,0.39386,14.3040684931507,1067.45,1181.01555555556,14.2817229832572
"204","nationalcapital",2010,204,0.39361,14.3040684931507,1067.45,1181.01555555556,14.2817229832572
"205","nationalcapital",2010,205,0.39316,14.3040684931507,1067.45,1181.01555555556,14.2817229832572
"206","nationalcapital",2010,206,0.39256,14.3040684931507,1067.45,1181.01555555556,14.2817229832572
"207","nationalcapital",2010,207,0.39187,14.3040684931507,1067.45,1181.01555555556,14.2817229832572
"208","nationalcapital",2010,208,0.39114,14.3040684931507,1067.45,1181.01555555556,14.2817229832572
"209","nationalcapital",2010,209,0.39045,14.3040684931507,1067.45,1181.01555555556,14.2817229832572
"210","nationalcapital",2010,210,0.38983,14.3040684931507,1067.45,1181.01555555556,14.2817229832572
"211","nationalcapital",2010,211,0.38922,14.3040684931507,1067.45,1181.01555555556,14.2817229832572
"212","nationalcapital",2010,212,0.38854,14.3040684931507,1067.45,1181.01555555556,14.2817229832572
"213","nationalcapital",2010,213,0.38781,14.3040684931507,1067.45,1181.01555555556,14.2817229832572
"214","nationalcapital",2010,214,0.3871,14.3040684931507,1067.45,1181.01555555556,14.2817229832572
"215","nationalcapital",2010,215,0.38645,14.3040684931507,1067.45,1181.01555555556,14.2817229832572
"216","nationalcapital",2010,216,0.38591,14.3040684931507,1067.45,1181.01555555556,14.2817229832572
"217","nationalcapital",2010,217,0.38551,14.3040684931507,1067.45,1181.01555555556,14.2817229832572
"218","nationalcapital",2010,218,0.38522,14.3040684931507,1067.45,1181.01555555556,14.2817229832572
"219","nationalcapital",2010,219,0.38498,14.3040684931507,1067.45,1181.01555555556,14.2817229832572
"220","nationalcapital",2010,220,0.38477,14.3040684931507,1067.45,1181.01555555556,14.2817229832572
"221","nationalcapital",2010,221,0.38461,14.3040684931507,1067.45,1181.01555555556,14.2817229832572
"222","nationalcapital",2010,222,0.38448,14.3040684931507,1067.45,1181.01555555556,14.2817229832572
"223","nationalcapital",2010,223,0.3844,14.3040684931507,1067.45,1181.01555555556,14.2817229832572
"224","nationalcapital",2010,224,0.38435,14.3040684931507,1067.45,1181.01555555556,14.2817229832572
"225","nationalcapital",2010,225,0.38438,14.3040684931507,1067.45,1181.01555555556,14.2817229832572
"226","nationalcapital",2010,226,0.3845,14.3040684931507,1067.45,1181.01555555556,14.2817229832572
"227","nationalcapital",2010,227,0.38469,14.3040684931507,1067.45,1181.01555555556,14.2817229832572
"228","nationalcapital",2010,228,0.3849,14.3040684931507,1067.45,1181.01555555556,14.2817229832572
"229","nationalcapital",2010,229,0.38511,14.3040684931507,1067.45,1181.01555555556,14.2817229832572
"230","nationalcapital",2010,230,0.38529,14.3040684931507,1067.45,1181.01555555556,14.2817229832572
"231","nationalcapital",2010,231,0.3854,14.3040684931507,1067.45,1181.01555555556,14.2817229832572
"232","nationalcapital",2010,232,0.3855,14.3040684931507,1067.45,1181.01555555556,14.2817229832572
"233","nationalcapital",2010,233,0.38563,14.3040684931507,1067.45,1181.01555555556,14.2817229832572
"234","nationalcapital",2010,234,0.38577,14.3040684931507,1067.45,1181.01555555556,14.2817229832572
"235","nationalcapital",2010,235,0.38589,14.3040684931507,1067.45,1181.01555555556,14.2817229832572
"236","nationalcapital",2010,236,0.38596,14.3040684931507,1067.45,1181.01555555556,14.2817229832572
"237","nationalcapital",2010,237,0.38595,14.3040684931507,1067.45,1181.01555555556,14.2817229832572
"238","nationalcapital",2010,238,0.38584,14.3040684931507,1067.45,1181.01555555556,14.2817229832572
"239","nationalcapital",2010,239,0.38561,14.3040684931507,1067.45,1181.01555555556,14.2817229832572
"240","nationalcapital",2010,240,0.38527,14.3040684931507,1067.45,1181.01555555556,14.2817229832572
"241","nationalcapital",2010,241,0.38485,14.3040684931507,1067.45,1181.01555555556,14.2817229832572
"242","nationalcapital",2010,242,0.38441,14.3040684931507,1067.45,1181.01555555556,14.2817229832572
"243","nationalcapital",2010,243,0.38396,14.3040684931507,1067.45,1181.01555555556,14.2817229832572
"244","nationalcapital",2010,244,0.38354,14.3040684931507,1067.45,1181.01555555556,14.2817229832572
"245","nationalcapital",2010,245,0.3832,14.3040684931507,1067.45,1181.01555555556,14.2817229832572
"246","nationalcapital",2010,246,0.38291,14.3040684931507,1067.45,1181.01555555556,14.2817229832572
"247","nationalcapital",2010,247,0.38264,14.3040684931507,1067.45,1181.01555555556,14.2817229832572
"248","nationalcapital",2010,248,0.38239,14.3040684931507,1067.45,1181.01555555556,14.2817229832572
"249","nationalcapital",2010,249,0.38215,14.3040684931507,1067.45,1181.01555555556,14.2817229832572
"250","nationalcapital",2010,250,0.38194,14.3040684931507,1067.45,1181.01555555556,14.2817229832572
"251","nationalcapital",2010,251,0.38175,14.3040684931507,1067.45,1181.01555555556,14.2817229832572
"252","nationalcapital",2010,252,0.38158,14.3040684931507,1067.45,1181.01555555556,14.2817229832572
"253","nationalcapital",2010,253,0.38151,14.3040684931507,1067.45,1181.01555555556,14.2817229832572
"254","nationalcapital",2010,254,0.38156,14.3040684931507,1067.45,1181.01555555556,14.2817229832572
"255","nationalcapital",2010,255,0.38167,14.3040684931507,1067.45,1181.01555555556,14.2817229832572
"256","nationalcapital",2010,256,0.38178,14.3040684931507,1067.45,1181.01555555556,14.2817229832572
"257","nationalcapital",2010,257,0.38181,14.3040684931507,1067.45,1181.01555555556,14.2817229832572
"258","nationalcapital",2010,258,0.38172,14.3040684931507,1067.45,1181.01555555556,14.2817229832572
"259","nationalcapital",2010,259,0.38142,14.3040684931507,1067.45,1181.01555555556,14.2817229832572
"260","nationalcapital",2010,260,0.38086,14.3040684931507,1067.45,1181.01555555556,14.2817229832572
"261","nationalcapital",2010,261,0.38004,14.3040684931507,1067.45,1181.01555555556,14.2817229832572
"262","nationalcapital",2010,262,0.37907,14.3040684931507,1067.45,1181.01555555556,14.2817229832572
"263","nationalcapital",2010,263,0.37804,14.3040684931507,1067.45,1181.01555555556,14.2817229832572
"264","nationalcapital",2010,264,0.37705,14.3040684931507,1067.45,1181.01555555556,14.2817229832572
"265","nationalcapital",2010,265,0.37619,14.3040684931507,1067.45,1181.01555555556,14.2817229832572
"266","nationalcapital",2010,266,0.37556,14.3040684931507,1067.45,1181.01555555556,14.2817229832572
"267","nationalcapital",2010,267,0.37512,14.3040684931507,1067.45,1181.01555555556,14.2817229832572
"268","nationalcapital",2010,268,0.37473,14.3040684931507,1067.45,1181.01555555556,14.2817229832572
"269","nationalcapital",2010,269,0.37441,14.3040684931507,1067.45,1181.01555555556,14.2817229832572
"270","nationalcapital",2010,270,0.37413,14.3040684931507,1067.45,1181.01555555556,14.2817229832572
"271","nationalcapital",2010,271,0.37387,14.3040684931507,1067.45,1181.01555555556,14.2817229832572
"272","nationalcapital",2010,272,0.37364,14.3040684931507,1067.45,1181.01555555556,14.2817229832572
"273","nationalcapital",2010,273,0.37341,14.3040684931507,1067.45,1181.01555555556,14.2817229832572
"274","nationalcapital",2010,274,0.37333,14.3040684931507,1067.45,1181.01555555556,14.2817229832572
"275","nationalcapital",2010,275,0.37349,14.3040684931507,1067.45,1181.01555555556,14.2817229832572
"276","nationalcapital",2010,276,0.37378,14.3040684931507,1067.45,1181.01555555556,14.2817229832572
"277","nationalcapital",2010,277,0.37409,14.3040684931507,1067.45,1181.01555555556,14.2817229832572
"278","nationalcapital",2010,278,0.37431,14.3040684931507,1067.45,1181.01555555556,14.2817229832572
"279","nationalcapital",2010,279,0.37434,14.3040684931507,1067.45,1181.01555555556,14.2817229832572
"280","nationalcapital",2010,280,0.37405,14.3040684931507,1067.45,1181.01555555556,14.2817229832572
"281","nationalcapital",2010,281,0.37354,14.3040684931507,1067.45,1181.01555555556,14.2817229832572
"282","nationalcapital",2010,282,0.37293,14.3040684931507,1067.45,1181.01555555556,14.2817229832572
"283","nationalcapital",2010,283,0.37222,14.3040684931507,1067.45,1181.01555555556,14.2817229832572
"284","nationalcapital",2010,284,0.37138,14.3040684931507,1067.45,1181.01555555556,14.2817229832572
"285","nationalcapital",2010,285,0.3702,14.3040684931507,1067.45,1181.01555555556,14.2817229832572
"286","nationalcapital",2010,286,0.36866,14.3040684931507,1067.45,1181.01555555556,14.2817229832572
"287","nationalcapital",2010,287,0.36705,14.3040684931507,1067.45,1181.01555555556,14.2817229832572
"288","nationalcapital",2010,288,0.36563,14.3040684931507,1067.45,1181.01555555556,14.2817229832572
"289","nationalcapital",2010,289,0.36435,14.3040684931507,1067.45,1181.01555555556,14.2817229832572
"290","nationalcapital",2010,290,0.36296,14.3040684931507,1067.45,1181.01555555556,14.2817229832572
"291","nationalcapital",2010,291,0.3615,14.3040684931507,1067.45,1181.01555555556,14.2817229832572
"292","nationalcapital",2010,292,0.36001,14.3040684931507,1067.45,1181.01555555556,14.2817229832572
"293","nationalcapital",2010,293,0.35854,14.3040684931507,1067.45,1181.01555555556,14.2817229832572
"294","nationalcapital",2010,294,0.35713,14.3040684931507,1067.45,1181.01555555556,14.2817229832572
"295","nationalcapital",2010,295,0.35581,14.3040684931507,1067.45,1181.01555555556,14.2817229832572
"296","nationalcapital",2010,296,0.35457,14.3040684931507,1067.45,1181.01555555556,14.2817229832572
"297","nationalcapital",2010,297,0.35337,14.3040684931507,1067.45,1181.01555555556,14.2817229832572
"298","nationalcapital",2010,298,0.3522,14.3040684931507,1067.45,1181.01555555556,14.2817229832572
"299","nationalcapital",2010,299,0.35106,14.3040684931507,1067.45,1181.01555555556,14.2817229832572
"300","nationalcapital",2010,300,0.34994,14.3040684931507,1067.45,1181.01555555556,14.2817229832572
"301","nationalcapital",2010,301,0.34884,14.3040684931507,1067.45,1181.01555555556,14.2817229832572
"302","nationalcapital",2010,302,0.34774,14.3040684931507,1067.45,1181.01555555556,14.2817229832572
"303","nationalcapital",2010,303,0.34667,14.3040684931507,1067.45,1181.01555555556,14.2817229832572
"304","nationalcapital",2010,304,0.34564,14.3040684931507,1067.45,1181.01555555556,14.2817229832572
"305","nationalcapital",2010,305,0.34463,14.3040684931507,1067.45,1181.01555555556,14.2817229832572
"306","nationalcapital",2010,306,0.34362,14.3040684931507,1067.45,1181.01555555556,14.2817229832572
"307","nationalcapital",2010,307,0.34259,14.3040684931507,1067.45,1181.01555555556,14.2817229832572
"308","nationalcapital",2010,308,0.34153,14.3040684931507,1067.45,1181.01555555556,14.2817229832572
"309","nationalcapital",2010,309,0.34042,14.3040684931507,1067.45,1181.01555555556,14.2817229832572
"310","nationalcapital",2010,310,0.33927,14.3040684931507,1067.45,1181.01555555556,14.2817229832572
"311","nationalcapital",2010,311,0.33811,14.3040684931507,1067.45,1181.01555555556,14.2817229832572
"312","nationalcapital",2010,312,0.33694,14.3040684931507,1067.45,1181.01555555556,14.2817229832572
"313","nationalcapital",2010,313,0.33575,14.3040684931507,1067.45,1181.01555555556,14.2817229832572
"314","nationalcapital",2010,314,0.33454,14.3040684931507,1067.45,1181.01555555556,14.2817229832572
"315","nationalcapital",2010,315,0.33331,14.3040684931507,1067.45,1181.01555555556,14.2817229832572
"316","nationalcapital",2010,316,0.33206,14.3040684931507,1067.45,1181.01555555556,14.2817229832572
"317","nationalcapital",2010,317,0.33067,14.3040684931507,1067.45,1181.01555555556,14.2817229832572
"318","nationalcapital",2010,318,0.32908,14.3040684931507,1067.45,1181.01555555556,14.2817229832572
"319","nationalcapital",2010,319,0.3274,14.3040684931507,1067.45,1181.01555555556,14.2817229832572
"320","nationalcapital",2010,320,0.32572,14.3040684931507,1067.45,1181.01555555556,14.2817229832572
"321","nationalcapital",2010,321,0.32415,14.3040684931507,1067.45,1181.01555555556,14.2817229832572
"322","nationalcapital",2010,322,0.32278,14.3040684931507,1067.45,1181.01555555556,14.2817229832572
"323","nationalcapital",2010,323,0.32172,14.3040684931507,1067.45,1181.01555555556,14.2817229832572
"324","nationalcapital",2010,324,0.32092,14.3040684931507,1067.45,1181.01555555556,14.2817229832572
"325","nationalcapital",2010,325,0.32026,14.3040684931507,1067.45,1181.01555555556,14.2817229832572
"326","nationalcapital",2010,326,0.31972,14.3040684931507,1067.45,1181.01555555556,14.2817229832572
"327","nationalcapital",2010,327,0.31931,14.3040684931507,1067.45,1181.01555555556,14.2817229832572
"328","nationalcapital",2010,328,0.319,14.3040684931507,1067.45,1181.01555555556,14.2817229832572
"329","nationalcapital",2010,329,0.31879,14.3040684931507,1067.45,1181.01555555556,14.2817229832572
"330","nationalcapital",2010,330,0.31867,14.3040684931507,1067.45,1181.01555555556,14.2817229832572
"331","nationalcapital",2010,331,0.31877,14.3040684931507,1067.45,1181.01555555556,14.2817229832572
"332","nationalcapital",2010,332,0.31918,14.3040684931507,1067.45,1181.01555555556,14.2817229832572
"333","nationalcapital",2010,333,0.31979,14.3040684931507,1067.45,1181.01555555556,14.2817229832572
"334","nationalcapital",2010,334,0.32051,14.3040684931507,1067.45,1181.01555555556,14.2817229832572
"335","nationalcapital",2010,335,0.32125,14.3040684931507,1067.45,1181.01555555556,14.2817229832572
"336","nationalcapital",2010,336,0.32191,14.3040684931507,1067.45,1181.01555555556,14.2817229832572
"337","nationalcapital",2010,337,0.32239,14.3040684931507,1067.45,1181.01555555556,14.2817229832572
"338","nationalcapital",2010,338,0.3228,14.3040684931507,1067.45,1181.01555555556,14.2817229832572
"339","nationalcapital",2010,339,0.32325,14.3040684931507,1067.45,1181.01555555556,14.2817229832572
"340","nationalcapital",2010,340,0.32366,14.3040684931507,1067.45,1181.01555555556,14.2817229832572
"341","nationalcapital",2010,341,0.32395,14.3040684931507,1067.45,1181.01555555556,14.2817229832572
"342","nationalcapital",2010,342,0.32409,14.3040684931507,1067.45,1181.01555555556,14.2817229832572
"343","nationalcapital",2010,343,0.32415,14.3040684931507,1067.45,1181.01555555556,14.2817229832572
"344","nationalcapital",2010,344,0.32415,14.3040684931507,1067.45,1181.01555555556,14.2817229832572
"345","nationalcapital",2010,345,0.32416,14.3040684931507,1067.45,1181.01555555556,14.2817229832572
"346","nationalcapital",2010,346,0.32413,14.3040684931507,1067.45,1181.01555555556,14.2817229832572
"347","nationalcapital",2010,347,0.32405,14.3040684931507,1067.45,1181.01555555556,14.2817229832572
"348","nationalcapital",2010,348,0.32392,14.3040684931507,1067.45,1181.01555555556,14.2817229832572
"349","nationalcapital",2010,349,0.32377,14.3040684931507,1067.45,1181.01555555556,14.2817229832572
"350","nationalcapital",2010,350,0.3236,14.3040684931507,1067.45,1181.01555555556,14.2817229832572
"351","nationalcapital",2010,351,0.32344,14.3040684931507,1067.45,1181.01555555556,14.2817229832572
"352","nationalcapital",2010,352,0.32331,14.3040684931507,1067.45,1181.01555555556,14.2817229832572
"353","nationalcapital",2010,353,0.32316,14.3040684931507,1067.45,1181.01555555556,14.2817229832572
"354","nationalcapital",2010,354,0.32299,14.3040684931507,1067.45,1181.01555555556,14.2817229832572
"355","nationalcapital",2010,355,0.32279,14.3040684931507,1067.45,1181.01555555556,14.2817229832572
"356","nationalcapital",2010,356,0.32259,14.3040684931507,1067.45,1181.01555555556,14.2817229832572
"357","nationalcapital",2010,357,0.32239,14.3040684931507,1067.45,1181.01555555556,14.2817229832572
"358","nationalcapital",2010,358,0.32221,14.3040684931507,1067.45,1181.01555555556,14.2817229832572
"359","nationalcapital",2010,359,0.32207,14.3040684931507,1067.45,1181.01555555556,14.2817229832572
"360","nationalcapital",2010,360,0.32197,14.3040684931507,1067.45,1181.01555555556,14.2817229832572
"361","nationalcapital",2010,361,0.32192,14.3040684931507,1067.45,1181.01555555556,14.2817229832572
"362","nationalcapital",2010,362,0.3219,14.3040684931507,1067.45,1181.01555555556,14.2817229832572
"363","nationalcapital",2010,363,0.32189,14.3040684931507,1067.45,1181.01555555556,14.2817229832572
"364","nationalcapital",2010,364,0.32186,14.3040684931507,1067.45,1181.01555555556,14.2817229832572
"365","nationalcapital",2010,365,0.32182,14.3040684931507,1067.45,1181.01555555556,14.2817229832572
"366","nationalcapital",2011,1,0.32173,14.6265753424658,1271.76,1181.01555555556,14.2817229832572
"367","nationalcapital",2011,2,0.32162,14.6265753424658,1271.76,1181.01555555556,14.2817229832572
"368","nationalcapital",2011,3,0.32152,14.6265753424658,1271.76,1181.01555555556,14.2817229832572
"369","nationalcapital",2011,4,0.32142,14.6265753424658,1271.76,1181.01555555556,14.2817229832572
"370","nationalcapital",2011,5,0.32131,14.6265753424658,1271.76,1181.01555555556,14.2817229832572
"371","nationalcapital",2011,6,0.3212,14.6265753424658,1271.76,1181.01555555556,14.2817229832572
"372","nationalcapital",2011,7,0.32109,14.6265753424658,1271.76,1181.01555555556,14.2817229832572
"373","nationalcapital",2011,8,0.32096,14.6265753424658,1271.76,1181.01555555556,14.2817229832572
"374","nationalcapital",2011,9,0.32075,14.6265753424658,1271.76,1181.01555555556,14.2817229832572
"375","nationalcapital",2011,10,0.32042,14.6265753424658,1271.76,1181.01555555556,14.2817229832572
"376","nationalcapital",2011,11,0.32003,14.6265753424658,1271.76,1181.01555555556,14.2817229832572
"377","nationalcapital",2011,12,0.31962,14.6265753424658,1271.76,1181.01555555556,14.2817229832572
"378","nationalcapital",2011,13,0.31925,14.6265753424658,1271.76,1181.01555555556,14.2817229832572
"379","nationalcapital",2011,14,0.31895,14.6265753424658,1271.76,1181.01555555556,14.2817229832572
"380","nationalcapital",2011,15,0.31879,14.6265753424658,1271.76,1181.01555555556,14.2817229832572
"381","nationalcapital",2011,16,0.31876,14.6265753424658,1271.76,1181.01555555556,14.2817229832572
"382","nationalcapital",2011,17,0.31884,14.6265753424658,1271.76,1181.01555555556,14.2817229832572
"383","nationalcapital",2011,18,0.31899,14.6265753424658,1271.76,1181.01555555556,14.2817229832572
"384","nationalcapital",2011,19,0.31918,14.6265753424658,1271.76,1181.01555555556,14.2817229832572
"385","nationalcapital",2011,20,0.31939,14.6265753424658,1271.76,1181.01555555556,14.2817229832572
"386","nationalcapital",2011,21,0.3196,14.6265753424658,1271.76,1181.01555555556,14.2817229832572
"387","nationalcapital",2011,22,0.31977,14.6265753424658,1271.76,1181.01555555556,14.2817229832572
"388","nationalcapital",2011,23,0.32,14.6265753424658,1271.76,1181.01555555556,14.2817229832572
"389","nationalcapital",2011,24,0.32034,14.6265753424658,1271.76,1181.01555555556,14.2817229832572
"390","nationalcapital",2011,25,0.32076,14.6265753424658,1271.76,1181.01555555556,14.2817229832572
"391","nationalcapital",2011,26,0.32122,14.6265753424658,1271.76,1181.01555555556,14.2817229832572
"392","nationalcapital",2011,27,0.32166,14.6265753424658,1271.76,1181.01555555556,14.2817229832572
"393","nationalcapital",2011,28,0.32205,14.6265753424658,1271.76,1181.01555555556,14.2817229832572
"394","nationalcapital",2011,29,0.32235,14.6265753424658,1271.76,1181.01555555556,14.2817229832572
"395","nationalcapital",2011,30,0.32244,14.6265753424658,1271.76,1181.01555555556,14.2817229832572
"396","nationalcapital",2011,31,0.32232,14.6265753424658,1271.76,1181.01555555556,14.2817229832572
"397","nationalcapital",2011,32,0.32214,14.6265753424658,1271.76,1181.01555555556,14.2817229832572
"398","nationalcapital",2011,33,0.32202,14.6265753424658,1271.76,1181.01555555556,14.2817229832572
"399","nationalcapital",2011,34,0.32181,14.6265753424658,1271.76,1181.01555555556,14.2817229832572
"400","nationalcapital",2011,35,0.32139,14.6265753424658,1271.76,1181.01555555556,14.2817229832572
"401","nationalcapital",2011,36,0.32095,14.6265753424658,1271.76,1181.01555555556,14.2817229832572
"402","nationalcapital",2011,37,0.32069,14.6265753424658,1271.76,1181.01555555556,14.2817229832572
"403","nationalcapital",2011,38,0.32055,14.6265753424658,1271.76,1181.01555555556,14.2817229832572
"404","nationalcapital",2011,39,0.32034,14.6265753424658,1271.76,1181.01555555556,14.2817229832572
"405","nationalcapital",2011,40,0.32012,14.6265753424658,1271.76,1181.01555555556,14.2817229832572
"406","nationalcapital",2011,41,0.31992,14.6265753424658,1271.76,1181.01555555556,14.2817229832572
"407","nationalcapital",2011,42,0.31976,14.6265753424658,1271.76,1181.01555555556,14.2817229832572
"408","nationalcapital",2011,43,0.31968,14.6265753424658,1271.76,1181.01555555556,14.2817229832572
"409","nationalcapital",2011,44,0.31971,14.6265753424658,1271.76,1181.01555555556,14.2817229832572
"410","nationalcapital",2011,45,0.31982,14.6265753424658,1271.76,1181.01555555556,14.2817229832572
"411","nationalcapital",2011,46,0.31997,14.6265753424658,1271.76,1181.01555555556,14.2817229832572
"412","nationalcapital",2011,47,0.32016,14.6265753424658,1271.76,1181.01555555556,14.2817229832572
"413","nationalcapital",2011,48,0.32042,14.6265753424658,1271.76,1181.01555555556,14.2817229832572
"414","nationalcapital",2011,49,0.32075,14.6265753424658,1271.76,1181.01555555556,14.2817229832572
"415","nationalcapital",2011,50,0.32118,14.6265753424658,1271.76,1181.01555555556,14.2817229832572
"416","nationalcapital",2011,51,0.32171,14.6265753424658,1271.76,1181.01555555556,14.2817229832572
"417","nationalcapital",2011,52,0.32237,14.6265753424658,1271.76,1181.01555555556,14.2817229832572
"418","nationalcapital",2011,53,0.32311,14.6265753424658,1271.76,1181.01555555556,14.2817229832572
"419","nationalcapital",2011,54,0.32388,14.6265753424658,1271.76,1181.01555555556,14.2817229832572
"420","nationalcapital",2011,55,0.32466,14.6265753424658,1271.76,1181.01555555556,14.2817229832572
"421","nationalcapital",2011,56,0.32538,14.6265753424658,1271.76,1181.01555555556,14.2817229832572
"422","nationalcapital",2011,57,0.32601,14.6265753424658,1271.76,1181.01555555556,14.2817229832572
"423","nationalcapital",2011,58,0.32651,14.6265753424658,1271.76,1181.01555555556,14.2817229832572
"424","nationalcapital",2011,59,0.32694,14.6265753424658,1271.76,1181.01555555556,14.2817229832572
"425","nationalcapital",2011,60,0.3274,14.6265753424658,1271.76,1181.01555555556,14.2817229832572
"426","nationalcapital",2011,61,0.32785,14.6265753424658,1271.76,1181.01555555556,14.2817229832572
"427","nationalcapital",2011,62,0.32826,14.6265753424658,1271.76,1181.01555555556,14.2817229832572
"428","nationalcapital",2011,63,0.3286,14.6265753424658,1271.76,1181.01555555556,14.2817229832572
"429","nationalcapital",2011,64,0.32882,14.6265753424658,1271.76,1181.01555555556,14.2817229832572
"430","nationalcapital",2011,65,0.3289,14.6265753424658,1271.76,1181.01555555556,14.2817229832572
"431","nationalcapital",2011,66,0.32871,14.6265753424658,1271.76,1181.01555555556,14.2817229832572
"432","nationalcapital",2011,67,0.32824,14.6265753424658,1271.76,1181.01555555556,14.2817229832572
"433","nationalcapital",2011,68,0.32761,14.6265753424658,1271.76,1181.01555555556,14.2817229832572
"434","nationalcapital",2011,69,0.32691,14.6265753424658,1271.76,1181.01555555556,14.2817229832572
"435","nationalcapital",2011,70,0.32627,14.6265753424658,1271.76,1181.01555555556,14.2817229832572
"436","nationalcapital",2011,71,0.3258,14.6265753424658,1271.76,1181.01555555556,14.2817229832572
"437","nationalcapital",2011,72,0.32561,14.6265753424658,1271.76,1181.01555555556,14.2817229832572
"438","nationalcapital",2011,73,0.32561,14.6265753424658,1271.76,1181.01555555556,14.2817229832572
"439","nationalcapital",2011,74,0.32568,14.6265753424658,1271.76,1181.01555555556,14.2817229832572
"440","nationalcapital",2011,75,0.3258,14.6265753424658,1271.76,1181.01555555556,14.2817229832572
"441","nationalcapital",2011,76,0.32596,14.6265753424658,1271.76,1181.01555555556,14.2817229832572
"442","nationalcapital",2011,77,0.32618,14.6265753424658,1271.76,1181.01555555556,14.2817229832572
"443","nationalcapital",2011,78,0.32643,14.6265753424658,1271.76,1181.01555555556,14.2817229832572
"444","nationalcapital",2011,79,0.32673,14.6265753424658,1271.76,1181.01555555556,14.2817229832572
"445","nationalcapital",2011,80,0.32709,14.6265753424658,1271.76,1181.01555555556,14.2817229832572
"446","nationalcapital",2011,81,0.32753,14.6265753424658,1271.76,1181.01555555556,14.2817229832572
"447","nationalcapital",2011,82,0.32804,14.6265753424658,1271.76,1181.01555555556,14.2817229832572
"448","nationalcapital",2011,83,0.32859,14.6265753424658,1271.76,1181.01555555556,14.2817229832572
"449","nationalcapital",2011,84,0.32918,14.6265753424658,1271.76,1181.01555555556,14.2817229832572
"450","nationalcapital",2011,85,0.32979,14.6265753424658,1271.76,1181.01555555556,14.2817229832572
"451","nationalcapital",2011,86,0.3304,14.6265753424658,1271.76,1181.01555555556,14.2817229832572
"452","nationalcapital",2011,87,0.33095,14.6265753424658,1271.76,1181.01555555556,14.2817229832572
"453","nationalcapital",2011,88,0.33145,14.6265753424658,1271.76,1181.01555555556,14.2817229832572
"454","nationalcapital",2011,89,0.33199,14.6265753424658,1271.76,1181.01555555556,14.2817229832572
"455","nationalcapital",2011,90,0.33267,14.6265753424658,1271.76,1181.01555555556,14.2817229832572
"456","nationalcapital",2011,91,0.33332,14.6265753424658,1271.76,1181.01555555556,14.2817229832572
"457","nationalcapital",2011,92,0.3339,14.6265753424658,1271.76,1181.01555555556,14.2817229832572
"458","nationalcapital",2011,93,0.33465,14.6265753424658,1271.76,1181.01555555556,14.2817229832572
"459","nationalcapital",2011,94,0.33584,14.6265753424658,1271.76,1181.01555555556,14.2817229832572
"460","nationalcapital",2011,95,0.33739,14.6265753424658,1271.76,1181.01555555556,14.2817229832572
"461","nationalcapital",2011,96,0.33904,14.6265753424658,1271.76,1181.01555555556,14.2817229832572
"462","nationalcapital",2011,97,0.34085,14.6265753424658,1271.76,1181.01555555556,14.2817229832572
"463","nationalcapital",2011,98,0.34283,14.6265753424658,1271.76,1181.01555555556,14.2817229832572
"464","nationalcapital",2011,99,0.34503,14.6265753424658,1271.76,1181.01555555556,14.2817229832572
"465","nationalcapital",2011,100,0.34747,14.6265753424658,1271.76,1181.01555555556,14.2817229832572
"466","nationalcapital",2011,101,0.3502,14.6265753424658,1271.76,1181.01555555556,14.2817229832572
"467","nationalcapital",2011,102,0.35356,14.6265753424658,1271.76,1181.01555555556,14.2817229832572
"468","nationalcapital",2011,103,0.3577,14.6265753424658,1271.76,1181.01555555556,14.2817229832572
"469","nationalcapital",2011,104,0.36234,14.6265753424658,1271.76,1181.01555555556,14.2817229832572
"470","nationalcapital",2011,105,0.36723,14.6265753424658,1271.76,1181.01555555556,14.2817229832572
"471","nationalcapital",2011,106,0.3721,14.6265753424658,1271.76,1181.01555555556,14.2817229832572
"472","nationalcapital",2011,107,0.37667,14.6265753424658,1271.76,1181.01555555556,14.2817229832572
"473","nationalcapital",2011,108,0.38067,14.6265753424658,1271.76,1181.01555555556,14.2817229832572
"474","nationalcapital",2011,109,0.38473,14.6265753424658,1271.76,1181.01555555556,14.2817229832572
"475","nationalcapital",2011,110,0.38943,14.6265753424658,1271.76,1181.01555555556,14.2817229832572
"476","nationalcapital",2011,111,0.39448,14.6265753424658,1271.76,1181.01555555556,14.2817229832572
"477","nationalcapital",2011,112,0.39961,14.6265753424658,1271.76,1181.01555555556,14.2817229832572
"478","nationalcapital",2011,113,0.40452,14.6265753424658,1271.76,1181.01555555556,14.2817229832572
"479","nationalcapital",2011,114,0.40893,14.6265753424658,1271.76,1181.01555555556,14.2817229832572
"480","nationalcapital",2011,115,0.41255,14.6265753424658,1271.76,1181.01555555556,14.2817229832572
"481","nationalcapital",2011,116,0.41536,14.6265753424658,1271.76,1181.01555555556,14.2817229832572
"482","nationalcapital",2011,117,0.41751,14.6265753424658,1271.76,1181.01555555556,14.2817229832572
"483","nationalcapital",2011,118,0.41899,14.6265753424658,1271.76,1181.01555555556,14.2817229832572
"484","nationalcapital",2011,119,0.41982,14.6265753424658,1271.76,1181.01555555556,14.2817229832572
"485","nationalcapital",2011,120,0.41997,14.6265753424658,1271.76,1181.01555555556,14.2817229832572
"486","nationalcapital",2011,121,0.41946,14.6265753424658,1271.76,1181.01555555556,14.2817229832572
"487","nationalcapital",2011,122,0.41827,14.6265753424658,1271.76,1181.01555555556,14.2817229832572
"488","nationalcapital",2011,123,0.41689,14.6265753424658,1271.76,1181.01555555556,14.2817229832572
"489","nationalcapital",2011,124,0.41578,14.6265753424658,1271.76,1181.01555555556,14.2817229832572
"490","nationalcapital",2011,125,0.41489,14.6265753424658,1271.76,1181.01555555556,14.2817229832572
"491","nationalcapital",2011,126,0.4142,14.6265753424658,1271.76,1181.01555555556,14.2817229832572
"492","nationalcapital",2011,127,0.41366,14.6265753424658,1271.76,1181.01555555556,14.2817229832572
"493","nationalcapital",2011,128,0.41325,14.6265753424658,1271.76,1181.01555555556,14.2817229832572
"494","nationalcapital",2011,129,0.41293,14.6265753424658,1271.76,1181.01555555556,14.2817229832572
"495","nationalcapital",2011,130,0.41287,14.6265753424658,1271.76,1181.01555555556,14.2817229832572
"496","nationalcapital",2011,131,0.4132,14.6265753424658,1271.76,1181.01555555556,14.2817229832572
"497","nationalcapital",2011,132,0.41375,14.6265753424658,1271.76,1181.01555555556,14.2817229832572
"498","nationalcapital",2011,133,0.41437,14.6265753424658,1271.76,1181.01555555556,14.2817229832572
"499","nationalcapital",2011,134,0.41489,14.6265753424658,1271.76,1181.01555555556,14.2817229832572
"500","nationalcapital",2011,135,0.41516,14.6265753424658,1271.76,1181.01555555556,14.2817229832572
"501","nationalcapital",2011,136,0.41503,14.6265753424658,1271.76,1181.01555555556,14.2817229832572
"502","nationalcapital",2011,137,0.41462,14.6265753424658,1271.76,1181.01555555556,14.2817229832572
"503","nationalcapital",2011,138,0.41417,14.6265753424658,1271.76,1181.01555555556,14.2817229832572
"504","nationalcapital",2011,139,0.41364,14.6265753424658,1271.76,1181.01555555556,14.2817229832572
"505","nationalcapital",2011,140,0.41299,14.6265753424658,1271.76,1181.01555555556,14.2817229832572
"506","nationalcapital",2011,141,0.41221,14.6265753424658,1271.76,1181.01555555556,14.2817229832572
"507","nationalcapital",2011,142,0.41125,14.6265753424658,1271.76,1181.01555555556,14.2817229832572
"508","nationalcapital",2011,143,0.41008,14.6265753424658,1271.76,1181.01555555556,14.2817229832572
"509","nationalcapital",2011,144,0.40877,14.6265753424658,1271.76,1181.01555555556,14.2817229832572
"510","nationalcapital",2011,145,0.40746,14.6265753424658,1271.76,1181.01555555556,14.2817229832572
"511","nationalcapital",2011,146,0.40626,14.6265753424658,1271.76,1181.01555555556,14.2817229832572
"512","nationalcapital",2011,147,0.40529,14.6265753424658,1271.76,1181.01555555556,14.2817229832572
"513","nationalcapital",2011,148,0.40465,14.6265753424658,1271.76,1181.01555555556,14.2817229832572
"514","nationalcapital",2011,149,0.40423,14.6265753424658,1271.76,1181.01555555556,14.2817229832572
"515","nationalcapital",2011,150,0.4039,14.6265753424658,1271.76,1181.01555555556,14.2817229832572
"516","nationalcapital",2011,151,0.40352,14.6265753424658,1271.76,1181.01555555556,14.2817229832572
"517","nationalcapital",2011,152,0.40303,14.6265753424658,1271.76,1181.01555555556,14.2817229832572
"518","nationalcapital",2011,153,0.40249,14.6265753424658,1271.76,1181.01555555556,14.2817229832572
"519","nationalcapital",2011,154,0.40191,14.6265753424658,1271.76,1181.01555555556,14.2817229832572
"520","nationalcapital",2011,155,0.40133,14.6265753424658,1271.76,1181.01555555556,14.2817229832572
"521","nationalcapital",2011,156,0.40077,14.6265753424658,1271.76,1181.01555555556,14.2817229832572
"522","nationalcapital",2011,157,0.40026,14.6265753424658,1271.76,1181.01555555556,14.2817229832572
"523","nationalcapital",2011,158,0.39981,14.6265753424658,1271.76,1181.01555555556,14.2817229832572
"524","nationalcapital",2011,159,0.39944,14.6265753424658,1271.76,1181.01555555556,14.2817229832572
"525","nationalcapital",2011,160,0.3991,14.6265753424658,1271.76,1181.01555555556,14.2817229832572
"526","nationalcapital",2011,161,0.39881,14.6265753424658,1271.76,1181.01555555556,14.2817229832572
"527","nationalcapital",2011,162,0.39856,14.6265753424658,1271.76,1181.01555555556,14.2817229832572
"528","nationalcapital",2011,163,0.39835,14.6265753424658,1271.76,1181.01555555556,14.2817229832572
"529","nationalcapital",2011,164,0.39819,14.6265753424658,1271.76,1181.01555555556,14.2817229832572
"530","nationalcapital",2011,165,0.39807,14.6265753424658,1271.76,1181.01555555556,14.2817229832572
"531","nationalcapital",2011,166,0.398,14.6265753424658,1271.76,1181.01555555556,14.2817229832572
"532","nationalcapital",2011,167,0.39799,14.6265753424658,1271.76,1181.01555555556,14.2817229832572
"533","nationalcapital",2011,168,0.39806,14.6265753424658,1271.76,1181.01555555556,14.2817229832572
"534","nationalcapital",2011,169,0.39822,14.6265753424658,1271.76,1181.01555555556,14.2817229832572
"535","nationalcapital",2011,170,0.39849,14.6265753424658,1271.76,1181.01555555556,14.2817229832572
"536","nationalcapital",2011,171,0.3989,14.6265753424658,1271.76,1181.01555555556,14.2817229832572
"537","nationalcapital",2011,172,0.39945,14.6265753424658,1271.76,1181.01555555556,14.2817229832572
"538","nationalcapital",2011,173,0.40025,14.6265753424658,1271.76,1181.01555555556,14.2817229832572
"539","nationalcapital",2011,174,0.40125,14.6265753424658,1271.76,1181.01555555556,14.2817229832572
"540","nationalcapital",2011,175,0.40231,14.6265753424658,1271.76,1181.01555555556,14.2817229832572
"541","nationalcapital",2011,176,0.40324,14.6265753424658,1271.76,1181.01555555556,14.2817229832572
"542","nationalcapital",2011,177,0.40388,14.6265753424658,1271.76,1181.01555555556,14.2817229832572
"543","nationalcapital",2011,178,0.40407,14.6265753424658,1271.76,1181.01555555556,14.2817229832572
"544","nationalcapital",2011,179,0.40365,14.6265753424658,1271.76,1181.01555555556,14.2817229832572
"545","nationalcapital",2011,180,0.40276,14.6265753424658,1271.76,1181.01555555556,14.2817229832572
"546","nationalcapital",2011,181,0.40164,14.6265753424658,1271.76,1181.01555555556,14.2817229832572
"547","nationalcapital",2011,182,0.4002,14.6265753424658,1271.76,1181.01555555556,14.2817229832572
"548","nationalcapital",2011,183,0.39836,14.6265753424658,1271.76,1181.01555555556,14.2817229832572
"549","nationalcapital",2011,184,0.39606,14.6265753424658,1271.76,1181.01555555556,14.2817229832572
"550","nationalcapital",2011,185,0.3932,14.6265753424658,1271.76,1181.01555555556,14.2817229832572
"551","nationalcapital",2011,186,0.38972,14.6265753424658,1271.76,1181.01555555556,14.2817229832572
"552","nationalcapital",2011,187,0.38572,14.6265753424658,1271.76,1181.01555555556,14.2817229832572
"553","nationalcapital",2011,188,0.38151,14.6265753424658,1271.76,1181.01555555556,14.2817229832572
"554","nationalcapital",2011,189,0.37736,14.6265753424658,1271.76,1181.01555555556,14.2817229832572
"555","nationalcapital",2011,190,0.37352,14.6265753424658,1271.76,1181.01555555556,14.2817229832572
"556","nationalcapital",2011,191,0.37024,14.6265753424658,1271.76,1181.01555555556,14.2817229832572
"557","nationalcapital",2011,192,0.36777,14.6265753424658,1271.76,1181.01555555556,14.2817229832572
"558","nationalcapital",2011,193,0.36637,14.6265753424658,1271.76,1181.01555555556,14.2817229832572
"559","nationalcapital",2011,194,0.36604,14.6265753424658,1271.76,1181.01555555556,14.2817229832572
"560","nationalcapital",2011,195,0.36651,14.6265753424658,1271.76,1181.01555555556,14.2817229832572
"561","nationalcapital",2011,196,0.36762,14.6265753424658,1271.76,1181.01555555556,14.2817229832572
"562","nationalcapital",2011,197,0.36919,14.6265753424658,1271.76,1181.01555555556,14.2817229832572
"563","nationalcapital",2011,198,0.37106,14.6265753424658,1271.76,1181.01555555556,14.2817229832572
"564","nationalcapital",2011,199,0.37305,14.6265753424658,1271.76,1181.01555555556,14.2817229832572
"565","nationalcapital",2011,200,0.37501,14.6265753424658,1271.76,1181.01555555556,14.2817229832572
"566","nationalcapital",2011,201,0.37772,14.6265753424658,1271.76,1181.01555555556,14.2817229832572
"567","nationalcapital",2011,202,0.38142,14.6265753424658,1271.76,1181.01555555556,14.2817229832572
"568","nationalcapital",2011,203,0.38514,14.6265753424658,1271.76,1181.01555555556,14.2817229832572
"569","nationalcapital",2011,204,0.38788,14.6265753424658,1271.76,1181.01555555556,14.2817229832572
"570","nationalcapital",2011,205,0.38985,14.6265753424658,1271.76,1181.01555555556,14.2817229832572
"571","nationalcapital",2011,206,0.39182,14.6265753424658,1271.76,1181.01555555556,14.2817229832572
"572","nationalcapital",2011,207,0.39366,14.6265753424658,1271.76,1181.01555555556,14.2817229832572
"573","nationalcapital",2011,208,0.39521,14.6265753424658,1271.76,1181.01555555556,14.2817229832572
"574","nationalcapital",2011,209,0.3965,14.6265753424658,1271.76,1181.01555555556,14.2817229832572
"575","nationalcapital",2011,210,0.39763,14.6265753424658,1271.76,1181.01555555556,14.2817229832572
"576","nationalcapital",2011,211,0.39862,14.6265753424658,1271.76,1181.01555555556,14.2817229832572
"577","nationalcapital",2011,212,0.39947,14.6265753424658,1271.76,1181.01555555556,14.2817229832572
"578","nationalcapital",2011,213,0.40019,14.6265753424658,1271.76,1181.01555555556,14.2817229832572
"579","nationalcapital",2011,214,0.4008,14.6265753424658,1271.76,1181.01555555556,14.2817229832572
"580","nationalcapital",2011,215,0.40129,14.6265753424658,1271.76,1181.01555555556,14.2817229832572
"581","nationalcapital",2011,216,0.40174,14.6265753424658,1271.76,1181.01555555556,14.2817229832572
"582","nationalcapital",2011,217,0.40217,14.6265753424658,1271.76,1181.01555555556,14.2817229832572
"583","nationalcapital",2011,218,0.40253,14.6265753424658,1271.76,1181.01555555556,14.2817229832572
"584","nationalcapital",2011,219,0.40277,14.6265753424658,1271.76,1181.01555555556,14.2817229832572
"585","nationalcapital",2011,220,0.40282,14.6265753424658,1271.76,1181.01555555556,14.2817229832572
"586","nationalcapital",2011,221,0.40265,14.6265753424658,1271.76,1181.01555555556,14.2817229832572
"587","nationalcapital",2011,222,0.40218,14.6265753424658,1271.76,1181.01555555556,14.2817229832572
"588","nationalcapital",2011,223,0.40102,14.6265753424658,1271.76,1181.01555555556,14.2817229832572
"589","nationalcapital",2011,224,0.39905,14.6265753424658,1271.76,1181.01555555556,14.2817229832572
"590","nationalcapital",2011,225,0.39662,14.6265753424658,1271.76,1181.01555555556,14.2817229832572
"591","nationalcapital",2011,226,0.39412,14.6265753424658,1271.76,1181.01555555556,14.2817229832572
"592","nationalcapital",2011,227,0.3919,14.6265753424658,1271.76,1181.01555555556,14.2817229832572
"593","nationalcapital",2011,228,0.39034,14.6265753424658,1271.76,1181.01555555556,14.2817229832572
"594","nationalcapital",2011,229,0.38981,14.6265753424658,1271.76,1181.01555555556,14.2817229832572
"595","nationalcapital",2011,230,0.39044,14.6265753424658,1271.76,1181.01555555556,14.2817229832572
"596","nationalcapital",2011,231,0.39193,14.6265753424658,1271.76,1181.01555555556,14.2817229832572
"597","nationalcapital",2011,232,0.39397,14.6265753424658,1271.76,1181.01555555556,14.2817229832572
"598","nationalcapital",2011,233,0.39628,14.6265753424658,1271.76,1181.01555555556,14.2817229832572
"599","nationalcapital",2011,234,0.39853,14.6265753424658,1271.76,1181.01555555556,14.2817229832572
"600","nationalcapital",2011,235,0.40045,14.6265753424658,1271.76,1181.01555555556,14.2817229832572
"601","nationalcapital",2011,236,0.40172,14.6265753424658,1271.76,1181.01555555556,14.2817229832572
"602","nationalcapital",2011,237,0.40221,14.6265753424658,1271.76,1181.01555555556,14.2817229832572
"603","nationalcapital",2011,238,0.40201,14.6265753424658,1271.76,1181.01555555556,14.2817229832572
"604","nationalcapital",2011,239,0.40118,14.6265753424658,1271.76,1181.01555555556,14.2817229832572
"605","nationalcapital",2011,240,0.39977,14.6265753424658,1271.76,1181.01555555556,14.2817229832572
"606","nationalcapital",2011,241,0.39784,14.6265753424658,1271.76,1181.01555555556,14.2817229832572
"607","nationalcapital",2011,242,0.39543,14.6265753424658,1271.76,1181.01555555556,14.2817229832572
"608","nationalcapital",2011,243,0.3926,14.6265753424658,1271.76,1181.01555555556,14.2817229832572
"609","nationalcapital",2011,244,0.38925,14.6265753424658,1271.76,1181.01555555556,14.2817229832572
"610","nationalcapital",2011,245,0.38544,14.6265753424658,1271.76,1181.01555555556,14.2817229832572
"611","nationalcapital",2011,246,0.38149,14.6265753424658,1271.76,1181.01555555556,14.2817229832572
"612","nationalcapital",2011,247,0.37773,14.6265753424658,1271.76,1181.01555555556,14.2817229832572
"613","nationalcapital",2011,248,0.37446,14.6265753424658,1271.76,1181.01555555556,14.2817229832572
"614","nationalcapital",2011,249,0.37203,14.6265753424658,1271.76,1181.01555555556,14.2817229832572
"615","nationalcapital",2011,250,0.37073,14.6265753424658,1271.76,1181.01555555556,14.2817229832572
"616","nationalcapital",2011,251,0.36996,14.6265753424658,1271.76,1181.01555555556,14.2817229832572
"617","nationalcapital",2011,252,0.36898,14.6265753424658,1271.76,1181.01555555556,14.2817229832572
"618","nationalcapital",2011,253,0.368,14.6265753424658,1271.76,1181.01555555556,14.2817229832572
"619","nationalcapital",2011,254,0.36718,14.6265753424658,1271.76,1181.01555555556,14.2817229832572
"620","nationalcapital",2011,255,0.36673,14.6265753424658,1271.76,1181.01555555556,14.2817229832572
"621","nationalcapital",2011,256,0.36683,14.6265753424658,1271.76,1181.01555555556,14.2817229832572
"622","nationalcapital",2011,257,0.36766,14.6265753424658,1271.76,1181.01555555556,14.2817229832572
"623","nationalcapital",2011,258,0.36986,14.6265753424658,1271.76,1181.01555555556,14.2817229832572
"624","nationalcapital",2011,259,0.37315,14.6265753424658,1271.76,1181.01555555556,14.2817229832572
"625","nationalcapital",2011,260,0.3763,14.6265753424658,1271.76,1181.01555555556,14.2817229832572
"626","nationalcapital",2011,261,0.37811,14.6265753424658,1271.76,1181.01555555556,14.2817229832572
"627","nationalcapital",2011,262,0.38035,14.6265753424658,1271.76,1181.01555555556,14.2817229832572
"628","nationalcapital",2011,263,0.38434,14.6265753424658,1271.76,1181.01555555556,14.2817229832572
"629","nationalcapital",2011,264,0.38817,14.6265753424658,1271.76,1181.01555555556,14.2817229832572
"630","nationalcapital",2011,265,0.38995,14.6265753424658,1271.76,1181.01555555556,14.2817229832572
"631","nationalcapital",2011,266,0.39092,14.6265753424658,1271.76,1181.01555555556,14.2817229832572
"632","nationalcapital",2011,267,0.39322,14.6265753424658,1271.76,1181.01555555556,14.2817229832572
"633","nationalcapital",2011,268,0.39628,14.6265753424658,1271.76,1181.01555555556,14.2817229832572
"634","nationalcapital",2011,269,0.39953,14.6265753424658,1271.76,1181.01555555556,14.2817229832572
"635","nationalcapital",2011,270,0.4024,14.6265753424658,1271.76,1181.01555555556,14.2817229832572
"636","nationalcapital",2011,271,0.40433,14.6265753424658,1271.76,1181.01555555556,14.2817229832572
"637","nationalcapital",2011,272,0.40474,14.6265753424658,1271.76,1181.01555555556,14.2817229832572
"638","nationalcapital",2011,273,0.40341,14.6265753424658,1271.76,1181.01555555556,14.2817229832572
"639","nationalcapital",2011,274,0.40079,14.6265753424658,1271.76,1181.01555555556,14.2817229832572
"640","nationalcapital",2011,275,0.39731,14.6265753424658,1271.76,1181.01555555556,14.2817229832572
"641","nationalcapital",2011,276,0.3934,14.6265753424658,1271.76,1181.01555555556,14.2817229832572
"642","nationalcapital",2011,277,0.38949,14.6265753424658,1271.76,1181.01555555556,14.2817229832572
"643","nationalcapital",2011,278,0.38601,14.6265753424658,1271.76,1181.01555555556,14.2817229832572
"644","nationalcapital",2011,279,0.38341,14.6265753424658,1271.76,1181.01555555556,14.2817229832572
"645","nationalcapital",2011,280,0.38157,14.6265753424658,1271.76,1181.01555555556,14.2817229832572
"646","nationalcapital",2011,281,0.38006,14.6265753424658,1271.76,1181.01555555556,14.2817229832572
"647","nationalcapital",2011,282,0.37879,14.6265753424658,1271.76,1181.01555555556,14.2817229832572
"648","nationalcapital",2011,283,0.37766,14.6265753424658,1271.76,1181.01555555556,14.2817229832572
"649","nationalcapital",2011,284,0.3766,14.6265753424658,1271.76,1181.01555555556,14.2817229832572
"650","nationalcapital",2011,285,0.37551,14.6265753424658,1271.76,1181.01555555556,14.2817229832572
"651","nationalcapital",2011,286,0.3743,14.6265753424658,1271.76,1181.01555555556,14.2817229832572
"652","nationalcapital",2011,287,0.37298,14.6265753424658,1271.76,1181.01555555556,14.2817229832572
"653","nationalcapital",2011,288,0.37159,14.6265753424658,1271.76,1181.01555555556,14.2817229832572
"654","nationalcapital",2011,289,0.37016,14.6265753424658,1271.76,1181.01555555556,14.2817229832572
"655","nationalcapital",2011,290,0.36871,14.6265753424658,1271.76,1181.01555555556,14.2817229832572
"656","nationalcapital",2011,291,0.36724,14.6265753424658,1271.76,1181.01555555556,14.2817229832572
"657","nationalcapital",2011,292,0.36578,14.6265753424658,1271.76,1181.01555555556,14.2817229832572
"658","nationalcapital",2011,293,0.36434,14.6265753424658,1271.76,1181.01555555556,14.2817229832572
"659","nationalcapital",2011,294,0.36292,14.6265753424658,1271.76,1181.01555555556,14.2817229832572
"660","nationalcapital",2011,295,0.36149,14.6265753424658,1271.76,1181.01555555556,14.2817229832572
"661","nationalcapital",2011,296,0.36007,14.6265753424658,1271.76,1181.01555555556,14.2817229832572
"662","nationalcapital",2011,297,0.35864,14.6265753424658,1271.76,1181.01555555556,14.2817229832572
"663","nationalcapital",2011,298,0.35721,14.6265753424658,1271.76,1181.01555555556,14.2817229832572
"664","nationalcapital",2011,299,0.35577,14.6265753424658,1271.76,1181.01555555556,14.2817229832572
"665","nationalcapital",2011,300,0.35433,14.6265753424658,1271.76,1181.01555555556,14.2817229832572
"666","nationalcapital",2011,301,0.3529,14.6265753424658,1271.76,1181.01555555556,14.2817229832572
"667","nationalcapital",2011,302,0.35147,14.6265753424658,1271.76,1181.01555555556,14.2817229832572
"668","nationalcapital",2011,303,0.35003,14.6265753424658,1271.76,1181.01555555556,14.2817229832572
"669","nationalcapital",2011,304,0.34859,14.6265753424658,1271.76,1181.01555555556,14.2817229832572
"670","nationalcapital",2011,305,0.34713,14.6265753424658,1271.76,1181.01555555556,14.2817229832572
"671","nationalcapital",2011,306,0.34564,14.6265753424658,1271.76,1181.01555555556,14.2817229832572
"672","nationalcapital",2011,307,0.34412,14.6265753424658,1271.76,1181.01555555556,14.2817229832572
"673","nationalcapital",2011,308,0.34248,14.6265753424658,1271.76,1181.01555555556,14.2817229832572
"674","nationalcapital",2011,309,0.34069,14.6265753424658,1271.76,1181.01555555556,14.2817229832572
"675","nationalcapital",2011,310,0.33882,14.6265753424658,1271.76,1181.01555555556,14.2817229832572
"676","nationalcapital",2011,311,0.33695,14.6265753424658,1271.76,1181.01555555556,14.2817229832572
"677","nationalcapital",2011,312,0.33514,14.6265753424658,1271.76,1181.01555555556,14.2817229832572
"678","nationalcapital",2011,313,0.33347,14.6265753424658,1271.76,1181.01555555556,14.2817229832572
"679","nationalcapital",2011,314,0.33201,14.6265753424658,1271.76,1181.01555555556,14.2817229832572
"680","nationalcapital",2011,315,0.33067,14.6265753424658,1271.76,1181.01555555556,14.2817229832572
"681","nationalcapital",2011,316,0.32936,14.6265753424658,1271.76,1181.01555555556,14.2817229832572
"682","nationalcapital",2011,317,0.3281,14.6265753424658,1271.76,1181.01555555556,14.2817229832572
"683","nationalcapital",2011,318,0.32693,14.6265753424658,1271.76,1181.01555555556,14.2817229832572
"684","nationalcapital",2011,319,0.32589,14.6265753424658,1271.76,1181.01555555556,14.2817229832572
"685","nationalcapital",2011,320,0.32501,14.6265753424658,1271.76,1181.01555555556,14.2817229832572
"686","nationalcapital",2011,321,0.32433,14.6265753424658,1271.76,1181.01555555556,14.2817229832572
"687","nationalcapital",2011,322,0.32389,14.6265753424658,1271.76,1181.01555555556,14.2817229832572
"688","nationalcapital",2011,323,0.32369,14.6265753424658,1271.76,1181.01555555556,14.2817229832572
"689","nationalcapital",2011,324,0.32367,14.6265753424658,1271.76,1181.01555555556,14.2817229832572
"690","nationalcapital",2011,325,0.32376,14.6265753424658,1271.76,1181.01555555556,14.2817229832572
"691","nationalcapital",2011,326,0.32391,14.6265753424658,1271.76,1181.01555555556,14.2817229832572
"692","nationalcapital",2011,327,0.32406,14.6265753424658,1271.76,1181.01555555556,14.2817229832572
"693","nationalcapital",2011,328,0.32416,14.6265753424658,1271.76,1181.01555555556,14.2817229832572
"694","nationalcapital",2011,329,0.32429,14.6265753424658,1271.76,1181.01555555556,14.2817229832572
"695","nationalcapital",2011,330,0.32457,14.6265753424658,1271.76,1181.01555555556,14.2817229832572
"696","nationalcapital",2011,331,0.32493,14.6265753424658,1271.76,1181.01555555556,14.2817229832572
"697","nationalcapital",2011,332,0.32533,14.6265753424658,1271.76,1181.01555555556,14.2817229832572
"698","nationalcapital",2011,333,0.32571,14.6265753424658,1271.76,1181.01555555556,14.2817229832572
"699","nationalcapital",2011,334,0.32603,14.6265753424658,1271.76,1181.01555555556,14.2817229832572
"700","nationalcapital",2011,335,0.32624,14.6265753424658,1271.76,1181.01555555556,14.2817229832572
"701","nationalcapital",2011,336,0.32637,14.6265753424658,1271.76,1181.01555555556,14.2817229832572
"702","nationalcapital",2011,337,0.32649,14.6265753424658,1271.76,1181.01555555556,14.2817229832572
"703","nationalcapital",2011,338,0.3266,14.6265753424658,1271.76,1181.01555555556,14.2817229832572
"704","nationalcapital",2011,339,0.32671,14.6265753424658,1271.76,1181.01555555556,14.2817229832572
"705","nationalcapital",2011,340,0.3268,14.6265753424658,1271.76,1181.01555555556,14.2817229832572
"706","nationalcapital",2011,341,0.32689,14.6265753424658,1271.76,1181.01555555556,14.2817229832572
"707","nationalcapital",2011,342,0.32697,14.6265753424658,1271.76,1181.01555555556,14.2817229832572
"708","nationalcapital",2011,343,0.32702,14.6265753424658,1271.76,1181.01555555556,14.2817229832572
"709","nationalcapital",2011,344,0.32703,14.6265753424658,1271.76,1181.01555555556,14.2817229832572
"710","nationalcapital",2011,345,0.32701,14.6265753424658,1271.76,1181.01555555556,14.2817229832572
"711","nationalcapital",2011,346,0.32697,14.6265753424658,1271.76,1181.01555555556,14.2817229832572
"712","nationalcapital",2011,347,0.32692,14.6265753424658,1271.76,1181.01555555556,14.2817229832572
"713","nationalcapital",2011,348,0.32687,14.6265753424658,1271.76,1181.01555555556,14.2817229832572
"714","nationalcapital",2011,349,0.32683,14.6265753424658,1271.76,1181.01555555556,14.2817229832572
"715","nationalcapital",2011,350,0.3268,14.6265753424658,1271.76,1181.01555555556,14.2817229832572
"716","nationalcapital",2011,351,0.32676,14.6265753424658,1271.76,1181.01555555556,14.2817229832572
"717","nationalcapital",2011,352,0.32672,14.6265753424658,1271.76,1181.01555555556,14.2817229832572
"718","nationalcapital",2011,353,0.32668,14.6265753424658,1271.76,1181.01555555556,14.2817229832572
"719","nationalcapital",2011,354,0.32665,14.6265753424658,1271.76,1181.01555555556,14.2817229832572
"720","nationalcapital",2011,355,0.32662,14.6265753424658,1271.76,1181.01555555556,14.2817229832572
"721","nationalcapital",2011,356,0.32659,14.6265753424658,1271.76,1181.01555555556,14.2817229832572
"722","nationalcapital",2011,357,0.32656,14.6265753424658,1271.76,1181.01555555556,14.2817229832572
"723","nationalcapital",2011,358,0.3265,14.6265753424658,1271.76,1181.01555555556,14.2817229832572
"724","nationalcapital",2011,359,0.32643,14.6265753424658,1271.76,1181.01555555556,14.2817229832572
"725","nationalcapital",2011,360,0.32635,14.6265753424658,1271.76,1181.01555555556,14.2817229832572
"726","nationalcapital",2011,361,0.32627,14.6265753424658,1271.76,1181.01555555556,14.2817229832572
"727","nationalcapital",2011,362,0.32621,14.6265753424658,1271.76,1181.01555555556,14.2817229832572
"728","nationalcapital",2011,363,0.32618,14.6265753424658,1271.76,1181.01555555556,14.2817229832572
"729","nationalcapital",2011,364,0.32618,14.6265753424658,1271.76,1181.01555555556,14.2817229832572
"730","nationalcapital",2011,365,0.32622,14.6265753424658,1271.76,1181.01555555556,14.2817229832572
"731","nationalcapital",2012,1,0.32629,15.1722054794521,948.08,1181.01555555556,14.2817229832572
"732","nationalcapital",2012,2,0.32636,15.1722054794521,948.08,1181.01555555556,14.2817229832572
"733","nationalcapital",2012,3,0.32643,15.1722054794521,948.08,1181.01555555556,14.2817229832572
"734","nationalcapital",2012,4,0.32648,15.1722054794521,948.08,1181.01555555556,14.2817229832572
"735","nationalcapital",2012,5,0.32648,15.1722054794521,948.08,1181.01555555556,14.2817229832572
"736","nationalcapital",2012,6,0.32646,15.1722054794521,948.08,1181.01555555556,14.2817229832572
"737","nationalcapital",2012,7,0.32642,15.1722054794521,948.08,1181.01555555556,14.2817229832572
"738","nationalcapital",2012,8,0.32638,15.1722054794521,948.08,1181.01555555556,14.2817229832572
"739","nationalcapital",2012,9,0.32633,15.1722054794521,948.08,1181.01555555556,14.2817229832572
"740","nationalcapital",2012,10,0.32626,15.1722054794521,948.08,1181.01555555556,14.2817229832572
"741","nationalcapital",2012,11,0.32614,15.1722054794521,948.08,1181.01555555556,14.2817229832572
"742","nationalcapital",2012,12,0.32602,15.1722054794521,948.08,1181.01555555556,14.2817229832572
"743","nationalcapital",2012,13,0.32595,15.1722054794521,948.08,1181.01555555556,14.2817229832572
"744","nationalcapital",2012,14,0.32591,15.1722054794521,948.08,1181.01555555556,14.2817229832572
"745","nationalcapital",2012,15,0.32588,15.1722054794521,948.08,1181.01555555556,14.2817229832572
"746","nationalcapital",2012,16,0.32585,15.1722054794521,948.08,1181.01555555556,14.2817229832572
"747","nationalcapital",2012,17,0.32582,15.1722054794521,948.08,1181.01555555556,14.2817229832572
"748","nationalcapital",2012,18,0.3258,15.1722054794521,948.08,1181.01555555556,14.2817229832572
"749","nationalcapital",2012,19,0.32579,15.1722054794521,948.08,1181.01555555556,14.2817229832572
"750","nationalcapital",2012,20,0.32579,15.1722054794521,948.08,1181.01555555556,14.2817229832572
"751","nationalcapital",2012,21,0.32581,15.1722054794521,948.08,1181.01555555556,14.2817229832572
"752","nationalcapital",2012,22,0.32585,15.1722054794521,948.08,1181.01555555556,14.2817229832572
"753","nationalcapital",2012,23,0.32592,15.1722054794521,948.08,1181.01555555556,14.2817229832572
"754","nationalcapital",2012,24,0.326,15.1722054794521,948.08,1181.01555555556,14.2817229832572
"755","nationalcapital",2012,25,0.32607,15.1722054794521,948.08,1181.01555555556,14.2817229832572
"756","nationalcapital",2012,26,0.32613,15.1722054794521,948.08,1181.01555555556,14.2817229832572
"757","nationalcapital",2012,27,0.32617,15.1722054794521,948.08,1181.01555555556,14.2817229832572
"758","nationalcapital",2012,28,0.32619,15.1722054794521,948.08,1181.01555555556,14.2817229832572
"759","nationalcapital",2012,29,0.32619,15.1722054794521,948.08,1181.01555555556,14.2817229832572
"760","nationalcapital",2012,30,0.32618,15.1722054794521,948.08,1181.01555555556,14.2817229832572
"761","nationalcapital",2012,31,0.32616,15.1722054794521,948.08,1181.01555555556,14.2817229832572
"762","nationalcapital",2012,32,0.32613,15.1722054794521,948.08,1181.01555555556,14.2817229832572
"763","nationalcapital",2012,33,0.32609,15.1722054794521,948.08,1181.01555555556,14.2817229832572
"764","nationalcapital",2012,34,0.32605,15.1722054794521,948.08,1181.01555555556,14.2817229832572
"765","nationalcapital",2012,35,0.32598,15.1722054794521,948.08,1181.01555555556,14.2817229832572
"766","nationalcapital",2012,36,0.32589,15.1722054794521,948.08,1181.01555555556,14.2817229832572
"767","nationalcapital",2012,37,0.32579,15.1722054794521,948.08,1181.01555555556,14.2817229832572
"768","nationalcapital",2012,38,0.32568,15.1722054794521,948.08,1181.01555555556,14.2817229832572
"769","nationalcapital",2012,39,0.32559,15.1722054794521,948.08,1181.01555555556,14.2817229832572
"770","nationalcapital",2012,40,0.32551,15.1722054794521,948.08,1181.01555555556,14.2817229832572
"771","nationalcapital",2012,41,0.32547,15.1722054794521,948.08,1181.01555555556,14.2817229832572
"772","nationalcapital",2012,42,0.32543,15.1722054794521,948.08,1181.01555555556,14.2817229832572
"773","nationalcapital",2012,43,0.32538,15.1722054794521,948.08,1181.01555555556,14.2817229832572
"774","nationalcapital",2012,44,0.32532,15.1722054794521,948.08,1181.01555555556,14.2817229832572
"775","nationalcapital",2012,45,0.32528,15.1722054794521,948.08,1181.01555555556,14.2817229832572
"776","nationalcapital",2012,46,0.32526,15.1722054794521,948.08,1181.01555555556,14.2817229832572
"777","nationalcapital",2012,47,0.32527,15.1722054794521,948.08,1181.01555555556,14.2817229832572
"778","nationalcapital",2012,48,0.32533,15.1722054794521,948.08,1181.01555555556,14.2817229832572
"779","nationalcapital",2012,49,0.32546,15.1722054794521,948.08,1181.01555555556,14.2817229832572
"780","nationalcapital",2012,50,0.32565,15.1722054794521,948.08,1181.01555555556,14.2817229832572
"781","nationalcapital",2012,51,0.32588,15.1722054794521,948.08,1181.01555555556,14.2817229832572
"782","nationalcapital",2012,52,0.32613,15.1722054794521,948.08,1181.01555555556,14.2817229832572
"783","nationalcapital",2012,53,0.32638,15.1722054794521,948.08,1181.01555555556,14.2817229832572
"784","nationalcapital",2012,54,0.32661,15.1722054794521,948.08,1181.01555555556,14.2817229832572
"785","nationalcapital",2012,55,0.32681,15.1722054794521,948.08,1181.01555555556,14.2817229832572
"786","nationalcapital",2012,56,0.32694,15.1722054794521,948.08,1181.01555555556,14.2817229832572
"787","nationalcapital",2012,57,0.327,15.1722054794521,948.08,1181.01555555556,14.2817229832572
"788","nationalcapital",2012,58,0.32704,15.1722054794521,948.08,1181.01555555556,14.2817229832572
"789","nationalcapital",2012,59,0.32707,15.1722054794521,948.08,1181.01555555556,14.2817229832572
"790","nationalcapital",2012,60,0.32715,15.1722054794521,948.08,1181.01555555556,14.2817229832572
"791","nationalcapital",2012,61,0.32729,15.1722054794521,948.08,1181.01555555556,14.2817229832572
"792","nationalcapital",2012,62,0.32753,15.1722054794521,948.08,1181.01555555556,14.2817229832572
"793","nationalcapital",2012,63,0.32773,15.1722054794521,948.08,1181.01555555556,14.2817229832572
"794","nationalcapital",2012,64,0.32783,15.1722054794521,948.08,1181.01555555556,14.2817229832572
"795","nationalcapital",2012,65,0.32799,15.1722054794521,948.08,1181.01555555556,14.2817229832572
"796","nationalcapital",2012,66,0.32839,15.1722054794521,948.08,1181.01555555556,14.2817229832572
"797","nationalcapital",2012,67,0.32893,15.1722054794521,948.08,1181.01555555556,14.2817229832572
"798","nationalcapital",2012,68,0.32947,15.1722054794521,948.08,1181.01555555556,14.2817229832572
"799","nationalcapital",2012,69,0.3301,15.1722054794521,948.08,1181.01555555556,14.2817229832572
"800","nationalcapital",2012,70,0.33094,15.1722054794521,948.08,1181.01555555556,14.2817229832572
"801","nationalcapital",2012,71,0.33202,15.1722054794521,948.08,1181.01555555556,14.2817229832572
"802","nationalcapital",2012,72,0.33331,15.1722054794521,948.08,1181.01555555556,14.2817229832572
"803","nationalcapital",2012,73,0.33476,15.1722054794521,948.08,1181.01555555556,14.2817229832572
"804","nationalcapital",2012,74,0.33633,15.1722054794521,948.08,1181.01555555556,14.2817229832572
"805","nationalcapital",2012,75,0.33796,15.1722054794521,948.08,1181.01555555556,14.2817229832572
"806","nationalcapital",2012,76,0.33961,15.1722054794521,948.08,1181.01555555556,14.2817229832572
"807","nationalcapital",2012,77,0.34122,15.1722054794521,948.08,1181.01555555556,14.2817229832572
"808","nationalcapital",2012,78,0.34286,15.1722054794521,948.08,1181.01555555556,14.2817229832572
"809","nationalcapital",2012,79,0.34457,15.1722054794521,948.08,1181.01555555556,14.2817229832572
"810","nationalcapital",2012,80,0.34635,15.1722054794521,948.08,1181.01555555556,14.2817229832572
"811","nationalcapital",2012,81,0.34817,15.1722054794521,948.08,1181.01555555556,14.2817229832572
"812","nationalcapital",2012,82,0.35001,15.1722054794521,948.08,1181.01555555556,14.2817229832572
"813","nationalcapital",2012,83,0.35185,15.1722054794521,948.08,1181.01555555556,14.2817229832572
"814","nationalcapital",2012,84,0.35367,15.1722054794521,948.08,1181.01555555556,14.2817229832572
"815","nationalcapital",2012,85,0.35548,15.1722054794521,948.08,1181.01555555556,14.2817229832572
"816","nationalcapital",2012,86,0.35731,15.1722054794521,948.08,1181.01555555556,14.2817229832572
"817","nationalcapital",2012,87,0.35916,15.1722054794521,948.08,1181.01555555556,14.2817229832572
"818","nationalcapital",2012,88,0.36103,15.1722054794521,948.08,1181.01555555556,14.2817229832572
"819","nationalcapital",2012,89,0.36294,15.1722054794521,948.08,1181.01555555556,14.2817229832572
"820","nationalcapital",2012,90,0.36488,15.1722054794521,948.08,1181.01555555556,14.2817229832572
"821","nationalcapital",2012,91,0.36687,15.1722054794521,948.08,1181.01555555556,14.2817229832572
"822","nationalcapital",2012,92,0.36891,15.1722054794521,948.08,1181.01555555556,14.2817229832572
"823","nationalcapital",2012,93,0.37099,15.1722054794521,948.08,1181.01555555556,14.2817229832572
"824","nationalcapital",2012,94,0.37311,15.1722054794521,948.08,1181.01555555556,14.2817229832572
"825","nationalcapital",2012,95,0.37526,15.1722054794521,948.08,1181.01555555556,14.2817229832572
"826","nationalcapital",2012,96,0.37743,15.1722054794521,948.08,1181.01555555556,14.2817229832572
"827","nationalcapital",2012,97,0.3796,15.1722054794521,948.08,1181.01555555556,14.2817229832572
"828","nationalcapital",2012,98,0.38178,15.1722054794521,948.08,1181.01555555556,14.2817229832572
"829","nationalcapital",2012,99,0.38403,15.1722054794521,948.08,1181.01555555556,14.2817229832572
"830","nationalcapital",2012,100,0.38642,15.1722054794521,948.08,1181.01555555556,14.2817229832572
"831","nationalcapital",2012,101,0.38888,15.1722054794521,948.08,1181.01555555556,14.2817229832572
"832","nationalcapital",2012,102,0.39133,15.1722054794521,948.08,1181.01555555556,14.2817229832572
"833","nationalcapital",2012,103,0.39371,15.1722054794521,948.08,1181.01555555556,14.2817229832572
"834","nationalcapital",2012,104,0.39595,15.1722054794521,948.08,1181.01555555556,14.2817229832572
"835","nationalcapital",2012,105,0.39799,15.1722054794521,948.08,1181.01555555556,14.2817229832572
"836","nationalcapital",2012,106,0.3999,15.1722054794521,948.08,1181.01555555556,14.2817229832572
"837","nationalcapital",2012,107,0.40179,15.1722054794521,948.08,1181.01555555556,14.2817229832572
"838","nationalcapital",2012,108,0.40364,15.1722054794521,948.08,1181.01555555556,14.2817229832572
"839","nationalcapital",2012,109,0.40543,15.1722054794521,948.08,1181.01555555556,14.2817229832572
"840","nationalcapital",2012,110,0.40713,15.1722054794521,948.08,1181.01555555556,14.2817229832572
"841","nationalcapital",2012,111,0.40872,15.1722054794521,948.08,1181.01555555556,14.2817229832572
"842","nationalcapital",2012,112,0.41017,15.1722054794521,948.08,1181.01555555556,14.2817229832572
"843","nationalcapital",2012,113,0.41144,15.1722054794521,948.08,1181.01555555556,14.2817229832572
"844","nationalcapital",2012,114,0.41256,15.1722054794521,948.08,1181.01555555556,14.2817229832572
"845","nationalcapital",2012,115,0.41353,15.1722054794521,948.08,1181.01555555556,14.2817229832572
"846","nationalcapital",2012,116,0.41438,15.1722054794521,948.08,1181.01555555556,14.2817229832572
"847","nationalcapital",2012,117,0.41512,15.1722054794521,948.08,1181.01555555556,14.2817229832572
"848","nationalcapital",2012,118,0.41578,15.1722054794521,948.08,1181.01555555556,14.2817229832572
"849","nationalcapital",2012,119,0.41638,15.1722054794521,948.08,1181.01555555556,14.2817229832572
"850","nationalcapital",2012,120,0.41679,15.1722054794521,948.08,1181.01555555556,14.2817229832572
"851","nationalcapital",2012,121,0.41697,15.1722054794521,948.08,1181.01555555556,14.2817229832572
"852","nationalcapital",2012,122,0.41709,15.1722054794521,948.08,1181.01555555556,14.2817229832572
"853","nationalcapital",2012,123,0.41735,15.1722054794521,948.08,1181.01555555556,14.2817229832572
"854","nationalcapital",2012,124,0.41758,15.1722054794521,948.08,1181.01555555556,14.2817229832572
"855","nationalcapital",2012,125,0.41766,15.1722054794521,948.08,1181.01555555556,14.2817229832572
"856","nationalcapital",2012,126,0.41773,15.1722054794521,948.08,1181.01555555556,14.2817229832572
"857","nationalcapital",2012,127,0.41798,15.1722054794521,948.08,1181.01555555556,14.2817229832572
"858","nationalcapital",2012,128,0.41844,15.1722054794521,948.08,1181.01555555556,14.2817229832572
"859","nationalcapital",2012,129,0.419,15.1722054794521,948.08,1181.01555555556,14.2817229832572
"860","nationalcapital",2012,130,0.41962,15.1722054794521,948.08,1181.01555555556,14.2817229832572
"861","nationalcapital",2012,131,0.42026,15.1722054794521,948.08,1181.01555555556,14.2817229832572
"862","nationalcapital",2012,132,0.42086,15.1722054794521,948.08,1181.01555555556,14.2817229832572
"863","nationalcapital",2012,133,0.42139,15.1722054794521,948.08,1181.01555555556,14.2817229832572
"864","nationalcapital",2012,134,0.42179,15.1722054794521,948.08,1181.01555555556,14.2817229832572
"865","nationalcapital",2012,135,0.42214,15.1722054794521,948.08,1181.01555555556,14.2817229832572
"866","nationalcapital",2012,136,0.42251,15.1722054794521,948.08,1181.01555555556,14.2817229832572
"867","nationalcapital",2012,137,0.42288,15.1722054794521,948.08,1181.01555555556,14.2817229832572
"868","nationalcapital",2012,138,0.4232,15.1722054794521,948.08,1181.01555555556,14.2817229832572
"869","nationalcapital",2012,139,0.42345,15.1722054794521,948.08,1181.01555555556,14.2817229832572
"870","nationalcapital",2012,140,0.42359,15.1722054794521,948.08,1181.01555555556,14.2817229832572
"871","nationalcapital",2012,141,0.42359,15.1722054794521,948.08,1181.01555555556,14.2817229832572
"872","nationalcapital",2012,142,0.4234,15.1722054794521,948.08,1181.01555555556,14.2817229832572
"873","nationalcapital",2012,143,0.42304,15.1722054794521,948.08,1181.01555555556,14.2817229832572
"874","nationalcapital",2012,144,0.42255,15.1722054794521,948.08,1181.01555555556,14.2817229832572
"875","nationalcapital",2012,145,0.42198,15.1722054794521,948.08,1181.01555555556,14.2817229832572
"876","nationalcapital",2012,146,0.42138,15.1722054794521,948.08,1181.01555555556,14.2817229832572
"877","nationalcapital",2012,147,0.4208,15.1722054794521,948.08,1181.01555555556,14.2817229832572
"878","nationalcapital",2012,148,0.4203,15.1722054794521,948.08,1181.01555555556,14.2817229832572
"879","nationalcapital",2012,149,0.41979,15.1722054794521,948.08,1181.01555555556,14.2817229832572
"880","nationalcapital",2012,150,0.4192,15.1722054794521,948.08,1181.01555555556,14.2817229832572
"881","nationalcapital",2012,151,0.41858,15.1722054794521,948.08,1181.01555555556,14.2817229832572
"882","nationalcapital",2012,152,0.41797,15.1722054794521,948.08,1181.01555555556,14.2817229832572
"883","nationalcapital",2012,153,0.41741,15.1722054794521,948.08,1181.01555555556,14.2817229832572
"884","nationalcapital",2012,154,0.41694,15.1722054794521,948.08,1181.01555555556,14.2817229832572
"885","nationalcapital",2012,155,0.41662,15.1722054794521,948.08,1181.01555555556,14.2817229832572
"886","nationalcapital",2012,156,0.41651,15.1722054794521,948.08,1181.01555555556,14.2817229832572
"887","nationalcapital",2012,157,0.41661,15.1722054794521,948.08,1181.01555555556,14.2817229832572
"888","nationalcapital",2012,158,0.41681,15.1722054794521,948.08,1181.01555555556,14.2817229832572
"889","nationalcapital",2012,159,0.41701,15.1722054794521,948.08,1181.01555555556,14.2817229832572
"890","nationalcapital",2012,160,0.41713,15.1722054794521,948.08,1181.01555555556,14.2817229832572
"891","nationalcapital",2012,161,0.41705,15.1722054794521,948.08,1181.01555555556,14.2817229832572
"892","nationalcapital",2012,162,0.41669,15.1722054794521,948.08,1181.01555555556,14.2817229832572
"893","nationalcapital",2012,163,0.41603,15.1722054794521,948.08,1181.01555555556,14.2817229832572
"894","nationalcapital",2012,164,0.4152,15.1722054794521,948.08,1181.01555555556,14.2817229832572
"895","nationalcapital",2012,165,0.41423,15.1722054794521,948.08,1181.01555555556,14.2817229832572
"896","nationalcapital",2012,166,0.41319,15.1722054794521,948.08,1181.01555555556,14.2817229832572
"897","nationalcapital",2012,167,0.41214,15.1722054794521,948.08,1181.01555555556,14.2817229832572
"898","nationalcapital",2012,168,0.41114,15.1722054794521,948.08,1181.01555555556,14.2817229832572
"899","nationalcapital",2012,169,0.41024,15.1722054794521,948.08,1181.01555555556,14.2817229832572
"900","nationalcapital",2012,170,0.40926,15.1722054794521,948.08,1181.01555555556,14.2817229832572
"901","nationalcapital",2012,171,0.40806,15.1722054794521,948.08,1181.01555555556,14.2817229832572
"902","nationalcapital",2012,172,0.40674,15.1722054794521,948.08,1181.01555555556,14.2817229832572
"903","nationalcapital",2012,173,0.40539,15.1722054794521,948.08,1181.01555555556,14.2817229832572
"904","nationalcapital",2012,174,0.40412,15.1722054794521,948.08,1181.01555555556,14.2817229832572
"905","nationalcapital",2012,175,0.40302,15.1722054794521,948.08,1181.01555555556,14.2817229832572
"906","nationalcapital",2012,176,0.40221,15.1722054794521,948.08,1181.01555555556,14.2817229832572
"907","nationalcapital",2012,177,0.40168,15.1722054794521,948.08,1181.01555555556,14.2817229832572
"908","nationalcapital",2012,178,0.40134,15.1722054794521,948.08,1181.01555555556,14.2817229832572
"909","nationalcapital",2012,179,0.40111,15.1722054794521,948.08,1181.01555555556,14.2817229832572
"910","nationalcapital",2012,180,0.40095,15.1722054794521,948.08,1181.01555555556,14.2817229832572
"911","nationalcapital",2012,181,0.40118,15.1722054794521,948.08,1181.01555555556,14.2817229832572
"912","nationalcapital",2012,182,0.40191,15.1722054794521,948.08,1181.01555555556,14.2817229832572
"913","nationalcapital",2012,183,0.40271,15.1722054794521,948.08,1181.01555555556,14.2817229832572
"914","nationalcapital",2012,184,0.40317,15.1722054794521,948.08,1181.01555555556,14.2817229832572
"915","nationalcapital",2012,185,0.40333,15.1722054794521,948.08,1181.01555555556,14.2817229832572
"916","nationalcapital",2012,186,0.4035,15.1722054794521,948.08,1181.01555555556,14.2817229832572
"917","nationalcapital",2012,187,0.40366,15.1722054794521,948.08,1181.01555555556,14.2817229832572
"918","nationalcapital",2012,188,0.4038,15.1722054794521,948.08,1181.01555555556,14.2817229832572
"919","nationalcapital",2012,189,0.4039,15.1722054794521,948.08,1181.01555555556,14.2817229832572
"920","nationalcapital",2012,190,0.40395,15.1722054794521,948.08,1181.01555555556,14.2817229832572
"921","nationalcapital",2012,191,0.40391,15.1722054794521,948.08,1181.01555555556,14.2817229832572
"922","nationalcapital",2012,192,0.40381,15.1722054794521,948.08,1181.01555555556,14.2817229832572
"923","nationalcapital",2012,193,0.40366,15.1722054794521,948.08,1181.01555555556,14.2817229832572
"924","nationalcapital",2012,194,0.40347,15.1722054794521,948.08,1181.01555555556,14.2817229832572
"925","nationalcapital",2012,195,0.40325,15.1722054794521,948.08,1181.01555555556,14.2817229832572
"926","nationalcapital",2012,196,0.40301,15.1722054794521,948.08,1181.01555555556,14.2817229832572
"927","nationalcapital",2012,197,0.40275,15.1722054794521,948.08,1181.01555555556,14.2817229832572
"928","nationalcapital",2012,198,0.40249,15.1722054794521,948.08,1181.01555555556,14.2817229832572
"929","nationalcapital",2012,199,0.40218,15.1722054794521,948.08,1181.01555555556,14.2817229832572
"930","nationalcapital",2012,200,0.4018,15.1722054794521,948.08,1181.01555555556,14.2817229832572
"931","nationalcapital",2012,201,0.40137,15.1722054794521,948.08,1181.01555555556,14.2817229832572
"932","nationalcapital",2012,202,0.40093,15.1722054794521,948.08,1181.01555555556,14.2817229832572
"933","nationalcapital",2012,203,0.4005,15.1722054794521,948.08,1181.01555555556,14.2817229832572
"934","nationalcapital",2012,204,0.40011,15.1722054794521,948.08,1181.01555555556,14.2817229832572
"935","nationalcapital",2012,205,0.39979,15.1722054794521,948.08,1181.01555555556,14.2817229832572
"936","nationalcapital",2012,206,0.39953,15.1722054794521,948.08,1181.01555555556,14.2817229832572
"937","nationalcapital",2012,207,0.3993,15.1722054794521,948.08,1181.01555555556,14.2817229832572
"938","nationalcapital",2012,208,0.3991,15.1722054794521,948.08,1181.01555555556,14.2817229832572
"939","nationalcapital",2012,209,0.3989,15.1722054794521,948.08,1181.01555555556,14.2817229832572
"940","nationalcapital",2012,210,0.39869,15.1722054794521,948.08,1181.01555555556,14.2817229832572
"941","nationalcapital",2012,211,0.39846,15.1722054794521,948.08,1181.01555555556,14.2817229832572
"942","nationalcapital",2012,212,0.39819,15.1722054794521,948.08,1181.01555555556,14.2817229832572
"943","nationalcapital",2012,213,0.39787,15.1722054794521,948.08,1181.01555555556,14.2817229832572
"944","nationalcapital",2012,214,0.39749,15.1722054794521,948.08,1181.01555555556,14.2817229832572
"945","nationalcapital",2012,215,0.3971,15.1722054794521,948.08,1181.01555555556,14.2817229832572
"946","nationalcapital",2012,216,0.3967,15.1722054794521,948.08,1181.01555555556,14.2817229832572
"947","nationalcapital",2012,217,0.39633,15.1722054794521,948.08,1181.01555555556,14.2817229832572
"948","nationalcapital",2012,218,0.39602,15.1722054794521,948.08,1181.01555555556,14.2817229832572
"949","nationalcapital",2012,219,0.39579,15.1722054794521,948.08,1181.01555555556,14.2817229832572
"950","nationalcapital",2012,220,0.39567,15.1722054794521,948.08,1181.01555555556,14.2817229832572
"951","nationalcapital",2012,221,0.39563,15.1722054794521,948.08,1181.01555555556,14.2817229832572
"952","nationalcapital",2012,222,0.39565,15.1722054794521,948.08,1181.01555555556,14.2817229832572
"953","nationalcapital",2012,223,0.39569,15.1722054794521,948.08,1181.01555555556,14.2817229832572
"954","nationalcapital",2012,224,0.39571,15.1722054794521,948.08,1181.01555555556,14.2817229832572
"955","nationalcapital",2012,225,0.39569,15.1722054794521,948.08,1181.01555555556,14.2817229832572
"956","nationalcapital",2012,226,0.39557,15.1722054794521,948.08,1181.01555555556,14.2817229832572
"957","nationalcapital",2012,227,0.3954,15.1722054794521,948.08,1181.01555555556,14.2817229832572
"958","nationalcapital",2012,228,0.39521,15.1722054794521,948.08,1181.01555555556,14.2817229832572
"959","nationalcapital",2012,229,0.39502,15.1722054794521,948.08,1181.01555555556,14.2817229832572
"960","nationalcapital",2012,230,0.39482,15.1722054794521,948.08,1181.01555555556,14.2817229832572
"961","nationalcapital",2012,231,0.39462,15.1722054794521,948.08,1181.01555555556,14.2817229832572
"962","nationalcapital",2012,232,0.39441,15.1722054794521,948.08,1181.01555555556,14.2817229832572
"963","nationalcapital",2012,233,0.3942,15.1722054794521,948.08,1181.01555555556,14.2817229832572
"964","nationalcapital",2012,234,0.3939,15.1722054794521,948.08,1181.01555555556,14.2817229832572
"965","nationalcapital",2012,235,0.3935,15.1722054794521,948.08,1181.01555555556,14.2817229832572
"966","nationalcapital",2012,236,0.39311,15.1722054794521,948.08,1181.01555555556,14.2817229832572
"967","nationalcapital",2012,237,0.39282,15.1722054794521,948.08,1181.01555555556,14.2817229832572
"968","nationalcapital",2012,238,0.39256,15.1722054794521,948.08,1181.01555555556,14.2817229832572
"969","nationalcapital",2012,239,0.39225,15.1722054794521,948.08,1181.01555555556,14.2817229832572
"970","nationalcapital",2012,240,0.39197,15.1722054794521,948.08,1181.01555555556,14.2817229832572
"971","nationalcapital",2012,241,0.3918,15.1722054794521,948.08,1181.01555555556,14.2817229832572
"972","nationalcapital",2012,242,0.39191,15.1722054794521,948.08,1181.01555555556,14.2817229832572
"973","nationalcapital",2012,243,0.39231,15.1722054794521,948.08,1181.01555555556,14.2817229832572
"974","nationalcapital",2012,244,0.39289,15.1722054794521,948.08,1181.01555555556,14.2817229832572
"975","nationalcapital",2012,245,0.39353,15.1722054794521,948.08,1181.01555555556,14.2817229832572
"976","nationalcapital",2012,246,0.3941,15.1722054794521,948.08,1181.01555555556,14.2817229832572
"977","nationalcapital",2012,247,0.3945,15.1722054794521,948.08,1181.01555555556,14.2817229832572
"978","nationalcapital",2012,248,0.3946,15.1722054794521,948.08,1181.01555555556,14.2817229832572
"979","nationalcapital",2012,249,0.39444,15.1722054794521,948.08,1181.01555555556,14.2817229832572
"980","nationalcapital",2012,250,0.39415,15.1722054794521,948.08,1181.01555555556,14.2817229832572
"981","nationalcapital",2012,251,0.39375,15.1722054794521,948.08,1181.01555555556,14.2817229832572
"982","nationalcapital",2012,252,0.39328,15.1722054794521,948.08,1181.01555555556,14.2817229832572
"983","nationalcapital",2012,253,0.39278,15.1722054794521,948.08,1181.01555555556,14.2817229832572
"984","nationalcapital",2012,254,0.39227,15.1722054794521,948.08,1181.01555555556,14.2817229832572
"985","nationalcapital",2012,255,0.39181,15.1722054794521,948.08,1181.01555555556,14.2817229832572
"986","nationalcapital",2012,256,0.39133,15.1722054794521,948.08,1181.01555555556,14.2817229832572
"987","nationalcapital",2012,257,0.39078,15.1722054794521,948.08,1181.01555555556,14.2817229832572
"988","nationalcapital",2012,258,0.39017,15.1722054794521,948.08,1181.01555555556,14.2817229832572
"989","nationalcapital",2012,259,0.38952,15.1722054794521,948.08,1181.01555555556,14.2817229832572
"990","nationalcapital",2012,260,0.38882,15.1722054794521,948.08,1181.01555555556,14.2817229832572
"991","nationalcapital",2012,261,0.3881,15.1722054794521,948.08,1181.01555555556,14.2817229832572
"992","nationalcapital",2012,262,0.38736,15.1722054794521,948.08,1181.01555555556,14.2817229832572
"993","nationalcapital",2012,263,0.38657,15.1722054794521,948.08,1181.01555555556,14.2817229832572
"994","nationalcapital",2012,264,0.38572,15.1722054794521,948.08,1181.01555555556,14.2817229832572
"995","nationalcapital",2012,265,0.38483,15.1722054794521,948.08,1181.01555555556,14.2817229832572
"996","nationalcapital",2012,266,0.38393,15.1722054794521,948.08,1181.01555555556,14.2817229832572
"997","nationalcapital",2012,267,0.38306,15.1722054794521,948.08,1181.01555555556,14.2817229832572
"998","nationalcapital",2012,268,0.38225,15.1722054794521,948.08,1181.01555555556,14.2817229832572
"999","nationalcapital",2012,269,0.38152,15.1722054794521,948.08,1181.01555555556,14.2817229832572
"1000","nationalcapital",2012,270,0.38083,15.1722054794521,948.08,1181.01555555556,14.2817229832572
"1001","nationalcapital",2012,271,0.38014,15.1722054794521,948.08,1181.01555555556,14.2817229832572
"1002","nationalcapital",2012,272,0.37944,15.1722054794521,948.08,1181.01555555556,14.2817229832572
"1003","nationalcapital",2012,273,0.37875,15.1722054794521,948.08,1181.01555555556,14.2817229832572
"1004","nationalcapital",2012,274,0.37809,15.1722054794521,948.08,1181.01555555556,14.2817229832572
"1005","nationalcapital",2012,275,0.37746,15.1722054794521,948.08,1181.01555555556,14.2817229832572
"1006","nationalcapital",2012,276,0.37689,15.1722054794521,948.08,1181.01555555556,14.2817229832572
"1007","nationalcapital",2012,277,0.37648,15.1722054794521,948.08,1181.01555555556,14.2817229832572
"1008","nationalcapital",2012,278,0.37629,15.1722054794521,948.08,1181.01555555556,14.2817229832572
"1009","nationalcapital",2012,279,0.37621,15.1722054794521,948.08,1181.01555555556,14.2817229832572
"1010","nationalcapital",2012,280,0.37613,15.1722054794521,948.08,1181.01555555556,14.2817229832572
"1011","nationalcapital",2012,281,0.37594,15.1722054794521,948.08,1181.01555555556,14.2817229832572
"1012","nationalcapital",2012,282,0.37553,15.1722054794521,948.08,1181.01555555556,14.2817229832572
"1013","nationalcapital",2012,283,0.37479,15.1722054794521,948.08,1181.01555555556,14.2817229832572
"1014","nationalcapital",2012,284,0.37375,15.1722054794521,948.08,1181.01555555556,14.2817229832572
"1015","nationalcapital",2012,285,0.37252,15.1722054794521,948.08,1181.01555555556,14.2817229832572
"1016","nationalcapital",2012,286,0.37114,15.1722054794521,948.08,1181.01555555556,14.2817229832572
"1017","nationalcapital",2012,287,0.36965,15.1722054794521,948.08,1181.01555555556,14.2817229832572
"1018","nationalcapital",2012,288,0.36808,15.1722054794521,948.08,1181.01555555556,14.2817229832572
"1019","nationalcapital",2012,289,0.36649,15.1722054794521,948.08,1181.01555555556,14.2817229832572
"1020","nationalcapital",2012,290,0.36489,15.1722054794521,948.08,1181.01555555556,14.2817229832572
"1021","nationalcapital",2012,291,0.36307,15.1722054794521,948.08,1181.01555555556,14.2817229832572
"1022","nationalcapital",2012,292,0.361,15.1722054794521,948.08,1181.01555555556,14.2817229832572
"1023","nationalcapital",2012,293,0.35895,15.1722054794521,948.08,1181.01555555556,14.2817229832572
"1024","nationalcapital",2012,294,0.35724,15.1722054794521,948.08,1181.01555555556,14.2817229832572
"1025","nationalcapital",2012,295,0.35562,15.1722054794521,948.08,1181.01555555556,14.2817229832572
"1026","nationalcapital",2012,296,0.35383,15.1722054794521,948.08,1181.01555555556,14.2817229832572
"1027","nationalcapital",2012,297,0.35209,15.1722054794521,948.08,1181.01555555556,14.2817229832572
"1028","nationalcapital",2012,298,0.35064,15.1722054794521,948.08,1181.01555555556,14.2817229832572
"1029","nationalcapital",2012,299,0.34967,15.1722054794521,948.08,1181.01555555556,14.2817229832572
"1030","nationalcapital",2012,300,0.34911,15.1722054794521,948.08,1181.01555555556,14.2817229832572
"1031","nationalcapital",2012,301,0.34879,15.1722054794521,948.08,1181.01555555556,14.2817229832572
"1032","nationalcapital",2012,302,0.34859,15.1722054794521,948.08,1181.01555555556,14.2817229832572
"1033","nationalcapital",2012,303,0.34833,15.1722054794521,948.08,1181.01555555556,14.2817229832572
"1034","nationalcapital",2012,304,0.34787,15.1722054794521,948.08,1181.01555555556,14.2817229832572
"1035","nationalcapital",2012,305,0.34706,15.1722054794521,948.08,1181.01555555556,14.2817229832572
"1036","nationalcapital",2012,306,0.34597,15.1722054794521,948.08,1181.01555555556,14.2817229832572
"1037","nationalcapital",2012,307,0.3448,15.1722054794521,948.08,1181.01555555556,14.2817229832572
"1038","nationalcapital",2012,308,0.34355,15.1722054794521,948.08,1181.01555555556,14.2817229832572
"1039","nationalcapital",2012,309,0.34225,15.1722054794521,948.08,1181.01555555556,14.2817229832572
"1040","nationalcapital",2012,310,0.34091,15.1722054794521,948.08,1181.01555555556,14.2817229832572
"1041","nationalcapital",2012,311,0.33954,15.1722054794521,948.08,1181.01555555556,14.2817229832572
"1042","nationalcapital",2012,312,0.33816,15.1722054794521,948.08,1181.01555555556,14.2817229832572
"1043","nationalcapital",2012,313,0.33662,15.1722054794521,948.08,1181.01555555556,14.2817229832572
"1044","nationalcapital",2012,314,0.33485,15.1722054794521,948.08,1181.01555555556,14.2817229832572
"1045","nationalcapital",2012,315,0.33295,15.1722054794521,948.08,1181.01555555556,14.2817229832572
"1046","nationalcapital",2012,316,0.33103,15.1722054794521,948.08,1181.01555555556,14.2817229832572
"1047","nationalcapital",2012,317,0.3292,15.1722054794521,948.08,1181.01555555556,14.2817229832572
"1048","nationalcapital",2012,318,0.32756,15.1722054794521,948.08,1181.01555555556,14.2817229832572
"1049","nationalcapital",2012,319,0.32623,15.1722054794521,948.08,1181.01555555556,14.2817229832572
"1050","nationalcapital",2012,320,0.32514,15.1722054794521,948.08,1181.01555555556,14.2817229832572
"1051","nationalcapital",2012,321,0.32416,15.1722054794521,948.08,1181.01555555556,14.2817229832572
"1052","nationalcapital",2012,322,0.32329,15.1722054794521,948.08,1181.01555555556,14.2817229832572
"1053","nationalcapital",2012,323,0.32255,15.1722054794521,948.08,1181.01555555556,14.2817229832572
"1054","nationalcapital",2012,324,0.32194,15.1722054794521,948.08,1181.01555555556,14.2817229832572
"1055","nationalcapital",2012,325,0.32146,15.1722054794521,948.08,1181.01555555556,14.2817229832572
"1056","nationalcapital",2012,326,0.32111,15.1722054794521,948.08,1181.01555555556,14.2817229832572
"1057","nationalcapital",2012,327,0.321,15.1722054794521,948.08,1181.01555555556,14.2817229832572
"1058","nationalcapital",2012,328,0.32116,15.1722054794521,948.08,1181.01555555556,14.2817229832572
"1059","nationalcapital",2012,329,0.3215,15.1722054794521,948.08,1181.01555555556,14.2817229832572
"1060","nationalcapital",2012,330,0.32195,15.1722054794521,948.08,1181.01555555556,14.2817229832572
"1061","nationalcapital",2012,331,0.32243,15.1722054794521,948.08,1181.01555555556,14.2817229832572
"1062","nationalcapital",2012,332,0.32284,15.1722054794521,948.08,1181.01555555556,14.2817229832572
"1063","nationalcapital",2012,333,0.32312,15.1722054794521,948.08,1181.01555555556,14.2817229832572
"1064","nationalcapital",2012,334,0.32333,15.1722054794521,948.08,1181.01555555556,14.2817229832572
"1065","nationalcapital",2012,335,0.32358,15.1722054794521,948.08,1181.01555555556,14.2817229832572
"1066","nationalcapital",2012,336,0.32384,15.1722054794521,948.08,1181.01555555556,14.2817229832572
"1067","nationalcapital",2012,337,0.32411,15.1722054794521,948.08,1181.01555555556,14.2817229832572
"1068","nationalcapital",2012,338,0.32436,15.1722054794521,948.08,1181.01555555556,14.2817229832572
"1069","nationalcapital",2012,339,0.32457,15.1722054794521,948.08,1181.01555555556,14.2817229832572
"1070","nationalcapital",2012,340,0.32473,15.1722054794521,948.08,1181.01555555556,14.2817229832572
"1071","nationalcapital",2012,341,0.32484,15.1722054794521,948.08,1181.01555555556,14.2817229832572
"1072","nationalcapital",2012,342,0.32491,15.1722054794521,948.08,1181.01555555556,14.2817229832572
"1073","nationalcapital",2012,343,0.32496,15.1722054794521,948.08,1181.01555555556,14.2817229832572
"1074","nationalcapital",2012,344,0.325,15.1722054794521,948.08,1181.01555555556,14.2817229832572
"1075","nationalcapital",2012,345,0.32504,15.1722054794521,948.08,1181.01555555556,14.2817229832572
"1076","nationalcapital",2012,346,0.3251,15.1722054794521,948.08,1181.01555555556,14.2817229832572
"1077","nationalcapital",2012,347,0.32519,15.1722054794521,948.08,1181.01555555556,14.2817229832572
"1078","nationalcapital",2012,348,0.3253,15.1722054794521,948.08,1181.01555555556,14.2817229832572
"1079","nationalcapital",2012,349,0.32543,15.1722054794521,948.08,1181.01555555556,14.2817229832572
"1080","nationalcapital",2012,350,0.32556,15.1722054794521,948.08,1181.01555555556,14.2817229832572
"1081","nationalcapital",2012,351,0.32567,15.1722054794521,948.08,1181.01555555556,14.2817229832572
"1082","nationalcapital",2012,352,0.32578,15.1722054794521,948.08,1181.01555555556,14.2817229832572
"1083","nationalcapital",2012,353,0.32592,15.1722054794521,948.08,1181.01555555556,14.2817229832572
"1084","nationalcapital",2012,354,0.32604,15.1722054794521,948.08,1181.01555555556,14.2817229832572
"1085","nationalcapital",2012,355,0.3261,15.1722054794521,948.08,1181.01555555556,14.2817229832572
"1086","nationalcapital",2012,356,0.32613,15.1722054794521,948.08,1181.01555555556,14.2817229832572
"1087","nationalcapital",2012,357,0.32614,15.1722054794521,948.08,1181.01555555556,14.2817229832572
"1088","nationalcapital",2012,358,0.32615,15.1722054794521,948.08,1181.01555555556,14.2817229832572
"1089","nationalcapital",2012,359,0.32614,15.1722054794521,948.08,1181.01555555556,14.2817229832572
"1090","nationalcapital",2012,360,0.32611,15.1722054794521,948.08,1181.01555555556,14.2817229832572
"1091","nationalcapital",2012,361,0.32605,15.1722054794521,948.08,1181.01555555556,14.2817229832572
"1092","nationalcapital",2012,362,0.32595,15.1722054794521,948.08,1181.01555555556,14.2817229832572
"1093","nationalcapital",2012,363,0.32578,15.1722054794521,948.08,1181.01555555556,14.2817229832572
"1094","nationalcapital",2012,364,0.32551,15.1722054794521,948.08,1181.01555555556,14.2817229832572
"1095","nationalcapital",2012,365,0.32519,15.1722054794521,948.08,1181.01555555556,14.2817229832572
"1096","nationalcapital",2013,1,0.32455,13.5823835616438,1176.19,1181.01555555556,14.2817229832572
"1097","nationalcapital",2013,2,0.32431,13.5823835616438,1176.19,1181.01555555556,14.2817229832572
"1098","nationalcapital",2013,3,0.32418,13.5823835616438,1176.19,1181.01555555556,14.2817229832572
"1099","nationalcapital",2013,4,0.32417,13.5823835616438,1176.19,1181.01555555556,14.2817229832572
"1100","nationalcapital",2013,5,0.32422,13.5823835616438,1176.19,1181.01555555556,14.2817229832572
"1101","nationalcapital",2013,6,0.32433,13.5823835616438,1176.19,1181.01555555556,14.2817229832572
"1102","nationalcapital",2013,7,0.32445,13.5823835616438,1176.19,1181.01555555556,14.2817229832572
"1103","nationalcapital",2013,8,0.32459,13.5823835616438,1176.19,1181.01555555556,14.2817229832572
"1104","nationalcapital",2013,9,0.32471,13.5823835616438,1176.19,1181.01555555556,14.2817229832572
"1105","nationalcapital",2013,10,0.32479,13.5823835616438,1176.19,1181.01555555556,14.2817229832572
"1106","nationalcapital",2013,11,0.32487,13.5823835616438,1176.19,1181.01555555556,14.2817229832572
"1107","nationalcapital",2013,12,0.32498,13.5823835616438,1176.19,1181.01555555556,14.2817229832572
"1108","nationalcapital",2013,13,0.3251,13.5823835616438,1176.19,1181.01555555556,14.2817229832572
"1109","nationalcapital",2013,14,0.32522,13.5823835616438,1176.19,1181.01555555556,14.2817229832572
"1110","nationalcapital",2013,15,0.32533,13.5823835616438,1176.19,1181.01555555556,14.2817229832572
"1111","nationalcapital",2013,16,0.3254,13.5823835616438,1176.19,1181.01555555556,14.2817229832572
"1112","nationalcapital",2013,17,0.32543,13.5823835616438,1176.19,1181.01555555556,14.2817229832572
"1113","nationalcapital",2013,18,0.32539,13.5823835616438,1176.19,1181.01555555556,14.2817229832572
"1114","nationalcapital",2013,19,0.32531,13.5823835616438,1176.19,1181.01555555556,14.2817229832572
"1115","nationalcapital",2013,20,0.32519,13.5823835616438,1176.19,1181.01555555556,14.2817229832572
"1116","nationalcapital",2013,21,0.32505,13.5823835616438,1176.19,1181.01555555556,14.2817229832572
"1117","nationalcapital",2013,22,0.32491,13.5823835616438,1176.19,1181.01555555556,14.2817229832572
"1118","nationalcapital",2013,23,0.3248,13.5823835616438,1176.19,1181.01555555556,14.2817229832572
"1119","nationalcapital",2013,24,0.32472,13.5823835616438,1176.19,1181.01555555556,14.2817229832572
"1120","nationalcapital",2013,25,0.32467,13.5823835616438,1176.19,1181.01555555556,14.2817229832572
"1121","nationalcapital",2013,26,0.32462,13.5823835616438,1176.19,1181.01555555556,14.2817229832572
"1122","nationalcapital",2013,27,0.32458,13.5823835616438,1176.19,1181.01555555556,14.2817229832572
"1123","nationalcapital",2013,28,0.32454,13.5823835616438,1176.19,1181.01555555556,14.2817229832572
"1124","nationalcapital",2013,29,0.32452,13.5823835616438,1176.19,1181.01555555556,14.2817229832572
"1125","nationalcapital",2013,30,0.32452,13.5823835616438,1176.19,1181.01555555556,14.2817229832572
"1126","nationalcapital",2013,31,0.32453,13.5823835616438,1176.19,1181.01555555556,14.2817229832572
"1127","nationalcapital",2013,32,0.32458,13.5823835616438,1176.19,1181.01555555556,14.2817229832572
"1128","nationalcapital",2013,33,0.32464,13.5823835616438,1176.19,1181.01555555556,14.2817229832572
"1129","nationalcapital",2013,34,0.32472,13.5823835616438,1176.19,1181.01555555556,14.2817229832572
"1130","nationalcapital",2013,35,0.32481,13.5823835616438,1176.19,1181.01555555556,14.2817229832572
"1131","nationalcapital",2013,36,0.32492,13.5823835616438,1176.19,1181.01555555556,14.2817229832572
"1132","nationalcapital",2013,37,0.32503,13.5823835616438,1176.19,1181.01555555556,14.2817229832572
"1133","nationalcapital",2013,38,0.32514,13.5823835616438,1176.19,1181.01555555556,14.2817229832572
"1134","nationalcapital",2013,39,0.32527,13.5823835616438,1176.19,1181.01555555556,14.2817229832572
"1135","nationalcapital",2013,40,0.32545,13.5823835616438,1176.19,1181.01555555556,14.2817229832572
"1136","nationalcapital",2013,41,0.32566,13.5823835616438,1176.19,1181.01555555556,14.2817229832572
"1137","nationalcapital",2013,42,0.32586,13.5823835616438,1176.19,1181.01555555556,14.2817229832572
"1138","nationalcapital",2013,43,0.32606,13.5823835616438,1176.19,1181.01555555556,14.2817229832572
"1139","nationalcapital",2013,44,0.32621,13.5823835616438,1176.19,1181.01555555556,14.2817229832572
"1140","nationalcapital",2013,45,0.32632,13.5823835616438,1176.19,1181.01555555556,14.2817229832572
"1141","nationalcapital",2013,46,0.32636,13.5823835616438,1176.19,1181.01555555556,14.2817229832572
"1142","nationalcapital",2013,47,0.32638,13.5823835616438,1176.19,1181.01555555556,14.2817229832572
"1143","nationalcapital",2013,48,0.32636,13.5823835616438,1176.19,1181.01555555556,14.2817229832572
"1144","nationalcapital",2013,49,0.32633,13.5823835616438,1176.19,1181.01555555556,14.2817229832572
"1145","nationalcapital",2013,50,0.3263,13.5823835616438,1176.19,1181.01555555556,14.2817229832572
"1146","nationalcapital",2013,51,0.32627,13.5823835616438,1176.19,1181.01555555556,14.2817229832572
"1147","nationalcapital",2013,52,0.32626,13.5823835616438,1176.19,1181.01555555556,14.2817229832572
"1148","nationalcapital",2013,53,0.32622,13.5823835616438,1176.19,1181.01555555556,14.2817229832572
"1149","nationalcapital",2013,54,0.32612,13.5823835616438,1176.19,1181.01555555556,14.2817229832572
"1150","nationalcapital",2013,55,0.326,13.5823835616438,1176.19,1181.01555555556,14.2817229832572
"1151","nationalcapital",2013,56,0.32588,13.5823835616438,1176.19,1181.01555555556,14.2817229832572
"1152","nationalcapital",2013,57,0.3258,13.5823835616438,1176.19,1181.01555555556,14.2817229832572
"1153","nationalcapital",2013,58,0.32576,13.5823835616438,1176.19,1181.01555555556,14.2817229832572
"1154","nationalcapital",2013,59,0.32581,13.5823835616438,1176.19,1181.01555555556,14.2817229832572
"1155","nationalcapital",2013,60,0.32595,13.5823835616438,1176.19,1181.01555555556,14.2817229832572
"1156","nationalcapital",2013,61,0.32616,13.5823835616438,1176.19,1181.01555555556,14.2817229832572
"1157","nationalcapital",2013,62,0.32641,13.5823835616438,1176.19,1181.01555555556,14.2817229832572
"1158","nationalcapital",2013,63,0.32668,13.5823835616438,1176.19,1181.01555555556,14.2817229832572
"1159","nationalcapital",2013,64,0.32697,13.5823835616438,1176.19,1181.01555555556,14.2817229832572
"1160","nationalcapital",2013,65,0.32724,13.5823835616438,1176.19,1181.01555555556,14.2817229832572
"1161","nationalcapital",2013,66,0.32749,13.5823835616438,1176.19,1181.01555555556,14.2817229832572
"1162","nationalcapital",2013,67,0.32773,13.5823835616438,1176.19,1181.01555555556,14.2817229832572
"1163","nationalcapital",2013,68,0.32799,13.5823835616438,1176.19,1181.01555555556,14.2817229832572
"1164","nationalcapital",2013,69,0.32826,13.5823835616438,1176.19,1181.01555555556,14.2817229832572
"1165","nationalcapital",2013,70,0.32851,13.5823835616438,1176.19,1181.01555555556,14.2817229832572
"1166","nationalcapital",2013,71,0.32874,13.5823835616438,1176.19,1181.01555555556,14.2817229832572
"1167","nationalcapital",2013,72,0.32894,13.5823835616438,1176.19,1181.01555555556,14.2817229832572
"1168","nationalcapital",2013,73,0.32908,13.5823835616438,1176.19,1181.01555555556,14.2817229832572
"1169","nationalcapital",2013,74,0.32914,13.5823835616438,1176.19,1181.01555555556,14.2817229832572
"1170","nationalcapital",2013,75,0.32909,13.5823835616438,1176.19,1181.01555555556,14.2817229832572
"1171","nationalcapital",2013,76,0.32899,13.5823835616438,1176.19,1181.01555555556,14.2817229832572
"1172","nationalcapital",2013,77,0.32887,13.5823835616438,1176.19,1181.01555555556,14.2817229832572
"1173","nationalcapital",2013,78,0.32877,13.5823835616438,1176.19,1181.01555555556,14.2817229832572
"1174","nationalcapital",2013,79,0.32874,13.5823835616438,1176.19,1181.01555555556,14.2817229832572
"1175","nationalcapital",2013,80,0.3288,13.5823835616438,1176.19,1181.01555555556,14.2817229832572
"1176","nationalcapital",2013,81,0.32886,13.5823835616438,1176.19,1181.01555555556,14.2817229832572
"1177","nationalcapital",2013,82,0.32882,13.5823835616438,1176.19,1181.01555555556,14.2817229832572
"1178","nationalcapital",2013,83,0.32873,13.5823835616438,1176.19,1181.01555555556,14.2817229832572
"1179","nationalcapital",2013,84,0.32865,13.5823835616438,1176.19,1181.01555555556,14.2817229832572
"1180","nationalcapital",2013,85,0.32865,13.5823835616438,1176.19,1181.01555555556,14.2817229832572
"1181","nationalcapital",2013,86,0.32878,13.5823835616438,1176.19,1181.01555555556,14.2817229832572
"1182","nationalcapital",2013,87,0.3291,13.5823835616438,1176.19,1181.01555555556,14.2817229832572
"1183","nationalcapital",2013,88,0.32948,13.5823835616438,1176.19,1181.01555555556,14.2817229832572
"1184","nationalcapital",2013,89,0.32979,13.5823835616438,1176.19,1181.01555555556,14.2817229832572
"1185","nationalcapital",2013,90,0.33013,13.5823835616438,1176.19,1181.01555555556,14.2817229832572
"1186","nationalcapital",2013,91,0.33061,13.5823835616438,1176.19,1181.01555555556,14.2817229832572
"1187","nationalcapital",2013,92,0.33133,13.5823835616438,1176.19,1181.01555555556,14.2817229832572
"1188","nationalcapital",2013,93,0.33237,13.5823835616438,1176.19,1181.01555555556,14.2817229832572
"1189","nationalcapital",2013,94,0.33384,13.5823835616438,1176.19,1181.01555555556,14.2817229832572
"1190","nationalcapital",2013,95,0.33569,13.5823835616438,1176.19,1181.01555555556,14.2817229832572
"1191","nationalcapital",2013,96,0.3378,13.5823835616438,1176.19,1181.01555555556,14.2817229832572
"1192","nationalcapital",2013,97,0.34015,13.5823835616438,1176.19,1181.01555555556,14.2817229832572
"1193","nationalcapital",2013,98,0.34274,13.5823835616438,1176.19,1181.01555555556,14.2817229832572
"1194","nationalcapital",2013,99,0.34578,13.5823835616438,1176.19,1181.01555555556,14.2817229832572
"1195","nationalcapital",2013,100,0.34932,13.5823835616438,1176.19,1181.01555555556,14.2817229832572
"1196","nationalcapital",2013,101,0.35304,13.5823835616438,1176.19,1181.01555555556,14.2817229832572
"1197","nationalcapital",2013,102,0.35666,13.5823835616438,1176.19,1181.01555555556,14.2817229832572
"1198","nationalcapital",2013,103,0.36042,13.5823835616438,1176.19,1181.01555555556,14.2817229832572
"1199","nationalcapital",2013,104,0.36467,13.5823835616438,1176.19,1181.01555555556,14.2817229832572
"1200","nationalcapital",2013,105,0.36923,13.5823835616438,1176.19,1181.01555555556,14.2817229832572
"1201","nationalcapital",2013,106,0.37392,13.5823835616438,1176.19,1181.01555555556,14.2817229832572
"1202","nationalcapital",2013,107,0.37857,13.5823835616438,1176.19,1181.01555555556,14.2817229832572
"1203","nationalcapital",2013,108,0.38301,13.5823835616438,1176.19,1181.01555555556,14.2817229832572
"1204","nationalcapital",2013,109,0.38706,13.5823835616438,1176.19,1181.01555555556,14.2817229832572
"1205","nationalcapital",2013,110,0.39099,13.5823835616438,1176.19,1181.01555555556,14.2817229832572
"1206","nationalcapital",2013,111,0.39508,13.5823835616438,1176.19,1181.01555555556,14.2817229832572
"1207","nationalcapital",2013,112,0.3992,13.5823835616438,1176.19,1181.01555555556,14.2817229832572
"1208","nationalcapital",2013,113,0.40324,13.5823835616438,1176.19,1181.01555555556,14.2817229832572
"1209","nationalcapital",2013,114,0.40704,13.5823835616438,1176.19,1181.01555555556,14.2817229832572
"1210","nationalcapital",2013,115,0.4105,13.5823835616438,1176.19,1181.01555555556,14.2817229832572
"1211","nationalcapital",2013,116,0.41348,13.5823835616438,1176.19,1181.01555555556,14.2817229832572
"1212","nationalcapital",2013,117,0.41605,13.5823835616438,1176.19,1181.01555555556,14.2817229832572
"1213","nationalcapital",2013,118,0.4184,13.5823835616438,1176.19,1181.01555555556,14.2817229832572
"1214","nationalcapital",2013,119,0.4205,13.5823835616438,1176.19,1181.01555555556,14.2817229832572
"1215","nationalcapital",2013,120,0.42236,13.5823835616438,1176.19,1181.01555555556,14.2817229832572
"1216","nationalcapital",2013,121,0.42396,13.5823835616438,1176.19,1181.01555555556,14.2817229832572
"1217","nationalcapital",2013,122,0.42529,13.5823835616438,1176.19,1181.01555555556,14.2817229832572
"1218","nationalcapital",2013,123,0.42636,13.5823835616438,1176.19,1181.01555555556,14.2817229832572
"1219","nationalcapital",2013,124,0.42702,13.5823835616438,1176.19,1181.01555555556,14.2817229832572
"1220","nationalcapital",2013,125,0.42721,13.5823835616438,1176.19,1181.01555555556,14.2817229832572
"1221","nationalcapital",2013,126,0.42704,13.5823835616438,1176.19,1181.01555555556,14.2817229832572
"1222","nationalcapital",2013,127,0.42662,13.5823835616438,1176.19,1181.01555555556,14.2817229832572
"1223","nationalcapital",2013,128,0.42608,13.5823835616438,1176.19,1181.01555555556,14.2817229832572
"1224","nationalcapital",2013,129,0.42552,13.5823835616438,1176.19,1181.01555555556,14.2817229832572
"1225","nationalcapital",2013,130,0.42506,13.5823835616438,1176.19,1181.01555555556,14.2817229832572
"1226","nationalcapital",2013,131,0.42453,13.5823835616438,1176.19,1181.01555555556,14.2817229832572
"1227","nationalcapital",2013,132,0.42374,13.5823835616438,1176.19,1181.01555555556,14.2817229832572
"1228","nationalcapital",2013,133,0.42278,13.5823835616438,1176.19,1181.01555555556,14.2817229832572
"1229","nationalcapital",2013,134,0.42175,13.5823835616438,1176.19,1181.01555555556,14.2817229832572
"1230","nationalcapital",2013,135,0.42071,13.5823835616438,1176.19,1181.01555555556,14.2817229832572
"1231","nationalcapital",2013,136,0.41977,13.5823835616438,1176.19,1181.01555555556,14.2817229832572
"1232","nationalcapital",2013,137,0.41902,13.5823835616438,1176.19,1181.01555555556,14.2817229832572
"1233","nationalcapital",2013,138,0.41833,13.5823835616438,1176.19,1181.01555555556,14.2817229832572
"1234","nationalcapital",2013,139,0.41759,13.5823835616438,1176.19,1181.01555555556,14.2817229832572
"1235","nationalcapital",2013,140,0.41683,13.5823835616438,1176.19,1181.01555555556,14.2817229832572
"1236","nationalcapital",2013,141,0.4161,13.5823835616438,1176.19,1181.01555555556,14.2817229832572
"1237","nationalcapital",2013,142,0.41542,13.5823835616438,1176.19,1181.01555555556,14.2817229832572
"1238","nationalcapital",2013,143,0.41485,13.5823835616438,1176.19,1181.01555555556,14.2817229832572
"1239","nationalcapital",2013,144,0.41443,13.5823835616438,1176.19,1181.01555555556,14.2817229832572
"1240","nationalcapital",2013,145,0.41416,13.5823835616438,1176.19,1181.01555555556,14.2817229832572
"1241","nationalcapital",2013,146,0.41401,13.5823835616438,1176.19,1181.01555555556,14.2817229832572
"1242","nationalcapital",2013,147,0.41394,13.5823835616438,1176.19,1181.01555555556,14.2817229832572
"1243","nationalcapital",2013,148,0.41395,13.5823835616438,1176.19,1181.01555555556,14.2817229832572
"1244","nationalcapital",2013,149,0.41401,13.5823835616438,1176.19,1181.01555555556,14.2817229832572
"1245","nationalcapital",2013,150,0.4141,13.5823835616438,1176.19,1181.01555555556,14.2817229832572
"1246","nationalcapital",2013,151,0.4142,13.5823835616438,1176.19,1181.01555555556,14.2817229832572
"1247","nationalcapital",2013,152,0.4144,13.5823835616438,1176.19,1181.01555555556,14.2817229832572
"1248","nationalcapital",2013,153,0.41472,13.5823835616438,1176.19,1181.01555555556,14.2817229832572
"1249","nationalcapital",2013,154,0.41508,13.5823835616438,1176.19,1181.01555555556,14.2817229832572
"1250","nationalcapital",2013,155,0.41537,13.5823835616438,1176.19,1181.01555555556,14.2817229832572
"1251","nationalcapital",2013,156,0.41563,13.5823835616438,1176.19,1181.01555555556,14.2817229832572
"1252","nationalcapital",2013,157,0.41595,13.5823835616438,1176.19,1181.01555555556,14.2817229832572
"1253","nationalcapital",2013,158,0.41627,13.5823835616438,1176.19,1181.01555555556,14.2817229832572
"1254","nationalcapital",2013,159,0.41657,13.5823835616438,1176.19,1181.01555555556,14.2817229832572
"1255","nationalcapital",2013,160,0.41694,13.5823835616438,1176.19,1181.01555555556,14.2817229832572
"1256","nationalcapital",2013,161,0.41744,13.5823835616438,1176.19,1181.01555555556,14.2817229832572
"1257","nationalcapital",2013,162,0.41801,13.5823835616438,1176.19,1181.01555555556,14.2817229832572
"1258","nationalcapital",2013,163,0.41857,13.5823835616438,1176.19,1181.01555555556,14.2817229832572
"1259","nationalcapital",2013,164,0.41907,13.5823835616438,1176.19,1181.01555555556,14.2817229832572
"1260","nationalcapital",2013,165,0.41945,13.5823835616438,1176.19,1181.01555555556,14.2817229832572
"1261","nationalcapital",2013,166,0.41962,13.5823835616438,1176.19,1181.01555555556,14.2817229832572
"1262","nationalcapital",2013,167,0.41957,13.5823835616438,1176.19,1181.01555555556,14.2817229832572
"1263","nationalcapital",2013,168,0.41935,13.5823835616438,1176.19,1181.01555555556,14.2817229832572
"1264","nationalcapital",2013,169,0.41899,13.5823835616438,1176.19,1181.01555555556,14.2817229832572
"1265","nationalcapital",2013,170,0.41857,13.5823835616438,1176.19,1181.01555555556,14.2817229832572
"1266","nationalcapital",2013,171,0.41813,13.5823835616438,1176.19,1181.01555555556,14.2817229832572
"1267","nationalcapital",2013,172,0.41772,13.5823835616438,1176.19,1181.01555555556,14.2817229832572
"1268","nationalcapital",2013,173,0.41739,13.5823835616438,1176.19,1181.01555555556,14.2817229832572
"1269","nationalcapital",2013,174,0.41709,13.5823835616438,1176.19,1181.01555555556,14.2817229832572
"1270","nationalcapital",2013,175,0.41673,13.5823835616438,1176.19,1181.01555555556,14.2817229832572
"1271","nationalcapital",2013,176,0.41634,13.5823835616438,1176.19,1181.01555555556,14.2817229832572
"1272","nationalcapital",2013,177,0.41593,13.5823835616438,1176.19,1181.01555555556,14.2817229832572
"1273","nationalcapital",2013,178,0.41552,13.5823835616438,1176.19,1181.01555555556,14.2817229832572
"1274","nationalcapital",2013,179,0.41513,13.5823835616438,1176.19,1181.01555555556,14.2817229832572
"1275","nationalcapital",2013,180,0.41479,13.5823835616438,1176.19,1181.01555555556,14.2817229832572
"1276","nationalcapital",2013,181,0.41455,13.5823835616438,1176.19,1181.01555555556,14.2817229832572
"1277","nationalcapital",2013,182,0.41444,13.5823835616438,1176.19,1181.01555555556,14.2817229832572
"1278","nationalcapital",2013,183,0.41439,13.5823835616438,1176.19,1181.01555555556,14.2817229832572
"1279","nationalcapital",2013,184,0.41436,13.5823835616438,1176.19,1181.01555555556,14.2817229832572
"1280","nationalcapital",2013,185,0.4143,13.5823835616438,1176.19,1181.01555555556,14.2817229832572
"1281","nationalcapital",2013,186,0.41415,13.5823835616438,1176.19,1181.01555555556,14.2817229832572
"1282","nationalcapital",2013,187,0.41386,13.5823835616438,1176.19,1181.01555555556,14.2817229832572
"1283","nationalcapital",2013,188,0.41334,13.5823835616438,1176.19,1181.01555555556,14.2817229832572
"1284","nationalcapital",2013,189,0.41259,13.5823835616438,1176.19,1181.01555555556,14.2817229832572
"1285","nationalcapital",2013,190,0.41171,13.5823835616438,1176.19,1181.01555555556,14.2817229832572
"1286","nationalcapital",2013,191,0.41078,13.5823835616438,1176.19,1181.01555555556,14.2817229832572
"1287","nationalcapital",2013,192,0.40989,13.5823835616438,1176.19,1181.01555555556,14.2817229832572
"1288","nationalcapital",2013,193,0.40913,13.5823835616438,1176.19,1181.01555555556,14.2817229832572
"1289","nationalcapital",2013,194,0.40859,13.5823835616438,1176.19,1181.01555555556,14.2817229832572
"1290","nationalcapital",2013,195,0.40829,13.5823835616438,1176.19,1181.01555555556,14.2817229832572
"1291","nationalcapital",2013,196,0.40816,13.5823835616438,1176.19,1181.01555555556,14.2817229832572
"1292","nationalcapital",2013,197,0.40815,13.5823835616438,1176.19,1181.01555555556,14.2817229832572
"1293","nationalcapital",2013,198,0.4082,13.5823835616438,1176.19,1181.01555555556,14.2817229832572
"1294","nationalcapital",2013,199,0.40826,13.5823835616438,1176.19,1181.01555555556,14.2817229832572
"1295","nationalcapital",2013,200,0.40829,13.5823835616438,1176.19,1181.01555555556,14.2817229832572
"1296","nationalcapital",2013,201,0.40823,13.5823835616438,1176.19,1181.01555555556,14.2817229832572
"1297","nationalcapital",2013,202,0.40816,13.5823835616438,1176.19,1181.01555555556,14.2817229832572
"1298","nationalcapital",2013,203,0.40816,13.5823835616438,1176.19,1181.01555555556,14.2817229832572
"1299","nationalcapital",2013,204,0.40819,13.5823835616438,1176.19,1181.01555555556,14.2817229832572
"1300","nationalcapital",2013,205,0.4082,13.5823835616438,1176.19,1181.01555555556,14.2817229832572
"1301","nationalcapital",2013,206,0.40814,13.5823835616438,1176.19,1181.01555555556,14.2817229832572
"1302","nationalcapital",2013,207,0.40795,13.5823835616438,1176.19,1181.01555555556,14.2817229832572
"1303","nationalcapital",2013,208,0.4076,13.5823835616438,1176.19,1181.01555555556,14.2817229832572
"1304","nationalcapital",2013,209,0.40691,13.5823835616438,1176.19,1181.01555555556,14.2817229832572
"1305","nationalcapital",2013,210,0.40591,13.5823835616438,1176.19,1181.01555555556,14.2817229832572
"1306","nationalcapital",2013,211,0.40488,13.5823835616438,1176.19,1181.01555555556,14.2817229832572
"1307","nationalcapital",2013,212,0.40408,13.5823835616438,1176.19,1181.01555555556,14.2817229832572
"1308","nationalcapital",2013,213,0.40322,13.5823835616438,1176.19,1181.01555555556,14.2817229832572
"1309","nationalcapital",2013,214,0.40207,13.5823835616438,1176.19,1181.01555555556,14.2817229832572
"1310","nationalcapital",2013,215,0.40094,13.5823835616438,1176.19,1181.01555555556,14.2817229832572
"1311","nationalcapital",2013,216,0.40015,13.5823835616438,1176.19,1181.01555555556,14.2817229832572
"1312","nationalcapital",2013,217,0.39974,13.5823835616438,1176.19,1181.01555555556,14.2817229832572
"1313","nationalcapital",2013,218,0.3995,13.5823835616438,1176.19,1181.01555555556,14.2817229832572
"1314","nationalcapital",2013,219,0.39937,13.5823835616438,1176.19,1181.01555555556,14.2817229832572
"1315","nationalcapital",2013,220,0.3993,13.5823835616438,1176.19,1181.01555555556,14.2817229832572
"1316","nationalcapital",2013,221,0.39925,13.5823835616438,1176.19,1181.01555555556,14.2817229832572
"1317","nationalcapital",2013,222,0.39916,13.5823835616438,1176.19,1181.01555555556,14.2817229832572
"1318","nationalcapital",2013,223,0.39898,13.5823835616438,1176.19,1181.01555555556,14.2817229832572
"1319","nationalcapital",2013,224,0.39884,13.5823835616438,1176.19,1181.01555555556,14.2817229832572
"1320","nationalcapital",2013,225,0.39882,13.5823835616438,1176.19,1181.01555555556,14.2817229832572
"1321","nationalcapital",2013,226,0.39886,13.5823835616438,1176.19,1181.01555555556,14.2817229832572
"1322","nationalcapital",2013,227,0.3989,13.5823835616438,1176.19,1181.01555555556,14.2817229832572
"1323","nationalcapital",2013,228,0.39888,13.5823835616438,1176.19,1181.01555555556,14.2817229832572
"1324","nationalcapital",2013,229,0.39872,13.5823835616438,1176.19,1181.01555555556,14.2817229832572
"1325","nationalcapital",2013,230,0.39837,13.5823835616438,1176.19,1181.01555555556,14.2817229832572
"1326","nationalcapital",2013,231,0.39776,13.5823835616438,1176.19,1181.01555555556,14.2817229832572
"1327","nationalcapital",2013,232,0.39694,13.5823835616438,1176.19,1181.01555555556,14.2817229832572
"1328","nationalcapital",2013,233,0.39598,13.5823835616438,1176.19,1181.01555555556,14.2817229832572
"1329","nationalcapital",2013,234,0.39495,13.5823835616438,1176.19,1181.01555555556,14.2817229832572
"1330","nationalcapital",2013,235,0.39392,13.5823835616438,1176.19,1181.01555555556,14.2817229832572
"1331","nationalcapital",2013,236,0.39298,13.5823835616438,1176.19,1181.01555555556,14.2817229832572
"1332","nationalcapital",2013,237,0.3922,13.5823835616438,1176.19,1181.01555555556,14.2817229832572
"1333","nationalcapital",2013,238,0.39155,13.5823835616438,1176.19,1181.01555555556,14.2817229832572
"1334","nationalcapital",2013,239,0.39095,13.5823835616438,1176.19,1181.01555555556,14.2817229832572
"1335","nationalcapital",2013,240,0.39038,13.5823835616438,1176.19,1181.01555555556,14.2817229832572
"1336","nationalcapital",2013,241,0.38981,13.5823835616438,1176.19,1181.01555555556,14.2817229832572
"1337","nationalcapital",2013,242,0.38922,13.5823835616438,1176.19,1181.01555555556,14.2817229832572
"1338","nationalcapital",2013,243,0.3886,13.5823835616438,1176.19,1181.01555555556,14.2817229832572
"1339","nationalcapital",2013,244,0.38791,13.5823835616438,1176.19,1181.01555555556,14.2817229832572
"1340","nationalcapital",2013,245,0.38718,13.5823835616438,1176.19,1181.01555555556,14.2817229832572
"1341","nationalcapital",2013,246,0.38646,13.5823835616438,1176.19,1181.01555555556,14.2817229832572
"1342","nationalcapital",2013,247,0.38578,13.5823835616438,1176.19,1181.01555555556,14.2817229832572
"1343","nationalcapital",2013,248,0.38513,13.5823835616438,1176.19,1181.01555555556,14.2817229832572
"1344","nationalcapital",2013,249,0.38453,13.5823835616438,1176.19,1181.01555555556,14.2817229832572
"1345","nationalcapital",2013,250,0.384,13.5823835616438,1176.19,1181.01555555556,14.2817229832572
"1346","nationalcapital",2013,251,0.38356,13.5823835616438,1176.19,1181.01555555556,14.2817229832572
"1347","nationalcapital",2013,252,0.38312,13.5823835616438,1176.19,1181.01555555556,14.2817229832572
"1348","nationalcapital",2013,253,0.3826,13.5823835616438,1176.19,1181.01555555556,14.2817229832572
"1349","nationalcapital",2013,254,0.38204,13.5823835616438,1176.19,1181.01555555556,14.2817229832572
"1350","nationalcapital",2013,255,0.38149,13.5823835616438,1176.19,1181.01555555556,14.2817229832572
"1351","nationalcapital",2013,256,0.38098,13.5823835616438,1176.19,1181.01555555556,14.2817229832572
"1352","nationalcapital",2013,257,0.38055,13.5823835616438,1176.19,1181.01555555556,14.2817229832572
"1353","nationalcapital",2013,258,0.38024,13.5823835616438,1176.19,1181.01555555556,14.2817229832572
"1354","nationalcapital",2013,259,0.38026,13.5823835616438,1176.19,1181.01555555556,14.2817229832572
"1355","nationalcapital",2013,260,0.38066,13.5823835616438,1176.19,1181.01555555556,14.2817229832572
"1356","nationalcapital",2013,261,0.38125,13.5823835616438,1176.19,1181.01555555556,14.2817229832572
"1357","nationalcapital",2013,262,0.38184,13.5823835616438,1176.19,1181.01555555556,14.2817229832572
"1358","nationalcapital",2013,263,0.38223,13.5823835616438,1176.19,1181.01555555556,14.2817229832572
"1359","nationalcapital",2013,264,0.38225,13.5823835616438,1176.19,1181.01555555556,14.2817229832572
"1360","nationalcapital",2013,265,0.38169,13.5823835616438,1176.19,1181.01555555556,14.2817229832572
"1361","nationalcapital",2013,266,0.38072,13.5823835616438,1176.19,1181.01555555556,14.2817229832572
"1362","nationalcapital",2013,267,0.37963,13.5823835616438,1176.19,1181.01555555556,14.2817229832572
"1363","nationalcapital",2013,268,0.37843,13.5823835616438,1176.19,1181.01555555556,14.2817229832572
"1364","nationalcapital",2013,269,0.37715,13.5823835616438,1176.19,1181.01555555556,14.2817229832572
"1365","nationalcapital",2013,270,0.3758,13.5823835616438,1176.19,1181.01555555556,14.2817229832572
"1366","nationalcapital",2013,271,0.37439,13.5823835616438,1176.19,1181.01555555556,14.2817229832572
"1367","nationalcapital",2013,272,0.37295,13.5823835616438,1176.19,1181.01555555556,14.2817229832572
"1368","nationalcapital",2013,273,0.37155,13.5823835616438,1176.19,1181.01555555556,14.2817229832572
"1369","nationalcapital",2013,274,0.37026,13.5823835616438,1176.19,1181.01555555556,14.2817229832572
"1370","nationalcapital",2013,275,0.3691,13.5823835616438,1176.19,1181.01555555556,14.2817229832572
"1371","nationalcapital",2013,276,0.36807,13.5823835616438,1176.19,1181.01555555556,14.2817229832572
"1372","nationalcapital",2013,277,0.36717,13.5823835616438,1176.19,1181.01555555556,14.2817229832572
"1373","nationalcapital",2013,278,0.36642,13.5823835616438,1176.19,1181.01555555556,14.2817229832572
"1374","nationalcapital",2013,279,0.36581,13.5823835616438,1176.19,1181.01555555556,14.2817229832572
"1375","nationalcapital",2013,280,0.36625,13.5823835616438,1176.19,1181.01555555556,14.2817229832572
"1376","nationalcapital",2013,281,0.36819,13.5823835616438,1176.19,1181.01555555556,14.2817229832572
"1377","nationalcapital",2013,282,0.37104,13.5823835616438,1176.19,1181.01555555556,14.2817229832572
"1378","nationalcapital",2013,283,0.3742,13.5823835616438,1176.19,1181.01555555556,14.2817229832572
"1379","nationalcapital",2013,284,0.37706,13.5823835616438,1176.19,1181.01555555556,14.2817229832572
"1380","nationalcapital",2013,285,0.37903,13.5823835616438,1176.19,1181.01555555556,14.2817229832572
"1381","nationalcapital",2013,286,0.3795,13.5823835616438,1176.19,1181.01555555556,14.2817229832572
"1382","nationalcapital",2013,287,0.37916,13.5823835616438,1176.19,1181.01555555556,14.2817229832572
"1383","nationalcapital",2013,288,0.37903,13.5823835616438,1176.19,1181.01555555556,14.2817229832572
"1384","nationalcapital",2013,289,0.37893,13.5823835616438,1176.19,1181.01555555556,14.2817229832572
"1385","nationalcapital",2013,290,0.3787,13.5823835616438,1176.19,1181.01555555556,14.2817229832572
"1386","nationalcapital",2013,291,0.37818,13.5823835616438,1176.19,1181.01555555556,14.2817229832572
"1387","nationalcapital",2013,292,0.3772,13.5823835616438,1176.19,1181.01555555556,14.2817229832572
"1388","nationalcapital",2013,293,0.3756,13.5823835616438,1176.19,1181.01555555556,14.2817229832572
"1389","nationalcapital",2013,294,0.37353,13.5823835616438,1176.19,1181.01555555556,14.2817229832572
"1390","nationalcapital",2013,295,0.37127,13.5823835616438,1176.19,1181.01555555556,14.2817229832572
"1391","nationalcapital",2013,296,0.36885,13.5823835616438,1176.19,1181.01555555556,14.2817229832572
"1392","nationalcapital",2013,297,0.36632,13.5823835616438,1176.19,1181.01555555556,14.2817229832572
"1393","nationalcapital",2013,298,0.36371,13.5823835616438,1176.19,1181.01555555556,14.2817229832572
"1394","nationalcapital",2013,299,0.36106,13.5823835616438,1176.19,1181.01555555556,14.2817229832572
"1395","nationalcapital",2013,300,0.35841,13.5823835616438,1176.19,1181.01555555556,14.2817229832572
"1396","nationalcapital",2013,301,0.35593,13.5823835616438,1176.19,1181.01555555556,14.2817229832572
"1397","nationalcapital",2013,302,0.35372,13.5823835616438,1176.19,1181.01555555556,14.2817229832572
"1398","nationalcapital",2013,303,0.35173,13.5823835616438,1176.19,1181.01555555556,14.2817229832572
"1399","nationalcapital",2013,304,0.34991,13.5823835616438,1176.19,1181.01555555556,14.2817229832572
"1400","nationalcapital",2013,305,0.34822,13.5823835616438,1176.19,1181.01555555556,14.2817229832572
"1401","nationalcapital",2013,306,0.3466,13.5823835616438,1176.19,1181.01555555556,14.2817229832572
"1402","nationalcapital",2013,307,0.345,13.5823835616438,1176.19,1181.01555555556,14.2817229832572
"1403","nationalcapital",2013,308,0.34351,13.5823835616438,1176.19,1181.01555555556,14.2817229832572
"1404","nationalcapital",2013,309,0.34221,13.5823835616438,1176.19,1181.01555555556,14.2817229832572
"1405","nationalcapital",2013,310,0.34105,13.5823835616438,1176.19,1181.01555555556,14.2817229832572
"1406","nationalcapital",2013,311,0.33999,13.5823835616438,1176.19,1181.01555555556,14.2817229832572
"1407","nationalcapital",2013,312,0.33898,13.5823835616438,1176.19,1181.01555555556,14.2817229832572
"1408","nationalcapital",2013,313,0.33799,13.5823835616438,1176.19,1181.01555555556,14.2817229832572
"1409","nationalcapital",2013,314,0.33696,13.5823835616438,1176.19,1181.01555555556,14.2817229832572
"1410","nationalcapital",2013,315,0.33589,13.5823835616438,1176.19,1181.01555555556,14.2817229832572
"1411","nationalcapital",2013,316,0.33482,13.5823835616438,1176.19,1181.01555555556,14.2817229832572
"1412","nationalcapital",2013,317,0.33376,13.5823835616438,1176.19,1181.01555555556,14.2817229832572
"1413","nationalcapital",2013,318,0.33276,13.5823835616438,1176.19,1181.01555555556,14.2817229832572
"1414","nationalcapital",2013,319,0.33182,13.5823835616438,1176.19,1181.01555555556,14.2817229832572
"1415","nationalcapital",2013,320,0.33097,13.5823835616438,1176.19,1181.01555555556,14.2817229832572
"1416","nationalcapital",2013,321,0.33023,13.5823835616438,1176.19,1181.01555555556,14.2817229832572
"1417","nationalcapital",2013,322,0.32957,13.5823835616438,1176.19,1181.01555555556,14.2817229832572
"1418","nationalcapital",2013,323,0.32893,13.5823835616438,1176.19,1181.01555555556,14.2817229832572
"1419","nationalcapital",2013,324,0.32837,13.5823835616438,1176.19,1181.01555555556,14.2817229832572
"1420","nationalcapital",2013,325,0.3279,13.5823835616438,1176.19,1181.01555555556,14.2817229832572
"1421","nationalcapital",2013,326,0.32761,13.5823835616438,1176.19,1181.01555555556,14.2817229832572
"1422","nationalcapital",2013,327,0.32749,13.5823835616438,1176.19,1181.01555555556,14.2817229832572
"1423","nationalcapital",2013,328,0.32745,13.5823835616438,1176.19,1181.01555555556,14.2817229832572
"1424","nationalcapital",2013,329,0.32739,13.5823835616438,1176.19,1181.01555555556,14.2817229832572
"1425","nationalcapital",2013,330,0.32736,13.5823835616438,1176.19,1181.01555555556,14.2817229832572
"1426","nationalcapital",2013,331,0.32744,13.5823835616438,1176.19,1181.01555555556,14.2817229832572
"1427","nationalcapital",2013,332,0.3276,13.5823835616438,1176.19,1181.01555555556,14.2817229832572
"1428","nationalcapital",2013,333,0.32781,13.5823835616438,1176.19,1181.01555555556,14.2817229832572
"1429","nationalcapital",2013,334,0.32804,13.5823835616438,1176.19,1181.01555555556,14.2817229832572
"1430","nationalcapital",2013,335,0.32826,13.5823835616438,1176.19,1181.01555555556,14.2817229832572
"1431","nationalcapital",2013,336,0.32844,13.5823835616438,1176.19,1181.01555555556,14.2817229832572
"1432","nationalcapital",2013,337,0.32861,13.5823835616438,1176.19,1181.01555555556,14.2817229832572
"1433","nationalcapital",2013,338,0.32882,13.5823835616438,1176.19,1181.01555555556,14.2817229832572
"1434","nationalcapital",2013,339,0.32907,13.5823835616438,1176.19,1181.01555555556,14.2817229832572
"1435","nationalcapital",2013,340,0.32934,13.5823835616438,1176.19,1181.01555555556,14.2817229832572
"1436","nationalcapital",2013,341,0.3296,13.5823835616438,1176.19,1181.01555555556,14.2817229832572
"1437","nationalcapital",2013,342,0.32985,13.5823835616438,1176.19,1181.01555555556,14.2817229832572
"1438","nationalcapital",2013,343,0.33007,13.5823835616438,1176.19,1181.01555555556,14.2817229832572
"1439","nationalcapital",2013,344,0.33027,13.5823835616438,1176.19,1181.01555555556,14.2817229832572
"1440","nationalcapital",2013,345,0.33048,13.5823835616438,1176.19,1181.01555555556,14.2817229832572
"1441","nationalcapital",2013,346,0.33068,13.5823835616438,1176.19,1181.01555555556,14.2817229832572
"1442","nationalcapital",2013,347,0.33088,13.5823835616438,1176.19,1181.01555555556,14.2817229832572
"1443","nationalcapital",2013,348,0.33107,13.5823835616438,1176.19,1181.01555555556,14.2817229832572
"1444","nationalcapital",2013,349,0.33123,13.5823835616438,1176.19,1181.01555555556,14.2817229832572
"1445","nationalcapital",2013,350,0.33137,13.5823835616438,1176.19,1181.01555555556,14.2817229832572
"1446","nationalcapital",2013,351,0.3315,13.5823835616438,1176.19,1181.01555555556,14.2817229832572
"1447","nationalcapital",2013,352,0.33165,13.5823835616438,1176.19,1181.01555555556,14.2817229832572
"1448","nationalcapital",2013,353,0.33181,13.5823835616438,1176.19,1181.01555555556,14.2817229832572
"1449","nationalcapital",2013,354,0.33196,13.5823835616438,1176.19,1181.01555555556,14.2817229832572
"1450","nationalcapital",2013,355,0.33209,13.5823835616438,1176.19,1181.01555555556,14.2817229832572
"1451","nationalcapital",2013,356,0.33219,13.5823835616438,1176.19,1181.01555555556,14.2817229832572
"1452","nationalcapital",2013,357,0.33223,13.5823835616438,1176.19,1181.01555555556,14.2817229832572
"1453","nationalcapital",2013,358,0.33222,13.5823835616438,1176.19,1181.01555555556,14.2817229832572
"1454","nationalcapital",2013,359,0.33216,13.5823835616438,1176.19,1181.01555555556,14.2817229832572
"1455","nationalcapital",2013,360,0.33206,13.5823835616438,1176.19,1181.01555555556,14.2817229832572
"1456","nationalcapital",2013,361,0.33193,13.5823835616438,1176.19,1181.01555555556,14.2817229832572
"1457","nationalcapital",2013,362,0.33178,13.5823835616438,1176.19,1181.01555555556,14.2817229832572
"1458","nationalcapital",2013,363,0.33162,13.5823835616438,1176.19,1181.01555555556,14.2817229832572
"1459","nationalcapital",2013,364,0.33146,13.5823835616438,1176.19,1181.01555555556,14.2817229832572
"1460","nationalcapital",2013,365,0.33125,13.5823835616438,1176.19,1181.01555555556,14.2817229832572
"1461","nationalcapital",2014,1,0.33096,13.1059315068493,1205.29,1181.01555555556,14.2817229832572
"1462","nationalcapital",2014,2,0.33062,13.1059315068493,1205.29,1181.01555555556,14.2817229832572
"1463","nationalcapital",2014,3,0.33027,13.1059315068493,1205.29,1181.01555555556,14.2817229832572
"1464","nationalcapital",2014,4,0.32995,13.1059315068493,1205.29,1181.01555555556,14.2817229832572
"1465","nationalcapital",2014,5,0.32969,13.1059315068493,1205.29,1181.01555555556,14.2817229832572
"1466","nationalcapital",2014,6,0.32954,13.1059315068493,1205.29,1181.01555555556,14.2817229832572
"1467","nationalcapital",2014,7,0.3295,13.1059315068493,1205.29,1181.01555555556,14.2817229832572
"1468","nationalcapital",2014,8,0.32955,13.1059315068493,1205.29,1181.01555555556,14.2817229832572
"1469","nationalcapital",2014,9,0.32966,13.1059315068493,1205.29,1181.01555555556,14.2817229832572
"1470","nationalcapital",2014,10,0.3298,13.1059315068493,1205.29,1181.01555555556,14.2817229832572
"1471","nationalcapital",2014,11,0.32993,13.1059315068493,1205.29,1181.01555555556,14.2817229832572
"1472","nationalcapital",2014,12,0.33002,13.1059315068493,1205.29,1181.01555555556,14.2817229832572
"1473","nationalcapital",2014,13,0.33004,13.1059315068493,1205.29,1181.01555555556,14.2817229832572
"1474","nationalcapital",2014,14,0.33008,13.1059315068493,1205.29,1181.01555555556,14.2817229832572
"1475","nationalcapital",2014,15,0.3302,13.1059315068493,1205.29,1181.01555555556,14.2817229832572
"1476","nationalcapital",2014,16,0.33029,13.1059315068493,1205.29,1181.01555555556,14.2817229832572
"1477","nationalcapital",2014,17,0.33029,13.1059315068493,1205.29,1181.01555555556,14.2817229832572
"1478","nationalcapital",2014,18,0.33014,13.1059315068493,1205.29,1181.01555555556,14.2817229832572
"1479","nationalcapital",2014,19,0.32991,13.1059315068493,1205.29,1181.01555555556,14.2817229832572
"1480","nationalcapital",2014,20,0.32965,13.1059315068493,1205.29,1181.01555555556,14.2817229832572
"1481","nationalcapital",2014,21,0.32944,13.1059315068493,1205.29,1181.01555555556,14.2817229832572
"1482","nationalcapital",2014,22,0.32922,13.1059315068493,1205.29,1181.01555555556,14.2817229832572
"1483","nationalcapital",2014,23,0.32892,13.1059315068493,1205.29,1181.01555555556,14.2817229832572
"1484","nationalcapital",2014,24,0.32858,13.1059315068493,1205.29,1181.01555555556,14.2817229832572
"1485","nationalcapital",2014,25,0.32822,13.1059315068493,1205.29,1181.01555555556,14.2817229832572
"1486","nationalcapital",2014,26,0.32788,13.1059315068493,1205.29,1181.01555555556,14.2817229832572
"1487","nationalcapital",2014,27,0.32761,13.1059315068493,1205.29,1181.01555555556,14.2817229832572
"1488","nationalcapital",2014,28,0.32741,13.1059315068493,1205.29,1181.01555555556,14.2817229832572
"1489","nationalcapital",2014,29,0.32732,13.1059315068493,1205.29,1181.01555555556,14.2817229832572
"1490","nationalcapital",2014,30,0.32728,13.1059315068493,1205.29,1181.01555555556,14.2817229832572
"1491","nationalcapital",2014,31,0.32728,13.1059315068493,1205.29,1181.01555555556,14.2817229832572
"1492","nationalcapital",2014,32,0.32731,13.1059315068493,1205.29,1181.01555555556,14.2817229832572
"1493","nationalcapital",2014,33,0.32735,13.1059315068493,1205.29,1181.01555555556,14.2817229832572
"1494","nationalcapital",2014,34,0.32737,13.1059315068493,1205.29,1181.01555555556,14.2817229832572
"1495","nationalcapital",2014,35,0.32736,13.1059315068493,1205.29,1181.01555555556,14.2817229832572
"1496","nationalcapital",2014,36,0.32731,13.1059315068493,1205.29,1181.01555555556,14.2817229832572
"1497","nationalcapital",2014,37,0.32725,13.1059315068493,1205.29,1181.01555555556,14.2817229832572
"1498","nationalcapital",2014,38,0.32718,13.1059315068493,1205.29,1181.01555555556,14.2817229832572
"1499","nationalcapital",2014,39,0.32711,13.1059315068493,1205.29,1181.01555555556,14.2817229832572
"1500","nationalcapital",2014,40,0.32705,13.1059315068493,1205.29,1181.01555555556,14.2817229832572
"1501","nationalcapital",2014,41,0.32702,13.1059315068493,1205.29,1181.01555555556,14.2817229832572
"1502","nationalcapital",2014,42,0.32701,13.1059315068493,1205.29,1181.01555555556,14.2817229832572
"1503","nationalcapital",2014,43,0.32704,13.1059315068493,1205.29,1181.01555555556,14.2817229832572
"1504","nationalcapital",2014,44,0.32709,13.1059315068493,1205.29,1181.01555555556,14.2817229832572
"1505","nationalcapital",2014,45,0.32716,13.1059315068493,1205.29,1181.01555555556,14.2817229832572
"1506","nationalcapital",2014,46,0.32724,13.1059315068493,1205.29,1181.01555555556,14.2817229832572
"1507","nationalcapital",2014,47,0.32733,13.1059315068493,1205.29,1181.01555555556,14.2817229832572
"1508","nationalcapital",2014,48,0.32741,13.1059315068493,1205.29,1181.01555555556,14.2817229832572
"1509","nationalcapital",2014,49,0.3275,13.1059315068493,1205.29,1181.01555555556,14.2817229832572
"1510","nationalcapital",2014,50,0.32763,13.1059315068493,1205.29,1181.01555555556,14.2817229832572
"1511","nationalcapital",2014,51,0.32782,13.1059315068493,1205.29,1181.01555555556,14.2817229832572
"1512","nationalcapital",2014,52,0.32804,13.1059315068493,1205.29,1181.01555555556,14.2817229832572
"1513","nationalcapital",2014,53,0.32827,13.1059315068493,1205.29,1181.01555555556,14.2817229832572
"1514","nationalcapital",2014,54,0.32848,13.1059315068493,1205.29,1181.01555555556,14.2817229832572
"1515","nationalcapital",2014,55,0.32862,13.1059315068493,1205.29,1181.01555555556,14.2817229832572
"1516","nationalcapital",2014,56,0.32869,13.1059315068493,1205.29,1181.01555555556,14.2817229832572
"1517","nationalcapital",2014,57,0.32867,13.1059315068493,1205.29,1181.01555555556,14.2817229832572
"1518","nationalcapital",2014,58,0.3286,13.1059315068493,1205.29,1181.01555555556,14.2817229832572
"1519","nationalcapital",2014,59,0.32851,13.1059315068493,1205.29,1181.01555555556,14.2817229832572
"1520","nationalcapital",2014,60,0.32838,13.1059315068493,1205.29,1181.01555555556,14.2817229832572
"1521","nationalcapital",2014,61,0.32824,13.1059315068493,1205.29,1181.01555555556,14.2817229832572
"1522","nationalcapital",2014,62,0.3281,13.1059315068493,1205.29,1181.01555555556,14.2817229832572
"1523","nationalcapital",2014,63,0.32795,13.1059315068493,1205.29,1181.01555555556,14.2817229832572
"1524","nationalcapital",2014,64,0.32779,13.1059315068493,1205.29,1181.01555555556,14.2817229832572
"1525","nationalcapital",2014,65,0.32759,13.1059315068493,1205.29,1181.01555555556,14.2817229832572
"1526","nationalcapital",2014,66,0.32738,13.1059315068493,1205.29,1181.01555555556,14.2817229832572
"1527","nationalcapital",2014,67,0.32718,13.1059315068493,1205.29,1181.01555555556,14.2817229832572
"1528","nationalcapital",2014,68,0.327,13.1059315068493,1205.29,1181.01555555556,14.2817229832572
"1529","nationalcapital",2014,69,0.32687,13.1059315068493,1205.29,1181.01555555556,14.2817229832572
"1530","nationalcapital",2014,70,0.32681,13.1059315068493,1205.29,1181.01555555556,14.2817229832572
"1531","nationalcapital",2014,71,0.32683,13.1059315068493,1205.29,1181.01555555556,14.2817229832572
"1532","nationalcapital",2014,72,0.32689,13.1059315068493,1205.29,1181.01555555556,14.2817229832572
"1533","nationalcapital",2014,73,0.32698,13.1059315068493,1205.29,1181.01555555556,14.2817229832572
"1534","nationalcapital",2014,74,0.32706,13.1059315068493,1205.29,1181.01555555556,14.2817229832572
"1535","nationalcapital",2014,75,0.32714,13.1059315068493,1205.29,1181.01555555556,14.2817229832572
"1536","nationalcapital",2014,76,0.32721,13.1059315068493,1205.29,1181.01555555556,14.2817229832572
"1537","nationalcapital",2014,77,0.32728,13.1059315068493,1205.29,1181.01555555556,14.2817229832572
"1538","nationalcapital",2014,78,0.32737,13.1059315068493,1205.29,1181.01555555556,14.2817229832572
"1539","nationalcapital",2014,79,0.32743,13.1059315068493,1205.29,1181.01555555556,14.2817229832572
"1540","nationalcapital",2014,80,0.32745,13.1059315068493,1205.29,1181.01555555556,14.2817229832572
"1541","nationalcapital",2014,81,0.32745,13.1059315068493,1205.29,1181.01555555556,14.2817229832572
"1542","nationalcapital",2014,82,0.32747,13.1059315068493,1205.29,1181.01555555556,14.2817229832572
"1543","nationalcapital",2014,83,0.32754,13.1059315068493,1205.29,1181.01555555556,14.2817229832572
"1544","nationalcapital",2014,84,0.32771,13.1059315068493,1205.29,1181.01555555556,14.2817229832572
"1545","nationalcapital",2014,85,0.328,13.1059315068493,1205.29,1181.01555555556,14.2817229832572
"1546","nationalcapital",2014,86,0.32828,13.1059315068493,1205.29,1181.01555555556,14.2817229832572
"1547","nationalcapital",2014,87,0.32846,13.1059315068493,1205.29,1181.01555555556,14.2817229832572
"1548","nationalcapital",2014,88,0.3286,13.1059315068493,1205.29,1181.01555555556,14.2817229832572
"1549","nationalcapital",2014,89,0.32879,13.1059315068493,1205.29,1181.01555555556,14.2817229832572
"1550","nationalcapital",2014,90,0.32909,13.1059315068493,1205.29,1181.01555555556,14.2817229832572
"1551","nationalcapital",2014,91,0.32959,13.1059315068493,1205.29,1181.01555555556,14.2817229832572
"1552","nationalcapital",2014,92,0.33036,13.1059315068493,1205.29,1181.01555555556,14.2817229832572
"1553","nationalcapital",2014,93,0.33137,13.1059315068493,1205.29,1181.01555555556,14.2817229832572
"1554","nationalcapital",2014,94,0.33254,13.1059315068493,1205.29,1181.01555555556,14.2817229832572
"1555","nationalcapital",2014,95,0.33383,13.1059315068493,1205.29,1181.01555555556,14.2817229832572
"1556","nationalcapital",2014,96,0.33523,13.1059315068493,1205.29,1181.01555555556,14.2817229832572
"1557","nationalcapital",2014,97,0.33671,13.1059315068493,1205.29,1181.01555555556,14.2817229832572
"1558","nationalcapital",2014,98,0.33825,13.1059315068493,1205.29,1181.01555555556,14.2817229832572
"1559","nationalcapital",2014,99,0.33983,13.1059315068493,1205.29,1181.01555555556,14.2817229832572
"1560","nationalcapital",2014,100,0.34125,13.1059315068493,1205.29,1181.01555555556,14.2817229832572
"1561","nationalcapital",2014,101,0.34244,13.1059315068493,1205.29,1181.01555555556,14.2817229832572
"1562","nationalcapital",2014,102,0.34352,13.1059315068493,1205.29,1181.01555555556,14.2817229832572
"1563","nationalcapital",2014,103,0.34464,13.1059315068493,1205.29,1181.01555555556,14.2817229832572
"1564","nationalcapital",2014,104,0.34595,13.1059315068493,1205.29,1181.01555555556,14.2817229832572
"1565","nationalcapital",2014,105,0.34758,13.1059315068493,1205.29,1181.01555555556,14.2817229832572
"1566","nationalcapital",2014,106,0.34968,13.1059315068493,1205.29,1181.01555555556,14.2817229832572
"1567","nationalcapital",2014,107,0.35221,13.1059315068493,1205.29,1181.01555555556,14.2817229832572
"1568","nationalcapital",2014,108,0.35503,13.1059315068493,1205.29,1181.01555555556,14.2817229832572
"1569","nationalcapital",2014,109,0.35809,13.1059315068493,1205.29,1181.01555555556,14.2817229832572
"1570","nationalcapital",2014,110,0.36135,13.1059315068493,1205.29,1181.01555555556,14.2817229832572
"1571","nationalcapital",2014,111,0.36476,13.1059315068493,1205.29,1181.01555555556,14.2817229832572
"1572","nationalcapital",2014,112,0.36829,13.1059315068493,1205.29,1181.01555555556,14.2817229832572
"1573","nationalcapital",2014,113,0.37189,13.1059315068493,1205.29,1181.01555555556,14.2817229832572
"1574","nationalcapital",2014,114,0.37587,13.1059315068493,1205.29,1181.01555555556,14.2817229832572
"1575","nationalcapital",2014,115,0.38043,13.1059315068493,1205.29,1181.01555555556,14.2817229832572
"1576","nationalcapital",2014,116,0.38537,13.1059315068493,1205.29,1181.01555555556,14.2817229832572
"1577","nationalcapital",2014,117,0.39048,13.1059315068493,1205.29,1181.01555555556,14.2817229832572
"1578","nationalcapital",2014,118,0.39557,13.1059315068493,1205.29,1181.01555555556,14.2817229832572
"1579","nationalcapital",2014,119,0.40042,13.1059315068493,1205.29,1181.01555555556,14.2817229832572
"1580","nationalcapital",2014,120,0.40483,13.1059315068493,1205.29,1181.01555555556,14.2817229832572
"1581","nationalcapital",2014,121,0.4089,13.1059315068493,1205.29,1181.01555555556,14.2817229832572
"1582","nationalcapital",2014,122,0.41284,13.1059315068493,1205.29,1181.01555555556,14.2817229832572
"1583","nationalcapital",2014,123,0.41662,13.1059315068493,1205.29,1181.01555555556,14.2817229832572
"1584","nationalcapital",2014,124,0.42019,13.1059315068493,1205.29,1181.01555555556,14.2817229832572
"1585","nationalcapital",2014,125,0.42351,13.1059315068493,1205.29,1181.01555555556,14.2817229832572
"1586","nationalcapital",2014,126,0.42656,13.1059315068493,1205.29,1181.01555555556,14.2817229832572
"1587","nationalcapital",2014,127,0.4293,13.1059315068493,1205.29,1181.01555555556,14.2817229832572
"1588","nationalcapital",2014,128,0.43177,13.1059315068493,1205.29,1181.01555555556,14.2817229832572
"1589","nationalcapital",2014,129,0.43404,13.1059315068493,1205.29,1181.01555555556,14.2817229832572
"1590","nationalcapital",2014,130,0.43608,13.1059315068493,1205.29,1181.01555555556,14.2817229832572
"1591","nationalcapital",2014,131,0.43785,13.1059315068493,1205.29,1181.01555555556,14.2817229832572
"1592","nationalcapital",2014,132,0.43933,13.1059315068493,1205.29,1181.01555555556,14.2817229832572
"1593","nationalcapital",2014,133,0.44048,13.1059315068493,1205.29,1181.01555555556,14.2817229832572
"1594","nationalcapital",2014,134,0.44128,13.1059315068493,1205.29,1181.01555555556,14.2817229832572
"1595","nationalcapital",2014,135,0.44163,13.1059315068493,1205.29,1181.01555555556,14.2817229832572
"1596","nationalcapital",2014,136,0.44154,13.1059315068493,1205.29,1181.01555555556,14.2817229832572
"1597","nationalcapital",2014,137,0.44115,13.1059315068493,1205.29,1181.01555555556,14.2817229832572
"1598","nationalcapital",2014,138,0.44057,13.1059315068493,1205.29,1181.01555555556,14.2817229832572
"1599","nationalcapital",2014,139,0.43994,13.1059315068493,1205.29,1181.01555555556,14.2817229832572
"1600","nationalcapital",2014,140,0.43938,13.1059315068493,1205.29,1181.01555555556,14.2817229832572
"1601","nationalcapital",2014,141,0.43902,13.1059315068493,1205.29,1181.01555555556,14.2817229832572
"1602","nationalcapital",2014,142,0.43867,13.1059315068493,1205.29,1181.01555555556,14.2817229832572
"1603","nationalcapital",2014,143,0.43814,13.1059315068493,1205.29,1181.01555555556,14.2817229832572
"1604","nationalcapital",2014,144,0.4375,13.1059315068493,1205.29,1181.01555555556,14.2817229832572
"1605","nationalcapital",2014,145,0.43683,13.1059315068493,1205.29,1181.01555555556,14.2817229832572
"1606","nationalcapital",2014,146,0.43622,13.1059315068493,1205.29,1181.01555555556,14.2817229832572
"1607","nationalcapital",2014,147,0.43575,13.1059315068493,1205.29,1181.01555555556,14.2817229832572
"1608","nationalcapital",2014,148,0.4355,13.1059315068493,1205.29,1181.01555555556,14.2817229832572
"1609","nationalcapital",2014,149,0.43562,13.1059315068493,1205.29,1181.01555555556,14.2817229832572
"1610","nationalcapital",2014,150,0.43611,13.1059315068493,1205.29,1181.01555555556,14.2817229832572
"1611","nationalcapital",2014,151,0.4368,13.1059315068493,1205.29,1181.01555555556,14.2817229832572
"1612","nationalcapital",2014,152,0.43753,13.1059315068493,1205.29,1181.01555555556,14.2817229832572
"1613","nationalcapital",2014,153,0.43814,13.1059315068493,1205.29,1181.01555555556,14.2817229832572
"1614","nationalcapital",2014,154,0.43846,13.1059315068493,1205.29,1181.01555555556,14.2817229832572
"1615","nationalcapital",2014,155,0.43834,13.1059315068493,1205.29,1181.01555555556,14.2817229832572
"1616","nationalcapital",2014,156,0.43772,13.1059315068493,1205.29,1181.01555555556,14.2817229832572
"1617","nationalcapital",2014,157,0.43675,13.1059315068493,1205.29,1181.01555555556,14.2817229832572
"1618","nationalcapital",2014,158,0.43554,13.1059315068493,1205.29,1181.01555555556,14.2817229832572
"1619","nationalcapital",2014,159,0.4342,13.1059315068493,1205.29,1181.01555555556,14.2817229832572
"1620","nationalcapital",2014,160,0.43282,13.1059315068493,1205.29,1181.01555555556,14.2817229832572
"1621","nationalcapital",2014,161,0.43152,13.1059315068493,1205.29,1181.01555555556,14.2817229832572
"1622","nationalcapital",2014,162,0.43041,13.1059315068493,1205.29,1181.01555555556,14.2817229832572
"1623","nationalcapital",2014,163,0.42944,13.1059315068493,1205.29,1181.01555555556,14.2817229832572
"1624","nationalcapital",2014,164,0.42852,13.1059315068493,1205.29,1181.01555555556,14.2817229832572
"1625","nationalcapital",2014,165,0.42765,13.1059315068493,1205.29,1181.01555555556,14.2817229832572
"1626","nationalcapital",2014,166,0.42682,13.1059315068493,1205.29,1181.01555555556,14.2817229832572
"1627","nationalcapital",2014,167,0.42604,13.1059315068493,1205.29,1181.01555555556,14.2817229832572
"1628","nationalcapital",2014,168,0.42531,13.1059315068493,1205.29,1181.01555555556,14.2817229832572
"1629","nationalcapital",2014,169,0.42463,13.1059315068493,1205.29,1181.01555555556,14.2817229832572
"1630","nationalcapital",2014,170,0.42408,13.1059315068493,1205.29,1181.01555555556,14.2817229832572
"1631","nationalcapital",2014,171,0.42369,13.1059315068493,1205.29,1181.01555555556,14.2817229832572
"1632","nationalcapital",2014,172,0.4234,13.1059315068493,1205.29,1181.01555555556,14.2817229832572
"1633","nationalcapital",2014,173,0.42317,13.1059315068493,1205.29,1181.01555555556,14.2817229832572
"1634","nationalcapital",2014,174,0.42292,13.1059315068493,1205.29,1181.01555555556,14.2817229832572
"1635","nationalcapital",2014,175,0.42262,13.1059315068493,1205.29,1181.01555555556,14.2817229832572
"1636","nationalcapital",2014,176,0.42219,13.1059315068493,1205.29,1181.01555555556,14.2817229832572
"1637","nationalcapital",2014,177,0.42171,13.1059315068493,1205.29,1181.01555555556,14.2817229832572
"1638","nationalcapital",2014,178,0.42125,13.1059315068493,1205.29,1181.01555555556,14.2817229832572
"1639","nationalcapital",2014,179,0.42078,13.1059315068493,1205.29,1181.01555555556,14.2817229832572
"1640","nationalcapital",2014,180,0.42027,13.1059315068493,1205.29,1181.01555555556,14.2817229832572
"1641","nationalcapital",2014,181,0.41969,13.1059315068493,1205.29,1181.01555555556,14.2817229832572
"1642","nationalcapital",2014,182,0.41901,13.1059315068493,1205.29,1181.01555555556,14.2817229832572
"1643","nationalcapital",2014,183,0.41821,13.1059315068493,1205.29,1181.01555555556,14.2817229832572
"1644","nationalcapital",2014,184,0.41705,13.1059315068493,1205.29,1181.01555555556,14.2817229832572
"1645","nationalcapital",2014,185,0.41556,13.1059315068493,1205.29,1181.01555555556,14.2817229832572
"1646","nationalcapital",2014,186,0.41404,13.1059315068493,1205.29,1181.01555555556,14.2817229832572
"1647","nationalcapital",2014,187,0.41285,13.1059315068493,1205.29,1181.01555555556,14.2817229832572
"1648","nationalcapital",2014,188,0.41177,13.1059315068493,1205.29,1181.01555555556,14.2817229832572
"1649","nationalcapital",2014,189,0.41054,13.1059315068493,1205.29,1181.01555555556,14.2817229832572
"1650","nationalcapital",2014,190,0.40937,13.1059315068493,1205.29,1181.01555555556,14.2817229832572
"1651","nationalcapital",2014,191,0.40845,13.1059315068493,1205.29,1181.01555555556,14.2817229832572
"1652","nationalcapital",2014,192,0.40782,13.1059315068493,1205.29,1181.01555555556,14.2817229832572
"1653","nationalcapital",2014,193,0.40735,13.1059315068493,1205.29,1181.01555555556,14.2817229832572
"1654","nationalcapital",2014,194,0.40701,13.1059315068493,1205.29,1181.01555555556,14.2817229832572
"1655","nationalcapital",2014,195,0.40675,13.1059315068493,1205.29,1181.01555555556,14.2817229832572
"1656","nationalcapital",2014,196,0.40655,13.1059315068493,1205.29,1181.01555555556,14.2817229832572
"1657","nationalcapital",2014,197,0.40637,13.1059315068493,1205.29,1181.01555555556,14.2817229832572
"1658","nationalcapital",2014,198,0.40617,13.1059315068493,1205.29,1181.01555555556,14.2817229832572
"1659","nationalcapital",2014,199,0.4061,13.1059315068493,1205.29,1181.01555555556,14.2817229832572
"1660","nationalcapital",2014,200,0.40622,13.1059315068493,1205.29,1181.01555555556,14.2817229832572
"1661","nationalcapital",2014,201,0.40646,13.1059315068493,1205.29,1181.01555555556,14.2817229832572
"1662","nationalcapital",2014,202,0.40671,13.1059315068493,1205.29,1181.01555555556,14.2817229832572
"1663","nationalcapital",2014,203,0.40688,13.1059315068493,1205.29,1181.01555555556,14.2817229832572
"1664","nationalcapital",2014,204,0.40688,13.1059315068493,1205.29,1181.01555555556,14.2817229832572
"1665","nationalcapital",2014,205,0.40661,13.1059315068493,1205.29,1181.01555555556,14.2817229832572
"1666","nationalcapital",2014,206,0.40601,13.1059315068493,1205.29,1181.01555555556,14.2817229832572
"1667","nationalcapital",2014,207,0.40514,13.1059315068493,1205.29,1181.01555555556,14.2817229832572
"1668","nationalcapital",2014,208,0.40409,13.1059315068493,1205.29,1181.01555555556,14.2817229832572
"1669","nationalcapital",2014,209,0.40296,13.1059315068493,1205.29,1181.01555555556,14.2817229832572
"1670","nationalcapital",2014,210,0.40184,13.1059315068493,1205.29,1181.01555555556,14.2817229832572
"1671","nationalcapital",2014,211,0.40083,13.1059315068493,1205.29,1181.01555555556,14.2817229832572
"1672","nationalcapital",2014,212,0.40002,13.1059315068493,1205.29,1181.01555555556,14.2817229832572
"1673","nationalcapital",2014,213,0.3993,13.1059315068493,1205.29,1181.01555555556,14.2817229832572
"1674","nationalcapital",2014,214,0.39854,13.1059315068493,1205.29,1181.01555555556,14.2817229832572
"1675","nationalcapital",2014,215,0.39779,13.1059315068493,1205.29,1181.01555555556,14.2817229832572
"1676","nationalcapital",2014,216,0.39711,13.1059315068493,1205.29,1181.01555555556,14.2817229832572
"1677","nationalcapital",2014,217,0.39654,13.1059315068493,1205.29,1181.01555555556,14.2817229832572
"1678","nationalcapital",2014,218,0.39614,13.1059315068493,1205.29,1181.01555555556,14.2817229832572
"1679","nationalcapital",2014,219,0.39596,13.1059315068493,1205.29,1181.01555555556,14.2817229832572
"1680","nationalcapital",2014,220,0.39607,13.1059315068493,1205.29,1181.01555555556,14.2817229832572
"1681","nationalcapital",2014,221,0.39646,13.1059315068493,1205.29,1181.01555555556,14.2817229832572
"1682","nationalcapital",2014,222,0.39701,13.1059315068493,1205.29,1181.01555555556,14.2817229832572
"1683","nationalcapital",2014,223,0.39764,13.1059315068493,1205.29,1181.01555555556,14.2817229832572
"1684","nationalcapital",2014,224,0.39825,13.1059315068493,1205.29,1181.01555555556,14.2817229832572
"1685","nationalcapital",2014,225,0.39874,13.1059315068493,1205.29,1181.01555555556,14.2817229832572
"1686","nationalcapital",2014,226,0.39901,13.1059315068493,1205.29,1181.01555555556,14.2817229832572
"1687","nationalcapital",2014,227,0.39915,13.1059315068493,1205.29,1181.01555555556,14.2817229832572
"1688","nationalcapital",2014,228,0.39931,13.1059315068493,1205.29,1181.01555555556,14.2817229832572
"1689","nationalcapital",2014,229,0.39946,13.1059315068493,1205.29,1181.01555555556,14.2817229832572
"1690","nationalcapital",2014,230,0.3996,13.1059315068493,1205.29,1181.01555555556,14.2817229832572
"1691","nationalcapital",2014,231,0.39971,13.1059315068493,1205.29,1181.01555555556,14.2817229832572
"1692","nationalcapital",2014,232,0.39977,13.1059315068493,1205.29,1181.01555555556,14.2817229832572
"1693","nationalcapital",2014,233,0.39977,13.1059315068493,1205.29,1181.01555555556,14.2817229832572
"1694","nationalcapital",2014,234,0.39968,13.1059315068493,1205.29,1181.01555555556,14.2817229832572
"1695","nationalcapital",2014,235,0.3995,13.1059315068493,1205.29,1181.01555555556,14.2817229832572
"1696","nationalcapital",2014,236,0.39927,13.1059315068493,1205.29,1181.01555555556,14.2817229832572
"1697","nationalcapital",2014,237,0.39899,13.1059315068493,1205.29,1181.01555555556,14.2817229832572
"1698","nationalcapital",2014,238,0.39871,13.1059315068493,1205.29,1181.01555555556,14.2817229832572
"1699","nationalcapital",2014,239,0.39844,13.1059315068493,1205.29,1181.01555555556,14.2817229832572
"1700","nationalcapital",2014,240,0.39822,13.1059315068493,1205.29,1181.01555555556,14.2817229832572
"1701","nationalcapital",2014,241,0.39815,13.1059315068493,1205.29,1181.01555555556,14.2817229832572
"1702","nationalcapital",2014,242,0.39822,13.1059315068493,1205.29,1181.01555555556,14.2817229832572
"1703","nationalcapital",2014,243,0.39827,13.1059315068493,1205.29,1181.01555555556,14.2817229832572
"1704","nationalcapital",2014,244,0.39815,13.1059315068493,1205.29,1181.01555555556,14.2817229832572
"1705","nationalcapital",2014,245,0.3978,13.1059315068493,1205.29,1181.01555555556,14.2817229832572
"1706","nationalcapital",2014,246,0.39733,13.1059315068493,1205.29,1181.01555555556,14.2817229832572
"1707","nationalcapital",2014,247,0.39681,13.1059315068493,1205.29,1181.01555555556,14.2817229832572
"1708","nationalcapital",2014,248,0.39628,13.1059315068493,1205.29,1181.01555555556,14.2817229832572
"1709","nationalcapital",2014,249,0.39573,13.1059315068493,1205.29,1181.01555555556,14.2817229832572
"1710","nationalcapital",2014,250,0.39511,13.1059315068493,1205.29,1181.01555555556,14.2817229832572
"1711","nationalcapital",2014,251,0.39443,13.1059315068493,1205.29,1181.01555555556,14.2817229832572
"1712","nationalcapital",2014,252,0.39372,13.1059315068493,1205.29,1181.01555555556,14.2817229832572
"1713","nationalcapital",2014,253,0.39298,13.1059315068493,1205.29,1181.01555555556,14.2817229832572
"1714","nationalcapital",2014,254,0.39223,13.1059315068493,1205.29,1181.01555555556,14.2817229832572
"1715","nationalcapital",2014,255,0.39149,13.1059315068493,1205.29,1181.01555555556,14.2817229832572
"1716","nationalcapital",2014,256,0.39073,13.1059315068493,1205.29,1181.01555555556,14.2817229832572
"1717","nationalcapital",2014,257,0.38994,13.1059315068493,1205.29,1181.01555555556,14.2817229832572
"1718","nationalcapital",2014,258,0.38912,13.1059315068493,1205.29,1181.01555555556,14.2817229832572
"1719","nationalcapital",2014,259,0.38828,13.1059315068493,1205.29,1181.01555555556,14.2817229832572
"1720","nationalcapital",2014,260,0.38744,13.1059315068493,1205.29,1181.01555555556,14.2817229832572
"1721","nationalcapital",2014,261,0.38659,13.1059315068493,1205.29,1181.01555555556,14.2817229832572
"1722","nationalcapital",2014,262,0.38574,13.1059315068493,1205.29,1181.01555555556,14.2817229832572
"1723","nationalcapital",2014,263,0.38485,13.1059315068493,1205.29,1181.01555555556,14.2817229832572
"1724","nationalcapital",2014,264,0.38389,13.1059315068493,1205.29,1181.01555555556,14.2817229832572
"1725","nationalcapital",2014,265,0.38289,13.1059315068493,1205.29,1181.01555555556,14.2817229832572
"1726","nationalcapital",2014,266,0.38188,13.1059315068493,1205.29,1181.01555555556,14.2817229832572
"1727","nationalcapital",2014,267,0.38089,13.1059315068493,1205.29,1181.01555555556,14.2817229832572
"1728","nationalcapital",2014,268,0.37994,13.1059315068493,1205.29,1181.01555555556,14.2817229832572
"1729","nationalcapital",2014,269,0.37907,13.1059315068493,1205.29,1181.01555555556,14.2817229832572
"1730","nationalcapital",2014,270,0.37826,13.1059315068493,1205.29,1181.01555555556,14.2817229832572
"1731","nationalcapital",2014,271,0.37746,13.1059315068493,1205.29,1181.01555555556,14.2817229832572
"1732","nationalcapital",2014,272,0.37667,13.1059315068493,1205.29,1181.01555555556,14.2817229832572
"1733","nationalcapital",2014,273,0.37588,13.1059315068493,1205.29,1181.01555555556,14.2817229832572
"1734","nationalcapital",2014,274,0.37508,13.1059315068493,1205.29,1181.01555555556,14.2817229832572
"1735","nationalcapital",2014,275,0.37427,13.1059315068493,1205.29,1181.01555555556,14.2817229832572
"1736","nationalcapital",2014,276,0.37342,13.1059315068493,1205.29,1181.01555555556,14.2817229832572
"1737","nationalcapital",2014,277,0.37251,13.1059315068493,1205.29,1181.01555555556,14.2817229832572
"1738","nationalcapital",2014,278,0.37151,13.1059315068493,1205.29,1181.01555555556,14.2817229832572
"1739","nationalcapital",2014,279,0.37049,13.1059315068493,1205.29,1181.01555555556,14.2817229832572
"1740","nationalcapital",2014,280,0.36951,13.1059315068493,1205.29,1181.01555555556,14.2817229832572
"1741","nationalcapital",2014,281,0.3686,13.1059315068493,1205.29,1181.01555555556,14.2817229832572
"1742","nationalcapital",2014,282,0.36784,13.1059315068493,1205.29,1181.01555555556,14.2817229832572
"1743","nationalcapital",2014,283,0.36727,13.1059315068493,1205.29,1181.01555555556,14.2817229832572
"1744","nationalcapital",2014,284,0.36697,13.1059315068493,1205.29,1181.01555555556,14.2817229832572
"1745","nationalcapital",2014,285,0.3669,13.1059315068493,1205.29,1181.01555555556,14.2817229832572
"1746","nationalcapital",2014,286,0.36697,13.1059315068493,1205.29,1181.01555555556,14.2817229832572
"1747","nationalcapital",2014,287,0.36706,13.1059315068493,1205.29,1181.01555555556,14.2817229832572
"1748","nationalcapital",2014,288,0.36707,13.1059315068493,1205.29,1181.01555555556,14.2817229832572
"1749","nationalcapital",2014,289,0.3669,13.1059315068493,1205.29,1181.01555555556,14.2817229832572
"1750","nationalcapital",2014,290,0.36644,13.1059315068493,1205.29,1181.01555555556,14.2817229832572
"1751","nationalcapital",2014,291,0.36584,13.1059315068493,1205.29,1181.01555555556,14.2817229832572
"1752","nationalcapital",2014,292,0.3653,13.1059315068493,1205.29,1181.01555555556,14.2817229832572
"1753","nationalcapital",2014,293,0.36478,13.1059315068493,1205.29,1181.01555555556,14.2817229832572
"1754","nationalcapital",2014,294,0.36423,13.1059315068493,1205.29,1181.01555555556,14.2817229832572
"1755","nationalcapital",2014,295,0.36363,13.1059315068493,1205.29,1181.01555555556,14.2817229832572
"1756","nationalcapital",2014,296,0.36292,13.1059315068493,1205.29,1181.01555555556,14.2817229832572
"1757","nationalcapital",2014,297,0.36208,13.1059315068493,1205.29,1181.01555555556,14.2817229832572
"1758","nationalcapital",2014,298,0.36095,13.1059315068493,1205.29,1181.01555555556,14.2817229832572
"1759","nationalcapital",2014,299,0.35955,13.1059315068493,1205.29,1181.01555555556,14.2817229832572
"1760","nationalcapital",2014,300,0.35806,13.1059315068493,1205.29,1181.01555555556,14.2817229832572
"1761","nationalcapital",2014,301,0.35669,13.1059315068493,1205.29,1181.01555555556,14.2817229832572
"1762","nationalcapital",2014,302,0.35538,13.1059315068493,1205.29,1181.01555555556,14.2817229832572
"1763","nationalcapital",2014,303,0.35399,13.1059315068493,1205.29,1181.01555555556,14.2817229832572
"1764","nationalcapital",2014,304,0.35254,13.1059315068493,1205.29,1181.01555555556,14.2817229832572
"1765","nationalcapital",2014,305,0.35107,13.1059315068493,1205.29,1181.01555555556,14.2817229832572
"1766","nationalcapital",2014,306,0.34952,13.1059315068493,1205.29,1181.01555555556,14.2817229832572
"1767","nationalcapital",2014,307,0.34786,13.1059315068493,1205.29,1181.01555555556,14.2817229832572
"1768","nationalcapital",2014,308,0.34613,13.1059315068493,1205.29,1181.01555555556,14.2817229832572
"1769","nationalcapital",2014,309,0.34438,13.1059315068493,1205.29,1181.01555555556,14.2817229832572
"1770","nationalcapital",2014,310,0.34263,13.1059315068493,1205.29,1181.01555555556,14.2817229832572
"1771","nationalcapital",2014,311,0.34095,13.1059315068493,1205.29,1181.01555555556,14.2817229832572
"1772","nationalcapital",2014,312,0.33938,13.1059315068493,1205.29,1181.01555555556,14.2817229832572
"1773","nationalcapital",2014,313,0.33782,13.1059315068493,1205.29,1181.01555555556,14.2817229832572
"1774","nationalcapital",2014,314,0.3362,13.1059315068493,1205.29,1181.01555555556,14.2817229832572
"1775","nationalcapital",2014,315,0.33456,13.1059315068493,1205.29,1181.01555555556,14.2817229832572
"1776","nationalcapital",2014,316,0.33295,13.1059315068493,1205.29,1181.01555555556,14.2817229832572
"1777","nationalcapital",2014,317,0.33143,13.1059315068493,1205.29,1181.01555555556,14.2817229832572
"1778","nationalcapital",2014,318,0.33005,13.1059315068493,1205.29,1181.01555555556,14.2817229832572
"1779","nationalcapital",2014,319,0.32886,13.1059315068493,1205.29,1181.01555555556,14.2817229832572
"1780","nationalcapital",2014,320,0.32784,13.1059315068493,1205.29,1181.01555555556,14.2817229832572
"1781","nationalcapital",2014,321,0.32695,13.1059315068493,1205.29,1181.01555555556,14.2817229832572
"1782","nationalcapital",2014,322,0.32618,13.1059315068493,1205.29,1181.01555555556,14.2817229832572
"1783","nationalcapital",2014,323,0.32551,13.1059315068493,1205.29,1181.01555555556,14.2817229832572
"1784","nationalcapital",2014,324,0.32493,13.1059315068493,1205.29,1181.01555555556,14.2817229832572
"1785","nationalcapital",2014,325,0.32442,13.1059315068493,1205.29,1181.01555555556,14.2817229832572
"1786","nationalcapital",2014,326,0.32396,13.1059315068493,1205.29,1181.01555555556,14.2817229832572
"1787","nationalcapital",2014,327,0.3236,13.1059315068493,1205.29,1181.01555555556,14.2817229832572
"1788","nationalcapital",2014,328,0.32337,13.1059315068493,1205.29,1181.01555555556,14.2817229832572
"1789","nationalcapital",2014,329,0.32324,13.1059315068493,1205.29,1181.01555555556,14.2817229832572
"1790","nationalcapital",2014,330,0.32318,13.1059315068493,1205.29,1181.01555555556,14.2817229832572
"1791","nationalcapital",2014,331,0.32316,13.1059315068493,1205.29,1181.01555555556,14.2817229832572
"1792","nationalcapital",2014,332,0.32317,13.1059315068493,1205.29,1181.01555555556,14.2817229832572
"1793","nationalcapital",2014,333,0.32316,13.1059315068493,1205.29,1181.01555555556,14.2817229832572
"1794","nationalcapital",2014,334,0.32322,13.1059315068493,1205.29,1181.01555555556,14.2817229832572
"1795","nationalcapital",2014,335,0.32339,13.1059315068493,1205.29,1181.01555555556,14.2817229832572
"1796","nationalcapital",2014,336,0.32366,13.1059315068493,1205.29,1181.01555555556,14.2817229832572
"1797","nationalcapital",2014,337,0.32396,13.1059315068493,1205.29,1181.01555555556,14.2817229832572
"1798","nationalcapital",2014,338,0.32428,13.1059315068493,1205.29,1181.01555555556,14.2817229832572
"1799","nationalcapital",2014,339,0.32456,13.1059315068493,1205.29,1181.01555555556,14.2817229832572
"1800","nationalcapital",2014,340,0.32478,13.1059315068493,1205.29,1181.01555555556,14.2817229832572
"1801","nationalcapital",2014,341,0.32497,13.1059315068493,1205.29,1181.01555555556,14.2817229832572
"1802","nationalcapital",2014,342,0.3252,13.1059315068493,1205.29,1181.01555555556,14.2817229832572
"1803","nationalcapital",2014,343,0.32545,13.1059315068493,1205.29,1181.01555555556,14.2817229832572
"1804","nationalcapital",2014,344,0.3257,13.1059315068493,1205.29,1181.01555555556,14.2817229832572
"1805","nationalcapital",2014,345,0.32595,13.1059315068493,1205.29,1181.01555555556,14.2817229832572
"1806","nationalcapital",2014,346,0.32616,13.1059315068493,1205.29,1181.01555555556,14.2817229832572
"1807","nationalcapital",2014,347,0.32632,13.1059315068493,1205.29,1181.01555555556,14.2817229832572
"1808","nationalcapital",2014,348,0.32643,13.1059315068493,1205.29,1181.01555555556,14.2817229832572
"1809","nationalcapital",2014,349,0.32648,13.1059315068493,1205.29,1181.01555555556,14.2817229832572
"1810","nationalcapital",2014,350,0.3265,13.1059315068493,1205.29,1181.01555555556,14.2817229832572
"1811","nationalcapital",2014,351,0.32647,13.1059315068493,1205.29,1181.01555555556,14.2817229832572
"1812","nationalcapital",2014,352,0.32642,13.1059315068493,1205.29,1181.01555555556,14.2817229832572
"1813","nationalcapital",2014,353,0.32636,13.1059315068493,1205.29,1181.01555555556,14.2817229832572
"1814","nationalcapital",2014,354,0.32628,13.1059315068493,1205.29,1181.01555555556,14.2817229832572
"1815","nationalcapital",2014,355,0.3261,13.1059315068493,1205.29,1181.01555555556,14.2817229832572
"1816","nationalcapital",2014,356,0.3258,13.1059315068493,1205.29,1181.01555555556,14.2817229832572
"1817","nationalcapital",2014,357,0.32551,13.1059315068493,1205.29,1181.01555555556,14.2817229832572
"1818","nationalcapital",2014,358,0.32532,13.1059315068493,1205.29,1181.01555555556,14.2817229832572
"1819","nationalcapital",2014,359,0.32524,13.1059315068493,1205.29,1181.01555555556,14.2817229832572
"1820","nationalcapital",2014,360,0.32518,13.1059315068493,1205.29,1181.01555555556,14.2817229832572
"1821","nationalcapital",2014,361,0.32513,13.1059315068493,1205.29,1181.01555555556,14.2817229832572
"1822","nationalcapital",2014,362,0.32508,13.1059315068493,1205.29,1181.01555555556,14.2817229832572
"1823","nationalcapital",2014,363,0.32504,13.1059315068493,1205.29,1181.01555555556,14.2817229832572
"1824","nationalcapital",2014,364,0.325,13.1059315068493,1205.29,1181.01555555556,14.2817229832572
"1825","nationalcapital",2014,365,0.32497,13.1059315068493,1205.29,1181.01555555556,14.2817229832572
"1826","nationalcapital",2015,1,0.32495,14.1978767123288,1192.34,1181.01555555556,14.2817229832572
"1827","nationalcapital",2015,2,0.32493,14.1978767123288,1192.34,1181.01555555556,14.2817229832572
"1828","nationalcapital",2015,3,0.32491,14.1978767123288,1192.34,1181.01555555556,14.2817229832572
"1829","nationalcapital",2015,4,0.3249,14.1978767123288,1192.34,1181.01555555556,14.2817229832572
"1830","nationalcapital",2015,5,0.3249,14.1978767123288,1192.34,1181.01555555556,14.2817229832572
"1831","nationalcapital",2015,6,0.32493,14.1978767123288,1192.34,1181.01555555556,14.2817229832572
"1832","nationalcapital",2015,7,0.32497,14.1978767123288,1192.34,1181.01555555556,14.2817229832572
"1833","nationalcapital",2015,8,0.32503,14.1978767123288,1192.34,1181.01555555556,14.2817229832572
"1834","nationalcapital",2015,9,0.32508,14.1978767123288,1192.34,1181.01555555556,14.2817229832572
"1835","nationalcapital",2015,10,0.32514,14.1978767123288,1192.34,1181.01555555556,14.2817229832572
"1836","nationalcapital",2015,11,0.32519,14.1978767123288,1192.34,1181.01555555556,14.2817229832572
"1837","nationalcapital",2015,12,0.32525,14.1978767123288,1192.34,1181.01555555556,14.2817229832572
"1838","nationalcapital",2015,13,0.32533,14.1978767123288,1192.34,1181.01555555556,14.2817229832572
"1839","nationalcapital",2015,14,0.32543,14.1978767123288,1192.34,1181.01555555556,14.2817229832572
"1840","nationalcapital",2015,15,0.32553,14.1978767123288,1192.34,1181.01555555556,14.2817229832572
"1841","nationalcapital",2015,16,0.32561,14.1978767123288,1192.34,1181.01555555556,14.2817229832572
"1842","nationalcapital",2015,17,0.32567,14.1978767123288,1192.34,1181.01555555556,14.2817229832572
"1843","nationalcapital",2015,18,0.32567,14.1978767123288,1192.34,1181.01555555556,14.2817229832572
"1844","nationalcapital",2015,19,0.32564,14.1978767123288,1192.34,1181.01555555556,14.2817229832572
"1845","nationalcapital",2015,20,0.32559,14.1978767123288,1192.34,1181.01555555556,14.2817229832572
"1846","nationalcapital",2015,21,0.32552,14.1978767123288,1192.34,1181.01555555556,14.2817229832572
"1847","nationalcapital",2015,22,0.32543,14.1978767123288,1192.34,1181.01555555556,14.2817229832572
"1848","nationalcapital",2015,23,0.32533,14.1978767123288,1192.34,1181.01555555556,14.2817229832572
"1849","nationalcapital",2015,24,0.32522,14.1978767123288,1192.34,1181.01555555556,14.2817229832572
"1850","nationalcapital",2015,25,0.32509,14.1978767123288,1192.34,1181.01555555556,14.2817229832572
"1851","nationalcapital",2015,26,0.32492,14.1978767123288,1192.34,1181.01555555556,14.2817229832572
"1852","nationalcapital",2015,27,0.32469,14.1978767123288,1192.34,1181.01555555556,14.2817229832572
"1853","nationalcapital",2015,28,0.32442,14.1978767123288,1192.34,1181.01555555556,14.2817229832572
"1854","nationalcapital",2015,29,0.32414,14.1978767123288,1192.34,1181.01555555556,14.2817229832572
"1855","nationalcapital",2015,30,0.32387,14.1978767123288,1192.34,1181.01555555556,14.2817229832572
"1856","nationalcapital",2015,31,0.32364,14.1978767123288,1192.34,1181.01555555556,14.2817229832572
"1857","nationalcapital",2015,32,0.32348,14.1978767123288,1192.34,1181.01555555556,14.2817229832572
"1858","nationalcapital",2015,33,0.32337,14.1978767123288,1192.34,1181.01555555556,14.2817229832572
"1859","nationalcapital",2015,34,0.32331,14.1978767123288,1192.34,1181.01555555556,14.2817229832572
"1860","nationalcapital",2015,35,0.32327,14.1978767123288,1192.34,1181.01555555556,14.2817229832572
"1861","nationalcapital",2015,36,0.32325,14.1978767123288,1192.34,1181.01555555556,14.2817229832572
"1862","nationalcapital",2015,37,0.32323,14.1978767123288,1192.34,1181.01555555556,14.2817229832572
"1863","nationalcapital",2015,38,0.32322,14.1978767123288,1192.34,1181.01555555556,14.2817229832572
"1864","nationalcapital",2015,39,0.3232,14.1978767123288,1192.34,1181.01555555556,14.2817229832572
"1865","nationalcapital",2015,40,0.32317,14.1978767123288,1192.34,1181.01555555556,14.2817229832572
"1866","nationalcapital",2015,41,0.32314,14.1978767123288,1192.34,1181.01555555556,14.2817229832572
"1867","nationalcapital",2015,42,0.32311,14.1978767123288,1192.34,1181.01555555556,14.2817229832572
"1868","nationalcapital",2015,43,0.32309,14.1978767123288,1192.34,1181.01555555556,14.2817229832572
"1869","nationalcapital",2015,44,0.32308,14.1978767123288,1192.34,1181.01555555556,14.2817229832572
"1870","nationalcapital",2015,45,0.32309,14.1978767123288,1192.34,1181.01555555556,14.2817229832572
"1871","nationalcapital",2015,46,0.32311,14.1978767123288,1192.34,1181.01555555556,14.2817229832572
"1872","nationalcapital",2015,47,0.32316,14.1978767123288,1192.34,1181.01555555556,14.2817229832572
"1873","nationalcapital",2015,48,0.32323,14.1978767123288,1192.34,1181.01555555556,14.2817229832572
"1874","nationalcapital",2015,49,0.32332,14.1978767123288,1192.34,1181.01555555556,14.2817229832572
"1875","nationalcapital",2015,50,0.3234,14.1978767123288,1192.34,1181.01555555556,14.2817229832572
"1876","nationalcapital",2015,51,0.32347,14.1978767123288,1192.34,1181.01555555556,14.2817229832572
"1877","nationalcapital",2015,52,0.32355,14.1978767123288,1192.34,1181.01555555556,14.2817229832572
"1878","nationalcapital",2015,53,0.32364,14.1978767123288,1192.34,1181.01555555556,14.2817229832572
"1879","nationalcapital",2015,54,0.32373,14.1978767123288,1192.34,1181.01555555556,14.2817229832572
"1880","nationalcapital",2015,55,0.32382,14.1978767123288,1192.34,1181.01555555556,14.2817229832572
"1881","nationalcapital",2015,56,0.32393,14.1978767123288,1192.34,1181.01555555556,14.2817229832572
"1882","nationalcapital",2015,57,0.32405,14.1978767123288,1192.34,1181.01555555556,14.2817229832572
"1883","nationalcapital",2015,58,0.32417,14.1978767123288,1192.34,1181.01555555556,14.2817229832572
"1884","nationalcapital",2015,59,0.32428,14.1978767123288,1192.34,1181.01555555556,14.2817229832572
"1885","nationalcapital",2015,60,0.32439,14.1978767123288,1192.34,1181.01555555556,14.2817229832572
"1886","nationalcapital",2015,61,0.32448,14.1978767123288,1192.34,1181.01555555556,14.2817229832572
"1887","nationalcapital",2015,62,0.32454,14.1978767123288,1192.34,1181.01555555556,14.2817229832572
"1888","nationalcapital",2015,63,0.32458,14.1978767123288,1192.34,1181.01555555556,14.2817229832572
"1889","nationalcapital",2015,64,0.32462,14.1978767123288,1192.34,1181.01555555556,14.2817229832572
"1890","nationalcapital",2015,65,0.32465,14.1978767123288,1192.34,1181.01555555556,14.2817229832572
"1891","nationalcapital",2015,66,0.32469,14.1978767123288,1192.34,1181.01555555556,14.2817229832572
"1892","nationalcapital",2015,67,0.32475,14.1978767123288,1192.34,1181.01555555556,14.2817229832572
"1893","nationalcapital",2015,68,0.32485,14.1978767123288,1192.34,1181.01555555556,14.2817229832572
"1894","nationalcapital",2015,69,0.32496,14.1978767123288,1192.34,1181.01555555556,14.2817229832572
"1895","nationalcapital",2015,70,0.32508,14.1978767123288,1192.34,1181.01555555556,14.2817229832572
"1896","nationalcapital",2015,71,0.32521,14.1978767123288,1192.34,1181.01555555556,14.2817229832572
"1897","nationalcapital",2015,72,0.32534,14.1978767123288,1192.34,1181.01555555556,14.2817229832572
"1898","nationalcapital",2015,73,0.32549,14.1978767123288,1192.34,1181.01555555556,14.2817229832572
"1899","nationalcapital",2015,74,0.32565,14.1978767123288,1192.34,1181.01555555556,14.2817229832572
"1900","nationalcapital",2015,75,0.32582,14.1978767123288,1192.34,1181.01555555556,14.2817229832572
"1901","nationalcapital",2015,76,0.32599,14.1978767123288,1192.34,1181.01555555556,14.2817229832572
"1902","nationalcapital",2015,77,0.32614,14.1978767123288,1192.34,1181.01555555556,14.2817229832572
"1903","nationalcapital",2015,78,0.32628,14.1978767123288,1192.34,1181.01555555556,14.2817229832572
"1904","nationalcapital",2015,79,0.32644,14.1978767123288,1192.34,1181.01555555556,14.2817229832572
"1905","nationalcapital",2015,80,0.32662,14.1978767123288,1192.34,1181.01555555556,14.2817229832572
"1906","nationalcapital",2015,81,0.32686,14.1978767123288,1192.34,1181.01555555556,14.2817229832572
"1907","nationalcapital",2015,82,0.32715,14.1978767123288,1192.34,1181.01555555556,14.2817229832572
"1908","nationalcapital",2015,83,0.32745,14.1978767123288,1192.34,1181.01555555556,14.2817229832572
"1909","nationalcapital",2015,84,0.32771,14.1978767123288,1192.34,1181.01555555556,14.2817229832572
"1910","nationalcapital",2015,85,0.32796,14.1978767123288,1192.34,1181.01555555556,14.2817229832572
"1911","nationalcapital",2015,86,0.32827,14.1978767123288,1192.34,1181.01555555556,14.2817229832572
"1912","nationalcapital",2015,87,0.32866,14.1978767123288,1192.34,1181.01555555556,14.2817229832572
"1913","nationalcapital",2015,88,0.32919,14.1978767123288,1192.34,1181.01555555556,14.2817229832572
"1914","nationalcapital",2015,89,0.3299,14.1978767123288,1192.34,1181.01555555556,14.2817229832572
"1915","nationalcapital",2015,90,0.33072,14.1978767123288,1192.34,1181.01555555556,14.2817229832572
"1916","nationalcapital",2015,91,0.33158,14.1978767123288,1192.34,1181.01555555556,14.2817229832572
"1917","nationalcapital",2015,92,0.33251,14.1978767123288,1192.34,1181.01555555556,14.2817229832572
"1918","nationalcapital",2015,93,0.33354,14.1978767123288,1192.34,1181.01555555556,14.2817229832572
"1919","nationalcapital",2015,94,0.33471,14.1978767123288,1192.34,1181.01555555556,14.2817229832572
"1920","nationalcapital",2015,95,0.33604,14.1978767123288,1192.34,1181.01555555556,14.2817229832572
"1921","nationalcapital",2015,96,0.33757,14.1978767123288,1192.34,1181.01555555556,14.2817229832572
"1922","nationalcapital",2015,97,0.3393,14.1978767123288,1192.34,1181.01555555556,14.2817229832572
"1923","nationalcapital",2015,98,0.34117,14.1978767123288,1192.34,1181.01555555556,14.2817229832572
"1924","nationalcapital",2015,99,0.34319,14.1978767123288,1192.34,1181.01555555556,14.2817229832572
"1925","nationalcapital",2015,100,0.34534,14.1978767123288,1192.34,1181.01555555556,14.2817229832572
"1926","nationalcapital",2015,101,0.34763,14.1978767123288,1192.34,1181.01555555556,14.2817229832572
"1927","nationalcapital",2015,102,0.35003,14.1978767123288,1192.34,1181.01555555556,14.2817229832572
"1928","nationalcapital",2015,103,0.35255,14.1978767123288,1192.34,1181.01555555556,14.2817229832572
"1929","nationalcapital",2015,104,0.35518,14.1978767123288,1192.34,1181.01555555556,14.2817229832572
"1930","nationalcapital",2015,105,0.35794,14.1978767123288,1192.34,1181.01555555556,14.2817229832572
"1931","nationalcapital",2015,106,0.36081,14.1978767123288,1192.34,1181.01555555556,14.2817229832572
"1932","nationalcapital",2015,107,0.36378,14.1978767123288,1192.34,1181.01555555556,14.2817229832572
"1933","nationalcapital",2015,108,0.36703,14.1978767123288,1192.34,1181.01555555556,14.2817229832572
"1934","nationalcapital",2015,109,0.37057,14.1978767123288,1192.34,1181.01555555556,14.2817229832572
"1935","nationalcapital",2015,110,0.3742,14.1978767123288,1192.34,1181.01555555556,14.2817229832572
"1936","nationalcapital",2015,111,0.37772,14.1978767123288,1192.34,1181.01555555556,14.2817229832572
"1937","nationalcapital",2015,112,0.38148,14.1978767123288,1192.34,1181.01555555556,14.2817229832572
"1938","nationalcapital",2015,113,0.38581,14.1978767123288,1192.34,1181.01555555556,14.2817229832572
"1939","nationalcapital",2015,114,0.39045,14.1978767123288,1192.34,1181.01555555556,14.2817229832572
"1940","nationalcapital",2015,115,0.39517,14.1978767123288,1192.34,1181.01555555556,14.2817229832572
"1941","nationalcapital",2015,116,0.39971,14.1978767123288,1192.34,1181.01555555556,14.2817229832572
"1942","nationalcapital",2015,117,0.40383,14.1978767123288,1192.34,1181.01555555556,14.2817229832572
"1943","nationalcapital",2015,118,0.40728,14.1978767123288,1192.34,1181.01555555556,14.2817229832572
"1944","nationalcapital",2015,119,0.41025,14.1978767123288,1192.34,1181.01555555556,14.2817229832572
"1945","nationalcapital",2015,120,0.4131,14.1978767123288,1192.34,1181.01555555556,14.2817229832572
"1946","nationalcapital",2015,121,0.4158,14.1978767123288,1192.34,1181.01555555556,14.2817229832572
"1947","nationalcapital",2015,122,0.41835,14.1978767123288,1192.34,1181.01555555556,14.2817229832572
"1948","nationalcapital",2015,123,0.42073,14.1978767123288,1192.34,1181.01555555556,14.2817229832572
"1949","nationalcapital",2015,124,0.42293,14.1978767123288,1192.34,1181.01555555556,14.2817229832572
"1950","nationalcapital",2015,125,0.42493,14.1978767123288,1192.34,1181.01555555556,14.2817229832572
"1951","nationalcapital",2015,126,0.42668,14.1978767123288,1192.34,1181.01555555556,14.2817229832572
"1952","nationalcapital",2015,127,0.42817,14.1978767123288,1192.34,1181.01555555556,14.2817229832572
"1953","nationalcapital",2015,128,0.42945,14.1978767123288,1192.34,1181.01555555556,14.2817229832572
"1954","nationalcapital",2015,129,0.43056,14.1978767123288,1192.34,1181.01555555556,14.2817229832572
"1955","nationalcapital",2015,130,0.43155,14.1978767123288,1192.34,1181.01555555556,14.2817229832572
"1956","nationalcapital",2015,131,0.43247,14.1978767123288,1192.34,1181.01555555556,14.2817229832572
"1957","nationalcapital",2015,132,0.43336,14.1978767123288,1192.34,1181.01555555556,14.2817229832572
"1958","nationalcapital",2015,133,0.4342,14.1978767123288,1192.34,1181.01555555556,14.2817229832572
"1959","nationalcapital",2015,134,0.43493,14.1978767123288,1192.34,1181.01555555556,14.2817229832572
"1960","nationalcapital",2015,135,0.43555,14.1978767123288,1192.34,1181.01555555556,14.2817229832572
"1961","nationalcapital",2015,136,0.43609,14.1978767123288,1192.34,1181.01555555556,14.2817229832572
"1962","nationalcapital",2015,137,0.43654,14.1978767123288,1192.34,1181.01555555556,14.2817229832572
"1963","nationalcapital",2015,138,0.43693,14.1978767123288,1192.34,1181.01555555556,14.2817229832572
"1964","nationalcapital",2015,139,0.43725,14.1978767123288,1192.34,1181.01555555556,14.2817229832572
"1965","nationalcapital",2015,140,0.43746,14.1978767123288,1192.34,1181.01555555556,14.2817229832572
"1966","nationalcapital",2015,141,0.43751,14.1978767123288,1192.34,1181.01555555556,14.2817229832572
"1967","nationalcapital",2015,142,0.43743,14.1978767123288,1192.34,1181.01555555556,14.2817229832572
"1968","nationalcapital",2015,143,0.43722,14.1978767123288,1192.34,1181.01555555556,14.2817229832572
"1969","nationalcapital",2015,144,0.43692,14.1978767123288,1192.34,1181.01555555556,14.2817229832572
"1970","nationalcapital",2015,145,0.43654,14.1978767123288,1192.34,1181.01555555556,14.2817229832572
"1971","nationalcapital",2015,146,0.4361,14.1978767123288,1192.34,1181.01555555556,14.2817229832572
"1972","nationalcapital",2015,147,0.43534,14.1978767123288,1192.34,1181.01555555556,14.2817229832572
"1973","nationalcapital",2015,148,0.43411,14.1978767123288,1192.34,1181.01555555556,14.2817229832572
"1974","nationalcapital",2015,149,0.43259,14.1978767123288,1192.34,1181.01555555556,14.2817229832572
"1975","nationalcapital",2015,150,0.43095,14.1978767123288,1192.34,1181.01555555556,14.2817229832572
"1976","nationalcapital",2015,151,0.42934,14.1978767123288,1192.34,1181.01555555556,14.2817229832572
"1977","nationalcapital",2015,152,0.42795,14.1978767123288,1192.34,1181.01555555556,14.2817229832572
"1978","nationalcapital",2015,153,0.42694,14.1978767123288,1192.34,1181.01555555556,14.2817229832572
"1979","nationalcapital",2015,154,0.42616,14.1978767123288,1192.34,1181.01555555556,14.2817229832572
"1980","nationalcapital",2015,155,0.42536,14.1978767123288,1192.34,1181.01555555556,14.2817229832572
"1981","nationalcapital",2015,156,0.42454,14.1978767123288,1192.34,1181.01555555556,14.2817229832572
"1982","nationalcapital",2015,157,0.42373,14.1978767123288,1192.34,1181.01555555556,14.2817229832572
"1983","nationalcapital",2015,158,0.42293,14.1978767123288,1192.34,1181.01555555556,14.2817229832572
"1984","nationalcapital",2015,159,0.42217,14.1978767123288,1192.34,1181.01555555556,14.2817229832572
"1985","nationalcapital",2015,160,0.42146,14.1978767123288,1192.34,1181.01555555556,14.2817229832572
"1986","nationalcapital",2015,161,0.42088,14.1978767123288,1192.34,1181.01555555556,14.2817229832572
"1987","nationalcapital",2015,162,0.42047,14.1978767123288,1192.34,1181.01555555556,14.2817229832572
"1988","nationalcapital",2015,163,0.42018,14.1978767123288,1192.34,1181.01555555556,14.2817229832572
"1989","nationalcapital",2015,164,0.41997,14.1978767123288,1192.34,1181.01555555556,14.2817229832572
"1990","nationalcapital",2015,165,0.42007,14.1978767123288,1192.34,1181.01555555556,14.2817229832572
"1991","nationalcapital",2015,166,0.42058,14.1978767123288,1192.34,1181.01555555556,14.2817229832572
"1992","nationalcapital",2015,167,0.42112,14.1978767123288,1192.34,1181.01555555556,14.2817229832572
"1993","nationalcapital",2015,168,0.42137,14.1978767123288,1192.34,1181.01555555556,14.2817229832572
"1994","nationalcapital",2015,169,0.42147,14.1978767123288,1192.34,1181.01555555556,14.2817229832572
"1995","nationalcapital",2015,170,0.42173,14.1978767123288,1192.34,1181.01555555556,14.2817229832572
"1996","nationalcapital",2015,171,0.42202,14.1978767123288,1192.34,1181.01555555556,14.2817229832572
"1997","nationalcapital",2015,172,0.42225,14.1978767123288,1192.34,1181.01555555556,14.2817229832572
"1998","nationalcapital",2015,173,0.4223,14.1978767123288,1192.34,1181.01555555556,14.2817229832572
"1999","nationalcapital",2015,174,0.42206,14.1978767123288,1192.34,1181.01555555556,14.2817229832572
"2000","nationalcapital",2015,175,0.42143,14.1978767123288,1192.34,1181.01555555556,14.2817229832572
"2001","nationalcapital",2015,176,0.42014,14.1978767123288,1192.34,1181.01555555556,14.2817229832572
"2002","nationalcapital",2015,177,0.41818,14.1978767123288,1192.34,1181.01555555556,14.2817229832572
"2003","nationalcapital",2015,178,0.41584,14.1978767123288,1192.34,1181.01555555556,14.2817229832572
"2004","nationalcapital",2015,179,0.41337,14.1978767123288,1192.34,1181.01555555556,14.2817229832572
"2005","nationalcapital",2015,180,0.41104,14.1978767123288,1192.34,1181.01555555556,14.2817229832572
"2006","nationalcapital",2015,181,0.40911,14.1978767123288,1192.34,1181.01555555556,14.2817229832572
"2007","nationalcapital",2015,182,0.40786,14.1978767123288,1192.34,1181.01555555556,14.2817229832572
"2008","nationalcapital",2015,183,0.40708,14.1978767123288,1192.34,1181.01555555556,14.2817229832572
"2009","nationalcapital",2015,184,0.40644,14.1978767123288,1192.34,1181.01555555556,14.2817229832572
"2010","nationalcapital",2015,185,0.40594,14.1978767123288,1192.34,1181.01555555556,14.2817229832572
"2011","nationalcapital",2015,186,0.40562,14.1978767123288,1192.34,1181.01555555556,14.2817229832572
"2012","nationalcapital",2015,187,0.4055,14.1978767123288,1192.34,1181.01555555556,14.2817229832572
"2013","nationalcapital",2015,188,0.4056,14.1978767123288,1192.34,1181.01555555556,14.2817229832572
"2014","nationalcapital",2015,189,0.40595,14.1978767123288,1192.34,1181.01555555556,14.2817229832572
"2015","nationalcapital",2015,190,0.40688,14.1978767123288,1192.34,1181.01555555556,14.2817229832572
"2016","nationalcapital",2015,191,0.40853,14.1978767123288,1192.34,1181.01555555556,14.2817229832572
"2017","nationalcapital",2015,192,0.41061,14.1978767123288,1192.34,1181.01555555556,14.2817229832572
"2018","nationalcapital",2015,193,0.41282,14.1978767123288,1192.34,1181.01555555556,14.2817229832572
"2019","nationalcapital",2015,194,0.41485,14.1978767123288,1192.34,1181.01555555556,14.2817229832572
"2020","nationalcapital",2015,195,0.41643,14.1978767123288,1192.34,1181.01555555556,14.2817229832572
"2021","nationalcapital",2015,196,0.41724,14.1978767123288,1192.34,1181.01555555556,14.2817229832572
"2022","nationalcapital",2015,197,0.41723,14.1978767123288,1192.34,1181.01555555556,14.2817229832572
"2023","nationalcapital",2015,198,0.41662,14.1978767123288,1192.34,1181.01555555556,14.2817229832572
"2024","nationalcapital",2015,199,0.41558,14.1978767123288,1192.34,1181.01555555556,14.2817229832572
"2025","nationalcapital",2015,200,0.4143,14.1978767123288,1192.34,1181.01555555556,14.2817229832572
"2026","nationalcapital",2015,201,0.41294,14.1978767123288,1192.34,1181.01555555556,14.2817229832572
"2027","nationalcapital",2015,202,0.41168,14.1978767123288,1192.34,1181.01555555556,14.2817229832572
"2028","nationalcapital",2015,203,0.4107,14.1978767123288,1192.34,1181.01555555556,14.2817229832572
"2029","nationalcapital",2015,204,0.40978,14.1978767123288,1192.34,1181.01555555556,14.2817229832572
"2030","nationalcapital",2015,205,0.40864,14.1978767123288,1192.34,1181.01555555556,14.2817229832572
"2031","nationalcapital",2015,206,0.40739,14.1978767123288,1192.34,1181.01555555556,14.2817229832572
"2032","nationalcapital",2015,207,0.40612,14.1978767123288,1192.34,1181.01555555556,14.2817229832572
"2033","nationalcapital",2015,208,0.40494,14.1978767123288,1192.34,1181.01555555556,14.2817229832572
"2034","nationalcapital",2015,209,0.40392,14.1978767123288,1192.34,1181.01555555556,14.2817229832572
"2035","nationalcapital",2015,210,0.40318,14.1978767123288,1192.34,1181.01555555556,14.2817229832572
"2036","nationalcapital",2015,211,0.40279,14.1978767123288,1192.34,1181.01555555556,14.2817229832572
"2037","nationalcapital",2015,212,0.40273,14.1978767123288,1192.34,1181.01555555556,14.2817229832572
"2038","nationalcapital",2015,213,0.4029,14.1978767123288,1192.34,1181.01555555556,14.2817229832572
"2039","nationalcapital",2015,214,0.40323,14.1978767123288,1192.34,1181.01555555556,14.2817229832572
"2040","nationalcapital",2015,215,0.40363,14.1978767123288,1192.34,1181.01555555556,14.2817229832572
"2041","nationalcapital",2015,216,0.40402,14.1978767123288,1192.34,1181.01555555556,14.2817229832572
"2042","nationalcapital",2015,217,0.40432,14.1978767123288,1192.34,1181.01555555556,14.2817229832572
"2043","nationalcapital",2015,218,0.40465,14.1978767123288,1192.34,1181.01555555556,14.2817229832572
"2044","nationalcapital",2015,219,0.40517,14.1978767123288,1192.34,1181.01555555556,14.2817229832572
"2045","nationalcapital",2015,220,0.40578,14.1978767123288,1192.34,1181.01555555556,14.2817229832572
"2046","nationalcapital",2015,221,0.40642,14.1978767123288,1192.34,1181.01555555556,14.2817229832572
"2047","nationalcapital",2015,222,0.40699,14.1978767123288,1192.34,1181.01555555556,14.2817229832572
"2048","nationalcapital",2015,223,0.40742,14.1978767123288,1192.34,1181.01555555556,14.2817229832572
"2049","nationalcapital",2015,224,0.40763,14.1978767123288,1192.34,1181.01555555556,14.2817229832572
"2050","nationalcapital",2015,225,0.40772,14.1978767123288,1192.34,1181.01555555556,14.2817229832572
"2051","nationalcapital",2015,226,0.40784,14.1978767123288,1192.34,1181.01555555556,14.2817229832572
"2052","nationalcapital",2015,227,0.40795,14.1978767123288,1192.34,1181.01555555556,14.2817229832572
"2053","nationalcapital",2015,228,0.40799,14.1978767123288,1192.34,1181.01555555556,14.2817229832572
"2054","nationalcapital",2015,229,0.40792,14.1978767123288,1192.34,1181.01555555556,14.2817229832572
"2055","nationalcapital",2015,230,0.40772,14.1978767123288,1192.34,1181.01555555556,14.2817229832572
"2056","nationalcapital",2015,231,0.40732,14.1978767123288,1192.34,1181.01555555556,14.2817229832572
"2057","nationalcapital",2015,232,0.40665,14.1978767123288,1192.34,1181.01555555556,14.2817229832572
"2058","nationalcapital",2015,233,0.40569,14.1978767123288,1192.34,1181.01555555556,14.2817229832572
"2059","nationalcapital",2015,234,0.40453,14.1978767123288,1192.34,1181.01555555556,14.2817229832572
"2060","nationalcapital",2015,235,0.40327,14.1978767123288,1192.34,1181.01555555556,14.2817229832572
"2061","nationalcapital",2015,236,0.402,14.1978767123288,1192.34,1181.01555555556,14.2817229832572
"2062","nationalcapital",2015,237,0.40079,14.1978767123288,1192.34,1181.01555555556,14.2817229832572
"2063","nationalcapital",2015,238,0.39974,14.1978767123288,1192.34,1181.01555555556,14.2817229832572
"2064","nationalcapital",2015,239,0.39869,14.1978767123288,1192.34,1181.01555555556,14.2817229832572
"2065","nationalcapital",2015,240,0.39747,14.1978767123288,1192.34,1181.01555555556,14.2817229832572
"2066","nationalcapital",2015,241,0.39617,14.1978767123288,1192.34,1181.01555555556,14.2817229832572
"2067","nationalcapital",2015,242,0.39488,14.1978767123288,1192.34,1181.01555555556,14.2817229832572
"2068","nationalcapital",2015,243,0.39367,14.1978767123288,1192.34,1181.01555555556,14.2817229832572
"2069","nationalcapital",2015,244,0.39265,14.1978767123288,1192.34,1181.01555555556,14.2817229832572
"2070","nationalcapital",2015,245,0.3919,14.1978767123288,1192.34,1181.01555555556,14.2817229832572
"2071","nationalcapital",2015,246,0.3915,14.1978767123288,1192.34,1181.01555555556,14.2817229832572
"2072","nationalcapital",2015,247,0.39143,14.1978767123288,1192.34,1181.01555555556,14.2817229832572
"2073","nationalcapital",2015,248,0.39157,14.1978767123288,1192.34,1181.01555555556,14.2817229832572
"2074","nationalcapital",2015,249,0.39184,14.1978767123288,1192.34,1181.01555555556,14.2817229832572
"2075","nationalcapital",2015,250,0.39211,14.1978767123288,1192.34,1181.01555555556,14.2817229832572
"2076","nationalcapital",2015,251,0.39229,14.1978767123288,1192.34,1181.01555555556,14.2817229832572
"2077","nationalcapital",2015,252,0.39228,14.1978767123288,1192.34,1181.01555555556,14.2817229832572
"2078","nationalcapital",2015,253,0.39222,14.1978767123288,1192.34,1181.01555555556,14.2817229832572
"2079","nationalcapital",2015,254,0.39226,14.1978767123288,1192.34,1181.01555555556,14.2817229832572
"2080","nationalcapital",2015,255,0.39234,14.1978767123288,1192.34,1181.01555555556,14.2817229832572
"2081","nationalcapital",2015,256,0.39238,14.1978767123288,1192.34,1181.01555555556,14.2817229832572
"2082","nationalcapital",2015,257,0.39232,14.1978767123288,1192.34,1181.01555555556,14.2817229832572
"2083","nationalcapital",2015,258,0.39207,14.1978767123288,1192.34,1181.01555555556,14.2817229832572
"2084","nationalcapital",2015,259,0.39157,14.1978767123288,1192.34,1181.01555555556,14.2817229832572
"2085","nationalcapital",2015,260,0.39074,14.1978767123288,1192.34,1181.01555555556,14.2817229832572
"2086","nationalcapital",2015,261,0.3896,14.1978767123288,1192.34,1181.01555555556,14.2817229832572
"2087","nationalcapital",2015,262,0.38824,14.1978767123288,1192.34,1181.01555555556,14.2817229832572
"2088","nationalcapital",2015,263,0.38678,14.1978767123288,1192.34,1181.01555555556,14.2817229832572
"2089","nationalcapital",2015,264,0.38529,14.1978767123288,1192.34,1181.01555555556,14.2817229832572
"2090","nationalcapital",2015,265,0.38389,14.1978767123288,1192.34,1181.01555555556,14.2817229832572
"2091","nationalcapital",2015,266,0.38266,14.1978767123288,1192.34,1181.01555555556,14.2817229832572
"2092","nationalcapital",2015,267,0.38147,14.1978767123288,1192.34,1181.01555555556,14.2817229832572
"2093","nationalcapital",2015,268,0.38015,14.1978767123288,1192.34,1181.01555555556,14.2817229832572
"2094","nationalcapital",2015,269,0.37878,14.1978767123288,1192.34,1181.01555555556,14.2817229832572
"2095","nationalcapital",2015,270,0.37746,14.1978767123288,1192.34,1181.01555555556,14.2817229832572
"2096","nationalcapital",2015,271,0.37627,14.1978767123288,1192.34,1181.01555555556,14.2817229832572
"2097","nationalcapital",2015,272,0.37528,14.1978767123288,1192.34,1181.01555555556,14.2817229832572
"2098","nationalcapital",2015,273,0.37459,14.1978767123288,1192.34,1181.01555555556,14.2817229832572
"2099","nationalcapital",2015,274,0.37433,14.1978767123288,1192.34,1181.01555555556,14.2817229832572
"2100","nationalcapital",2015,275,0.37441,14.1978767123288,1192.34,1181.01555555556,14.2817229832572
"2101","nationalcapital",2015,276,0.37456,14.1978767123288,1192.34,1181.01555555556,14.2817229832572
"2102","nationalcapital",2015,277,0.37451,14.1978767123288,1192.34,1181.01555555556,14.2817229832572
"2103","nationalcapital",2015,278,0.37469,14.1978767123288,1192.34,1181.01555555556,14.2817229832572
"2104","nationalcapital",2015,279,0.37536,14.1978767123288,1192.34,1181.01555555556,14.2817229832572
"2105","nationalcapital",2015,280,0.37602,14.1978767123288,1192.34,1181.01555555556,14.2817229832572
"2106","nationalcapital",2015,281,0.37618,14.1978767123288,1192.34,1181.01555555556,14.2817229832572
"2107","nationalcapital",2015,282,0.37594,14.1978767123288,1192.34,1181.01555555556,14.2817229832572
"2108","nationalcapital",2015,283,0.37568,14.1978767123288,1192.34,1181.01555555556,14.2817229832572
"2109","nationalcapital",2015,284,0.37536,14.1978767123288,1192.34,1181.01555555556,14.2817229832572
"2110","nationalcapital",2015,285,0.37495,14.1978767123288,1192.34,1181.01555555556,14.2817229832572
"2111","nationalcapital",2015,286,0.3744,14.1978767123288,1192.34,1181.01555555556,14.2817229832572
"2112","nationalcapital",2015,287,0.37365,14.1978767123288,1192.34,1181.01555555556,14.2817229832572
"2113","nationalcapital",2015,288,0.37268,14.1978767123288,1192.34,1181.01555555556,14.2817229832572
"2114","nationalcapital",2015,289,0.37139,14.1978767123288,1192.34,1181.01555555556,14.2817229832572
"2115","nationalcapital",2015,290,0.36977,14.1978767123288,1192.34,1181.01555555556,14.2817229832572
"2116","nationalcapital",2015,291,0.36794,14.1978767123288,1192.34,1181.01555555556,14.2817229832572
"2117","nationalcapital",2015,292,0.36601,14.1978767123288,1192.34,1181.01555555556,14.2817229832572
"2118","nationalcapital",2015,293,0.36408,14.1978767123288,1192.34,1181.01555555556,14.2817229832572
"2119","nationalcapital",2015,294,0.36226,14.1978767123288,1192.34,1181.01555555556,14.2817229832572
"2120","nationalcapital",2015,295,0.36066,14.1978767123288,1192.34,1181.01555555556,14.2817229832572
"2121","nationalcapital",2015,296,0.35915,14.1978767123288,1192.34,1181.01555555556,14.2817229832572
"2122","nationalcapital",2015,297,0.35755,14.1978767123288,1192.34,1181.01555555556,14.2817229832572
"2123","nationalcapital",2015,298,0.35592,14.1978767123288,1192.34,1181.01555555556,14.2817229832572
"2124","nationalcapital",2015,299,0.3543,14.1978767123288,1192.34,1181.01555555556,14.2817229832572
"2125","nationalcapital",2015,300,0.35275,14.1978767123288,1192.34,1181.01555555556,14.2817229832572
"2126","nationalcapital",2015,301,0.35131,14.1978767123288,1192.34,1181.01555555556,14.2817229832572
"2127","nationalcapital",2015,302,0.35005,14.1978767123288,1192.34,1181.01555555556,14.2817229832572
"2128","nationalcapital",2015,303,0.34897,14.1978767123288,1192.34,1181.01555555556,14.2817229832572
"2129","nationalcapital",2015,304,0.34803,14.1978767123288,1192.34,1181.01555555556,14.2817229832572
"2130","nationalcapital",2015,305,0.34721,14.1978767123288,1192.34,1181.01555555556,14.2817229832572
"2131","nationalcapital",2015,306,0.34646,14.1978767123288,1192.34,1181.01555555556,14.2817229832572
"2132","nationalcapital",2015,307,0.34575,14.1978767123288,1192.34,1181.01555555556,14.2817229832572
"2133","nationalcapital",2015,308,0.34505,14.1978767123288,1192.34,1181.01555555556,14.2817229832572
"2134","nationalcapital",2015,309,0.34431,14.1978767123288,1192.34,1181.01555555556,14.2817229832572
"2135","nationalcapital",2015,310,0.3436,14.1978767123288,1192.34,1181.01555555556,14.2817229832572
"2136","nationalcapital",2015,311,0.34297,14.1978767123288,1192.34,1181.01555555556,14.2817229832572
"2137","nationalcapital",2015,312,0.34239,14.1978767123288,1192.34,1181.01555555556,14.2817229832572
"2138","nationalcapital",2015,313,0.34184,14.1978767123288,1192.34,1181.01555555556,14.2817229832572
"2139","nationalcapital",2015,314,0.34127,14.1978767123288,1192.34,1181.01555555556,14.2817229832572
"2140","nationalcapital",2015,315,0.34066,14.1978767123288,1192.34,1181.01555555556,14.2817229832572
"2141","nationalcapital",2015,316,0.33998,14.1978767123288,1192.34,1181.01555555556,14.2817229832572
"2142","nationalcapital",2015,317,0.33917,14.1978767123288,1192.34,1181.01555555556,14.2817229832572
"2143","nationalcapital",2015,318,0.33826,14.1978767123288,1192.34,1181.01555555556,14.2817229832572
"2144","nationalcapital",2015,319,0.33728,14.1978767123288,1192.34,1181.01555555556,14.2817229832572
"2145","nationalcapital",2015,320,0.3363,14.1978767123288,1192.34,1181.01555555556,14.2817229832572
"2146","nationalcapital",2015,321,0.33535,14.1978767123288,1192.34,1181.01555555556,14.2817229832572
"2147","nationalcapital",2015,322,0.33449,14.1978767123288,1192.34,1181.01555555556,14.2817229832572
"2148","nationalcapital",2015,323,0.33377,14.1978767123288,1192.34,1181.01555555556,14.2817229832572
"2149","nationalcapital",2015,324,0.33315,14.1978767123288,1192.34,1181.01555555556,14.2817229832572
"2150","nationalcapital",2015,325,0.33258,14.1978767123288,1192.34,1181.01555555556,14.2817229832572
"2151","nationalcapital",2015,326,0.33205,14.1978767123288,1192.34,1181.01555555556,14.2817229832572
"2152","nationalcapital",2015,327,0.33158,14.1978767123288,1192.34,1181.01555555556,14.2817229832572
"2153","nationalcapital",2015,328,0.33119,14.1978767123288,1192.34,1181.01555555556,14.2817229832572
"2154","nationalcapital",2015,329,0.33086,14.1978767123288,1192.34,1181.01555555556,14.2817229832572
"2155","nationalcapital",2015,330,0.33062,14.1978767123288,1192.34,1181.01555555556,14.2817229832572
"2156","nationalcapital",2015,331,0.33062,14.1978767123288,1192.34,1181.01555555556,14.2817229832572
"2157","nationalcapital",2015,332,0.33085,14.1978767123288,1192.34,1181.01555555556,14.2817229832572
"2158","nationalcapital",2015,333,0.33113,14.1978767123288,1192.34,1181.01555555556,14.2817229832572
"2159","nationalcapital",2015,334,0.33124,14.1978767123288,1192.34,1181.01555555556,14.2817229832572
"2160","nationalcapital",2015,335,0.33121,14.1978767123288,1192.34,1181.01555555556,14.2817229832572
"2161","nationalcapital",2015,336,0.33121,14.1978767123288,1192.34,1181.01555555556,14.2817229832572
"2162","nationalcapital",2015,337,0.33123,14.1978767123288,1192.34,1181.01555555556,14.2817229832572
"2163","nationalcapital",2015,338,0.33124,14.1978767123288,1192.34,1181.01555555556,14.2817229832572
"2164","nationalcapital",2015,339,0.33121,14.1978767123288,1192.34,1181.01555555556,14.2817229832572
"2165","nationalcapital",2015,340,0.33113,14.1978767123288,1192.34,1181.01555555556,14.2817229832572
"2166","nationalcapital",2015,341,0.33102,14.1978767123288,1192.34,1181.01555555556,14.2817229832572
"2167","nationalcapital",2015,342,0.33092,14.1978767123288,1192.34,1181.01555555556,14.2817229832572
"2168","nationalcapital",2015,343,0.33084,14.1978767123288,1192.34,1181.01555555556,14.2817229832572
"2169","nationalcapital",2015,344,0.33083,14.1978767123288,1192.34,1181.01555555556,14.2817229832572
"2170","nationalcapital",2015,345,0.33091,14.1978767123288,1192.34,1181.01555555556,14.2817229832572
"2171","nationalcapital",2015,346,0.3311,14.1978767123288,1192.34,1181.01555555556,14.2817229832572
"2172","nationalcapital",2015,347,0.3314,14.1978767123288,1192.34,1181.01555555556,14.2817229832572
"2173","nationalcapital",2015,348,0.33177,14.1978767123288,1192.34,1181.01555555556,14.2817229832572
"2174","nationalcapital",2015,349,0.33218,14.1978767123288,1192.34,1181.01555555556,14.2817229832572
"2175","nationalcapital",2015,350,0.3326,14.1978767123288,1192.34,1181.01555555556,14.2817229832572
"2176","nationalcapital",2015,351,0.33299,14.1978767123288,1192.34,1181.01555555556,14.2817229832572
"2177","nationalcapital",2015,352,0.33333,14.1978767123288,1192.34,1181.01555555556,14.2817229832572
"2178","nationalcapital",2015,353,0.33368,14.1978767123288,1192.34,1181.01555555556,14.2817229832572
"2179","nationalcapital",2015,354,0.33413,14.1978767123288,1192.34,1181.01555555556,14.2817229832572
"2180","nationalcapital",2015,355,0.33461,14.1978767123288,1192.34,1181.01555555556,14.2817229832572
"2181","nationalcapital",2015,356,0.33507,14.1978767123288,1192.34,1181.01555555556,14.2817229832572
"2182","nationalcapital",2015,357,0.33545,14.1978767123288,1192.34,1181.01555555556,14.2817229832572
"2183","nationalcapital",2015,358,0.33569,14.1978767123288,1192.34,1181.01555555556,14.2817229832572
"2184","nationalcapital",2015,359,0.33574,14.1978767123288,1192.34,1181.01555555556,14.2817229832572
"2185","nationalcapital",2015,360,0.33556,14.1978767123288,1192.34,1181.01555555556,14.2817229832572
"2186","nationalcapital",2015,361,0.3352,14.1978767123288,1192.34,1181.01555555556,14.2817229832572
"2187","nationalcapital",2015,362,0.33472,14.1978767123288,1192.34,1181.01555555556,14.2817229832572
"2188","nationalcapital",2015,363,0.33416,14.1978767123288,1192.34,1181.01555555556,14.2817229832572
"2189","nationalcapital",2015,364,0.3336,14.1978767123288,1192.34,1181.01555555556,14.2817229832572
"2190","nationalcapital",2015,365,0.3331,14.1978767123288,1192.34,1181.01555555556,14.2817229832572
"2191","nationalcapital",2016,1,0.3327,14.606,933.51,1181.01555555556,14.2817229832572
"2192","nationalcapital",2016,2,0.33234,14.606,933.51,1181.01555555556,14.2817229832572
"2193","nationalcapital",2016,3,0.33195,14.606,933.51,1181.01555555556,14.2817229832572
"2194","nationalcapital",2016,4,0.33154,14.606,933.51,1181.01555555556,14.2817229832572
"2195","nationalcapital",2016,5,0.33112,14.606,933.51,1181.01555555556,14.2817229832572
"2196","nationalcapital",2016,6,0.33073,14.606,933.51,1181.01555555556,14.2817229832572
"2197","nationalcapital",2016,7,0.33037,14.606,933.51,1181.01555555556,14.2817229832572
"2198","nationalcapital",2016,8,0.33007,14.606,933.51,1181.01555555556,14.2817229832572
"2199","nationalcapital",2016,9,0.32987,14.606,933.51,1181.01555555556,14.2817229832572
"2200","nationalcapital",2016,10,0.3298,14.606,933.51,1181.01555555556,14.2817229832572
"2201","nationalcapital",2016,11,0.32979,14.606,933.51,1181.01555555556,14.2817229832572
"2202","nationalcapital",2016,12,0.3298,14.606,933.51,1181.01555555556,14.2817229832572
"2203","nationalcapital",2016,13,0.32978,14.606,933.51,1181.01555555556,14.2817229832572
"2204","nationalcapital",2016,14,0.32969,14.606,933.51,1181.01555555556,14.2817229832572
"2205","nationalcapital",2016,15,0.32947,14.606,933.51,1181.01555555556,14.2817229832572
"2206","nationalcapital",2016,16,0.32909,14.606,933.51,1181.01555555556,14.2817229832572
"2207","nationalcapital",2016,17,0.32859,14.606,933.51,1181.01555555556,14.2817229832572
"2208","nationalcapital",2016,18,0.32803,14.606,933.51,1181.01555555556,14.2817229832572
"2209","nationalcapital",2016,19,0.32743,14.606,933.51,1181.01555555556,14.2817229832572
"2210","nationalcapital",2016,20,0.32687,14.606,933.51,1181.01555555556,14.2817229832572
"2211","nationalcapital",2016,21,0.32638,14.606,933.51,1181.01555555556,14.2817229832572
"2212","nationalcapital",2016,22,0.32602,14.606,933.51,1181.01555555556,14.2817229832572
"2213","nationalcapital",2016,23,0.3257,14.606,933.51,1181.01555555556,14.2817229832572
"2214","nationalcapital",2016,24,0.32537,14.606,933.51,1181.01555555556,14.2817229832572
"2215","nationalcapital",2016,25,0.32509,14.606,933.51,1181.01555555556,14.2817229832572
"2216","nationalcapital",2016,26,0.3249,14.606,933.51,1181.01555555556,14.2817229832572
"2217","nationalcapital",2016,27,0.32487,14.606,933.51,1181.01555555556,14.2817229832572
"2218","nationalcapital",2016,28,0.32496,14.606,933.51,1181.01555555556,14.2817229832572
"2219","nationalcapital",2016,29,0.32508,14.606,933.51,1181.01555555556,14.2817229832572
"2220","nationalcapital",2016,30,0.32517,14.606,933.51,1181.01555555556,14.2817229832572
"2221","nationalcapital",2016,31,0.32532,14.606,933.51,1181.01555555556,14.2817229832572
"2222","nationalcapital",2016,32,0.32566,14.606,933.51,1181.01555555556,14.2817229832572
"2223","nationalcapital",2016,33,0.32611,14.606,933.51,1181.01555555556,14.2817229832572
"2224","nationalcapital",2016,34,0.32659,14.606,933.51,1181.01555555556,14.2817229832572
"2225","nationalcapital",2016,35,0.32702,14.606,933.51,1181.01555555556,14.2817229832572
"2226","nationalcapital",2016,36,0.32732,14.606,933.51,1181.01555555556,14.2817229832572
"2227","nationalcapital",2016,37,0.32741,14.606,933.51,1181.01555555556,14.2817229832572
"2228","nationalcapital",2016,38,0.32735,14.606,933.51,1181.01555555556,14.2817229832572
"2229","nationalcapital",2016,39,0.32724,14.606,933.51,1181.01555555556,14.2817229832572
"2230","nationalcapital",2016,40,0.32707,14.606,933.51,1181.01555555556,14.2817229832572
"2231","nationalcapital",2016,41,0.32686,14.606,933.51,1181.01555555556,14.2817229832572
"2232","nationalcapital",2016,42,0.3266,14.606,933.51,1181.01555555556,14.2817229832572
"2233","nationalcapital",2016,43,0.32629,14.606,933.51,1181.01555555556,14.2817229832572
"2234","nationalcapital",2016,44,0.32594,14.606,933.51,1181.01555555556,14.2817229832572
"2235","nationalcapital",2016,45,0.32562,14.606,933.51,1181.01555555556,14.2817229832572
"2236","nationalcapital",2016,46,0.32537,14.606,933.51,1181.01555555556,14.2817229832572
"2237","nationalcapital",2016,47,0.32518,14.606,933.51,1181.01555555556,14.2817229832572
"2238","nationalcapital",2016,48,0.32506,14.606,933.51,1181.01555555556,14.2817229832572
"2239","nationalcapital",2016,49,0.32498,14.606,933.51,1181.01555555556,14.2817229832572
"2240","nationalcapital",2016,50,0.32493,14.606,933.51,1181.01555555556,14.2817229832572
"2241","nationalcapital",2016,51,0.32491,14.606,933.51,1181.01555555556,14.2817229832572
"2242","nationalcapital",2016,52,0.32494,14.606,933.51,1181.01555555556,14.2817229832572
"2243","nationalcapital",2016,53,0.32502,14.606,933.51,1181.01555555556,14.2817229832572
"2244","nationalcapital",2016,54,0.32514,14.606,933.51,1181.01555555556,14.2817229832572
"2245","nationalcapital",2016,55,0.32531,14.606,933.51,1181.01555555556,14.2817229832572
"2246","nationalcapital",2016,56,0.3255,14.606,933.51,1181.01555555556,14.2817229832572
"2247","nationalcapital",2016,57,0.3257,14.606,933.51,1181.01555555556,14.2817229832572
"2248","nationalcapital",2016,58,0.3259,14.606,933.51,1181.01555555556,14.2817229832572
"2249","nationalcapital",2016,59,0.3261,14.606,933.51,1181.01555555556,14.2817229832572
"2250","nationalcapital",2016,60,0.32632,14.606,933.51,1181.01555555556,14.2817229832572
"2251","nationalcapital",2016,61,0.32654,14.606,933.51,1181.01555555556,14.2817229832572
"2252","nationalcapital",2016,62,0.32679,14.606,933.51,1181.01555555556,14.2817229832572
"2253","nationalcapital",2016,63,0.32707,14.606,933.51,1181.01555555556,14.2817229832572
"2254","nationalcapital",2016,64,0.32738,14.606,933.51,1181.01555555556,14.2817229832572
"2255","nationalcapital",2016,65,0.32772,14.606,933.51,1181.01555555556,14.2817229832572
"2256","nationalcapital",2016,66,0.32816,14.606,933.51,1181.01555555556,14.2817229832572
"2257","nationalcapital",2016,67,0.32872,14.606,933.51,1181.01555555556,14.2817229832572
"2258","nationalcapital",2016,68,0.32937,14.606,933.51,1181.01555555556,14.2817229832572
"2259","nationalcapital",2016,69,0.33008,14.606,933.51,1181.01555555556,14.2817229832572
"2260","nationalcapital",2016,70,0.33083,14.606,933.51,1181.01555555556,14.2817229832572
"2261","nationalcapital",2016,71,0.33159,14.606,933.51,1181.01555555556,14.2817229832572
"2262","nationalcapital",2016,72,0.33232,14.606,933.51,1181.01555555556,14.2817229832572
"2263","nationalcapital",2016,73,0.33305,14.606,933.51,1181.01555555556,14.2817229832572
"2264","nationalcapital",2016,74,0.3338,14.606,933.51,1181.01555555556,14.2817229832572
"2265","nationalcapital",2016,75,0.33457,14.606,933.51,1181.01555555556,14.2817229832572
"2266","nationalcapital",2016,76,0.33537,14.606,933.51,1181.01555555556,14.2817229832572
"2267","nationalcapital",2016,77,0.33619,14.606,933.51,1181.01555555556,14.2817229832572
"2268","nationalcapital",2016,78,0.33705,14.606,933.51,1181.01555555556,14.2817229832572
"2269","nationalcapital",2016,79,0.33794,14.606,933.51,1181.01555555556,14.2817229832572
"2270","nationalcapital",2016,80,0.33883,14.606,933.51,1181.01555555556,14.2817229832572
"2271","nationalcapital",2016,81,0.33973,14.606,933.51,1181.01555555556,14.2817229832572
"2272","nationalcapital",2016,82,0.34065,14.606,933.51,1181.01555555556,14.2817229832572
"2273","nationalcapital",2016,83,0.34163,14.606,933.51,1181.01555555556,14.2817229832572
"2274","nationalcapital",2016,84,0.34274,14.606,933.51,1181.01555555556,14.2817229832572
"2275","nationalcapital",2016,85,0.34397,14.606,933.51,1181.01555555556,14.2817229832572
"2276","nationalcapital",2016,86,0.34521,14.606,933.51,1181.01555555556,14.2817229832572
"2277","nationalcapital",2016,87,0.34634,14.606,933.51,1181.01555555556,14.2817229832572
"2278","nationalcapital",2016,88,0.34739,14.606,933.51,1181.01555555556,14.2817229832572
"2279","nationalcapital",2016,89,0.34845,14.606,933.51,1181.01555555556,14.2817229832572
"2280","nationalcapital",2016,90,0.34953,14.606,933.51,1181.01555555556,14.2817229832572
"2281","nationalcapital",2016,91,0.35059,14.606,933.51,1181.01555555556,14.2817229832572
"2282","nationalcapital",2016,92,0.35165,14.606,933.51,1181.01555555556,14.2817229832572
"2283","nationalcapital",2016,93,0.35267,14.606,933.51,1181.01555555556,14.2817229832572
"2284","nationalcapital",2016,94,0.35367,14.606,933.51,1181.01555555556,14.2817229832572
"2285","nationalcapital",2016,95,0.35442,14.606,933.51,1181.01555555556,14.2817229832572
"2286","nationalcapital",2016,96,0.35486,14.606,933.51,1181.01555555556,14.2817229832572
"2287","nationalcapital",2016,97,0.35515,14.606,933.51,1181.01555555556,14.2817229832572
"2288","nationalcapital",2016,98,0.35545,14.606,933.51,1181.01555555556,14.2817229832572
"2289","nationalcapital",2016,99,0.35593,14.606,933.51,1181.01555555556,14.2817229832572
"2290","nationalcapital",2016,100,0.35677,14.606,933.51,1181.01555555556,14.2817229832572
"2291","nationalcapital",2016,101,0.35811,14.606,933.51,1181.01555555556,14.2817229832572
"2292","nationalcapital",2016,102,0.35967,14.606,933.51,1181.01555555556,14.2817229832572
"2293","nationalcapital",2016,103,0.36115,14.606,933.51,1181.01555555556,14.2817229832572
"2294","nationalcapital",2016,104,0.36271,14.606,933.51,1181.01555555556,14.2817229832572
"2295","nationalcapital",2016,105,0.36453,14.606,933.51,1181.01555555556,14.2817229832572
"2296","nationalcapital",2016,106,0.36679,14.606,933.51,1181.01555555556,14.2817229832572
"2297","nationalcapital",2016,107,0.36967,14.606,933.51,1181.01555555556,14.2817229832572
"2298","nationalcapital",2016,108,0.37332,14.606,933.51,1181.01555555556,14.2817229832572
"2299","nationalcapital",2016,109,0.37767,14.606,933.51,1181.01555555556,14.2817229832572
"2300","nationalcapital",2016,110,0.38236,14.606,933.51,1181.01555555556,14.2817229832572
"2301","nationalcapital",2016,111,0.38723,14.606,933.51,1181.01555555556,14.2817229832572
"2302","nationalcapital",2016,112,0.39211,14.606,933.51,1181.01555555556,14.2817229832572
"2303","nationalcapital",2016,113,0.3968,14.606,933.51,1181.01555555556,14.2817229832572
"2304","nationalcapital",2016,114,0.40115,14.606,933.51,1181.01555555556,14.2817229832572
"2305","nationalcapital",2016,115,0.40497,14.606,933.51,1181.01555555556,14.2817229832572
"2306","nationalcapital",2016,116,0.40858,14.606,933.51,1181.01555555556,14.2817229832572
"2307","nationalcapital",2016,117,0.4123,14.606,933.51,1181.01555555556,14.2817229832572
"2308","nationalcapital",2016,118,0.41596,14.606,933.51,1181.01555555556,14.2817229832572
"2309","nationalcapital",2016,119,0.4194,14.606,933.51,1181.01555555556,14.2817229832572
"2310","nationalcapital",2016,120,0.42247,14.606,933.51,1181.01555555556,14.2817229832572
"2311","nationalcapital",2016,121,0.42499,14.606,933.51,1181.01555555556,14.2817229832572
"2312","nationalcapital",2016,122,0.42681,14.606,933.51,1181.01555555556,14.2817229832572
"2313","nationalcapital",2016,123,0.42743,14.606,933.51,1181.01555555556,14.2817229832572
"2314","nationalcapital",2016,124,0.42677,14.606,933.51,1181.01555555556,14.2817229832572
"2315","nationalcapital",2016,125,0.42528,14.606,933.51,1181.01555555556,14.2817229832572
"2316","nationalcapital",2016,126,0.42342,14.606,933.51,1181.01555555556,14.2817229832572
"2317","nationalcapital",2016,127,0.42162,14.606,933.51,1181.01555555556,14.2817229832572
"2318","nationalcapital",2016,128,0.42035,14.606,933.51,1181.01555555556,14.2817229832572
"2319","nationalcapital",2016,129,0.42004,14.606,933.51,1181.01555555556,14.2817229832572
"2320","nationalcapital",2016,130,0.42037,14.606,933.51,1181.01555555556,14.2817229832572
"2321","nationalcapital",2016,131,0.4207,14.606,933.51,1181.01555555556,14.2817229832572
"2322","nationalcapital",2016,132,0.42103,14.606,933.51,1181.01555555556,14.2817229832572
"2323","nationalcapital",2016,133,0.42135,14.606,933.51,1181.01555555556,14.2817229832572
"2324","nationalcapital",2016,134,0.42166,14.606,933.51,1181.01555555556,14.2817229832572
"2325","nationalcapital",2016,135,0.42195,14.606,933.51,1181.01555555556,14.2817229832572
"2326","nationalcapital",2016,136,0.42222,14.606,933.51,1181.01555555556,14.2817229832572
"2327","nationalcapital",2016,137,0.42249,14.606,933.51,1181.01555555556,14.2817229832572
"2328","nationalcapital",2016,138,0.42275,14.606,933.51,1181.01555555556,14.2817229832572
"2329","nationalcapital",2016,139,0.42298,14.606,933.51,1181.01555555556,14.2817229832572
"2330","nationalcapital",2016,140,0.42314,14.606,933.51,1181.01555555556,14.2817229832572
"2331","nationalcapital",2016,141,0.42322,14.606,933.51,1181.01555555556,14.2817229832572
"2332","nationalcapital",2016,142,0.42323,14.606,933.51,1181.01555555556,14.2817229832572
"2333","nationalcapital",2016,143,0.42321,14.606,933.51,1181.01555555556,14.2817229832572
"2334","nationalcapital",2016,144,0.42319,14.606,933.51,1181.01555555556,14.2817229832572
"2335","nationalcapital",2016,145,0.42313,14.606,933.51,1181.01555555556,14.2817229832572
"2336","nationalcapital",2016,146,0.42297,14.606,933.51,1181.01555555556,14.2817229832572
"2337","nationalcapital",2016,147,0.42276,14.606,933.51,1181.01555555556,14.2817229832572
"2338","nationalcapital",2016,148,0.42252,14.606,933.51,1181.01555555556,14.2817229832572
"2339","nationalcapital",2016,149,0.42228,14.606,933.51,1181.01555555556,14.2817229832572
"2340","nationalcapital",2016,150,0.42207,14.606,933.51,1181.01555555556,14.2817229832572
"2341","nationalcapital",2016,151,0.42193,14.606,933.51,1181.01555555556,14.2817229832572
"2342","nationalcapital",2016,152,0.42183,14.606,933.51,1181.01555555556,14.2817229832572
"2343","nationalcapital",2016,153,0.42176,14.606,933.51,1181.01555555556,14.2817229832572
"2344","nationalcapital",2016,154,0.42169,14.606,933.51,1181.01555555556,14.2817229832572
"2345","nationalcapital",2016,155,0.42162,14.606,933.51,1181.01555555556,14.2817229832572
"2346","nationalcapital",2016,156,0.42154,14.606,933.51,1181.01555555556,14.2817229832572
"2347","nationalcapital",2016,157,0.42145,14.606,933.51,1181.01555555556,14.2817229832572
"2348","nationalcapital",2016,158,0.42133,14.606,933.51,1181.01555555556,14.2817229832572
"2349","nationalcapital",2016,159,0.42118,14.606,933.51,1181.01555555556,14.2817229832572
"2350","nationalcapital",2016,160,0.421,14.606,933.51,1181.01555555556,14.2817229832572
"2351","nationalcapital",2016,161,0.42078,14.606,933.51,1181.01555555556,14.2817229832572
"2352","nationalcapital",2016,162,0.42053,14.606,933.51,1181.01555555556,14.2817229832572
"2353","nationalcapital",2016,163,0.42025,14.606,933.51,1181.01555555556,14.2817229832572
"2354","nationalcapital",2016,164,0.41994,14.606,933.51,1181.01555555556,14.2817229832572
"2355","nationalcapital",2016,165,0.4196,14.606,933.51,1181.01555555556,14.2817229832572
"2356","nationalcapital",2016,166,0.41914,14.606,933.51,1181.01555555556,14.2817229832572
"2357","nationalcapital",2016,167,0.41854,14.606,933.51,1181.01555555556,14.2817229832572
"2358","nationalcapital",2016,168,0.41787,14.606,933.51,1181.01555555556,14.2817229832572
"2359","nationalcapital",2016,169,0.41719,14.606,933.51,1181.01555555556,14.2817229832572
"2360","nationalcapital",2016,170,0.41657,14.606,933.51,1181.01555555556,14.2817229832572
"2361","nationalcapital",2016,171,0.41609,14.606,933.51,1181.01555555556,14.2817229832572
"2362","nationalcapital",2016,172,0.41581,14.606,933.51,1181.01555555556,14.2817229832572
"2363","nationalcapital",2016,173,0.41571,14.606,933.51,1181.01555555556,14.2817229832572
"2364","nationalcapital",2016,174,0.41572,14.606,933.51,1181.01555555556,14.2817229832572
"2365","nationalcapital",2016,175,0.41581,14.606,933.51,1181.01555555556,14.2817229832572
"2366","nationalcapital",2016,176,0.41593,14.606,933.51,1181.01555555556,14.2817229832572
"2367","nationalcapital",2016,177,0.41605,14.606,933.51,1181.01555555556,14.2817229832572
"2368","nationalcapital",2016,178,0.41615,14.606,933.51,1181.01555555556,14.2817229832572
"2369","nationalcapital",2016,179,0.41617,14.606,933.51,1181.01555555556,14.2817229832572
"2370","nationalcapital",2016,180,0.41639,14.606,933.51,1181.01555555556,14.2817229832572
"2371","nationalcapital",2016,181,0.41695,14.606,933.51,1181.01555555556,14.2817229832572
"2372","nationalcapital",2016,182,0.41772,14.606,933.51,1181.01555555556,14.2817229832572
"2373","nationalcapital",2016,183,0.41853,14.606,933.51,1181.01555555556,14.2817229832572
"2374","nationalcapital",2016,184,0.41922,14.606,933.51,1181.01555555556,14.2817229832572
"2375","nationalcapital",2016,185,0.41965,14.606,933.51,1181.01555555556,14.2817229832572
"2376","nationalcapital",2016,186,0.41964,14.606,933.51,1181.01555555556,14.2817229832572
"2377","nationalcapital",2016,187,0.41946,14.606,933.51,1181.01555555556,14.2817229832572
"2378","nationalcapital",2016,188,0.41934,14.606,933.51,1181.01555555556,14.2817229832572
"2379","nationalcapital",2016,189,0.41915,14.606,933.51,1181.01555555556,14.2817229832572
"2380","nationalcapital",2016,190,0.41873,14.606,933.51,1181.01555555556,14.2817229832572
"2381","nationalcapital",2016,191,0.41795,14.606,933.51,1181.01555555556,14.2817229832572
"2382","nationalcapital",2016,192,0.41665,14.606,933.51,1181.01555555556,14.2817229832572
"2383","nationalcapital",2016,193,0.4147,14.606,933.51,1181.01555555556,14.2817229832572
"2384","nationalcapital",2016,194,0.41162,14.606,933.51,1181.01555555556,14.2817229832572
"2385","nationalcapital",2016,195,0.40767,14.606,933.51,1181.01555555556,14.2817229832572
"2386","nationalcapital",2016,196,0.40377,14.606,933.51,1181.01555555556,14.2817229832572
"2387","nationalcapital",2016,197,0.40086,14.606,933.51,1181.01555555556,14.2817229832572
"2388","nationalcapital",2016,198,0.39806,14.606,933.51,1181.01555555556,14.2817229832572
"2389","nationalcapital",2016,199,0.39454,14.606,933.51,1181.01555555556,14.2817229832572
"2390","nationalcapital",2016,200,0.39126,14.606,933.51,1181.01555555556,14.2817229832572
"2391","nationalcapital",2016,201,0.3892,14.606,933.51,1181.01555555556,14.2817229832572
"2392","nationalcapital",2016,202,0.3889,14.606,933.51,1181.01555555556,14.2817229832572
"2393","nationalcapital",2016,203,0.38999,14.606,933.51,1181.01555555556,14.2817229832572
"2394","nationalcapital",2016,204,0.39201,14.606,933.51,1181.01555555556,14.2817229832572
"2395","nationalcapital",2016,205,0.39452,14.606,933.51,1181.01555555556,14.2817229832572
"2396","nationalcapital",2016,206,0.39706,14.606,933.51,1181.01555555556,14.2817229832572
"2397","nationalcapital",2016,207,0.39921,14.606,933.51,1181.01555555556,14.2817229832572
"2398","nationalcapital",2016,208,0.4005,14.606,933.51,1181.01555555556,14.2817229832572
"2399","nationalcapital",2016,209,0.40158,14.606,933.51,1181.01555555556,14.2817229832572
"2400","nationalcapital",2016,210,0.4032,14.606,933.51,1181.01555555556,14.2817229832572
"2401","nationalcapital",2016,211,0.40515,14.606,933.51,1181.01555555556,14.2817229832572
"2402","nationalcapital",2016,212,0.40719,14.606,933.51,1181.01555555556,14.2817229832572
"2403","nationalcapital",2016,213,0.40911,14.606,933.51,1181.01555555556,14.2817229832572
"2404","nationalcapital",2016,214,0.41068,14.606,933.51,1181.01555555556,14.2817229832572
"2405","nationalcapital",2016,215,0.41166,14.606,933.51,1181.01555555556,14.2817229832572
"2406","nationalcapital",2016,216,0.41186,14.606,933.51,1181.01555555556,14.2817229832572
"2407","nationalcapital",2016,217,0.41137,14.606,933.51,1181.01555555556,14.2817229832572
"2408","nationalcapital",2016,218,0.41044,14.606,933.51,1181.01555555556,14.2817229832572
"2409","nationalcapital",2016,219,0.4093,14.606,933.51,1181.01555555556,14.2817229832572
"2410","nationalcapital",2016,220,0.40819,14.606,933.51,1181.01555555556,14.2817229832572
"2411","nationalcapital",2016,221,0.40735,14.606,933.51,1181.01555555556,14.2817229832572
"2412","nationalcapital",2016,222,0.40701,14.606,933.51,1181.01555555556,14.2817229832572
"2413","nationalcapital",2016,223,0.4071,14.606,933.51,1181.01555555556,14.2817229832572
"2414","nationalcapital",2016,224,0.40732,14.606,933.51,1181.01555555556,14.2817229832572
"2415","nationalcapital",2016,225,0.40764,14.606,933.51,1181.01555555556,14.2817229832572
"2416","nationalcapital",2016,226,0.408,14.606,933.51,1181.01555555556,14.2817229832572
"2417","nationalcapital",2016,227,0.40836,14.606,933.51,1181.01555555556,14.2817229832572
"2418","nationalcapital",2016,228,0.40868,14.606,933.51,1181.01555555556,14.2817229832572
"2419","nationalcapital",2016,229,0.40892,14.606,933.51,1181.01555555556,14.2817229832572
"2420","nationalcapital",2016,230,0.40911,14.606,933.51,1181.01555555556,14.2817229832572
"2421","nationalcapital",2016,231,0.40933,14.606,933.51,1181.01555555556,14.2817229832572
"2422","nationalcapital",2016,232,0.40954,14.606,933.51,1181.01555555556,14.2817229832572
"2423","nationalcapital",2016,233,0.40974,14.606,933.51,1181.01555555556,14.2817229832572
"2424","nationalcapital",2016,234,0.4099,14.606,933.51,1181.01555555556,14.2817229832572
"2425","nationalcapital",2016,235,0.40999,14.606,933.51,1181.01555555556,14.2817229832572
"2426","nationalcapital",2016,236,0.41,14.606,933.51,1181.01555555556,14.2817229832572
"2427","nationalcapital",2016,237,0.40994,14.606,933.51,1181.01555555556,14.2817229832572
"2428","nationalcapital",2016,238,0.40983,14.606,933.51,1181.01555555556,14.2817229832572
"2429","nationalcapital",2016,239,0.40968,14.606,933.51,1181.01555555556,14.2817229832572
"2430","nationalcapital",2016,240,0.4095,14.606,933.51,1181.01555555556,14.2817229832572
"2431","nationalcapital",2016,241,0.40929,14.606,933.51,1181.01555555556,14.2817229832572
"2432","nationalcapital",2016,242,0.40906,14.606,933.51,1181.01555555556,14.2817229832572
"2433","nationalcapital",2016,243,0.40883,14.606,933.51,1181.01555555556,14.2817229832572
"2434","nationalcapital",2016,244,0.4086,14.606,933.51,1181.01555555556,14.2817229832572
"2435","nationalcapital",2016,245,0.40841,14.606,933.51,1181.01555555556,14.2817229832572
"2436","nationalcapital",2016,246,0.40821,14.606,933.51,1181.01555555556,14.2817229832572
"2437","nationalcapital",2016,247,0.40799,14.606,933.51,1181.01555555556,14.2817229832572
"2438","nationalcapital",2016,248,0.40773,14.606,933.51,1181.01555555556,14.2817229832572
"2439","nationalcapital",2016,249,0.40738,14.606,933.51,1181.01555555556,14.2817229832572
"2440","nationalcapital",2016,250,0.40695,14.606,933.51,1181.01555555556,14.2817229832572
"2441","nationalcapital",2016,251,0.40633,14.606,933.51,1181.01555555556,14.2817229832572
"2442","nationalcapital",2016,252,0.40554,14.606,933.51,1181.01555555556,14.2817229832572
"2443","nationalcapital",2016,253,0.4047,14.606,933.51,1181.01555555556,14.2817229832572
"2444","nationalcapital",2016,254,0.40394,14.606,933.51,1181.01555555556,14.2817229832572
"2445","nationalcapital",2016,255,0.40315,14.606,933.51,1181.01555555556,14.2817229832572
"2446","nationalcapital",2016,256,0.40223,14.606,933.51,1181.01555555556,14.2817229832572
"2447","nationalcapital",2016,257,0.40132,14.606,933.51,1181.01555555556,14.2817229832572
"2448","nationalcapital",2016,258,0.40053,14.606,933.51,1181.01555555556,14.2817229832572
"2449","nationalcapital",2016,259,0.39986,14.606,933.51,1181.01555555556,14.2817229832572
"2450","nationalcapital",2016,260,0.39919,14.606,933.51,1181.01555555556,14.2817229832572
"2451","nationalcapital",2016,261,0.39853,14.606,933.51,1181.01555555556,14.2817229832572
"2452","nationalcapital",2016,262,0.39787,14.606,933.51,1181.01555555556,14.2817229832572
"2453","nationalcapital",2016,263,0.39721,14.606,933.51,1181.01555555556,14.2817229832572
"2454","nationalcapital",2016,264,0.39655,14.606,933.51,1181.01555555556,14.2817229832572
"2455","nationalcapital",2016,265,0.39588,14.606,933.51,1181.01555555556,14.2817229832572
"2456","nationalcapital",2016,266,0.39516,14.606,933.51,1181.01555555556,14.2817229832572
"2457","nationalcapital",2016,267,0.39438,14.606,933.51,1181.01555555556,14.2817229832572
"2458","nationalcapital",2016,268,0.39359,14.606,933.51,1181.01555555556,14.2817229832572
"2459","nationalcapital",2016,269,0.39283,14.606,933.51,1181.01555555556,14.2817229832572
"2460","nationalcapital",2016,270,0.39216,14.606,933.51,1181.01555555556,14.2817229832572
"2461","nationalcapital",2016,271,0.39163,14.606,933.51,1181.01555555556,14.2817229832572
"2462","nationalcapital",2016,272,0.39127,14.606,933.51,1181.01555555556,14.2817229832572
"2463","nationalcapital",2016,273,0.39117,14.606,933.51,1181.01555555556,14.2817229832572
"2464","nationalcapital",2016,274,0.39128,14.606,933.51,1181.01555555556,14.2817229832572
"2465","nationalcapital",2016,275,0.39153,14.606,933.51,1181.01555555556,14.2817229832572
"2466","nationalcapital",2016,276,0.39184,14.606,933.51,1181.01555555556,14.2817229832572
"2467","nationalcapital",2016,277,0.39211,14.606,933.51,1181.01555555556,14.2817229832572
"2468","nationalcapital",2016,278,0.39228,14.606,933.51,1181.01555555556,14.2817229832572
"2469","nationalcapital",2016,279,0.39225,14.606,933.51,1181.01555555556,14.2817229832572
"2470","nationalcapital",2016,280,0.39219,14.606,933.51,1181.01555555556,14.2817229832572
"2471","nationalcapital",2016,281,0.39226,14.606,933.51,1181.01555555556,14.2817229832572
"2472","nationalcapital",2016,282,0.39237,14.606,933.51,1181.01555555556,14.2817229832572
"2473","nationalcapital",2016,283,0.39245,14.606,933.51,1181.01555555556,14.2817229832572
"2474","nationalcapital",2016,284,0.3924,14.606,933.51,1181.01555555556,14.2817229832572
"2475","nationalcapital",2016,285,0.39215,14.606,933.51,1181.01555555556,14.2817229832572
"2476","nationalcapital",2016,286,0.39161,14.606,933.51,1181.01555555556,14.2817229832572
"2477","nationalcapital",2016,287,0.3907,14.606,933.51,1181.01555555556,14.2817229832572
"2478","nationalcapital",2016,288,0.38947,14.606,933.51,1181.01555555556,14.2817229832572
"2479","nationalcapital",2016,289,0.38801,14.606,933.51,1181.01555555556,14.2817229832572
"2480","nationalcapital",2016,290,0.38643,14.606,933.51,1181.01555555556,14.2817229832572
"2481","nationalcapital",2016,291,0.3848,14.606,933.51,1181.01555555556,14.2817229832572
"2482","nationalcapital",2016,292,0.38324,14.606,933.51,1181.01555555556,14.2817229832572
"2483","nationalcapital",2016,293,0.38183,14.606,933.51,1181.01555555556,14.2817229832572
"2484","nationalcapital",2016,294,0.38053,14.606,933.51,1181.01555555556,14.2817229832572
"2485","nationalcapital",2016,295,0.37924,14.606,933.51,1181.01555555556,14.2817229832572
"2486","nationalcapital",2016,296,0.37795,14.606,933.51,1181.01555555556,14.2817229832572
"2487","nationalcapital",2016,297,0.37664,14.606,933.51,1181.01555555556,14.2817229832572
"2488","nationalcapital",2016,298,0.37531,14.606,933.51,1181.01555555556,14.2817229832572
"2489","nationalcapital",2016,299,0.37394,14.606,933.51,1181.01555555556,14.2817229832572
"2490","nationalcapital",2016,300,0.37252,14.606,933.51,1181.01555555556,14.2817229832572
"2491","nationalcapital",2016,301,0.37105,14.606,933.51,1181.01555555556,14.2817229832572
"2492","nationalcapital",2016,302,0.36952,14.606,933.51,1181.01555555556,14.2817229832572
"2493","nationalcapital",2016,303,0.36794,14.606,933.51,1181.01555555556,14.2817229832572
"2494","nationalcapital",2016,304,0.36633,14.606,933.51,1181.01555555556,14.2817229832572
"2495","nationalcapital",2016,305,0.36471,14.606,933.51,1181.01555555556,14.2817229832572
"2496","nationalcapital",2016,306,0.36309,14.606,933.51,1181.01555555556,14.2817229832572
"2497","nationalcapital",2016,307,0.36147,14.606,933.51,1181.01555555556,14.2817229832572
"2498","nationalcapital",2016,308,0.35982,14.606,933.51,1181.01555555556,14.2817229832572
"2499","nationalcapital",2016,309,0.3581,14.606,933.51,1181.01555555556,14.2817229832572
"2500","nationalcapital",2016,310,0.35634,14.606,933.51,1181.01555555556,14.2817229832572
"2501","nationalcapital",2016,311,0.35457,14.606,933.51,1181.01555555556,14.2817229832572
"2502","nationalcapital",2016,312,0.35282,14.606,933.51,1181.01555555556,14.2817229832572
"2503","nationalcapital",2016,313,0.35113,14.606,933.51,1181.01555555556,14.2817229832572
"2504","nationalcapital",2016,314,0.34952,14.606,933.51,1181.01555555556,14.2817229832572
"2505","nationalcapital",2016,315,0.34797,14.606,933.51,1181.01555555556,14.2817229832572
"2506","nationalcapital",2016,316,0.34642,14.606,933.51,1181.01555555556,14.2817229832572
"2507","nationalcapital",2016,317,0.34488,14.606,933.51,1181.01555555556,14.2817229832572
"2508","nationalcapital",2016,318,0.34337,14.606,933.51,1181.01555555556,14.2817229832572
"2509","nationalcapital",2016,319,0.34191,14.606,933.51,1181.01555555556,14.2817229832572
"2510","nationalcapital",2016,320,0.34052,14.606,933.51,1181.01555555556,14.2817229832572
"2511","nationalcapital",2016,321,0.3392,14.606,933.51,1181.01555555556,14.2817229832572
"2512","nationalcapital",2016,322,0.33793,14.606,933.51,1181.01555555556,14.2817229832572
"2513","nationalcapital",2016,323,0.33667,14.606,933.51,1181.01555555556,14.2817229832572
"2514","nationalcapital",2016,324,0.33545,14.606,933.51,1181.01555555556,14.2817229832572
"2515","nationalcapital",2016,325,0.33428,14.606,933.51,1181.01555555556,14.2817229832572
"2516","nationalcapital",2016,326,0.33318,14.606,933.51,1181.01555555556,14.2817229832572
"2517","nationalcapital",2016,327,0.33219,14.606,933.51,1181.01555555556,14.2817229832572
"2518","nationalcapital",2016,328,0.3313,14.606,933.51,1181.01555555556,14.2817229832572
"2519","nationalcapital",2016,329,0.33054,14.606,933.51,1181.01555555556,14.2817229832572
"2520","nationalcapital",2016,330,0.32988,14.606,933.51,1181.01555555556,14.2817229832572
"2521","nationalcapital",2016,331,0.32932,14.606,933.51,1181.01555555556,14.2817229832572
"2522","nationalcapital",2016,332,0.32883,14.606,933.51,1181.01555555556,14.2817229832572
"2523","nationalcapital",2016,333,0.32841,14.606,933.51,1181.01555555556,14.2817229832572
"2524","nationalcapital",2016,334,0.32803,14.606,933.51,1181.01555555556,14.2817229832572
"2525","nationalcapital",2016,335,0.32768,14.606,933.51,1181.01555555556,14.2817229832572
"2526","nationalcapital",2016,336,0.3274,14.606,933.51,1181.01555555556,14.2817229832572
"2527","nationalcapital",2016,337,0.32723,14.606,933.51,1181.01555555556,14.2817229832572
"2528","nationalcapital",2016,338,0.32713,14.606,933.51,1181.01555555556,14.2817229832572
"2529","nationalcapital",2016,339,0.32709,14.606,933.51,1181.01555555556,14.2817229832572
"2530","nationalcapital",2016,340,0.32707,14.606,933.51,1181.01555555556,14.2817229832572
"2531","nationalcapital",2016,341,0.32707,14.606,933.51,1181.01555555556,14.2817229832572
"2532","nationalcapital",2016,342,0.32705,14.606,933.51,1181.01555555556,14.2817229832572
"2533","nationalcapital",2016,343,0.32704,14.606,933.51,1181.01555555556,14.2817229832572
"2534","nationalcapital",2016,344,0.32708,14.606,933.51,1181.01555555556,14.2817229832572
"2535","nationalcapital",2016,345,0.32716,14.606,933.51,1181.01555555556,14.2817229832572
"2536","nationalcapital",2016,346,0.32726,14.606,933.51,1181.01555555556,14.2817229832572
"2537","nationalcapital",2016,347,0.32737,14.606,933.51,1181.01555555556,14.2817229832572
"2538","nationalcapital",2016,348,0.32749,14.606,933.51,1181.01555555556,14.2817229832572
"2539","nationalcapital",2016,349,0.32759,14.606,933.51,1181.01555555556,14.2817229832572
"2540","nationalcapital",2016,350,0.32771,14.606,933.51,1181.01555555556,14.2817229832572
"2541","nationalcapital",2016,351,0.32785,14.606,933.51,1181.01555555556,14.2817229832572
"2542","nationalcapital",2016,352,0.32801,14.606,933.51,1181.01555555556,14.2817229832572
"2543","nationalcapital",2016,353,0.32817,14.606,933.51,1181.01555555556,14.2817229832572
"2544","nationalcapital",2016,354,0.32832,14.606,933.51,1181.01555555556,14.2817229832572
"2545","nationalcapital",2016,355,0.32846,14.606,933.51,1181.01555555556,14.2817229832572
"2546","nationalcapital",2016,356,0.32858,14.606,933.51,1181.01555555556,14.2817229832572
"2547","nationalcapital",2016,357,0.32869,14.606,933.51,1181.01555555556,14.2817229832572
"2548","nationalcapital",2016,358,0.32884,14.606,933.51,1181.01555555556,14.2817229832572
"2549","nationalcapital",2016,359,0.329,14.606,933.51,1181.01555555556,14.2817229832572
"2550","nationalcapital",2016,360,0.32916,14.606,933.51,1181.01555555556,14.2817229832572
"2551","nationalcapital",2016,361,0.32929,14.606,933.51,1181.01555555556,14.2817229832572
"2552","nationalcapital",2016,362,0.32938,14.606,933.51,1181.01555555556,14.2817229832572
"2553","nationalcapital",2016,363,0.3294,14.606,933.51,1181.01555555556,14.2817229832572
"2554","nationalcapital",2016,364,0.32936,14.606,933.51,1181.01555555556,14.2817229832572
"2555","nationalcapital",2016,365,0.32926,14.606,933.51,1181.01555555556,14.2817229832572
"2556","nationalcapital",2017,1,0.32902,14.712602739726,1020.66,1181.01555555556,14.2817229832572
"2557","nationalcapital",2017,2,0.3288,14.712602739726,1020.66,1181.01555555556,14.2817229832572
"2558","nationalcapital",2017,3,0.32844,14.712602739726,1020.66,1181.01555555556,14.2817229832572
"2559","nationalcapital",2017,4,0.32809,14.712602739726,1020.66,1181.01555555556,14.2817229832572
"2560","nationalcapital",2017,5,0.32786,14.712602739726,1020.66,1181.01555555556,14.2817229832572
"2561","nationalcapital",2017,6,0.32772,14.712602739726,1020.66,1181.01555555556,14.2817229832572
"2562","nationalcapital",2017,7,0.32756,14.712602739726,1020.66,1181.01555555556,14.2817229832572
"2563","nationalcapital",2017,8,0.3274,14.712602739726,1020.66,1181.01555555556,14.2817229832572
"2564","nationalcapital",2017,9,0.32725,14.712602739726,1020.66,1181.01555555556,14.2817229832572
"2565","nationalcapital",2017,10,0.32713,14.712602739726,1020.66,1181.01555555556,14.2817229832572
"2566","nationalcapital",2017,11,0.32706,14.712602739726,1020.66,1181.01555555556,14.2817229832572
"2567","nationalcapital",2017,12,0.32706,14.712602739726,1020.66,1181.01555555556,14.2817229832572
"2568","nationalcapital",2017,13,0.32716,14.712602739726,1020.66,1181.01555555556,14.2817229832572
"2569","nationalcapital",2017,14,0.32734,14.712602739726,1020.66,1181.01555555556,14.2817229832572
"2570","nationalcapital",2017,15,0.32759,14.712602739726,1020.66,1181.01555555556,14.2817229832572
"2571","nationalcapital",2017,16,0.32788,14.712602739726,1020.66,1181.01555555556,14.2817229832572
"2572","nationalcapital",2017,17,0.32817,14.712602739726,1020.66,1181.01555555556,14.2817229832572
"2573","nationalcapital",2017,18,0.32843,14.712602739726,1020.66,1181.01555555556,14.2817229832572
"2574","nationalcapital",2017,19,0.32865,14.712602739726,1020.66,1181.01555555556,14.2817229832572
"2575","nationalcapital",2017,20,0.32884,14.712602739726,1020.66,1181.01555555556,14.2817229832572
"2576","nationalcapital",2017,21,0.32905,14.712602739726,1020.66,1181.01555555556,14.2817229832572
"2577","nationalcapital",2017,22,0.32926,14.712602739726,1020.66,1181.01555555556,14.2817229832572
"2578","nationalcapital",2017,23,0.32947,14.712602739726,1020.66,1181.01555555556,14.2817229832572
"2579","nationalcapital",2017,24,0.32965,14.712602739726,1020.66,1181.01555555556,14.2817229832572
"2580","nationalcapital",2017,25,0.32981,14.712602739726,1020.66,1181.01555555556,14.2817229832572
"2581","nationalcapital",2017,26,0.32992,14.712602739726,1020.66,1181.01555555556,14.2817229832572
"2582","nationalcapital",2017,27,0.32997,14.712602739726,1020.66,1181.01555555556,14.2817229832572
"2583","nationalcapital",2017,28,0.32998,14.712602739726,1020.66,1181.01555555556,14.2817229832572
"2584","nationalcapital",2017,29,0.32996,14.712602739726,1020.66,1181.01555555556,14.2817229832572
"2585","nationalcapital",2017,30,0.32991,14.712602739726,1020.66,1181.01555555556,14.2817229832572
"2586","nationalcapital",2017,31,0.32986,14.712602739726,1020.66,1181.01555555556,14.2817229832572
"2587","nationalcapital",2017,32,0.32981,14.712602739726,1020.66,1181.01555555556,14.2817229832572
"2588","nationalcapital",2017,33,0.32978,14.712602739726,1020.66,1181.01555555556,14.2817229832572
"2589","nationalcapital",2017,34,0.32975,14.712602739726,1020.66,1181.01555555556,14.2817229832572
"2590","nationalcapital",2017,35,0.32971,14.712602739726,1020.66,1181.01555555556,14.2817229832572
"2591","nationalcapital",2017,36,0.32966,14.712602739726,1020.66,1181.01555555556,14.2817229832572
"2592","nationalcapital",2017,37,0.32961,14.712602739726,1020.66,1181.01555555556,14.2817229832572
"2593","nationalcapital",2017,38,0.32958,14.712602739726,1020.66,1181.01555555556,14.2817229832572
"2594","nationalcapital",2017,39,0.32957,14.712602739726,1020.66,1181.01555555556,14.2817229832572
"2595","nationalcapital",2017,40,0.3296,14.712602739726,1020.66,1181.01555555556,14.2817229832572
"2596","nationalcapital",2017,41,0.32965,14.712602739726,1020.66,1181.01555555556,14.2817229832572
"2597","nationalcapital",2017,42,0.3297,14.712602739726,1020.66,1181.01555555556,14.2817229832572
"2598","nationalcapital",2017,43,0.32977,14.712602739726,1020.66,1181.01555555556,14.2817229832572
"2599","nationalcapital",2017,44,0.32984,14.712602739726,1020.66,1181.01555555556,14.2817229832572
"2600","nationalcapital",2017,45,0.32993,14.712602739726,1020.66,1181.01555555556,14.2817229832572
"2601","nationalcapital",2017,46,0.33002,14.712602739726,1020.66,1181.01555555556,14.2817229832572
"2602","nationalcapital",2017,47,0.33012,14.712602739726,1020.66,1181.01555555556,14.2817229832572
"2603","nationalcapital",2017,48,0.33023,14.712602739726,1020.66,1181.01555555556,14.2817229832572
"2604","nationalcapital",2017,49,0.33033,14.712602739726,1020.66,1181.01555555556,14.2817229832572
"2605","nationalcapital",2017,50,0.33044,14.712602739726,1020.66,1181.01555555556,14.2817229832572
"2606","nationalcapital",2017,51,0.33057,14.712602739726,1020.66,1181.01555555556,14.2817229832572
"2607","nationalcapital",2017,52,0.33073,14.712602739726,1020.66,1181.01555555556,14.2817229832572
"2608","nationalcapital",2017,53,0.33092,14.712602739726,1020.66,1181.01555555556,14.2817229832572
"2609","nationalcapital",2017,54,0.33117,14.712602739726,1020.66,1181.01555555556,14.2817229832572
"2610","nationalcapital",2017,55,0.33145,14.712602739726,1020.66,1181.01555555556,14.2817229832572
"2611","nationalcapital",2017,56,0.33175,14.712602739726,1020.66,1181.01555555556,14.2817229832572
"2612","nationalcapital",2017,57,0.33208,14.712602739726,1020.66,1181.01555555556,14.2817229832572
"2613","nationalcapital",2017,58,0.33242,14.712602739726,1020.66,1181.01555555556,14.2817229832572
"2614","nationalcapital",2017,59,0.33293,14.712602739726,1020.66,1181.01555555556,14.2817229832572
"2615","nationalcapital",2017,60,0.3336,14.712602739726,1020.66,1181.01555555556,14.2817229832572
"2616","nationalcapital",2017,61,0.33428,14.712602739726,1020.66,1181.01555555556,14.2817229832572
"2617","nationalcapital",2017,62,0.33476,14.712602739726,1020.66,1181.01555555556,14.2817229832572
"2618","nationalcapital",2017,63,0.33511,14.712602739726,1020.66,1181.01555555556,14.2817229832572
"2619","nationalcapital",2017,64,0.33545,14.712602739726,1020.66,1181.01555555556,14.2817229832572
"2620","nationalcapital",2017,65,0.33578,14.712602739726,1020.66,1181.01555555556,14.2817229832572
"2621","nationalcapital",2017,66,0.33608,14.712602739726,1020.66,1181.01555555556,14.2817229832572
"2622","nationalcapital",2017,67,0.33634,14.712602739726,1020.66,1181.01555555556,14.2817229832572
"2623","nationalcapital",2017,68,0.33653,14.712602739726,1020.66,1181.01555555556,14.2817229832572
"2624","nationalcapital",2017,69,0.33664,14.712602739726,1020.66,1181.01555555556,14.2817229832572
"2625","nationalcapital",2017,70,0.3366,14.712602739726,1020.66,1181.01555555556,14.2817229832572
"2626","nationalcapital",2017,71,0.33639,14.712602739726,1020.66,1181.01555555556,14.2817229832572
"2627","nationalcapital",2017,72,0.33608,14.712602739726,1020.66,1181.01555555556,14.2817229832572
"2628","nationalcapital",2017,73,0.33573,14.712602739726,1020.66,1181.01555555556,14.2817229832572
"2629","nationalcapital",2017,74,0.33541,14.712602739726,1020.66,1181.01555555556,14.2817229832572
"2630","nationalcapital",2017,75,0.33518,14.712602739726,1020.66,1181.01555555556,14.2817229832572
"2631","nationalcapital",2017,76,0.33513,14.712602739726,1020.66,1181.01555555556,14.2817229832572
"2632","nationalcapital",2017,77,0.33516,14.712602739726,1020.66,1181.01555555556,14.2817229832572
"2633","nationalcapital",2017,78,0.33517,14.712602739726,1020.66,1181.01555555556,14.2817229832572
"2634","nationalcapital",2017,79,0.3352,14.712602739726,1020.66,1181.01555555556,14.2817229832572
"2635","nationalcapital",2017,80,0.33528,14.712602739726,1020.66,1181.01555555556,14.2817229832572
"2636","nationalcapital",2017,81,0.33545,14.712602739726,1020.66,1181.01555555556,14.2817229832572
"2637","nationalcapital",2017,82,0.33574,14.712602739726,1020.66,1181.01555555556,14.2817229832572
"2638","nationalcapital",2017,83,0.33619,14.712602739726,1020.66,1181.01555555556,14.2817229832572
"2639","nationalcapital",2017,84,0.33678,14.712602739726,1020.66,1181.01555555556,14.2817229832572
"2640","nationalcapital",2017,85,0.33745,14.712602739726,1020.66,1181.01555555556,14.2817229832572
"2641","nationalcapital",2017,86,0.33821,14.712602739726,1020.66,1181.01555555556,14.2817229832572
"2642","nationalcapital",2017,87,0.33906,14.712602739726,1020.66,1181.01555555556,14.2817229832572
"2643","nationalcapital",2017,88,0.33999,14.712602739726,1020.66,1181.01555555556,14.2817229832572
"2644","nationalcapital",2017,89,0.34102,14.712602739726,1020.66,1181.01555555556,14.2817229832572
"2645","nationalcapital",2017,90,0.34214,14.712602739726,1020.66,1181.01555555556,14.2817229832572
"2646","nationalcapital",2017,91,0.34323,14.712602739726,1020.66,1181.01555555556,14.2817229832572
"2647","nationalcapital",2017,92,0.34425,14.712602739726,1020.66,1181.01555555556,14.2817229832572
"2648","nationalcapital",2017,93,0.3453,14.712602739726,1020.66,1181.01555555556,14.2817229832572
"2649","nationalcapital",2017,94,0.34646,14.712602739726,1020.66,1181.01555555556,14.2817229832572
"2650","nationalcapital",2017,95,0.34783,14.712602739726,1020.66,1181.01555555556,14.2817229832572
"2651","nationalcapital",2017,96,0.34951,14.712602739726,1020.66,1181.01555555556,14.2817229832572
"2652","nationalcapital",2017,97,0.35158,14.712602739726,1020.66,1181.01555555556,14.2817229832572
"2653","nationalcapital",2017,98,0.35413,14.712602739726,1020.66,1181.01555555556,14.2817229832572
"2654","nationalcapital",2017,99,0.35712,14.712602739726,1020.66,1181.01555555556,14.2817229832572
"2655","nationalcapital",2017,100,0.36041,14.712602739726,1020.66,1181.01555555556,14.2817229832572
"2656","nationalcapital",2017,101,0.36391,14.712602739726,1020.66,1181.01555555556,14.2817229832572
"2657","nationalcapital",2017,102,0.36749,14.712602739726,1020.66,1181.01555555556,14.2817229832572
"2658","nationalcapital",2017,103,0.37104,14.712602739726,1020.66,1181.01555555556,14.2817229832572
"2659","nationalcapital",2017,104,0.37445,14.712602739726,1020.66,1181.01555555556,14.2817229832572
"2660","nationalcapital",2017,105,0.37809,14.712602739726,1020.66,1181.01555555556,14.2817229832572
"2661","nationalcapital",2017,106,0.38225,14.712602739726,1020.66,1181.01555555556,14.2817229832572
"2662","nationalcapital",2017,107,0.38669,14.712602739726,1020.66,1181.01555555556,14.2817229832572
"2663","nationalcapital",2017,108,0.39117,14.712602739726,1020.66,1181.01555555556,14.2817229832572
"2664","nationalcapital",2017,109,0.39544,14.712602739726,1020.66,1181.01555555556,14.2817229832572
"2665","nationalcapital",2017,110,0.39927,14.712602739726,1020.66,1181.01555555556,14.2817229832572
"2666","nationalcapital",2017,111,0.40241,14.712602739726,1020.66,1181.01555555556,14.2817229832572
"2667","nationalcapital",2017,112,0.40495,14.712602739726,1020.66,1181.01555555556,14.2817229832572
"2668","nationalcapital",2017,113,0.40721,14.712602739726,1020.66,1181.01555555556,14.2817229832572
"2669","nationalcapital",2017,114,0.40925,14.712602739726,1020.66,1181.01555555556,14.2817229832572
"2670","nationalcapital",2017,115,0.41117,14.712602739726,1020.66,1181.01555555556,14.2817229832572
"2671","nationalcapital",2017,116,0.41264,14.712602739726,1020.66,1181.01555555556,14.2817229832572
"2672","nationalcapital",2017,117,0.41352,14.712602739726,1020.66,1181.01555555556,14.2817229832572
"2673","nationalcapital",2017,118,0.41422,14.712602739726,1020.66,1181.01555555556,14.2817229832572
"2674","nationalcapital",2017,119,0.41513,14.712602739726,1020.66,1181.01555555556,14.2817229832572
"2675","nationalcapital",2017,120,0.41621,14.712602739726,1020.66,1181.01555555556,14.2817229832572
"2676","nationalcapital",2017,121,0.41717,14.712602739726,1020.66,1181.01555555556,14.2817229832572
"2677","nationalcapital",2017,122,0.41804,14.712602739726,1020.66,1181.01555555556,14.2817229832572
"2678","nationalcapital",2017,123,0.41882,14.712602739726,1020.66,1181.01555555556,14.2817229832572
"2679","nationalcapital",2017,124,0.41955,14.712602739726,1020.66,1181.01555555556,14.2817229832572
"2680","nationalcapital",2017,125,0.42023,14.712602739726,1020.66,1181.01555555556,14.2817229832572
"2681","nationalcapital",2017,126,0.4209,14.712602739726,1020.66,1181.01555555556,14.2817229832572
"2682","nationalcapital",2017,127,0.4216,14.712602739726,1020.66,1181.01555555556,14.2817229832572
"2683","nationalcapital",2017,128,0.42233,14.712602739726,1020.66,1181.01555555556,14.2817229832572
"2684","nationalcapital",2017,129,0.42303,14.712602739726,1020.66,1181.01555555556,14.2817229832572
"2685","nationalcapital",2017,130,0.42366,14.712602739726,1020.66,1181.01555555556,14.2817229832572
"2686","nationalcapital",2017,131,0.42416,14.712602739726,1020.66,1181.01555555556,14.2817229832572
"2687","nationalcapital",2017,132,0.42448,14.712602739726,1020.66,1181.01555555556,14.2817229832572
"2688","nationalcapital",2017,133,0.42456,14.712602739726,1020.66,1181.01555555556,14.2817229832572
"2689","nationalcapital",2017,134,0.42428,14.712602739726,1020.66,1181.01555555556,14.2817229832572
"2690","nationalcapital",2017,135,0.42367,14.712602739726,1020.66,1181.01555555556,14.2817229832572
"2691","nationalcapital",2017,136,0.42284,14.712602739726,1020.66,1181.01555555556,14.2817229832572
"2692","nationalcapital",2017,137,0.42196,14.712602739726,1020.66,1181.01555555556,14.2817229832572
"2693","nationalcapital",2017,138,0.42115,14.712602739726,1020.66,1181.01555555556,14.2817229832572
"2694","nationalcapital",2017,139,0.42057,14.712602739726,1020.66,1181.01555555556,14.2817229832572
"2695","nationalcapital",2017,140,0.42034,14.712602739726,1020.66,1181.01555555556,14.2817229832572
"2696","nationalcapital",2017,141,0.4204,14.712602739726,1020.66,1181.01555555556,14.2817229832572
"2697","nationalcapital",2017,142,0.42059,14.712602739726,1020.66,1181.01555555556,14.2817229832572
"2698","nationalcapital",2017,143,0.42087,14.712602739726,1020.66,1181.01555555556,14.2817229832572
"2699","nationalcapital",2017,144,0.42123,14.712602739726,1020.66,1181.01555555556,14.2817229832572
"2700","nationalcapital",2017,145,0.42164,14.712602739726,1020.66,1181.01555555556,14.2817229832572
"2701","nationalcapital",2017,146,0.4221,14.712602739726,1020.66,1181.01555555556,14.2817229832572
"2702","nationalcapital",2017,147,0.42257,14.712602739726,1020.66,1181.01555555556,14.2817229832572
"2703","nationalcapital",2017,148,0.42323,14.712602739726,1020.66,1181.01555555556,14.2817229832572
"2704","nationalcapital",2017,149,0.42421,14.712602739726,1020.66,1181.01555555556,14.2817229832572
"2705","nationalcapital",2017,150,0.42536,14.712602739726,1020.66,1181.01555555556,14.2817229832572
"2706","nationalcapital",2017,151,0.42657,14.712602739726,1020.66,1181.01555555556,14.2817229832572
"2707","nationalcapital",2017,152,0.42772,14.712602739726,1020.66,1181.01555555556,14.2817229832572
"2708","nationalcapital",2017,153,0.42869,14.712602739726,1020.66,1181.01555555556,14.2817229832572
"2709","nationalcapital",2017,154,0.42934,14.712602739726,1020.66,1181.01555555556,14.2817229832572
"2710","nationalcapital",2017,155,0.42968,14.712602739726,1020.66,1181.01555555556,14.2817229832572
"2711","nationalcapital",2017,156,0.4298,14.712602739726,1020.66,1181.01555555556,14.2817229832572
"2712","nationalcapital",2017,157,0.42975,14.712602739726,1020.66,1181.01555555556,14.2817229832572
"2713","nationalcapital",2017,158,0.42955,14.712602739726,1020.66,1181.01555555556,14.2817229832572
"2714","nationalcapital",2017,159,0.42925,14.712602739726,1020.66,1181.01555555556,14.2817229832572
"2715","nationalcapital",2017,160,0.42889,14.712602739726,1020.66,1181.01555555556,14.2817229832572
"2716","nationalcapital",2017,161,0.4285,14.712602739726,1020.66,1181.01555555556,14.2817229832572
"2717","nationalcapital",2017,162,0.428,14.712602739726,1020.66,1181.01555555556,14.2817229832572
"2718","nationalcapital",2017,163,0.42733,14.712602739726,1020.66,1181.01555555556,14.2817229832572
"2719","nationalcapital",2017,164,0.42656,14.712602739726,1020.66,1181.01555555556,14.2817229832572
"2720","nationalcapital",2017,165,0.42575,14.712602739726,1020.66,1181.01555555556,14.2817229832572
"2721","nationalcapital",2017,166,0.42497,14.712602739726,1020.66,1181.01555555556,14.2817229832572
"2722","nationalcapital",2017,167,0.4243,14.712602739726,1020.66,1181.01555555556,14.2817229832572
"2723","nationalcapital",2017,168,0.4238,14.712602739726,1020.66,1181.01555555556,14.2817229832572
"2724","nationalcapital",2017,169,0.4234,14.712602739726,1020.66,1181.01555555556,14.2817229832572
"2725","nationalcapital",2017,170,0.423,14.712602739726,1020.66,1181.01555555556,14.2817229832572
"2726","nationalcapital",2017,171,0.42263,14.712602739726,1020.66,1181.01555555556,14.2817229832572
"2727","nationalcapital",2017,172,0.42233,14.712602739726,1020.66,1181.01555555556,14.2817229832572
"2728","nationalcapital",2017,173,0.42209,14.712602739726,1020.66,1181.01555555556,14.2817229832572
"2729","nationalcapital",2017,174,0.42189,14.712602739726,1020.66,1181.01555555556,14.2817229832572
"2730","nationalcapital",2017,175,0.42173,14.712602739726,1020.66,1181.01555555556,14.2817229832572
"2731","nationalcapital",2017,176,0.42161,14.712602739726,1020.66,1181.01555555556,14.2817229832572
"2732","nationalcapital",2017,177,0.4216,14.712602739726,1020.66,1181.01555555556,14.2817229832572
"2733","nationalcapital",2017,178,0.42176,14.712602739726,1020.66,1181.01555555556,14.2817229832572
"2734","nationalcapital",2017,179,0.42203,14.712602739726,1020.66,1181.01555555556,14.2817229832572
"2735","nationalcapital",2017,180,0.42234,14.712602739726,1020.66,1181.01555555556,14.2817229832572
"2736","nationalcapital",2017,181,0.42262,14.712602739726,1020.66,1181.01555555556,14.2817229832572
"2737","nationalcapital",2017,182,0.42281,14.712602739726,1020.66,1181.01555555556,14.2817229832572
"2738","nationalcapital",2017,183,0.42284,14.712602739726,1020.66,1181.01555555556,14.2817229832572
"2739","nationalcapital",2017,184,0.42273,14.712602739726,1020.66,1181.01555555556,14.2817229832572
"2740","nationalcapital",2017,185,0.42255,14.712602739726,1020.66,1181.01555555556,14.2817229832572
"2741","nationalcapital",2017,186,0.42232,14.712602739726,1020.66,1181.01555555556,14.2817229832572
"2742","nationalcapital",2017,187,0.42203,14.712602739726,1020.66,1181.01555555556,14.2817229832572
"2743","nationalcapital",2017,188,0.42168,14.712602739726,1020.66,1181.01555555556,14.2817229832572
"2744","nationalcapital",2017,189,0.42127,14.712602739726,1020.66,1181.01555555556,14.2817229832572
"2745","nationalcapital",2017,190,0.42081,14.712602739726,1020.66,1181.01555555556,14.2817229832572
"2746","nationalcapital",2017,191,0.42024,14.712602739726,1020.66,1181.01555555556,14.2817229832572
"2747","nationalcapital",2017,192,0.41953,14.712602739726,1020.66,1181.01555555556,14.2817229832572
"2748","nationalcapital",2017,193,0.41873,14.712602739726,1020.66,1181.01555555556,14.2817229832572
"2749","nationalcapital",2017,194,0.41789,14.712602739726,1020.66,1181.01555555556,14.2817229832572
"2750","nationalcapital",2017,195,0.41703,14.712602739726,1020.66,1181.01555555556,14.2817229832572
"2751","nationalcapital",2017,196,0.41623,14.712602739726,1020.66,1181.01555555556,14.2817229832572
"2752","nationalcapital",2017,197,0.4155,14.712602739726,1020.66,1181.01555555556,14.2817229832572
"2753","nationalcapital",2017,198,0.41483,14.712602739726,1020.66,1181.01555555556,14.2817229832572
"2754","nationalcapital",2017,199,0.41417,14.712602739726,1020.66,1181.01555555556,14.2817229832572
"2755","nationalcapital",2017,200,0.41355,14.712602739726,1020.66,1181.01555555556,14.2817229832572
"2756","nationalcapital",2017,201,0.413,14.712602739726,1020.66,1181.01555555556,14.2817229832572
"2757","nationalcapital",2017,202,0.41256,14.712602739726,1020.66,1181.01555555556,14.2817229832572
"2758","nationalcapital",2017,203,0.41226,14.712602739726,1020.66,1181.01555555556,14.2817229832572
"2759","nationalcapital",2017,204,0.41213,14.712602739726,1020.66,1181.01555555556,14.2817229832572
"2760","nationalcapital",2017,205,0.41233,14.712602739726,1020.66,1181.01555555556,14.2817229832572
"2761","nationalcapital",2017,206,0.41289,14.712602739726,1020.66,1181.01555555556,14.2817229832572
"2762","nationalcapital",2017,207,0.41368,14.712602739726,1020.66,1181.01555555556,14.2817229832572
"2763","nationalcapital",2017,208,0.41456,14.712602739726,1020.66,1181.01555555556,14.2817229832572
"2764","nationalcapital",2017,209,0.41539,14.712602739726,1020.66,1181.01555555556,14.2817229832572
"2765","nationalcapital",2017,210,0.41603,14.712602739726,1020.66,1181.01555555556,14.2817229832572
"2766","nationalcapital",2017,211,0.41634,14.712602739726,1020.66,1181.01555555556,14.2817229832572
"2767","nationalcapital",2017,212,0.41664,14.712602739726,1020.66,1181.01555555556,14.2817229832572
"2768","nationalcapital",2017,213,0.41722,14.712602739726,1020.66,1181.01555555556,14.2817229832572
"2769","nationalcapital",2017,214,0.41789,14.712602739726,1020.66,1181.01555555556,14.2817229832572
"2770","nationalcapital",2017,215,0.41847,14.712602739726,1020.66,1181.01555555556,14.2817229832572
"2771","nationalcapital",2017,216,0.41878,14.712602739726,1020.66,1181.01555555556,14.2817229832572
"2772","nationalcapital",2017,217,0.41863,14.712602739726,1020.66,1181.01555555556,14.2817229832572
"2773","nationalcapital",2017,218,0.41783,14.712602739726,1020.66,1181.01555555556,14.2817229832572
"2774","nationalcapital",2017,219,0.41653,14.712602739726,1020.66,1181.01555555556,14.2817229832572
"2775","nationalcapital",2017,220,0.41504,14.712602739726,1020.66,1181.01555555556,14.2817229832572
"2776","nationalcapital",2017,221,0.41346,14.712602739726,1020.66,1181.01555555556,14.2817229832572
"2777","nationalcapital",2017,222,0.41188,14.712602739726,1020.66,1181.01555555556,14.2817229832572
"2778","nationalcapital",2017,223,0.41042,14.712602739726,1020.66,1181.01555555556,14.2817229832572
"2779","nationalcapital",2017,224,0.40916,14.712602739726,1020.66,1181.01555555556,14.2817229832572
"2780","nationalcapital",2017,225,0.4082,14.712602739726,1020.66,1181.01555555556,14.2817229832572
"2781","nationalcapital",2017,226,0.40761,14.712602739726,1020.66,1181.01555555556,14.2817229832572
"2782","nationalcapital",2017,227,0.40728,14.712602739726,1020.66,1181.01555555556,14.2817229832572
"2783","nationalcapital",2017,228,0.40706,14.712602739726,1020.66,1181.01555555556,14.2817229832572
"2784","nationalcapital",2017,229,0.40679,14.712602739726,1020.66,1181.01555555556,14.2817229832572
"2785","nationalcapital",2017,230,0.40684,14.712602739726,1020.66,1181.01555555556,14.2817229832572
"2786","nationalcapital",2017,231,0.40741,14.712602739726,1020.66,1181.01555555556,14.2817229832572
"2787","nationalcapital",2017,232,0.40803,14.712602739726,1020.66,1181.01555555556,14.2817229832572
"2788","nationalcapital",2017,233,0.40826,14.712602739726,1020.66,1181.01555555556,14.2817229832572
"2789","nationalcapital",2017,234,0.40819,14.712602739726,1020.66,1181.01555555556,14.2817229832572
"2790","nationalcapital",2017,235,0.40821,14.712602739726,1020.66,1181.01555555556,14.2817229832572
"2791","nationalcapital",2017,236,0.40829,14.712602739726,1020.66,1181.01555555556,14.2817229832572
"2792","nationalcapital",2017,237,0.40839,14.712602739726,1020.66,1181.01555555556,14.2817229832572
"2793","nationalcapital",2017,238,0.40848,14.712602739726,1020.66,1181.01555555556,14.2817229832572
"2794","nationalcapital",2017,239,0.40852,14.712602739726,1020.66,1181.01555555556,14.2817229832572
"2795","nationalcapital",2017,240,0.40849,14.712602739726,1020.66,1181.01555555556,14.2817229832572
"2796","nationalcapital",2017,241,0.40852,14.712602739726,1020.66,1181.01555555556,14.2817229832572
"2797","nationalcapital",2017,242,0.40872,14.712602739726,1020.66,1181.01555555556,14.2817229832572
"2798","nationalcapital",2017,243,0.40902,14.712602739726,1020.66,1181.01555555556,14.2817229832572
"2799","nationalcapital",2017,244,0.40931,14.712602739726,1020.66,1181.01555555556,14.2817229832572
"2800","nationalcapital",2017,245,0.4095,14.712602739726,1020.66,1181.01555555556,14.2817229832572
"2801","nationalcapital",2017,246,0.40952,14.712602739726,1020.66,1181.01555555556,14.2817229832572
"2802","nationalcapital",2017,247,0.40927,14.712602739726,1020.66,1181.01555555556,14.2817229832572
"2803","nationalcapital",2017,248,0.4089,14.712602739726,1020.66,1181.01555555556,14.2817229832572
"2804","nationalcapital",2017,249,0.40855,14.712602739726,1020.66,1181.01555555556,14.2817229832572
"2805","nationalcapital",2017,250,0.40813,14.712602739726,1020.66,1181.01555555556,14.2817229832572
"2806","nationalcapital",2017,251,0.40752,14.712602739726,1020.66,1181.01555555556,14.2817229832572
"2807","nationalcapital",2017,252,0.40664,14.712602739726,1020.66,1181.01555555556,14.2817229832572
"2808","nationalcapital",2017,253,0.40537,14.712602739726,1020.66,1181.01555555556,14.2817229832572
"2809","nationalcapital",2017,254,0.40361,14.712602739726,1020.66,1181.01555555556,14.2817229832572
"2810","nationalcapital",2017,255,0.4013,14.712602739726,1020.66,1181.01555555556,14.2817229832572
"2811","nationalcapital",2017,256,0.39859,14.712602739726,1020.66,1181.01555555556,14.2817229832572
"2812","nationalcapital",2017,257,0.39569,14.712602739726,1020.66,1181.01555555556,14.2817229832572
"2813","nationalcapital",2017,258,0.39283,14.712602739726,1020.66,1181.01555555556,14.2817229832572
"2814","nationalcapital",2017,259,0.39022,14.712602739726,1020.66,1181.01555555556,14.2817229832572
"2815","nationalcapital",2017,260,0.38808,14.712602739726,1020.66,1181.01555555556,14.2817229832572
"2816","nationalcapital",2017,261,0.38663,14.712602739726,1020.66,1181.01555555556,14.2817229832572
"2817","nationalcapital",2017,262,0.38594,14.712602739726,1020.66,1181.01555555556,14.2817229832572
"2818","nationalcapital",2017,263,0.38583,14.712602739726,1020.66,1181.01555555556,14.2817229832572
"2819","nationalcapital",2017,264,0.38612,14.712602739726,1020.66,1181.01555555556,14.2817229832572
"2820","nationalcapital",2017,265,0.38662,14.712602739726,1020.66,1181.01555555556,14.2817229832572
"2821","nationalcapital",2017,266,0.38716,14.712602739726,1020.66,1181.01555555556,14.2817229832572
"2822","nationalcapital",2017,267,0.38754,14.712602739726,1020.66,1181.01555555556,14.2817229832572
"2823","nationalcapital",2017,268,0.3876,14.712602739726,1020.66,1181.01555555556,14.2817229832572
"2824","nationalcapital",2017,269,0.38753,14.712602739726,1020.66,1181.01555555556,14.2817229832572
"2825","nationalcapital",2017,270,0.38762,14.712602739726,1020.66,1181.01555555556,14.2817229832572
"2826","nationalcapital",2017,271,0.38778,14.712602739726,1020.66,1181.01555555556,14.2817229832572
"2827","nationalcapital",2017,272,0.38793,14.712602739726,1020.66,1181.01555555556,14.2817229832572
"2828","nationalcapital",2017,273,0.388,14.712602739726,1020.66,1181.01555555556,14.2817229832572
"2829","nationalcapital",2017,274,0.38789,14.712602739726,1020.66,1181.01555555556,14.2817229832572
"2830","nationalcapital",2017,275,0.38754,14.712602739726,1020.66,1181.01555555556,14.2817229832572
"2831","nationalcapital",2017,276,0.38683,14.712602739726,1020.66,1181.01555555556,14.2817229832572
"2832","nationalcapital",2017,277,0.3858,14.712602739726,1020.66,1181.01555555556,14.2817229832572
"2833","nationalcapital",2017,278,0.38457,14.712602739726,1020.66,1181.01555555556,14.2817229832572
"2834","nationalcapital",2017,279,0.38325,14.712602739726,1020.66,1181.01555555556,14.2817229832572
"2835","nationalcapital",2017,280,0.38195,14.712602739726,1020.66,1181.01555555556,14.2817229832572
"2836","nationalcapital",2017,281,0.38079,14.712602739726,1020.66,1181.01555555556,14.2817229832572
"2837","nationalcapital",2017,282,0.37989,14.712602739726,1020.66,1181.01555555556,14.2817229832572
"2838","nationalcapital",2017,283,0.37953,14.712602739726,1020.66,1181.01555555556,14.2817229832572
"2839","nationalcapital",2017,284,0.37966,14.712602739726,1020.66,1181.01555555556,14.2817229832572
"2840","nationalcapital",2017,285,0.37984,14.712602739726,1020.66,1181.01555555556,14.2817229832572
"2841","nationalcapital",2017,286,0.37967,14.712602739726,1020.66,1181.01555555556,14.2817229832572
"2842","nationalcapital",2017,287,0.37941,14.712602739726,1020.66,1181.01555555556,14.2817229832572
"2843","nationalcapital",2017,288,0.37943,14.712602739726,1020.66,1181.01555555556,14.2817229832572
"2844","nationalcapital",2017,289,0.37943,14.712602739726,1020.66,1181.01555555556,14.2817229832572
"2845","nationalcapital",2017,290,0.37913,14.712602739726,1020.66,1181.01555555556,14.2817229832572
"2846","nationalcapital",2017,291,0.37858,14.712602739726,1020.66,1181.01555555556,14.2817229832572
"2847","nationalcapital",2017,292,0.378,14.712602739726,1020.66,1181.01555555556,14.2817229832572
"2848","nationalcapital",2017,293,0.37737,14.712602739726,1020.66,1181.01555555556,14.2817229832572
"2849","nationalcapital",2017,294,0.37665,14.712602739726,1020.66,1181.01555555556,14.2817229832572
"2850","nationalcapital",2017,295,0.37583,14.712602739726,1020.66,1181.01555555556,14.2817229832572
"2851","nationalcapital",2017,296,0.37485,14.712602739726,1020.66,1181.01555555556,14.2817229832572
"2852","nationalcapital",2017,297,0.37371,14.712602739726,1020.66,1181.01555555556,14.2817229832572
"2853","nationalcapital",2017,298,0.37231,14.712602739726,1020.66,1181.01555555556,14.2817229832572
"2854","nationalcapital",2017,299,0.37066,14.712602739726,1020.66,1181.01555555556,14.2817229832572
"2855","nationalcapital",2017,300,0.36885,14.712602739726,1020.66,1181.01555555556,14.2817229832572
"2856","nationalcapital",2017,301,0.36695,14.712602739726,1020.66,1181.01555555556,14.2817229832572
"2857","nationalcapital",2017,302,0.36504,14.712602739726,1020.66,1181.01555555556,14.2817229832572
"2858","nationalcapital",2017,303,0.36322,14.712602739726,1020.66,1181.01555555556,14.2817229832572
"2859","nationalcapital",2017,304,0.36156,14.712602739726,1020.66,1181.01555555556,14.2817229832572
"2860","nationalcapital",2017,305,0.35994,14.712602739726,1020.66,1181.01555555556,14.2817229832572
"2861","nationalcapital",2017,306,0.35822,14.712602739726,1020.66,1181.01555555556,14.2817229832572
"2862","nationalcapital",2017,307,0.35644,14.712602739726,1020.66,1181.01555555556,14.2817229832572
"2863","nationalcapital",2017,308,0.35467,14.712602739726,1020.66,1181.01555555556,14.2817229832572
"2864","nationalcapital",2017,309,0.35297,14.712602739726,1020.66,1181.01555555556,14.2817229832572
"2865","nationalcapital",2017,310,0.35137,14.712602739726,1020.66,1181.01555555556,14.2817229832572
"2866","nationalcapital",2017,311,0.34994,14.712602739726,1020.66,1181.01555555556,14.2817229832572
"2867","nationalcapital",2017,312,0.34874,14.712602739726,1020.66,1181.01555555556,14.2817229832572
"2868","nationalcapital",2017,313,0.34773,14.712602739726,1020.66,1181.01555555556,14.2817229832572
"2869","nationalcapital",2017,314,0.34686,14.712602739726,1020.66,1181.01555555556,14.2817229832572
"2870","nationalcapital",2017,315,0.34606,14.712602739726,1020.66,1181.01555555556,14.2817229832572
"2871","nationalcapital",2017,316,0.34525,14.712602739726,1020.66,1181.01555555556,14.2817229832572
"2872","nationalcapital",2017,317,0.34439,14.712602739726,1020.66,1181.01555555556,14.2817229832572
"2873","nationalcapital",2017,318,0.34339,14.712602739726,1020.66,1181.01555555556,14.2817229832572
"2874","nationalcapital",2017,319,0.3423,14.712602739726,1020.66,1181.01555555556,14.2817229832572
"2875","nationalcapital",2017,320,0.34119,14.712602739726,1020.66,1181.01555555556,14.2817229832572
"2876","nationalcapital",2017,321,0.34006,14.712602739726,1020.66,1181.01555555556,14.2817229832572
"2877","nationalcapital",2017,322,0.3389,14.712602739726,1020.66,1181.01555555556,14.2817229832572
"2878","nationalcapital",2017,323,0.33771,14.712602739726,1020.66,1181.01555555556,14.2817229832572
"2879","nationalcapital",2017,324,0.33648,14.712602739726,1020.66,1181.01555555556,14.2817229832572
"2880","nationalcapital",2017,325,0.33521,14.712602739726,1020.66,1181.01555555556,14.2817229832572
"2881","nationalcapital",2017,326,0.33377,14.712602739726,1020.66,1181.01555555556,14.2817229832572
"2882","nationalcapital",2017,327,0.33211,14.712602739726,1020.66,1181.01555555556,14.2817229832572
"2883","nationalcapital",2017,328,0.33034,14.712602739726,1020.66,1181.01555555556,14.2817229832572
"2884","nationalcapital",2017,329,0.32859,14.712602739726,1020.66,1181.01555555556,14.2817229832572
"2885","nationalcapital",2017,330,0.32697,14.712602739726,1020.66,1181.01555555556,14.2817229832572
"2886","nationalcapital",2017,331,0.32559,14.712602739726,1020.66,1181.01555555556,14.2817229832572
"2887","nationalcapital",2017,332,0.32457,14.712602739726,1020.66,1181.01555555556,14.2817229832572
"2888","nationalcapital",2017,333,0.3239,14.712602739726,1020.66,1181.01555555556,14.2817229832572
"2889","nationalcapital",2017,334,0.32348,14.712602739726,1020.66,1181.01555555556,14.2817229832572
"2890","nationalcapital",2017,335,0.32325,14.712602739726,1020.66,1181.01555555556,14.2817229832572
"2891","nationalcapital",2017,336,0.32316,14.712602739726,1020.66,1181.01555555556,14.2817229832572
"2892","nationalcapital",2017,337,0.32317,14.712602739726,1020.66,1181.01555555556,14.2817229832572
"2893","nationalcapital",2017,338,0.32321,14.712602739726,1020.66,1181.01555555556,14.2817229832572
"2894","nationalcapital",2017,339,0.32325,14.712602739726,1020.66,1181.01555555556,14.2817229832572
"2895","nationalcapital",2017,340,0.32356,14.712602739726,1020.66,1181.01555555556,14.2817229832572
"2896","nationalcapital",2017,341,0.32424,14.712602739726,1020.66,1181.01555555556,14.2817229832572
"2897","nationalcapital",2017,342,0.32495,14.712602739726,1020.66,1181.01555555556,14.2817229832572
"2898","nationalcapital",2017,343,0.32536,14.712602739726,1020.66,1181.01555555556,14.2817229832572
"2899","nationalcapital",2017,344,0.32561,14.712602739726,1020.66,1181.01555555556,14.2817229832572
"2900","nationalcapital",2017,345,0.32595,14.712602739726,1020.66,1181.01555555556,14.2817229832572
"2901","nationalcapital",2017,346,0.32626,14.712602739726,1020.66,1181.01555555556,14.2817229832572
"2902","nationalcapital",2017,347,0.32643,14.712602739726,1020.66,1181.01555555556,14.2817229832572
"2903","nationalcapital",2017,348,0.32641,14.712602739726,1020.66,1181.01555555556,14.2817229832572
"2904","nationalcapital",2017,349,0.32627,14.712602739726,1020.66,1181.01555555556,14.2817229832572
"2905","nationalcapital",2017,350,0.32604,14.712602739726,1020.66,1181.01555555556,14.2817229832572
"2906","nationalcapital",2017,351,0.32577,14.712602739726,1020.66,1181.01555555556,14.2817229832572
"2907","nationalcapital",2017,352,0.32549,14.712602739726,1020.66,1181.01555555556,14.2817229832572
"2908","nationalcapital",2017,353,0.32523,14.712602739726,1020.66,1181.01555555556,14.2817229832572
"2909","nationalcapital",2017,354,0.32505,14.712602739726,1020.66,1181.01555555556,14.2817229832572
"2910","nationalcapital",2017,355,0.32489,14.712602739726,1020.66,1181.01555555556,14.2817229832572
"2911","nationalcapital",2017,356,0.32469,14.712602739726,1020.66,1181.01555555556,14.2817229832572
"2912","nationalcapital",2017,357,0.32449,14.712602739726,1020.66,1181.01555555556,14.2817229832572
"2913","nationalcapital",2017,358,0.32428,14.712602739726,1020.66,1181.01555555556,14.2817229832572
"2914","nationalcapital",2017,359,0.32408,14.712602739726,1020.66,1181.01555555556,14.2817229832572
"2915","nationalcapital",2017,360,0.32392,14.712602739726,1020.66,1181.01555555556,14.2817229832572
"2916","nationalcapital",2017,361,0.32381,14.712602739726,1020.66,1181.01555555556,14.2817229832572
"2917","nationalcapital",2017,362,0.32376,14.712602739726,1020.66,1181.01555555556,14.2817229832572
"2918","nationalcapital",2017,363,0.32376,14.712602739726,1020.66,1181.01555555556,14.2817229832572
"2919","nationalcapital",2017,364,0.3238,14.712602739726,1020.66,1181.01555555556,14.2817229832572
"2920","nationalcapital",2017,365,0.32386,14.712602739726,1020.66,1181.01555555556,14.2817229832572
"2921","nationalcapital",2018,1,0.32392,14.2278630136986,1813.86,1181.01555555556,14.2817229832572
"2922","nationalcapital",2018,2,0.32397,14.2278630136986,1813.86,1181.01555555556,14.2817229832572
"2923","nationalcapital",2018,3,0.32399,14.2278630136986,1813.86,1181.01555555556,14.2817229832572
"2924","nationalcapital",2018,4,0.32398,14.2278630136986,1813.86,1181.01555555556,14.2817229832572
"2925","nationalcapital",2018,5,0.32397,14.2278630136986,1813.86,1181.01555555556,14.2817229832572
"2926","nationalcapital",2018,6,0.32397,14.2278630136986,1813.86,1181.01555555556,14.2817229832572
"2927","nationalcapital",2018,7,0.32396,14.2278630136986,1813.86,1181.01555555556,14.2817229832572
"2928","nationalcapital",2018,8,0.32397,14.2278630136986,1813.86,1181.01555555556,14.2817229832572
"2929","nationalcapital",2018,9,0.324,14.2278630136986,1813.86,1181.01555555556,14.2817229832572
"2930","nationalcapital",2018,10,0.32405,14.2278630136986,1813.86,1181.01555555556,14.2817229832572
"2931","nationalcapital",2018,11,0.32412,14.2278630136986,1813.86,1181.01555555556,14.2817229832572
"2932","nationalcapital",2018,12,0.3242,14.2278630136986,1813.86,1181.01555555556,14.2817229832572
"2933","nationalcapital",2018,13,0.3243,14.2278630136986,1813.86,1181.01555555556,14.2817229832572
"2934","nationalcapital",2018,14,0.3244,14.2278630136986,1813.86,1181.01555555556,14.2817229832572
"2935","nationalcapital",2018,15,0.32451,14.2278630136986,1813.86,1181.01555555556,14.2817229832572
"2936","nationalcapital",2018,16,0.32461,14.2278630136986,1813.86,1181.01555555556,14.2817229832572
"2937","nationalcapital",2018,17,0.32471,14.2278630136986,1813.86,1181.01555555556,14.2817229832572
"2938","nationalcapital",2018,18,0.32482,14.2278630136986,1813.86,1181.01555555556,14.2817229832572
"2939","nationalcapital",2018,19,0.32495,14.2278630136986,1813.86,1181.01555555556,14.2817229832572
"2940","nationalcapital",2018,20,0.32509,14.2278630136986,1813.86,1181.01555555556,14.2817229832572
"2941","nationalcapital",2018,21,0.32523,14.2278630136986,1813.86,1181.01555555556,14.2817229832572
"2942","nationalcapital",2018,22,0.32536,14.2278630136986,1813.86,1181.01555555556,14.2817229832572
"2943","nationalcapital",2018,23,0.32547,14.2278630136986,1813.86,1181.01555555556,14.2817229832572
"2944","nationalcapital",2018,24,0.32555,14.2278630136986,1813.86,1181.01555555556,14.2817229832572
"2945","nationalcapital",2018,25,0.32559,14.2278630136986,1813.86,1181.01555555556,14.2817229832572
"2946","nationalcapital",2018,26,0.32559,14.2278630136986,1813.86,1181.01555555556,14.2817229832572
"2947","nationalcapital",2018,27,0.32558,14.2278630136986,1813.86,1181.01555555556,14.2817229832572
"2948","nationalcapital",2018,28,0.32555,14.2278630136986,1813.86,1181.01555555556,14.2817229832572
"2949","nationalcapital",2018,29,0.32553,14.2278630136986,1813.86,1181.01555555556,14.2817229832572
"2950","nationalcapital",2018,30,0.32552,14.2278630136986,1813.86,1181.01555555556,14.2817229832572
"2951","nationalcapital",2018,31,0.32554,14.2278630136986,1813.86,1181.01555555556,14.2817229832572
"2952","nationalcapital",2018,32,0.32556,14.2278630136986,1813.86,1181.01555555556,14.2817229832572
"2953","nationalcapital",2018,33,0.32556,14.2278630136986,1813.86,1181.01555555556,14.2817229832572
"2954","nationalcapital",2018,34,0.32554,14.2278630136986,1813.86,1181.01555555556,14.2817229832572
"2955","nationalcapital",2018,35,0.32553,14.2278630136986,1813.86,1181.01555555556,14.2817229832572
"2956","nationalcapital",2018,36,0.32553,14.2278630136986,1813.86,1181.01555555556,14.2817229832572
"2957","nationalcapital",2018,37,0.32555,14.2278630136986,1813.86,1181.01555555556,14.2817229832572
"2958","nationalcapital",2018,38,0.32562,14.2278630136986,1813.86,1181.01555555556,14.2817229832572
"2959","nationalcapital",2018,39,0.32572,14.2278630136986,1813.86,1181.01555555556,14.2817229832572
"2960","nationalcapital",2018,40,0.32584,14.2278630136986,1813.86,1181.01555555556,14.2817229832572
"2961","nationalcapital",2018,41,0.32599,14.2278630136986,1813.86,1181.01555555556,14.2817229832572
"2962","nationalcapital",2018,42,0.32618,14.2278630136986,1813.86,1181.01555555556,14.2817229832572
"2963","nationalcapital",2018,43,0.32642,14.2278630136986,1813.86,1181.01555555556,14.2817229832572
"2964","nationalcapital",2018,44,0.32672,14.2278630136986,1813.86,1181.01555555556,14.2817229832572
"2965","nationalcapital",2018,45,0.32709,14.2278630136986,1813.86,1181.01555555556,14.2817229832572
"2966","nationalcapital",2018,46,0.32757,14.2278630136986,1813.86,1181.01555555556,14.2817229832572
"2967","nationalcapital",2018,47,0.32816,14.2278630136986,1813.86,1181.01555555556,14.2817229832572
"2968","nationalcapital",2018,48,0.32881,14.2278630136986,1813.86,1181.01555555556,14.2817229832572
"2969","nationalcapital",2018,49,0.32946,14.2278630136986,1813.86,1181.01555555556,14.2817229832572
"2970","nationalcapital",2018,50,0.33003,14.2278630136986,1813.86,1181.01555555556,14.2817229832572
"2971","nationalcapital",2018,51,0.33048,14.2278630136986,1813.86,1181.01555555556,14.2817229832572
"2972","nationalcapital",2018,52,0.33074,14.2278630136986,1813.86,1181.01555555556,14.2817229832572
"2973","nationalcapital",2018,53,0.331,14.2278630136986,1813.86,1181.01555555556,14.2817229832572
"2974","nationalcapital",2018,54,0.33139,14.2278630136986,1813.86,1181.01555555556,14.2817229832572
"2975","nationalcapital",2018,55,0.33177,14.2278630136986,1813.86,1181.01555555556,14.2817229832572
"2976","nationalcapital",2018,56,0.33196,14.2278630136986,1813.86,1181.01555555556,14.2817229832572
"2977","nationalcapital",2018,57,0.3318,14.2278630136986,1813.86,1181.01555555556,14.2817229832572
"2978","nationalcapital",2018,58,0.33113,14.2278630136986,1813.86,1181.01555555556,14.2817229832572
"2979","nationalcapital",2018,59,0.32979,14.2278630136986,1813.86,1181.01555555556,14.2817229832572
"2980","nationalcapital",2018,60,0.32822,14.2278630136986,1813.86,1181.01555555556,14.2817229832572
"2981","nationalcapital",2018,61,0.32693,14.2278630136986,1813.86,1181.01555555556,14.2817229832572
"2982","nationalcapital",2018,62,0.32589,14.2278630136986,1813.86,1181.01555555556,14.2817229832572
"2983","nationalcapital",2018,63,0.32505,14.2278630136986,1813.86,1181.01555555556,14.2817229832572
"2984","nationalcapital",2018,64,0.3244,14.2278630136986,1813.86,1181.01555555556,14.2817229832572
"2985","nationalcapital",2018,65,0.32387,14.2278630136986,1813.86,1181.01555555556,14.2817229832572
"2986","nationalcapital",2018,66,0.32346,14.2278630136986,1813.86,1181.01555555556,14.2817229832572
"2987","nationalcapital",2018,67,0.3238,14.2278630136986,1813.86,1181.01555555556,14.2817229832572
"2988","nationalcapital",2018,68,0.32531,14.2278630136986,1813.86,1181.01555555556,14.2817229832572
"2989","nationalcapital",2018,69,0.32754,14.2278630136986,1813.86,1181.01555555556,14.2817229832572
"2990","nationalcapital",2018,70,0.33005,14.2278630136986,1813.86,1181.01555555556,14.2817229832572
"2991","nationalcapital",2018,71,0.33241,14.2278630136986,1813.86,1181.01555555556,14.2817229832572
"2992","nationalcapital",2018,72,0.33418,14.2278630136986,1813.86,1181.01555555556,14.2817229832572
"2993","nationalcapital",2018,73,0.33491,14.2278630136986,1813.86,1181.01555555556,14.2817229832572
"2994","nationalcapital",2018,74,0.33471,14.2278630136986,1813.86,1181.01555555556,14.2817229832572
"2995","nationalcapital",2018,75,0.3341,14.2278630136986,1813.86,1181.01555555556,14.2817229832572
"2996","nationalcapital",2018,76,0.33326,14.2278630136986,1813.86,1181.01555555556,14.2817229832572
"2997","nationalcapital",2018,77,0.33235,14.2278630136986,1813.86,1181.01555555556,14.2817229832572
"2998","nationalcapital",2018,78,0.33155,14.2278630136986,1813.86,1181.01555555556,14.2817229832572
"2999","nationalcapital",2018,79,0.33103,14.2278630136986,1813.86,1181.01555555556,14.2817229832572
"3000","nationalcapital",2018,80,0.33096,14.2278630136986,1813.86,1181.01555555556,14.2817229832572
"3001","nationalcapital",2018,81,0.33125,14.2278630136986,1813.86,1181.01555555556,14.2817229832572
"3002","nationalcapital",2018,82,0.33166,14.2278630136986,1813.86,1181.01555555556,14.2817229832572
"3003","nationalcapital",2018,83,0.33217,14.2278630136986,1813.86,1181.01555555556,14.2817229832572
"3004","nationalcapital",2018,84,0.33274,14.2278630136986,1813.86,1181.01555555556,14.2817229832572
"3005","nationalcapital",2018,85,0.33334,14.2278630136986,1813.86,1181.01555555556,14.2817229832572
"3006","nationalcapital",2018,86,0.33393,14.2278630136986,1813.86,1181.01555555556,14.2817229832572
"3007","nationalcapital",2018,87,0.33448,14.2278630136986,1813.86,1181.01555555556,14.2817229832572
"3008","nationalcapital",2018,88,0.33556,14.2278630136986,1813.86,1181.01555555556,14.2817229832572
"3009","nationalcapital",2018,89,0.33718,14.2278630136986,1813.86,1181.01555555556,14.2817229832572
"3010","nationalcapital",2018,90,0.33854,14.2278630136986,1813.86,1181.01555555556,14.2817229832572
"3011","nationalcapital",2018,91,0.33881,14.2278630136986,1813.86,1181.01555555556,14.2817229832572
"3012","nationalcapital",2018,92,0.33836,14.2278630136986,1813.86,1181.01555555556,14.2817229832572
"3013","nationalcapital",2018,93,0.33811,14.2278630136986,1813.86,1181.01555555556,14.2817229832572
"3014","nationalcapital",2018,94,0.33807,14.2278630136986,1813.86,1181.01555555556,14.2817229832572
"3015","nationalcapital",2018,95,0.33823,14.2278630136986,1813.86,1181.01555555556,14.2817229832572
"3016","nationalcapital",2018,96,0.3387,14.2278630136986,1813.86,1181.01555555556,14.2817229832572
"3017","nationalcapital",2018,97,0.33952,14.2278630136986,1813.86,1181.01555555556,14.2817229832572
"3018","nationalcapital",2018,98,0.34062,14.2278630136986,1813.86,1181.01555555556,14.2817229832572
"3019","nationalcapital",2018,99,0.34195,14.2278630136986,1813.86,1181.01555555556,14.2817229832572
"3020","nationalcapital",2018,100,0.34343,14.2278630136986,1813.86,1181.01555555556,14.2817229832572
"3021","nationalcapital",2018,101,0.34501,14.2278630136986,1813.86,1181.01555555556,14.2817229832572
"3022","nationalcapital",2018,102,0.34662,14.2278630136986,1813.86,1181.01555555556,14.2817229832572
"3023","nationalcapital",2018,103,0.34825,14.2278630136986,1813.86,1181.01555555556,14.2817229832572
"3024","nationalcapital",2018,104,0.34994,14.2278630136986,1813.86,1181.01555555556,14.2817229832572
"3025","nationalcapital",2018,105,0.3517,14.2278630136986,1813.86,1181.01555555556,14.2817229832572
"3026","nationalcapital",2018,106,0.35356,14.2278630136986,1813.86,1181.01555555556,14.2817229832572
"3027","nationalcapital",2018,107,0.35555,14.2278630136986,1813.86,1181.01555555556,14.2817229832572
"3028","nationalcapital",2018,108,0.35767,14.2278630136986,1813.86,1181.01555555556,14.2817229832572
"3029","nationalcapital",2018,109,0.35995,14.2278630136986,1813.86,1181.01555555556,14.2817229832572
"3030","nationalcapital",2018,110,0.36231,14.2278630136986,1813.86,1181.01555555556,14.2817229832572
"3031","nationalcapital",2018,111,0.36468,14.2278630136986,1813.86,1181.01555555556,14.2817229832572
"3032","nationalcapital",2018,112,0.36713,14.2278630136986,1813.86,1181.01555555556,14.2817229832572
"3033","nationalcapital",2018,113,0.36972,14.2278630136986,1813.86,1181.01555555556,14.2817229832572
"3034","nationalcapital",2018,114,0.37251,14.2278630136986,1813.86,1181.01555555556,14.2817229832572
"3035","nationalcapital",2018,115,0.37556,14.2278630136986,1813.86,1181.01555555556,14.2817229832572
"3036","nationalcapital",2018,116,0.37894,14.2278630136986,1813.86,1181.01555555556,14.2817229832572
"3037","nationalcapital",2018,117,0.3828,14.2278630136986,1813.86,1181.01555555556,14.2817229832572
"3038","nationalcapital",2018,118,0.38715,14.2278630136986,1813.86,1181.01555555556,14.2817229832572
"3039","nationalcapital",2018,119,0.39182,14.2278630136986,1813.86,1181.01555555556,14.2817229832572
"3040","nationalcapital",2018,120,0.39665,14.2278630136986,1813.86,1181.01555555556,14.2817229832572
"3041","nationalcapital",2018,121,0.40147,14.2278630136986,1813.86,1181.01555555556,14.2817229832572
"3042","nationalcapital",2018,122,0.40613,14.2278630136986,1813.86,1181.01555555556,14.2817229832572
"3043","nationalcapital",2018,123,0.41045,14.2278630136986,1813.86,1181.01555555556,14.2817229832572
"3044","nationalcapital",2018,124,0.41466,14.2278630136986,1813.86,1181.01555555556,14.2817229832572
"3045","nationalcapital",2018,125,0.41896,14.2278630136986,1813.86,1181.01555555556,14.2817229832572
"3046","nationalcapital",2018,126,0.42319,14.2278630136986,1813.86,1181.01555555556,14.2817229832572
"3047","nationalcapital",2018,127,0.42718,14.2278630136986,1813.86,1181.01555555556,14.2817229832572
"3048","nationalcapital",2018,128,0.43077,14.2278630136986,1813.86,1181.01555555556,14.2817229832572
"3049","nationalcapital",2018,129,0.43378,14.2278630136986,1813.86,1181.01555555556,14.2817229832572
"3050","nationalcapital",2018,130,0.43605,14.2278630136986,1813.86,1181.01555555556,14.2817229832572
"3051","nationalcapital",2018,131,0.43742,14.2278630136986,1813.86,1181.01555555556,14.2817229832572
"3052","nationalcapital",2018,132,0.43801,14.2278630136986,1813.86,1181.01555555556,14.2817229832572
"3053","nationalcapital",2018,133,0.43801,14.2278630136986,1813.86,1181.01555555556,14.2817229832572
"3054","nationalcapital",2018,134,0.43765,14.2278630136986,1813.86,1181.01555555556,14.2817229832572
"3055","nationalcapital",2018,135,0.43713,14.2278630136986,1813.86,1181.01555555556,14.2817229832572
"3056","nationalcapital",2018,136,0.43666,14.2278630136986,1813.86,1181.01555555556,14.2817229832572
"3057","nationalcapital",2018,137,0.43646,14.2278630136986,1813.86,1181.01555555556,14.2817229832572
"3058","nationalcapital",2018,138,0.43652,14.2278630136986,1813.86,1181.01555555556,14.2817229832572
"3059","nationalcapital",2018,139,0.43672,14.2278630136986,1813.86,1181.01555555556,14.2817229832572
"3060","nationalcapital",2018,140,0.43711,14.2278630136986,1813.86,1181.01555555556,14.2817229832572
"3061","nationalcapital",2018,141,0.43773,14.2278630136986,1813.86,1181.01555555556,14.2817229832572
"3062","nationalcapital",2018,142,0.43863,14.2278630136986,1813.86,1181.01555555556,14.2817229832572
"3063","nationalcapital",2018,143,0.43986,14.2278630136986,1813.86,1181.01555555556,14.2817229832572
"3064","nationalcapital",2018,144,0.44146,14.2278630136986,1813.86,1181.01555555556,14.2817229832572
"3065","nationalcapital",2018,145,0.44299,14.2278630136986,1813.86,1181.01555555556,14.2817229832572
"3066","nationalcapital",2018,146,0.44406,14.2278630136986,1813.86,1181.01555555556,14.2817229832572
"3067","nationalcapital",2018,147,0.44473,14.2278630136986,1813.86,1181.01555555556,14.2817229832572
"3068","nationalcapital",2018,148,0.4451,14.2278630136986,1813.86,1181.01555555556,14.2817229832572
"3069","nationalcapital",2018,149,0.44491,14.2278630136986,1813.86,1181.01555555556,14.2817229832572
"3070","nationalcapital",2018,150,0.44415,14.2278630136986,1813.86,1181.01555555556,14.2817229832572
"3071","nationalcapital",2018,151,0.44329,14.2278630136986,1813.86,1181.01555555556,14.2817229832572
"3072","nationalcapital",2018,152,0.44281,14.2278630136986,1813.86,1181.01555555556,14.2817229832572
"3073","nationalcapital",2018,153,0.44302,14.2278630136986,1813.86,1181.01555555556,14.2817229832572
"3074","nationalcapital",2018,154,0.4437,14.2278630136986,1813.86,1181.01555555556,14.2817229832572
"3075","nationalcapital",2018,155,0.44453,14.2278630136986,1813.86,1181.01555555556,14.2817229832572
"3076","nationalcapital",2018,156,0.44522,14.2278630136986,1813.86,1181.01555555556,14.2817229832572
"3077","nationalcapital",2018,157,0.44545,14.2278630136986,1813.86,1181.01555555556,14.2817229832572
"3078","nationalcapital",2018,158,0.44491,14.2278630136986,1813.86,1181.01555555556,14.2817229832572
"3079","nationalcapital",2018,159,0.44329,14.2278630136986,1813.86,1181.01555555556,14.2817229832572
"3080","nationalcapital",2018,160,0.44113,14.2278630136986,1813.86,1181.01555555556,14.2817229832572
"3081","nationalcapital",2018,161,0.43909,14.2278630136986,1813.86,1181.01555555556,14.2817229832572
"3082","nationalcapital",2018,162,0.43702,14.2278630136986,1813.86,1181.01555555556,14.2817229832572
"3083","nationalcapital",2018,163,0.4348,14.2278630136986,1813.86,1181.01555555556,14.2817229832572
"3084","nationalcapital",2018,164,0.43229,14.2278630136986,1813.86,1181.01555555556,14.2817229832572
"3085","nationalcapital",2018,165,0.42936,14.2278630136986,1813.86,1181.01555555556,14.2817229832572
"3086","nationalcapital",2018,166,0.42587,14.2278630136986,1813.86,1181.01555555556,14.2817229832572
"3087","nationalcapital",2018,167,0.42239,14.2278630136986,1813.86,1181.01555555556,14.2817229832572
"3088","nationalcapital",2018,168,0.41957,14.2278630136986,1813.86,1181.01555555556,14.2817229832572
"3089","nationalcapital",2018,169,0.41738,14.2278630136986,1813.86,1181.01555555556,14.2817229832572
"3090","nationalcapital",2018,170,0.41578,14.2278630136986,1813.86,1181.01555555556,14.2817229832572
"3091","nationalcapital",2018,171,0.41474,14.2278630136986,1813.86,1181.01555555556,14.2817229832572
"3092","nationalcapital",2018,172,0.41422,14.2278630136986,1813.86,1181.01555555556,14.2817229832572
"3093","nationalcapital",2018,173,0.41419,14.2278630136986,1813.86,1181.01555555556,14.2817229832572
"3094","nationalcapital",2018,174,0.41473,14.2278630136986,1813.86,1181.01555555556,14.2817229832572
"3095","nationalcapital",2018,175,0.41579,14.2278630136986,1813.86,1181.01555555556,14.2817229832572
"3096","nationalcapital",2018,176,0.41717,14.2278630136986,1813.86,1181.01555555556,14.2817229832572
"3097","nationalcapital",2018,177,0.41866,14.2278630136986,1813.86,1181.01555555556,14.2817229832572
"3098","nationalcapital",2018,178,0.42007,14.2278630136986,1813.86,1181.01555555556,14.2817229832572
"3099","nationalcapital",2018,179,0.42119,14.2278630136986,1813.86,1181.01555555556,14.2817229832572
"3100","nationalcapital",2018,180,0.42182,14.2278630136986,1813.86,1181.01555555556,14.2817229832572
"3101","nationalcapital",2018,181,0.42208,14.2278630136986,1813.86,1181.01555555556,14.2817229832572
"3102","nationalcapital",2018,182,0.42224,14.2278630136986,1813.86,1181.01555555556,14.2817229832572
"3103","nationalcapital",2018,183,0.4223,14.2278630136986,1813.86,1181.01555555556,14.2817229832572
"3104","nationalcapital",2018,184,0.42228,14.2278630136986,1813.86,1181.01555555556,14.2817229832572
"3105","nationalcapital",2018,185,0.42218,14.2278630136986,1813.86,1181.01555555556,14.2817229832572
"3106","nationalcapital",2018,186,0.42202,14.2278630136986,1813.86,1181.01555555556,14.2817229832572
"3107","nationalcapital",2018,187,0.42179,14.2278630136986,1813.86,1181.01555555556,14.2817229832572
"3108","nationalcapital",2018,188,0.42143,14.2278630136986,1813.86,1181.01555555556,14.2817229832572
"3109","nationalcapital",2018,189,0.42089,14.2278630136986,1813.86,1181.01555555556,14.2817229832572
"3110","nationalcapital",2018,190,0.42023,14.2278630136986,1813.86,1181.01555555556,14.2817229832572
"3111","nationalcapital",2018,191,0.41952,14.2278630136986,1813.86,1181.01555555556,14.2817229832572
"3112","nationalcapital",2018,192,0.41882,14.2278630136986,1813.86,1181.01555555556,14.2817229832572
"3113","nationalcapital",2018,193,0.4182,14.2278630136986,1813.86,1181.01555555556,14.2817229832572
"3114","nationalcapital",2018,194,0.41772,14.2278630136986,1813.86,1181.01555555556,14.2817229832572
"3115","nationalcapital",2018,195,0.41731,14.2278630136986,1813.86,1181.01555555556,14.2817229832572
"3116","nationalcapital",2018,196,0.41687,14.2278630136986,1813.86,1181.01555555556,14.2817229832572
"3117","nationalcapital",2018,197,0.41642,14.2278630136986,1813.86,1181.01555555556,14.2817229832572
"3118","nationalcapital",2018,198,0.41598,14.2278630136986,1813.86,1181.01555555556,14.2817229832572
"3119","nationalcapital",2018,199,0.41557,14.2278630136986,1813.86,1181.01555555556,14.2817229832572
"3120","nationalcapital",2018,200,0.41521,14.2278630136986,1813.86,1181.01555555556,14.2817229832572
"3121","nationalcapital",2018,201,0.41492,14.2278630136986,1813.86,1181.01555555556,14.2817229832572
"3122","nationalcapital",2018,202,0.41475,14.2278630136986,1813.86,1181.01555555556,14.2817229832572
"3123","nationalcapital",2018,203,0.4147,14.2278630136986,1813.86,1181.01555555556,14.2817229832572
"3124","nationalcapital",2018,204,0.41468,14.2278630136986,1813.86,1181.01555555556,14.2817229832572
"3125","nationalcapital",2018,205,0.41463,14.2278630136986,1813.86,1181.01555555556,14.2817229832572
"3126","nationalcapital",2018,206,0.41459,14.2278630136986,1813.86,1181.01555555556,14.2817229832572
"3127","nationalcapital",2018,207,0.41463,14.2278630136986,1813.86,1181.01555555556,14.2817229832572
"3128","nationalcapital",2018,208,0.41468,14.2278630136986,1813.86,1181.01555555556,14.2817229832572
"3129","nationalcapital",2018,209,0.41468,14.2278630136986,1813.86,1181.01555555556,14.2817229832572
"3130","nationalcapital",2018,210,0.4147,14.2278630136986,1813.86,1181.01555555556,14.2817229832572
"3131","nationalcapital",2018,211,0.41486,14.2278630136986,1813.86,1181.01555555556,14.2817229832572
"3132","nationalcapital",2018,212,0.41508,14.2278630136986,1813.86,1181.01555555556,14.2817229832572
"3133","nationalcapital",2018,213,0.41531,14.2278630136986,1813.86,1181.01555555556,14.2817229832572
"3134","nationalcapital",2018,214,0.41549,14.2278630136986,1813.86,1181.01555555556,14.2817229832572
"3135","nationalcapital",2018,215,0.41555,14.2278630136986,1813.86,1181.01555555556,14.2817229832572
"3136","nationalcapital",2018,216,0.41544,14.2278630136986,1813.86,1181.01555555556,14.2817229832572
"3137","nationalcapital",2018,217,0.41509,14.2278630136986,1813.86,1181.01555555556,14.2817229832572
"3138","nationalcapital",2018,218,0.41451,14.2278630136986,1813.86,1181.01555555556,14.2817229832572
"3139","nationalcapital",2018,219,0.41378,14.2278630136986,1813.86,1181.01555555556,14.2817229832572
"3140","nationalcapital",2018,220,0.41297,14.2278630136986,1813.86,1181.01555555556,14.2817229832572
"3141","nationalcapital",2018,221,0.41216,14.2278630136986,1813.86,1181.01555555556,14.2817229832572
"3142","nationalcapital",2018,222,0.41141,14.2278630136986,1813.86,1181.01555555556,14.2817229832572
"3143","nationalcapital",2018,223,0.41082,14.2278630136986,1813.86,1181.01555555556,14.2817229832572
"3144","nationalcapital",2018,224,0.41028,14.2278630136986,1813.86,1181.01555555556,14.2817229832572
"3145","nationalcapital",2018,225,0.4097,14.2278630136986,1813.86,1181.01555555556,14.2817229832572
"3146","nationalcapital",2018,226,0.40911,14.2278630136986,1813.86,1181.01555555556,14.2817229832572
"3147","nationalcapital",2018,227,0.40854,14.2278630136986,1813.86,1181.01555555556,14.2817229832572
"3148","nationalcapital",2018,228,0.40803,14.2278630136986,1813.86,1181.01555555556,14.2817229832572
"3149","nationalcapital",2018,229,0.40761,14.2278630136986,1813.86,1181.01555555556,14.2817229832572
"3150","nationalcapital",2018,230,0.40733,14.2278630136986,1813.86,1181.01555555556,14.2817229832572
"3151","nationalcapital",2018,231,0.40732,14.2278630136986,1813.86,1181.01555555556,14.2817229832572
"3152","nationalcapital",2018,232,0.40761,14.2278630136986,1813.86,1181.01555555556,14.2817229832572
"3153","nationalcapital",2018,233,0.40806,14.2278630136986,1813.86,1181.01555555556,14.2817229832572
"3154","nationalcapital",2018,234,0.40854,14.2278630136986,1813.86,1181.01555555556,14.2817229832572
"3155","nationalcapital",2018,235,0.40889,14.2278630136986,1813.86,1181.01555555556,14.2817229832572
"3156","nationalcapital",2018,236,0.40897,14.2278630136986,1813.86,1181.01555555556,14.2817229832572
"3157","nationalcapital",2018,237,0.40865,14.2278630136986,1813.86,1181.01555555556,14.2817229832572
"3158","nationalcapital",2018,238,0.40793,14.2278630136986,1813.86,1181.01555555556,14.2817229832572
"3159","nationalcapital",2018,239,0.40692,14.2278630136986,1813.86,1181.01555555556,14.2817229832572
"3160","nationalcapital",2018,240,0.40571,14.2278630136986,1813.86,1181.01555555556,14.2817229832572
"3161","nationalcapital",2018,241,0.40435,14.2278630136986,1813.86,1181.01555555556,14.2817229832572
"3162","nationalcapital",2018,242,0.4029,14.2278630136986,1813.86,1181.01555555556,14.2817229832572
"3163","nationalcapital",2018,243,0.40142,14.2278630136986,1813.86,1181.01555555556,14.2817229832572
"3164","nationalcapital",2018,244,0.39999,14.2278630136986,1813.86,1181.01555555556,14.2817229832572
"3165","nationalcapital",2018,245,0.39822,14.2278630136986,1813.86,1181.01555555556,14.2817229832572
"3166","nationalcapital",2018,246,0.39585,14.2278630136986,1813.86,1181.01555555556,14.2817229832572
"3167","nationalcapital",2018,247,0.39315,14.2278630136986,1813.86,1181.01555555556,14.2817229832572
"3168","nationalcapital",2018,248,0.3904,14.2278630136986,1813.86,1181.01555555556,14.2817229832572
"3169","nationalcapital",2018,249,0.38785,14.2278630136986,1813.86,1181.01555555556,14.2817229832572
"3170","nationalcapital",2018,250,0.38578,14.2278630136986,1813.86,1181.01555555556,14.2817229832572
"3171","nationalcapital",2018,251,0.38446,14.2278630136986,1813.86,1181.01555555556,14.2817229832572
"3172","nationalcapital",2018,252,0.38379,14.2278630136986,1813.86,1181.01555555556,14.2817229832572
"3173","nationalcapital",2018,253,0.38345,14.2278630136986,1813.86,1181.01555555556,14.2817229832572
"3174","nationalcapital",2018,254,0.38339,14.2278630136986,1813.86,1181.01555555556,14.2817229832572
"3175","nationalcapital",2018,255,0.38354,14.2278630136986,1813.86,1181.01555555556,14.2817229832572
"3176","nationalcapital",2018,256,0.38383,14.2278630136986,1813.86,1181.01555555556,14.2817229832572
"3177","nationalcapital",2018,257,0.3842,14.2278630136986,1813.86,1181.01555555556,14.2817229832572
"3178","nationalcapital",2018,258,0.38459,14.2278630136986,1813.86,1181.01555555556,14.2817229832572
"3179","nationalcapital",2018,259,0.38505,14.2278630136986,1813.86,1181.01555555556,14.2817229832572
"3180","nationalcapital",2018,260,0.38563,14.2278630136986,1813.86,1181.01555555556,14.2817229832572
"3181","nationalcapital",2018,261,0.38629,14.2278630136986,1813.86,1181.01555555556,14.2817229832572
"3182","nationalcapital",2018,262,0.38694,14.2278630136986,1813.86,1181.01555555556,14.2817229832572
"3183","nationalcapital",2018,263,0.38754,14.2278630136986,1813.86,1181.01555555556,14.2817229832572
"3184","nationalcapital",2018,264,0.38802,14.2278630136986,1813.86,1181.01555555556,14.2817229832572
"3185","nationalcapital",2018,265,0.38831,14.2278630136986,1813.86,1181.01555555556,14.2817229832572
"3186","nationalcapital",2018,266,0.38845,14.2278630136986,1813.86,1181.01555555556,14.2817229832572
"3187","nationalcapital",2018,267,0.38852,14.2278630136986,1813.86,1181.01555555556,14.2817229832572
"3188","nationalcapital",2018,268,0.38853,14.2278630136986,1813.86,1181.01555555556,14.2817229832572
"3189","nationalcapital",2018,269,0.38847,14.2278630136986,1813.86,1181.01555555556,14.2817229832572
"3190","nationalcapital",2018,270,0.38833,14.2278630136986,1813.86,1181.01555555556,14.2817229832572
"3191","nationalcapital",2018,271,0.38812,14.2278630136986,1813.86,1181.01555555556,14.2817229832572
"3192","nationalcapital",2018,272,0.38784,14.2278630136986,1813.86,1181.01555555556,14.2817229832572
"3193","nationalcapital",2018,273,0.3874,14.2278630136986,1813.86,1181.01555555556,14.2817229832572
"3194","nationalcapital",2018,274,0.38679,14.2278630136986,1813.86,1181.01555555556,14.2817229832572
"3195","nationalcapital",2018,275,0.38605,14.2278630136986,1813.86,1181.01555555556,14.2817229832572
"3196","nationalcapital",2018,276,0.38523,14.2278630136986,1813.86,1181.01555555556,14.2817229832572
"3197","nationalcapital",2018,277,0.38438,14.2278630136986,1813.86,1181.01555555556,14.2817229832572
"3198","nationalcapital",2018,278,0.38355,14.2278630136986,1813.86,1181.01555555556,14.2817229832572
"3199","nationalcapital",2018,279,0.38279,14.2278630136986,1813.86,1181.01555555556,14.2817229832572
"3200","nationalcapital",2018,280,0.38212,14.2278630136986,1813.86,1181.01555555556,14.2817229832572
"3201","nationalcapital",2018,281,0.38147,14.2278630136986,1813.86,1181.01555555556,14.2817229832572
"3202","nationalcapital",2018,282,0.38083,14.2278630136986,1813.86,1181.01555555556,14.2817229832572
"3203","nationalcapital",2018,283,0.38018,14.2278630136986,1813.86,1181.01555555556,14.2817229832572
"3204","nationalcapital",2018,284,0.37952,14.2278630136986,1813.86,1181.01555555556,14.2817229832572
"3205","nationalcapital",2018,285,0.37882,14.2278630136986,1813.86,1181.01555555556,14.2817229832572
"3206","nationalcapital",2018,286,0.37806,14.2278630136986,1813.86,1181.01555555556,14.2817229832572
"3207","nationalcapital",2018,287,0.37728,14.2278630136986,1813.86,1181.01555555556,14.2817229832572
"3208","nationalcapital",2018,288,0.3765,14.2278630136986,1813.86,1181.01555555556,14.2817229832572
"3209","nationalcapital",2018,289,0.3757,14.2278630136986,1813.86,1181.01555555556,14.2817229832572
"3210","nationalcapital",2018,290,0.37487,14.2278630136986,1813.86,1181.01555555556,14.2817229832572
"3211","nationalcapital",2018,291,0.37399,14.2278630136986,1813.86,1181.01555555556,14.2817229832572
"3212","nationalcapital",2018,292,0.37304,14.2278630136986,1813.86,1181.01555555556,14.2817229832572
"3213","nationalcapital",2018,293,0.372,14.2278630136986,1813.86,1181.01555555556,14.2817229832572
"3214","nationalcapital",2018,294,0.37085,14.2278630136986,1813.86,1181.01555555556,14.2817229832572
"3215","nationalcapital",2018,295,0.36957,14.2278630136986,1813.86,1181.01555555556,14.2817229832572
"3216","nationalcapital",2018,296,0.36821,14.2278630136986,1813.86,1181.01555555556,14.2817229832572
"3217","nationalcapital",2018,297,0.3668,14.2278630136986,1813.86,1181.01555555556,14.2817229832572
"3218","nationalcapital",2018,298,0.36537,14.2278630136986,1813.86,1181.01555555556,14.2817229832572
"3219","nationalcapital",2018,299,0.36395,14.2278630136986,1813.86,1181.01555555556,14.2817229832572
"3220","nationalcapital",2018,300,0.36258,14.2278630136986,1813.86,1181.01555555556,14.2817229832572
"3221","nationalcapital",2018,301,0.36118,14.2278630136986,1813.86,1181.01555555556,14.2817229832572
"3222","nationalcapital",2018,302,0.35969,14.2278630136986,1813.86,1181.01555555556,14.2817229832572
"3223","nationalcapital",2018,303,0.35815,14.2278630136986,1813.86,1181.01555555556,14.2817229832572
"3224","nationalcapital",2018,304,0.35662,14.2278630136986,1813.86,1181.01555555556,14.2817229832572
"3225","nationalcapital",2018,305,0.35512,14.2278630136986,1813.86,1181.01555555556,14.2817229832572
"3226","nationalcapital",2018,306,0.35372,14.2278630136986,1813.86,1181.01555555556,14.2817229832572
"3227","nationalcapital",2018,307,0.35244,14.2278630136986,1813.86,1181.01555555556,14.2817229832572
"3228","nationalcapital",2018,308,0.35125,14.2278630136986,1813.86,1181.01555555556,14.2817229832572
"3229","nationalcapital",2018,309,0.35008,14.2278630136986,1813.86,1181.01555555556,14.2817229832572
"3230","nationalcapital",2018,310,0.34896,14.2278630136986,1813.86,1181.01555555556,14.2817229832572
"3231","nationalcapital",2018,311,0.34788,14.2278630136986,1813.86,1181.01555555556,14.2817229832572
"3232","nationalcapital",2018,312,0.34687,14.2278630136986,1813.86,1181.01555555556,14.2817229832572
"3233","nationalcapital",2018,313,0.34594,14.2278630136986,1813.86,1181.01555555556,14.2817229832572
"3234","nationalcapital",2018,314,0.3451,14.2278630136986,1813.86,1181.01555555556,14.2817229832572
"3235","nationalcapital",2018,315,0.34448,14.2278630136986,1813.86,1181.01555555556,14.2817229832572
"3236","nationalcapital",2018,316,0.34408,14.2278630136986,1813.86,1181.01555555556,14.2817229832572
"3237","nationalcapital",2018,317,0.34372,14.2278630136986,1813.86,1181.01555555556,14.2817229832572
"3238","nationalcapital",2018,318,0.34323,14.2278630136986,1813.86,1181.01555555556,14.2817229832572
"3239","nationalcapital",2018,319,0.34273,14.2278630136986,1813.86,1181.01555555556,14.2817229832572
"3240","nationalcapital",2018,320,0.34237,14.2278630136986,1813.86,1181.01555555556,14.2817229832572
"3241","nationalcapital",2018,321,0.34201,14.2278630136986,1813.86,1181.01555555556,14.2817229832572
"3242","nationalcapital",2018,322,0.34153,14.2278630136986,1813.86,1181.01555555556,14.2817229832572
"3243","nationalcapital",2018,323,0.34098,14.2278630136986,1813.86,1181.01555555556,14.2817229832572
"3244","nationalcapital",2018,324,0.34048,14.2278630136986,1813.86,1181.01555555556,14.2817229832572
"3245","nationalcapital",2018,325,0.33999,14.2278630136986,1813.86,1181.01555555556,14.2817229832572
"3246","nationalcapital",2018,326,0.33949,14.2278630136986,1813.86,1181.01555555556,14.2817229832572
"3247","nationalcapital",2018,327,0.33894,14.2278630136986,1813.86,1181.01555555556,14.2817229832572
"3248","nationalcapital",2018,328,0.33831,14.2278630136986,1813.86,1181.01555555556,14.2817229832572
"3249","nationalcapital",2018,329,0.33756,14.2278630136986,1813.86,1181.01555555556,14.2817229832572
"3250","nationalcapital",2018,330,0.33666,14.2278630136986,1813.86,1181.01555555556,14.2817229832572
"3251","nationalcapital",2018,331,0.3356,14.2278630136986,1813.86,1181.01555555556,14.2817229832572
"3252","nationalcapital",2018,332,0.33444,14.2278630136986,1813.86,1181.01555555556,14.2817229832572
"3253","nationalcapital",2018,333,0.33323,14.2278630136986,1813.86,1181.01555555556,14.2817229832572
"3254","nationalcapital",2018,334,0.33202,14.2278630136986,1813.86,1181.01555555556,14.2817229832572
"3255","nationalcapital",2018,335,0.33088,14.2278630136986,1813.86,1181.01555555556,14.2817229832572
"3256","nationalcapital",2018,336,0.32986,14.2278630136986,1813.86,1181.01555555556,14.2817229832572
"3257","nationalcapital",2018,337,0.32884,14.2278630136986,1813.86,1181.01555555556,14.2817229832572
"3258","nationalcapital",2018,338,0.32774,14.2278630136986,1813.86,1181.01555555556,14.2817229832572
"3259","nationalcapital",2018,339,0.32661,14.2278630136986,1813.86,1181.01555555556,14.2817229832572
"3260","nationalcapital",2018,340,0.32552,14.2278630136986,1813.86,1181.01555555556,14.2817229832572
"3261","nationalcapital",2018,341,0.32455,14.2278630136986,1813.86,1181.01555555556,14.2817229832572
"3262","nationalcapital",2018,342,0.32375,14.2278630136986,1813.86,1181.01555555556,14.2817229832572
"3263","nationalcapital",2018,343,0.3232,14.2278630136986,1813.86,1181.01555555556,14.2817229832572
"3264","nationalcapital",2018,344,0.32293,14.2278630136986,1813.86,1181.01555555556,14.2817229832572
"3265","nationalcapital",2018,345,0.3229,14.2278630136986,1813.86,1181.01555555556,14.2817229832572
"3266","nationalcapital",2018,346,0.32305,14.2278630136986,1813.86,1181.01555555556,14.2817229832572
"3267","nationalcapital",2018,347,0.32331,14.2278630136986,1813.86,1181.01555555556,14.2817229832572
"3268","nationalcapital",2018,348,0.32362,14.2278630136986,1813.86,1181.01555555556,14.2817229832572
"3269","nationalcapital",2018,349,0.32392,14.2278630136986,1813.86,1181.01555555556,14.2817229832572
"3270","nationalcapital",2018,350,0.32414,14.2278630136986,1813.86,1181.01555555556,14.2817229832572
"3271","nationalcapital",2018,351,0.3244,14.2278630136986,1813.86,1181.01555555556,14.2817229832572
"3272","nationalcapital",2018,352,0.32479,14.2278630136986,1813.86,1181.01555555556,14.2817229832572
"3273","nationalcapital",2018,353,0.32526,14.2278630136986,1813.86,1181.01555555556,14.2817229832572
"3274","nationalcapital",2018,354,0.32576,14.2278630136986,1813.86,1181.01555555556,14.2817229832572
"3275","nationalcapital",2018,355,0.32624,14.2278630136986,1813.86,1181.01555555556,14.2817229832572
"3276","nationalcapital",2018,356,0.32663,14.2278630136986,1813.86,1181.01555555556,14.2817229832572
"3277","nationalcapital",2018,357,0.32689,14.2278630136986,1813.86,1181.01555555556,14.2817229832572
"3278","nationalcapital",2018,358,0.32703,14.2278630136986,1813.86,1181.01555555556,14.2817229832572
"3279","nationalcapital",2018,359,0.32711,14.2278630136986,1813.86,1181.01555555556,14.2817229832572
"3280","nationalcapital",2018,360,0.32713,14.2278630136986,1813.86,1181.01555555556,14.2817229832572
"3281","nationalcapital",2018,361,0.32712,14.2278630136986,1813.86,1181.01555555556,14.2817229832572
"3282","nationalcapital",2018,362,0.32709,14.2278630136986,1813.86,1181.01555555556,14.2817229832572
"3283","nationalcapital",2018,363,0.32706,14.2278630136986,1813.86,1181.01555555556,14.2817229832572
"3284","nationalcapital",2018,364,0.32703,14.2278630136986,1813.86,1181.01555555556,14.2817229832572
"3285","nationalcapital",2018,365,0.32701,14.2278630136986,1813.86,1181.01555555556,14.2817229832572
