"","site","year","doy","smooth_gcc_90","annual_temp","annual_precip","map","mat"
"1","NEON.D05.STEI.DP1.00033",2018,1,0.3447,4.87265753424658,873.74,878.883333333333,5.2138698630137
"2","NEON.D05.STEI.DP1.00033",2018,2,0.34482,4.87265753424658,873.74,878.883333333333,5.2138698630137
"3","NEON.D05.STEI.DP1.00033",2018,3,0.34495,4.87265753424658,873.74,878.883333333333,5.2138698630137
"4","NEON.D05.STEI.DP1.00033",2018,4,0.34513,4.87265753424658,873.74,878.883333333333,5.2138698630137
"5","NEON.D05.STEI.DP1.00033",2018,5,0.34536,4.87265753424658,873.74,878.883333333333,5.2138698630137
"6","NEON.D05.STEI.DP1.00033",2018,6,0.34556,4.87265753424658,873.74,878.883333333333,5.2138698630137
"7","NEON.D05.STEI.DP1.00033",2018,7,0.34571,4.87265753424658,873.74,878.883333333333,5.2138698630137
"8","NEON.D05.STEI.DP1.00033",2018,8,0.34588,4.87265753424658,873.74,878.883333333333,5.2138698630137
"9","NEON.D05.STEI.DP1.00033",2018,9,0.34604,4.87265753424658,873.74,878.883333333333,5.2138698630137
"10","NEON.D05.STEI.DP1.00033",2018,10,0.34619,4.87265753424658,873.74,878.883333333333,5.2138698630137
"11","NEON.D05.STEI.DP1.00033",2018,11,0.34631,4.87265753424658,873.74,878.883333333333,5.2138698630137
"12","NEON.D05.STEI.DP1.00033",2018,12,0.3464,4.87265753424658,873.74,878.883333333333,5.2138698630137
"13","NEON.D05.STEI.DP1.00033",2018,13,0.34647,4.87265753424658,873.74,878.883333333333,5.2138698630137
"14","NEON.D05.STEI.DP1.00033",2018,14,0.34654,4.87265753424658,873.74,878.883333333333,5.2138698630137
"15","NEON.D05.STEI.DP1.00033",2018,15,0.34663,4.87265753424658,873.74,878.883333333333,5.2138698630137
"16","NEON.D05.STEI.DP1.00033",2018,16,0.34672,4.87265753424658,873.74,878.883333333333,5.2138698630137
"17","NEON.D05.STEI.DP1.00033",2018,17,0.34678,4.87265753424658,873.74,878.883333333333,5.2138698630137
"18","NEON.D05.STEI.DP1.00033",2018,18,0.34683,4.87265753424658,873.74,878.883333333333,5.2138698630137
"19","NEON.D05.STEI.DP1.00033",2018,19,0.34688,4.87265753424658,873.74,878.883333333333,5.2138698630137
"20","NEON.D05.STEI.DP1.00033",2018,20,0.3469,4.87265753424658,873.74,878.883333333333,5.2138698630137
"21","NEON.D05.STEI.DP1.00033",2018,21,0.34687,4.87265753424658,873.74,878.883333333333,5.2138698630137
"22","NEON.D05.STEI.DP1.00033",2018,22,0.34684,4.87265753424658,873.74,878.883333333333,5.2138698630137
"23","NEON.D05.STEI.DP1.00033",2018,23,0.34679,4.87265753424658,873.74,878.883333333333,5.2138698630137
"24","NEON.D05.STEI.DP1.00033",2018,24,0.34669,4.87265753424658,873.74,878.883333333333,5.2138698630137
"25","NEON.D05.STEI.DP1.00033",2018,25,0.34655,4.87265753424658,873.74,878.883333333333,5.2138698630137
"26","NEON.D05.STEI.DP1.00033",2018,26,0.34643,4.87265753424658,873.74,878.883333333333,5.2138698630137
"27","NEON.D05.STEI.DP1.00033",2018,27,0.34628,4.87265753424658,873.74,878.883333333333,5.2138698630137
"28","NEON.D05.STEI.DP1.00033",2018,28,0.3461,4.87265753424658,873.74,878.883333333333,5.2138698630137
"29","NEON.D05.STEI.DP1.00033",2018,29,0.34595,4.87265753424658,873.74,878.883333333333,5.2138698630137
"30","NEON.D05.STEI.DP1.00033",2018,30,0.34584,4.87265753424658,873.74,878.883333333333,5.2138698630137
"31","NEON.D05.STEI.DP1.00033",2018,31,0.34572,4.87265753424658,873.74,878.883333333333,5.2138698630137
"32","NEON.D05.STEI.DP1.00033",2018,32,0.34562,4.87265753424658,873.74,878.883333333333,5.2138698630137
"33","NEON.D05.STEI.DP1.00033",2018,33,0.34553,4.87265753424658,873.74,878.883333333333,5.2138698630137
"34","NEON.D05.STEI.DP1.00033",2018,34,0.34547,4.87265753424658,873.74,878.883333333333,5.2138698630137
"35","NEON.D05.STEI.DP1.00033",2018,35,0.34547,4.87265753424658,873.74,878.883333333333,5.2138698630137
"36","NEON.D05.STEI.DP1.00033",2018,36,0.3455,4.87265753424658,873.74,878.883333333333,5.2138698630137
"37","NEON.D05.STEI.DP1.00033",2018,37,0.34551,4.87265753424658,873.74,878.883333333333,5.2138698630137
"38","NEON.D05.STEI.DP1.00033",2018,38,0.34549,4.87265753424658,873.74,878.883333333333,5.2138698630137
"39","NEON.D05.STEI.DP1.00033",2018,39,0.34547,4.87265753424658,873.74,878.883333333333,5.2138698630137
"40","NEON.D05.STEI.DP1.00033",2018,40,0.34545,4.87265753424658,873.74,878.883333333333,5.2138698630137
"41","NEON.D05.STEI.DP1.00033",2018,41,0.34545,4.87265753424658,873.74,878.883333333333,5.2138698630137
"42","NEON.D05.STEI.DP1.00033",2018,42,0.34544,4.87265753424658,873.74,878.883333333333,5.2138698630137
"43","NEON.D05.STEI.DP1.00033",2018,43,0.34545,4.87265753424658,873.74,878.883333333333,5.2138698630137
"44","NEON.D05.STEI.DP1.00033",2018,44,0.34548,4.87265753424658,873.74,878.883333333333,5.2138698630137
"45","NEON.D05.STEI.DP1.00033",2018,45,0.34553,4.87265753424658,873.74,878.883333333333,5.2138698630137
"46","NEON.D05.STEI.DP1.00033",2018,46,0.34559,4.87265753424658,873.74,878.883333333333,5.2138698630137
"47","NEON.D05.STEI.DP1.00033",2018,47,0.34566,4.87265753424658,873.74,878.883333333333,5.2138698630137
"48","NEON.D05.STEI.DP1.00033",2018,48,0.34576,4.87265753424658,873.74,878.883333333333,5.2138698630137
"49","NEON.D05.STEI.DP1.00033",2018,49,0.34584,4.87265753424658,873.74,878.883333333333,5.2138698630137
"50","NEON.D05.STEI.DP1.00033",2018,50,0.34594,4.87265753424658,873.74,878.883333333333,5.2138698630137
"51","NEON.D05.STEI.DP1.00033",2018,51,0.34606,4.87265753424658,873.74,878.883333333333,5.2138698630137
"52","NEON.D05.STEI.DP1.00033",2018,52,0.34615,4.87265753424658,873.74,878.883333333333,5.2138698630137
"53","NEON.D05.STEI.DP1.00033",2018,53,0.34624,4.87265753424658,873.74,878.883333333333,5.2138698630137
"54","NEON.D05.STEI.DP1.00033",2018,54,0.34635,4.87265753424658,873.74,878.883333333333,5.2138698630137
"55","NEON.D05.STEI.DP1.00033",2018,55,0.34641,4.87265753424658,873.74,878.883333333333,5.2138698630137
"56","NEON.D05.STEI.DP1.00033",2018,56,0.34642,4.87265753424658,873.74,878.883333333333,5.2138698630137
"57","NEON.D05.STEI.DP1.00033",2018,57,0.3464,4.87265753424658,873.74,878.883333333333,5.2138698630137
"58","NEON.D05.STEI.DP1.00033",2018,58,0.34636,4.87265753424658,873.74,878.883333333333,5.2138698630137
"59","NEON.D05.STEI.DP1.00033",2018,59,0.34625,4.87265753424658,873.74,878.883333333333,5.2138698630137
"60","NEON.D05.STEI.DP1.00033",2018,60,0.34607,4.87265753424658,873.74,878.883333333333,5.2138698630137
"61","NEON.D05.STEI.DP1.00033",2018,61,0.34592,4.87265753424658,873.74,878.883333333333,5.2138698630137
"62","NEON.D05.STEI.DP1.00033",2018,62,0.34579,4.87265753424658,873.74,878.883333333333,5.2138698630137
"63","NEON.D05.STEI.DP1.00033",2018,63,0.34561,4.87265753424658,873.74,878.883333333333,5.2138698630137
"64","NEON.D05.STEI.DP1.00033",2018,64,0.34548,4.87265753424658,873.74,878.883333333333,5.2138698630137
"65","NEON.D05.STEI.DP1.00033",2018,65,0.34537,4.87265753424658,873.74,878.883333333333,5.2138698630137
"66","NEON.D05.STEI.DP1.00033",2018,66,0.34525,4.87265753424658,873.74,878.883333333333,5.2138698630137
"67","NEON.D05.STEI.DP1.00033",2018,67,0.34517,4.87265753424658,873.74,878.883333333333,5.2138698630137
"68","NEON.D05.STEI.DP1.00033",2018,68,0.34515,4.87265753424658,873.74,878.883333333333,5.2138698630137
"69","NEON.D05.STEI.DP1.00033",2018,69,0.34516,4.87265753424658,873.74,878.883333333333,5.2138698630137
"70","NEON.D05.STEI.DP1.00033",2018,70,0.34517,4.87265753424658,873.74,878.883333333333,5.2138698630137
"71","NEON.D05.STEI.DP1.00033",2018,71,0.34521,4.87265753424658,873.74,878.883333333333,5.2138698630137
"72","NEON.D05.STEI.DP1.00033",2018,72,0.3453,4.87265753424658,873.74,878.883333333333,5.2138698630137
"73","NEON.D05.STEI.DP1.00033",2018,73,0.34536,4.87265753424658,873.74,878.883333333333,5.2138698630137
"74","NEON.D05.STEI.DP1.00033",2018,74,0.34539,4.87265753424658,873.74,878.883333333333,5.2138698630137
"75","NEON.D05.STEI.DP1.00033",2018,75,0.34542,4.87265753424658,873.74,878.883333333333,5.2138698630137
"76","NEON.D05.STEI.DP1.00033",2018,76,0.34545,4.87265753424658,873.74,878.883333333333,5.2138698630137
"77","NEON.D05.STEI.DP1.00033",2018,77,0.34547,4.87265753424658,873.74,878.883333333333,5.2138698630137
"78","NEON.D05.STEI.DP1.00033",2018,78,0.34547,4.87265753424658,873.74,878.883333333333,5.2138698630137
"79","NEON.D05.STEI.DP1.00033",2018,79,0.34546,4.87265753424658,873.74,878.883333333333,5.2138698630137
"80","NEON.D05.STEI.DP1.00033",2018,80,0.34547,4.87265753424658,873.74,878.883333333333,5.2138698630137
"81","NEON.D05.STEI.DP1.00033",2018,81,0.3455,4.87265753424658,873.74,878.883333333333,5.2138698630137
"82","NEON.D05.STEI.DP1.00033",2018,82,0.34556,4.87265753424658,873.74,878.883333333333,5.2138698630137
"83","NEON.D05.STEI.DP1.00033",2018,83,0.34564,4.87265753424658,873.74,878.883333333333,5.2138698630137
"84","NEON.D05.STEI.DP1.00033",2018,84,0.3457,4.87265753424658,873.74,878.883333333333,5.2138698630137
"85","NEON.D05.STEI.DP1.00033",2018,85,0.34581,4.87265753424658,873.74,878.883333333333,5.2138698630137
"86","NEON.D05.STEI.DP1.00033",2018,86,0.34594,4.87265753424658,873.74,878.883333333333,5.2138698630137
"87","NEON.D05.STEI.DP1.00033",2018,87,0.34603,4.87265753424658,873.74,878.883333333333,5.2138698630137
"88","NEON.D05.STEI.DP1.00033",2018,88,0.34607,4.87265753424658,873.74,878.883333333333,5.2138698630137
"89","NEON.D05.STEI.DP1.00033",2018,89,0.34613,4.87265753424658,873.74,878.883333333333,5.2138698630137
"90","NEON.D05.STEI.DP1.00033",2018,90,0.34614,4.87265753424658,873.74,878.883333333333,5.2138698630137
"91","NEON.D05.STEI.DP1.00033",2018,91,0.34606,4.87265753424658,873.74,878.883333333333,5.2138698630137
"92","NEON.D05.STEI.DP1.00033",2018,92,0.34593,4.87265753424658,873.74,878.883333333333,5.2138698630137
"93","NEON.D05.STEI.DP1.00033",2018,93,0.34584,4.87265753424658,873.74,878.883333333333,5.2138698630137
"94","NEON.D05.STEI.DP1.00033",2018,94,0.34575,4.87265753424658,873.74,878.883333333333,5.2138698630137
"95","NEON.D05.STEI.DP1.00033",2018,95,0.34561,4.87265753424658,873.74,878.883333333333,5.2138698630137
"96","NEON.D05.STEI.DP1.00033",2018,96,0.34554,4.87265753424658,873.74,878.883333333333,5.2138698630137
"97","NEON.D05.STEI.DP1.00033",2018,97,0.34558,4.87265753424658,873.74,878.883333333333,5.2138698630137
"98","NEON.D05.STEI.DP1.00033",2018,98,0.34565,4.87265753424658,873.74,878.883333333333,5.2138698630137
"99","NEON.D05.STEI.DP1.00033",2018,99,0.34571,4.87265753424658,873.74,878.883333333333,5.2138698630137
"100","NEON.D05.STEI.DP1.00033",2018,100,0.34577,4.87265753424658,873.74,878.883333333333,5.2138698630137
"101","NEON.D05.STEI.DP1.00033",2018,101,0.34588,4.87265753424658,873.74,878.883333333333,5.2138698630137
"102","NEON.D05.STEI.DP1.00033",2018,102,0.34601,4.87265753424658,873.74,878.883333333333,5.2138698630137
"103","NEON.D05.STEI.DP1.00033",2018,103,0.34613,4.87265753424658,873.74,878.883333333333,5.2138698630137
"104","NEON.D05.STEI.DP1.00033",2018,104,0.34619,4.87265753424658,873.74,878.883333333333,5.2138698630137
"105","NEON.D05.STEI.DP1.00033",2018,105,0.34626,4.87265753424658,873.74,878.883333333333,5.2138698630137
"106","NEON.D05.STEI.DP1.00033",2018,106,0.34634,4.87265753424658,873.74,878.883333333333,5.2138698630137
"107","NEON.D05.STEI.DP1.00033",2018,107,0.34636,4.87265753424658,873.74,878.883333333333,5.2138698630137
"108","NEON.D05.STEI.DP1.00033",2018,108,0.34626,4.87265753424658,873.74,878.883333333333,5.2138698630137
"109","NEON.D05.STEI.DP1.00033",2018,109,0.34613,4.87265753424658,873.74,878.883333333333,5.2138698630137
"110","NEON.D05.STEI.DP1.00033",2018,110,0.34605,4.87265753424658,873.74,878.883333333333,5.2138698630137
"111","NEON.D05.STEI.DP1.00033",2018,111,0.346,4.87265753424658,873.74,878.883333333333,5.2138698630137
"112","NEON.D05.STEI.DP1.00033",2018,112,0.34592,4.87265753424658,873.74,878.883333333333,5.2138698630137
"113","NEON.D05.STEI.DP1.00033",2018,113,0.3459,4.87265753424658,873.74,878.883333333333,5.2138698630137
"114","NEON.D05.STEI.DP1.00033",2018,114,0.34592,4.87265753424658,873.74,878.883333333333,5.2138698630137
"115","NEON.D05.STEI.DP1.00033",2018,115,0.34592,4.87265753424658,873.74,878.883333333333,5.2138698630137
"116","NEON.D05.STEI.DP1.00033",2018,116,0.346,4.87265753424658,873.74,878.883333333333,5.2138698630137
"117","NEON.D05.STEI.DP1.00033",2018,117,0.3446,4.87265753424658,873.74,878.883333333333,5.2138698630137
"118","NEON.D05.STEI.DP1.00033",2018,118,0.34198,4.87265753424658,873.74,878.883333333333,5.2138698630137
"119","NEON.D05.STEI.DP1.00033",2018,119,0.34098,4.87265753424658,873.74,878.883333333333,5.2138698630137
"120","NEON.D05.STEI.DP1.00033",2018,120,0.34162,4.87265753424658,873.74,878.883333333333,5.2138698630137
"121","NEON.D05.STEI.DP1.00033",2018,121,0.34236,4.87265753424658,873.74,878.883333333333,5.2138698630137
"122","NEON.D05.STEI.DP1.00033",2018,122,0.34369,4.87265753424658,873.74,878.883333333333,5.2138698630137
"123","NEON.D05.STEI.DP1.00033",2018,123,0.34553,4.87265753424658,873.74,878.883333333333,5.2138698630137
"124","NEON.D05.STEI.DP1.00033",2018,124,0.34754,4.87265753424658,873.74,878.883333333333,5.2138698630137
"125","NEON.D05.STEI.DP1.00033",2018,125,0.34986,4.87265753424658,873.74,878.883333333333,5.2138698630137
"126","NEON.D05.STEI.DP1.00033",2018,126,0.35264,4.87265753424658,873.74,878.883333333333,5.2138698630137
"127","NEON.D05.STEI.DP1.00033",2018,127,0.356,4.87265753424658,873.74,878.883333333333,5.2138698630137
"128","NEON.D05.STEI.DP1.00033",2018,128,0.36051,4.87265753424658,873.74,878.883333333333,5.2138698630137
"129","NEON.D05.STEI.DP1.00033",2018,129,0.3661,4.87265753424658,873.74,878.883333333333,5.2138698630137
"130","NEON.D05.STEI.DP1.00033",2018,130,0.37197,4.87265753424658,873.74,878.883333333333,5.2138698630137
"131","NEON.D05.STEI.DP1.00033",2018,131,0.37892,4.87265753424658,873.74,878.883333333333,5.2138698630137
"132","NEON.D05.STEI.DP1.00033",2018,132,0.38708,4.87265753424658,873.74,878.883333333333,5.2138698630137
"133","NEON.D05.STEI.DP1.00033",2018,133,0.39466,4.87265753424658,873.74,878.883333333333,5.2138698630137
"134","NEON.D05.STEI.DP1.00033",2018,134,0.40264,4.87265753424658,873.74,878.883333333333,5.2138698630137
"135","NEON.D05.STEI.DP1.00033",2018,135,0.41165,4.87265753424658,873.74,878.883333333333,5.2138698630137
"136","NEON.D05.STEI.DP1.00033",2018,136,0.41934,4.87265753424658,873.74,878.883333333333,5.2138698630137
"137","NEON.D05.STEI.DP1.00033",2018,137,0.42666,4.87265753424658,873.74,878.883333333333,5.2138698630137
"138","NEON.D05.STEI.DP1.00033",2018,138,0.43458,4.87265753424658,873.74,878.883333333333,5.2138698630137
"139","NEON.D05.STEI.DP1.00033",2018,139,0.44083,4.87265753424658,873.74,878.883333333333,5.2138698630137
"140","NEON.D05.STEI.DP1.00033",2018,140,0.44535,4.87265753424658,873.74,878.883333333333,5.2138698630137
"141","NEON.D05.STEI.DP1.00033",2018,141,0.44933,4.87265753424658,873.74,878.883333333333,5.2138698630137
"142","NEON.D05.STEI.DP1.00033",2018,142,0.45232,4.87265753424658,873.74,878.883333333333,5.2138698630137
"143","NEON.D05.STEI.DP1.00033",2018,143,0.45332,4.87265753424658,873.74,878.883333333333,5.2138698630137
"144","NEON.D05.STEI.DP1.00033",2018,144,0.45274,4.87265753424658,873.74,878.883333333333,5.2138698630137
"145","NEON.D05.STEI.DP1.00033",2018,145,0.45229,4.87265753424658,873.74,878.883333333333,5.2138698630137
"146","NEON.D05.STEI.DP1.00033",2018,146,0.45129,4.87265753424658,873.74,878.883333333333,5.2138698630137
"147","NEON.D05.STEI.DP1.00033",2018,147,0.44907,4.87265753424658,873.74,878.883333333333,5.2138698630137
"148","NEON.D05.STEI.DP1.00033",2018,148,0.44725,4.87265753424658,873.74,878.883333333333,5.2138698630137
"149","NEON.D05.STEI.DP1.00033",2018,149,0.44537,4.87265753424658,873.74,878.883333333333,5.2138698630137
"150","NEON.D05.STEI.DP1.00033",2018,150,0.44271,4.87265753424658,873.74,878.883333333333,5.2138698630137
"151","NEON.D05.STEI.DP1.00033",2018,151,0.44058,4.87265753424658,873.74,878.883333333333,5.2138698630137
"152","NEON.D05.STEI.DP1.00033",2018,152,0.43894,4.87265753424658,873.74,878.883333333333,5.2138698630137
"153","NEON.D05.STEI.DP1.00033",2018,153,0.43716,4.87265753424658,873.74,878.883333333333,5.2138698630137
"154","NEON.D05.STEI.DP1.00033",2018,154,0.43566,4.87265753424658,873.74,878.883333333333,5.2138698630137
"155","NEON.D05.STEI.DP1.00033",2018,155,0.43432,4.87265753424658,873.74,878.883333333333,5.2138698630137
"156","NEON.D05.STEI.DP1.00033",2018,156,0.43296,4.87265753424658,873.74,878.883333333333,5.2138698630137
"157","NEON.D05.STEI.DP1.00033",2018,157,0.43196,4.87265753424658,873.74,878.883333333333,5.2138698630137
"158","NEON.D05.STEI.DP1.00033",2018,158,0.43139,4.87265753424658,873.74,878.883333333333,5.2138698630137
"159","NEON.D05.STEI.DP1.00033",2018,159,0.43102,4.87265753424658,873.74,878.883333333333,5.2138698630137
"160","NEON.D05.STEI.DP1.00033",2018,160,0.43078,4.87265753424658,873.74,878.883333333333,5.2138698630137
"161","NEON.D05.STEI.DP1.00033",2018,161,0.43126,4.87265753424658,873.74,878.883333333333,5.2138698630137
"162","NEON.D05.STEI.DP1.00033",2018,162,0.43235,4.87265753424658,873.74,878.883333333333,5.2138698630137
"163","NEON.D05.STEI.DP1.00033",2018,163,0.4329,4.87265753424658,873.74,878.883333333333,5.2138698630137
"164","NEON.D05.STEI.DP1.00033",2018,164,0.43309,4.87265753424658,873.74,878.883333333333,5.2138698630137
"165","NEON.D05.STEI.DP1.00033",2018,165,0.43348,4.87265753424658,873.74,878.883333333333,5.2138698630137
"166","NEON.D05.STEI.DP1.00033",2018,166,0.4335,4.87265753424658,873.74,878.883333333333,5.2138698630137
"167","NEON.D05.STEI.DP1.00033",2018,167,0.43289,4.87265753424658,873.74,878.883333333333,5.2138698630137
"168","NEON.D05.STEI.DP1.00033",2018,168,0.43203,4.87265753424658,873.74,878.883333333333,5.2138698630137
"169","NEON.D05.STEI.DP1.00033",2018,169,0.43124,4.87265753424658,873.74,878.883333333333,5.2138698630137
"170","NEON.D05.STEI.DP1.00033",2018,170,0.43036,4.87265753424658,873.74,878.883333333333,5.2138698630137
"171","NEON.D05.STEI.DP1.00033",2018,171,0.42913,4.87265753424658,873.74,878.883333333333,5.2138698630137
"172","NEON.D05.STEI.DP1.00033",2018,172,0.42776,4.87265753424658,873.74,878.883333333333,5.2138698630137
"173","NEON.D05.STEI.DP1.00033",2018,173,0.42647,4.87265753424658,873.74,878.883333333333,5.2138698630137
"174","NEON.D05.STEI.DP1.00033",2018,174,0.42545,4.87265753424658,873.74,878.883333333333,5.2138698630137
"175","NEON.D05.STEI.DP1.00033",2018,175,0.42472,4.87265753424658,873.74,878.883333333333,5.2138698630137
"176","NEON.D05.STEI.DP1.00033",2018,176,0.42407,4.87265753424658,873.74,878.883333333333,5.2138698630137
"177","NEON.D05.STEI.DP1.00033",2018,177,0.42342,4.87265753424658,873.74,878.883333333333,5.2138698630137
"178","NEON.D05.STEI.DP1.00033",2018,178,0.42314,4.87265753424658,873.74,878.883333333333,5.2138698630137
"179","NEON.D05.STEI.DP1.00033",2018,179,0.42321,4.87265753424658,873.74,878.883333333333,5.2138698630137
"180","NEON.D05.STEI.DP1.00033",2018,180,0.423,4.87265753424658,873.74,878.883333333333,5.2138698630137
"181","NEON.D05.STEI.DP1.00033",2018,181,0.42215,4.87265753424658,873.74,878.883333333333,5.2138698630137
"182","NEON.D05.STEI.DP1.00033",2018,182,0.42105,4.87265753424658,873.74,878.883333333333,5.2138698630137
"183","NEON.D05.STEI.DP1.00033",2018,183,0.42029,4.87265753424658,873.74,878.883333333333,5.2138698630137
"184","NEON.D05.STEI.DP1.00033",2018,184,0.41957,4.87265753424658,873.74,878.883333333333,5.2138698630137
"185","NEON.D05.STEI.DP1.00033",2018,185,0.41864,4.87265753424658,873.74,878.883333333333,5.2138698630137
"186","NEON.D05.STEI.DP1.00033",2018,186,0.41812,4.87265753424658,873.74,878.883333333333,5.2138698630137
"187","NEON.D05.STEI.DP1.00033",2018,187,0.4183,4.87265753424658,873.74,878.883333333333,5.2138698630137
"188","NEON.D05.STEI.DP1.00033",2018,188,0.4188,4.87265753424658,873.74,878.883333333333,5.2138698630137
"189","NEON.D05.STEI.DP1.00033",2018,189,0.41914,4.87265753424658,873.74,878.883333333333,5.2138698630137
"190","NEON.D05.STEI.DP1.00033",2018,190,0.41948,4.87265753424658,873.74,878.883333333333,5.2138698630137
"191","NEON.D05.STEI.DP1.00033",2018,191,0.42006,4.87265753424658,873.74,878.883333333333,5.2138698630137
"192","NEON.D05.STEI.DP1.00033",2018,192,0.42051,4.87265753424658,873.74,878.883333333333,5.2138698630137
"193","NEON.D05.STEI.DP1.00033",2018,193,0.42093,4.87265753424658,873.74,878.883333333333,5.2138698630137
"194","NEON.D05.STEI.DP1.00033",2018,194,0.42153,4.87265753424658,873.74,878.883333333333,5.2138698630137
"195","NEON.D05.STEI.DP1.00033",2018,195,0.42218,4.87265753424658,873.74,878.883333333333,5.2138698630137
"196","NEON.D05.STEI.DP1.00033",2018,196,0.42271,4.87265753424658,873.74,878.883333333333,5.2138698630137
"197","NEON.D05.STEI.DP1.00033",2018,197,0.42297,4.87265753424658,873.74,878.883333333333,5.2138698630137
"198","NEON.D05.STEI.DP1.00033",2018,198,0.42272,4.87265753424658,873.74,878.883333333333,5.2138698630137
"199","NEON.D05.STEI.DP1.00033",2018,199,0.42213,4.87265753424658,873.74,878.883333333333,5.2138698630137
"200","NEON.D05.STEI.DP1.00033",2018,200,0.42167,4.87265753424658,873.74,878.883333333333,5.2138698630137
"201","NEON.D05.STEI.DP1.00033",2018,201,0.42129,4.87265753424658,873.74,878.883333333333,5.2138698630137
"202","NEON.D05.STEI.DP1.00033",2018,202,0.42078,4.87265753424658,873.74,878.883333333333,5.2138698630137
"203","NEON.D05.STEI.DP1.00033",2018,203,0.4204,4.87265753424658,873.74,878.883333333333,5.2138698630137
"204","NEON.D05.STEI.DP1.00033",2018,204,0.42017,4.87265753424658,873.74,878.883333333333,5.2138698630137
"205","NEON.D05.STEI.DP1.00033",2018,205,0.42,4.87265753424658,873.74,878.883333333333,5.2138698630137
"206","NEON.D05.STEI.DP1.00033",2018,206,0.4199,4.87265753424658,873.74,878.883333333333,5.2138698630137
"207","NEON.D05.STEI.DP1.00033",2018,207,0.41983,4.87265753424658,873.74,878.883333333333,5.2138698630137
"208","NEON.D05.STEI.DP1.00033",2018,208,0.41977,4.87265753424658,873.74,878.883333333333,5.2138698630137
"209","NEON.D05.STEI.DP1.00033",2018,209,0.41974,4.87265753424658,873.74,878.883333333333,5.2138698630137
"210","NEON.D05.STEI.DP1.00033",2018,210,0.41991,4.87265753424658,873.74,878.883333333333,5.2138698630137
"211","NEON.D05.STEI.DP1.00033",2018,211,0.42022,4.87265753424658,873.74,878.883333333333,5.2138698630137
"212","NEON.D05.STEI.DP1.00033",2018,212,0.42036,4.87265753424658,873.74,878.883333333333,5.2138698630137
"213","NEON.D05.STEI.DP1.00033",2018,213,0.4206,4.87265753424658,873.74,878.883333333333,5.2138698630137
"214","NEON.D05.STEI.DP1.00033",2018,214,0.42106,4.87265753424658,873.74,878.883333333333,5.2138698630137
"215","NEON.D05.STEI.DP1.00033",2018,215,0.42114,4.87265753424658,873.74,878.883333333333,5.2138698630137
"216","NEON.D05.STEI.DP1.00033",2018,216,0.42064,4.87265753424658,873.74,878.883333333333,5.2138698630137
"217","NEON.D05.STEI.DP1.00033",2018,217,0.41984,4.87265753424658,873.74,878.883333333333,5.2138698630137
"218","NEON.D05.STEI.DP1.00033",2018,218,0.41891,4.87265753424658,873.74,878.883333333333,5.2138698630137
"219","NEON.D05.STEI.DP1.00033",2018,219,0.41801,4.87265753424658,873.74,878.883333333333,5.2138698630137
"220","NEON.D05.STEI.DP1.00033",2018,220,0.41731,4.87265753424658,873.74,878.883333333333,5.2138698630137
"221","NEON.D05.STEI.DP1.00033",2018,221,0.41647,4.87265753424658,873.74,878.883333333333,5.2138698630137
"222","NEON.D05.STEI.DP1.00033",2018,222,0.4154,4.87265753424658,873.74,878.883333333333,5.2138698630137
"223","NEON.D05.STEI.DP1.00033",2018,223,0.41459,4.87265753424658,873.74,878.883333333333,5.2138698630137
"224","NEON.D05.STEI.DP1.00033",2018,224,0.41414,4.87265753424658,873.74,878.883333333333,5.2138698630137
"225","NEON.D05.STEI.DP1.00033",2018,225,0.41376,4.87265753424658,873.74,878.883333333333,5.2138698630137
"226","NEON.D05.STEI.DP1.00033",2018,226,0.41343,4.87265753424658,873.74,878.883333333333,5.2138698630137
"227","NEON.D05.STEI.DP1.00033",2018,227,0.41323,4.87265753424658,873.74,878.883333333333,5.2138698630137
"228","NEON.D05.STEI.DP1.00033",2018,228,0.41318,4.87265753424658,873.74,878.883333333333,5.2138698630137
"229","NEON.D05.STEI.DP1.00033",2018,229,0.41318,4.87265753424658,873.74,878.883333333333,5.2138698630137
"230","NEON.D05.STEI.DP1.00033",2018,230,0.41343,4.87265753424658,873.74,878.883333333333,5.2138698630137
"231","NEON.D05.STEI.DP1.00033",2018,231,0.41391,4.87265753424658,873.74,878.883333333333,5.2138698630137
"232","NEON.D05.STEI.DP1.00033",2018,232,0.41424,4.87265753424658,873.74,878.883333333333,5.2138698630137
"233","NEON.D05.STEI.DP1.00033",2018,233,0.41438,4.87265753424658,873.74,878.883333333333,5.2138698630137
"234","NEON.D05.STEI.DP1.00033",2018,234,0.41452,4.87265753424658,873.74,878.883333333333,5.2138698630137
"235","NEON.D05.STEI.DP1.00033",2018,235,0.4146,4.87265753424658,873.74,878.883333333333,5.2138698630137
"236","NEON.D05.STEI.DP1.00033",2018,236,0.41467,4.87265753424658,873.74,878.883333333333,5.2138698630137
"237","NEON.D05.STEI.DP1.00033",2018,237,0.41475,4.87265753424658,873.74,878.883333333333,5.2138698630137
"238","NEON.D05.STEI.DP1.00033",2018,238,0.41474,4.87265753424658,873.74,878.883333333333,5.2138698630137
"239","NEON.D05.STEI.DP1.00033",2018,239,0.41514,4.87265753424658,873.74,878.883333333333,5.2138698630137
"240","NEON.D05.STEI.DP1.00033",2018,240,0.41586,4.87265753424658,873.74,878.883333333333,5.2138698630137
"241","NEON.D05.STEI.DP1.00033",2018,241,0.41597,4.87265753424658,873.74,878.883333333333,5.2138698630137
"242","NEON.D05.STEI.DP1.00033",2018,242,0.41548,4.87265753424658,873.74,878.883333333333,5.2138698630137
"243","NEON.D05.STEI.DP1.00033",2018,243,0.41489,4.87265753424658,873.74,878.883333333333,5.2138698630137
"244","NEON.D05.STEI.DP1.00033",2018,244,0.41391,4.87265753424658,873.74,878.883333333333,5.2138698630137
"245","NEON.D05.STEI.DP1.00033",2018,245,0.41195,4.87265753424658,873.74,878.883333333333,5.2138698630137
"246","NEON.D05.STEI.DP1.00033",2018,246,0.40931,4.87265753424658,873.74,878.883333333333,5.2138698630137
"247","NEON.D05.STEI.DP1.00033",2018,247,0.40703,4.87265753424658,873.74,878.883333333333,5.2138698630137
"248","NEON.D05.STEI.DP1.00033",2018,248,0.40472,4.87265753424658,873.74,878.883333333333,5.2138698630137
"249","NEON.D05.STEI.DP1.00033",2018,249,0.40195,4.87265753424658,873.74,878.883333333333,5.2138698630137
"250","NEON.D05.STEI.DP1.00033",2018,250,0.39972,4.87265753424658,873.74,878.883333333333,5.2138698630137
"251","NEON.D05.STEI.DP1.00033",2018,251,0.39765,4.87265753424658,873.74,878.883333333333,5.2138698630137
"252","NEON.D05.STEI.DP1.00033",2018,252,0.39532,4.87265753424658,873.74,878.883333333333,5.2138698630137
"253","NEON.D05.STEI.DP1.00033",2018,253,0.3936,4.87265753424658,873.74,878.883333333333,5.2138698630137
"254","NEON.D05.STEI.DP1.00033",2018,254,0.39296,4.87265753424658,873.74,878.883333333333,5.2138698630137
"255","NEON.D05.STEI.DP1.00033",2018,255,0.39282,4.87265753424658,873.74,878.883333333333,5.2138698630137
"256","NEON.D05.STEI.DP1.00033",2018,256,0.39252,4.87265753424658,873.74,878.883333333333,5.2138698630137
"257","NEON.D05.STEI.DP1.00033",2018,257,0.39294,4.87265753424658,873.74,878.883333333333,5.2138698630137
"258","NEON.D05.STEI.DP1.00033",2018,258,0.39421,4.87265753424658,873.74,878.883333333333,5.2138698630137
"259","NEON.D05.STEI.DP1.00033",2018,259,0.39462,4.87265753424658,873.74,878.883333333333,5.2138698630137
"260","NEON.D05.STEI.DP1.00033",2018,260,0.3944,4.87265753424658,873.74,878.883333333333,5.2138698630137
"261","NEON.D05.STEI.DP1.00033",2018,261,0.39437,4.87265753424658,873.74,878.883333333333,5.2138698630137
"262","NEON.D05.STEI.DP1.00033",2018,262,0.39368,4.87265753424658,873.74,878.883333333333,5.2138698630137
"263","NEON.D05.STEI.DP1.00033",2018,263,0.392,4.87265753424658,873.74,878.883333333333,5.2138698630137
"264","NEON.D05.STEI.DP1.00033",2018,264,0.38972,4.87265753424658,873.74,878.883333333333,5.2138698630137
"265","NEON.D05.STEI.DP1.00033",2018,265,0.38707,4.87265753424658,873.74,878.883333333333,5.2138698630137
"266","NEON.D05.STEI.DP1.00033",2018,266,0.38431,4.87265753424658,873.74,878.883333333333,5.2138698630137
"267","NEON.D05.STEI.DP1.00033",2018,267,0.38169,4.87265753424658,873.74,878.883333333333,5.2138698630137
"268","NEON.D05.STEI.DP1.00033",2018,268,0.37877,4.87265753424658,873.74,878.883333333333,5.2138698630137
"269","NEON.D05.STEI.DP1.00033",2018,269,0.3754,4.87265753424658,873.74,878.883333333333,5.2138698630137
"270","NEON.D05.STEI.DP1.00033",2018,270,0.37227,4.87265753424658,873.74,878.883333333333,5.2138698630137
"271","NEON.D05.STEI.DP1.00033",2018,271,0.36922,4.87265753424658,873.74,878.883333333333,5.2138698630137
"272","NEON.D05.STEI.DP1.00033",2018,272,0.36596,4.87265753424658,873.74,878.883333333333,5.2138698630137
"273","NEON.D05.STEI.DP1.00033",2018,273,0.36302,4.87265753424658,873.74,878.883333333333,5.2138698630137
"274","NEON.D05.STEI.DP1.00033",2018,274,0.36032,4.87265753424658,873.74,878.883333333333,5.2138698630137
"275","NEON.D05.STEI.DP1.00033",2018,275,0.35765,4.87265753424658,873.74,878.883333333333,5.2138698630137
"276","NEON.D05.STEI.DP1.00033",2018,276,0.35529,4.87265753424658,873.74,878.883333333333,5.2138698630137
"277","NEON.D05.STEI.DP1.00033",2018,277,0.35309,4.87265753424658,873.74,878.883333333333,5.2138698630137
"278","NEON.D05.STEI.DP1.00033",2018,278,0.35091,4.87265753424658,873.74,878.883333333333,5.2138698630137
"279","NEON.D05.STEI.DP1.00033",2018,279,0.34909,4.87265753424658,873.74,878.883333333333,5.2138698630137
"280","NEON.D05.STEI.DP1.00033",2018,280,0.34765,4.87265753424658,873.74,878.883333333333,5.2138698630137
"281","NEON.D05.STEI.DP1.00033",2018,281,0.3464,4.87265753424658,873.74,878.883333333333,5.2138698630137
"282","NEON.D05.STEI.DP1.00033",2018,282,0.34538,4.87265753424658,873.74,878.883333333333,5.2138698630137
"283","NEON.D05.STEI.DP1.00033",2018,283,0.34485,4.87265753424658,873.74,878.883333333333,5.2138698630137
"284","NEON.D05.STEI.DP1.00033",2018,284,0.34475,4.87265753424658,873.74,878.883333333333,5.2138698630137
"285","NEON.D05.STEI.DP1.00033",2018,285,0.3446,4.87265753424658,873.74,878.883333333333,5.2138698630137
"286","NEON.D05.STEI.DP1.00033",2018,286,0.34455,4.87265753424658,873.74,878.883333333333,5.2138698630137
"287","NEON.D05.STEI.DP1.00033",2018,287,0.34488,4.87265753424658,873.74,878.883333333333,5.2138698630137
"288","NEON.D05.STEI.DP1.00033",2018,288,0.34538,4.87265753424658,873.74,878.883333333333,5.2138698630137
"289","NEON.D05.STEI.DP1.00033",2018,289,0.34583,4.87265753424658,873.74,878.883333333333,5.2138698630137
"290","NEON.D05.STEI.DP1.00033",2018,290,0.34602,4.87265753424658,873.74,878.883333333333,5.2138698630137
"291","NEON.D05.STEI.DP1.00033",2018,291,0.34595,4.87265753424658,873.74,878.883333333333,5.2138698630137
"292","NEON.D05.STEI.DP1.00033",2018,292,0.34581,4.87265753424658,873.74,878.883333333333,5.2138698630137
"293","NEON.D05.STEI.DP1.00033",2018,293,0.3457,4.87265753424658,873.74,878.883333333333,5.2138698630137
"294","NEON.D05.STEI.DP1.00033",2018,294,0.3456,4.87265753424658,873.74,878.883333333333,5.2138698630137
"295","NEON.D05.STEI.DP1.00033",2018,295,0.34545,4.87265753424658,873.74,878.883333333333,5.2138698630137
"296","NEON.D05.STEI.DP1.00033",2018,296,0.34534,4.87265753424658,873.74,878.883333333333,5.2138698630137
"297","NEON.D05.STEI.DP1.00033",2018,297,0.3453,4.87265753424658,873.74,878.883333333333,5.2138698630137
"298","NEON.D05.STEI.DP1.00033",2018,298,0.34527,4.87265753424658,873.74,878.883333333333,5.2138698630137
"299","NEON.D05.STEI.DP1.00033",2018,299,0.34523,4.87265753424658,873.74,878.883333333333,5.2138698630137
"300","NEON.D05.STEI.DP1.00033",2018,300,0.34519,4.87265753424658,873.74,878.883333333333,5.2138698630137
"301","NEON.D05.STEI.DP1.00033",2018,301,0.34517,4.87265753424658,873.74,878.883333333333,5.2138698630137
"302","NEON.D05.STEI.DP1.00033",2018,302,0.34512,4.87265753424658,873.74,878.883333333333,5.2138698630137
"303","NEON.D05.STEI.DP1.00033",2018,303,0.34503,4.87265753424658,873.74,878.883333333333,5.2138698630137
"304","NEON.D05.STEI.DP1.00033",2018,304,0.34491,4.87265753424658,873.74,878.883333333333,5.2138698630137
"305","NEON.D05.STEI.DP1.00033",2018,305,0.34483,4.87265753424658,873.74,878.883333333333,5.2138698630137
"306","NEON.D05.STEI.DP1.00033",2018,306,0.34479,4.87265753424658,873.74,878.883333333333,5.2138698630137
"307","NEON.D05.STEI.DP1.00033",2018,307,0.34474,4.87265753424658,873.74,878.883333333333,5.2138698630137
"308","NEON.D05.STEI.DP1.00033",2018,308,0.34472,4.87265753424658,873.74,878.883333333333,5.2138698630137
"309","NEON.D05.STEI.DP1.00033",2018,309,0.34474,4.87265753424658,873.74,878.883333333333,5.2138698630137
"310","NEON.D05.STEI.DP1.00033",2018,310,0.34477,4.87265753424658,873.74,878.883333333333,5.2138698630137
"311","NEON.D05.STEI.DP1.00033",2018,311,0.34482,4.87265753424658,873.74,878.883333333333,5.2138698630137
"312","NEON.D05.STEI.DP1.00033",2018,312,0.34487,4.87265753424658,873.74,878.883333333333,5.2138698630137
"313","NEON.D05.STEI.DP1.00033",2018,313,0.3449,4.87265753424658,873.74,878.883333333333,5.2138698630137
"314","NEON.D05.STEI.DP1.00033",2018,314,0.34496,4.87265753424658,873.74,878.883333333333,5.2138698630137
"315","NEON.D05.STEI.DP1.00033",2018,315,0.34506,4.87265753424658,873.74,878.883333333333,5.2138698630137
"316","NEON.D05.STEI.DP1.00033",2018,316,0.34512,4.87265753424658,873.74,878.883333333333,5.2138698630137
"317","NEON.D05.STEI.DP1.00033",2018,317,0.34518,4.87265753424658,873.74,878.883333333333,5.2138698630137
"318","NEON.D05.STEI.DP1.00033",2018,318,0.34527,4.87265753424658,873.74,878.883333333333,5.2138698630137
"319","NEON.D05.STEI.DP1.00033",2018,319,0.34531,4.87265753424658,873.74,878.883333333333,5.2138698630137
"320","NEON.D05.STEI.DP1.00033",2018,320,0.34523,4.87265753424658,873.74,878.883333333333,5.2138698630137
"321","NEON.D05.STEI.DP1.00033",2018,321,0.34507,4.87265753424658,873.74,878.883333333333,5.2138698630137
"322","NEON.D05.STEI.DP1.00033",2018,322,0.34496,4.87265753424658,873.74,878.883333333333,5.2138698630137
"323","NEON.D05.STEI.DP1.00033",2018,323,0.34487,4.87265753424658,873.74,878.883333333333,5.2138698630137
"324","NEON.D05.STEI.DP1.00033",2018,324,0.34474,4.87265753424658,873.74,878.883333333333,5.2138698630137
"325","NEON.D05.STEI.DP1.00033",2018,325,0.34467,4.87265753424658,873.74,878.883333333333,5.2138698630137
"326","NEON.D05.STEI.DP1.00033",2018,326,0.34469,4.87265753424658,873.74,878.883333333333,5.2138698630137
"327","NEON.D05.STEI.DP1.00033",2018,327,0.34475,4.87265753424658,873.74,878.883333333333,5.2138698630137
"328","NEON.D05.STEI.DP1.00033",2018,328,0.34478,4.87265753424658,873.74,878.883333333333,5.2138698630137
"329","NEON.D05.STEI.DP1.00033",2018,329,0.34483,4.87265753424658,873.74,878.883333333333,5.2138698630137
"330","NEON.D05.STEI.DP1.00033",2018,330,0.34491,4.87265753424658,873.74,878.883333333333,5.2138698630137
"331","NEON.D05.STEI.DP1.00033",2018,331,0.34495,4.87265753424658,873.74,878.883333333333,5.2138698630137
"332","NEON.D05.STEI.DP1.00033",2018,332,0.34498,4.87265753424658,873.74,878.883333333333,5.2138698630137
"333","NEON.D05.STEI.DP1.00033",2018,333,0.34501,4.87265753424658,873.74,878.883333333333,5.2138698630137
"334","NEON.D05.STEI.DP1.00033",2018,334,0.34503,4.87265753424658,873.74,878.883333333333,5.2138698630137
"335","NEON.D05.STEI.DP1.00033",2018,335,0.34502,4.87265753424658,873.74,878.883333333333,5.2138698630137
"336","NEON.D05.STEI.DP1.00033",2018,336,0.34502,4.87265753424658,873.74,878.883333333333,5.2138698630137
"337","NEON.D05.STEI.DP1.00033",2018,337,0.345,4.87265753424658,873.74,878.883333333333,5.2138698630137
"338","NEON.D05.STEI.DP1.00033",2018,338,0.34492,4.87265753424658,873.74,878.883333333333,5.2138698630137
"339","NEON.D05.STEI.DP1.00033",2018,339,0.3448,4.87265753424658,873.74,878.883333333333,5.2138698630137
"340","NEON.D05.STEI.DP1.00033",2018,340,0.34472,4.87265753424658,873.74,878.883333333333,5.2138698630137
"341","NEON.D05.STEI.DP1.00033",2018,341,0.34466,4.87265753424658,873.74,878.883333333333,5.2138698630137
"342","NEON.D05.STEI.DP1.00033",2018,342,0.34458,4.87265753424658,873.74,878.883333333333,5.2138698630137
"343","NEON.D05.STEI.DP1.00033",2018,343,0.34453,4.87265753424658,873.74,878.883333333333,5.2138698630137
"344","NEON.D05.STEI.DP1.00033",2018,344,0.34457,4.87265753424658,873.74,878.883333333333,5.2138698630137
"345","NEON.D05.STEI.DP1.00033",2018,345,0.34466,4.87265753424658,873.74,878.883333333333,5.2138698630137
"346","NEON.D05.STEI.DP1.00033",2018,346,0.34471,4.87265753424658,873.74,878.883333333333,5.2138698630137
"347","NEON.D05.STEI.DP1.00033",2018,347,0.34474,4.87265753424658,873.74,878.883333333333,5.2138698630137
"348","NEON.D05.STEI.DP1.00033",2018,348,0.34479,4.87265753424658,873.74,878.883333333333,5.2138698630137
"349","NEON.D05.STEI.DP1.00033",2018,349,0.34479,4.87265753424658,873.74,878.883333333333,5.2138698630137
"350","NEON.D05.STEI.DP1.00033",2018,350,0.34474,4.87265753424658,873.74,878.883333333333,5.2138698630137
"351","NEON.D05.STEI.DP1.00033",2018,351,0.34467,4.87265753424658,873.74,878.883333333333,5.2138698630137
"352","NEON.D05.STEI.DP1.00033",2018,352,0.3446,4.87265753424658,873.74,878.883333333333,5.2138698630137
"353","NEON.D05.STEI.DP1.00033",2018,353,0.34449,4.87265753424658,873.74,878.883333333333,5.2138698630137
"354","NEON.D05.STEI.DP1.00033",2018,354,0.34434,4.87265753424658,873.74,878.883333333333,5.2138698630137
"355","NEON.D05.STEI.DP1.00033",2018,355,0.34423,4.87265753424658,873.74,878.883333333333,5.2138698630137
"356","NEON.D05.STEI.DP1.00033",2018,356,0.34413,4.87265753424658,873.74,878.883333333333,5.2138698630137
"357","NEON.D05.STEI.DP1.00033",2018,357,0.344,4.87265753424658,873.74,878.883333333333,5.2138698630137
"358","NEON.D05.STEI.DP1.00033",2018,358,0.34386,4.87265753424658,873.74,878.883333333333,5.2138698630137
"359","NEON.D05.STEI.DP1.00033",2018,359,0.34377,4.87265753424658,873.74,878.883333333333,5.2138698630137
"360","NEON.D05.STEI.DP1.00033",2018,360,0.34375,4.87265753424658,873.74,878.883333333333,5.2138698630137
"361","NEON.D05.STEI.DP1.00033",2018,361,0.34384,4.87265753424658,873.74,878.883333333333,5.2138698630137
"362","NEON.D05.STEI.DP1.00033",2018,362,0.34401,4.87265753424658,873.74,878.883333333333,5.2138698630137
"363","NEON.D05.STEI.DP1.00033",2018,363,0.34414,4.87265753424658,873.74,878.883333333333,5.2138698630137
"364","NEON.D05.STEI.DP1.00033",2018,364,0.34427,4.87265753424658,873.74,878.883333333333,5.2138698630137
"365","NEON.D05.STEI.DP1.00033",2018,365,0.34444,4.87265753424658,873.74,878.883333333333,5.2138698630137
"366","NEON.D05.STEI.DP1.00033",2019,1,0.34458,4.12790410958904,1079.8,878.883333333333,5.2138698630137
"367","NEON.D05.STEI.DP1.00033",2019,2,0.3447,4.12790410958904,1079.8,878.883333333333,5.2138698630137
"368","NEON.D05.STEI.DP1.00033",2019,3,0.34483,4.12790410958904,1079.8,878.883333333333,5.2138698630137
"369","NEON.D05.STEI.DP1.00033",2019,4,0.34493,4.12790410958904,1079.8,878.883333333333,5.2138698630137
"370","NEON.D05.STEI.DP1.00033",2019,5,0.34498,4.12790410958904,1079.8,878.883333333333,5.2138698630137
"371","NEON.D05.STEI.DP1.00033",2019,6,0.34502,4.12790410958904,1079.8,878.883333333333,5.2138698630137
"372","NEON.D05.STEI.DP1.00033",2019,7,0.34504,4.12790410958904,1079.8,878.883333333333,5.2138698630137
"373","NEON.D05.STEI.DP1.00033",2019,8,0.345,4.12790410958904,1079.8,878.883333333333,5.2138698630137
"374","NEON.D05.STEI.DP1.00033",2019,9,0.34491,4.12790410958904,1079.8,878.883333333333,5.2138698630137
"375","NEON.D05.STEI.DP1.00033",2019,10,0.34484,4.12790410958904,1079.8,878.883333333333,5.2138698630137
"376","NEON.D05.STEI.DP1.00033",2019,11,0.34478,4.12790410958904,1079.8,878.883333333333,5.2138698630137
"377","NEON.D05.STEI.DP1.00033",2019,12,0.34471,4.12790410958904,1079.8,878.883333333333,5.2138698630137
"378","NEON.D05.STEI.DP1.00033",2019,13,0.34464,4.12790410958904,1079.8,878.883333333333,5.2138698630137
"379","NEON.D05.STEI.DP1.00033",2019,14,0.34459,4.12790410958904,1079.8,878.883333333333,5.2138698630137
"380","NEON.D05.STEI.DP1.00033",2019,15,0.34452,4.12790410958904,1079.8,878.883333333333,5.2138698630137
"381","NEON.D05.STEI.DP1.00033",2019,16,0.34445,4.12790410958904,1079.8,878.883333333333,5.2138698630137
"382","NEON.D05.STEI.DP1.00033",2019,17,0.34438,4.12790410958904,1079.8,878.883333333333,5.2138698630137
"383","NEON.D05.STEI.DP1.00033",2019,18,0.34432,4.12790410958904,1079.8,878.883333333333,5.2138698630137
"384","NEON.D05.STEI.DP1.00033",2019,19,0.34425,4.12790410958904,1079.8,878.883333333333,5.2138698630137
"385","NEON.D05.STEI.DP1.00033",2019,20,0.34418,4.12790410958904,1079.8,878.883333333333,5.2138698630137
"386","NEON.D05.STEI.DP1.00033",2019,21,0.34412,4.12790410958904,1079.8,878.883333333333,5.2138698630137
"387","NEON.D05.STEI.DP1.00033",2019,22,0.34407,4.12790410958904,1079.8,878.883333333333,5.2138698630137
"388","NEON.D05.STEI.DP1.00033",2019,23,0.34401,4.12790410958904,1079.8,878.883333333333,5.2138698630137
"389","NEON.D05.STEI.DP1.00033",2019,24,0.34399,4.12790410958904,1079.8,878.883333333333,5.2138698630137
"390","NEON.D05.STEI.DP1.00033",2019,25,0.34396,4.12790410958904,1079.8,878.883333333333,5.2138698630137
"391","NEON.D05.STEI.DP1.00033",2019,26,0.34392,4.12790410958904,1079.8,878.883333333333,5.2138698630137
"392","NEON.D05.STEI.DP1.00033",2019,27,0.34394,4.12790410958904,1079.8,878.883333333333,5.2138698630137
"393","NEON.D05.STEI.DP1.00033",2019,28,0.34405,4.12790410958904,1079.8,878.883333333333,5.2138698630137
"394","NEON.D05.STEI.DP1.00033",2019,29,0.3442,4.12790410958904,1079.8,878.883333333333,5.2138698630137
"395","NEON.D05.STEI.DP1.00033",2019,30,0.34437,4.12790410958904,1079.8,878.883333333333,5.2138698630137
"396","NEON.D05.STEI.DP1.00033",2019,31,0.34464,4.12790410958904,1079.8,878.883333333333,5.2138698630137
"397","NEON.D05.STEI.DP1.00033",2019,32,0.345,4.12790410958904,1079.8,878.883333333333,5.2138698630137
"398","NEON.D05.STEI.DP1.00033",2019,33,0.3453,4.12790410958904,1079.8,878.883333333333,5.2138698630137
"399","NEON.D05.STEI.DP1.00033",2019,34,0.34562,4.12790410958904,1079.8,878.883333333333,5.2138698630137
"400","NEON.D05.STEI.DP1.00033",2019,35,0.34602,4.12790410958904,1079.8,878.883333333333,5.2138698630137
"401","NEON.D05.STEI.DP1.00033",2019,36,0.34632,4.12790410958904,1079.8,878.883333333333,5.2138698630137
"402","NEON.D05.STEI.DP1.00033",2019,37,0.3465,4.12790410958904,1079.8,878.883333333333,5.2138698630137
"403","NEON.D05.STEI.DP1.00033",2019,38,0.34666,4.12790410958904,1079.8,878.883333333333,5.2138698630137
"404","NEON.D05.STEI.DP1.00033",2019,39,0.34679,4.12790410958904,1079.8,878.883333333333,5.2138698630137
"405","NEON.D05.STEI.DP1.00033",2019,40,0.34688,4.12790410958904,1079.8,878.883333333333,5.2138698630137
"406","NEON.D05.STEI.DP1.00033",2019,41,0.34691,4.12790410958904,1079.8,878.883333333333,5.2138698630137
"407","NEON.D05.STEI.DP1.00033",2019,42,0.34676,4.12790410958904,1079.8,878.883333333333,5.2138698630137
"408","NEON.D05.STEI.DP1.00033",2019,43,0.34648,4.12790410958904,1079.8,878.883333333333,5.2138698630137
"409","NEON.D05.STEI.DP1.00033",2019,44,0.3463,4.12790410958904,1079.8,878.883333333333,5.2138698630137
"410","NEON.D05.STEI.DP1.00033",2019,45,0.34617,4.12790410958904,1079.8,878.883333333333,5.2138698630137
"411","NEON.D05.STEI.DP1.00033",2019,46,0.34598,4.12790410958904,1079.8,878.883333333333,5.2138698630137
"412","NEON.D05.STEI.DP1.00033",2019,47,0.34587,4.12790410958904,1079.8,878.883333333333,5.2138698630137
"413","NEON.D05.STEI.DP1.00033",2019,48,0.34587,4.12790410958904,1079.8,878.883333333333,5.2138698630137
"414","NEON.D05.STEI.DP1.00033",2019,49,0.34591,4.12790410958904,1079.8,878.883333333333,5.2138698630137
"415","NEON.D05.STEI.DP1.00033",2019,50,0.34594,4.12790410958904,1079.8,878.883333333333,5.2138698630137
"416","NEON.D05.STEI.DP1.00033",2019,51,0.34601,4.12790410958904,1079.8,878.883333333333,5.2138698630137
"417","NEON.D05.STEI.DP1.00033",2019,52,0.34613,4.12790410958904,1079.8,878.883333333333,5.2138698630137
"418","NEON.D05.STEI.DP1.00033",2019,53,0.3462,4.12790410958904,1079.8,878.883333333333,5.2138698630137
"419","NEON.D05.STEI.DP1.00033",2019,54,0.34622,4.12790410958904,1079.8,878.883333333333,5.2138698630137
"420","NEON.D05.STEI.DP1.00033",2019,55,0.34628,4.12790410958904,1079.8,878.883333333333,5.2138698630137
"421","NEON.D05.STEI.DP1.00033",2019,56,0.34627,4.12790410958904,1079.8,878.883333333333,5.2138698630137
"422","NEON.D05.STEI.DP1.00033",2019,57,0.34614,4.12790410958904,1079.8,878.883333333333,5.2138698630137
"423","NEON.D05.STEI.DP1.00033",2019,58,0.34593,4.12790410958904,1079.8,878.883333333333,5.2138698630137
"424","NEON.D05.STEI.DP1.00033",2019,59,0.34576,4.12790410958904,1079.8,878.883333333333,5.2138698630137
"425","NEON.D05.STEI.DP1.00033",2019,60,0.34555,4.12790410958904,1079.8,878.883333333333,5.2138698630137
"426","NEON.D05.STEI.DP1.00033",2019,61,0.34526,4.12790410958904,1079.8,878.883333333333,5.2138698630137
"427","NEON.D05.STEI.DP1.00033",2019,62,0.34506,4.12790410958904,1079.8,878.883333333333,5.2138698630137
"428","NEON.D05.STEI.DP1.00033",2019,63,0.34494,4.12790410958904,1079.8,878.883333333333,5.2138698630137
"429","NEON.D05.STEI.DP1.00033",2019,64,0.34483,4.12790410958904,1079.8,878.883333333333,5.2138698630137
"430","NEON.D05.STEI.DP1.00033",2019,65,0.34475,4.12790410958904,1079.8,878.883333333333,5.2138698630137
"431","NEON.D05.STEI.DP1.00033",2019,66,0.34473,4.12790410958904,1079.8,878.883333333333,5.2138698630137
"432","NEON.D05.STEI.DP1.00033",2019,67,0.34475,4.12790410958904,1079.8,878.883333333333,5.2138698630137
"433","NEON.D05.STEI.DP1.00033",2019,68,0.34477,4.12790410958904,1079.8,878.883333333333,5.2138698630137
"434","NEON.D05.STEI.DP1.00033",2019,69,0.34481,4.12790410958904,1079.8,878.883333333333,5.2138698630137
"435","NEON.D05.STEI.DP1.00033",2019,70,0.34489,4.12790410958904,1079.8,878.883333333333,5.2138698630137
"436","NEON.D05.STEI.DP1.00033",2019,71,0.34495,4.12790410958904,1079.8,878.883333333333,5.2138698630137
"437","NEON.D05.STEI.DP1.00033",2019,72,0.34501,4.12790410958904,1079.8,878.883333333333,5.2138698630137
"438","NEON.D05.STEI.DP1.00033",2019,73,0.3451,4.12790410958904,1079.8,878.883333333333,5.2138698630137
"439","NEON.D05.STEI.DP1.00033",2019,74,0.34517,4.12790410958904,1079.8,878.883333333333,5.2138698630137
"440","NEON.D05.STEI.DP1.00033",2019,75,0.34521,4.12790410958904,1079.8,878.883333333333,5.2138698630137
"441","NEON.D05.STEI.DP1.00033",2019,76,0.34524,4.12790410958904,1079.8,878.883333333333,5.2138698630137
"442","NEON.D05.STEI.DP1.00033",2019,77,0.34527,4.12790410958904,1079.8,878.883333333333,5.2138698630137
"443","NEON.D05.STEI.DP1.00033",2019,78,0.34534,4.12790410958904,1079.8,878.883333333333,5.2138698630137
"444","NEON.D05.STEI.DP1.00033",2019,79,0.34542,4.12790410958904,1079.8,878.883333333333,5.2138698630137
"445","NEON.D05.STEI.DP1.00033",2019,80,0.34547,4.12790410958904,1079.8,878.883333333333,5.2138698630137
"446","NEON.D05.STEI.DP1.00033",2019,81,0.34551,4.12790410958904,1079.8,878.883333333333,5.2138698630137
"447","NEON.D05.STEI.DP1.00033",2019,82,0.34555,4.12790410958904,1079.8,878.883333333333,5.2138698630137
"448","NEON.D05.STEI.DP1.00033",2019,83,0.34557,4.12790410958904,1079.8,878.883333333333,5.2138698630137
"449","NEON.D05.STEI.DP1.00033",2019,84,0.34556,4.12790410958904,1079.8,878.883333333333,5.2138698630137
"450","NEON.D05.STEI.DP1.00033",2019,85,0.34552,4.12790410958904,1079.8,878.883333333333,5.2138698630137
"451","NEON.D05.STEI.DP1.00033",2019,86,0.34546,4.12790410958904,1079.8,878.883333333333,5.2138698630137
"452","NEON.D05.STEI.DP1.00033",2019,87,0.34543,4.12790410958904,1079.8,878.883333333333,5.2138698630137
"453","NEON.D05.STEI.DP1.00033",2019,88,0.34542,4.12790410958904,1079.8,878.883333333333,5.2138698630137
"454","NEON.D05.STEI.DP1.00033",2019,89,0.34541,4.12790410958904,1079.8,878.883333333333,5.2138698630137
"455","NEON.D05.STEI.DP1.00033",2019,90,0.34537,4.12790410958904,1079.8,878.883333333333,5.2138698630137
"456","NEON.D05.STEI.DP1.00033",2019,91,0.3454,4.12790410958904,1079.8,878.883333333333,5.2138698630137
"457","NEON.D05.STEI.DP1.00033",2019,92,0.34554,4.12790410958904,1079.8,878.883333333333,5.2138698630137
"458","NEON.D05.STEI.DP1.00033",2019,93,0.34574,4.12790410958904,1079.8,878.883333333333,5.2138698630137
"459","NEON.D05.STEI.DP1.00033",2019,94,0.3459,4.12790410958904,1079.8,878.883333333333,5.2138698630137
"460","NEON.D05.STEI.DP1.00033",2019,95,0.34612,4.12790410958904,1079.8,878.883333333333,5.2138698630137
"461","NEON.D05.STEI.DP1.00033",2019,96,0.3464,4.12790410958904,1079.8,878.883333333333,5.2138698630137
"462","NEON.D05.STEI.DP1.00033",2019,97,0.34661,4.12790410958904,1079.8,878.883333333333,5.2138698630137
"463","NEON.D05.STEI.DP1.00033",2019,98,0.34674,4.12790410958904,1079.8,878.883333333333,5.2138698630137
"464","NEON.D05.STEI.DP1.00033",2019,99,0.34689,4.12790410958904,1079.8,878.883333333333,5.2138698630137
"465","NEON.D05.STEI.DP1.00033",2019,100,0.34699,4.12790410958904,1079.8,878.883333333333,5.2138698630137
"466","NEON.D05.STEI.DP1.00033",2019,101,0.34701,4.12790410958904,1079.8,878.883333333333,5.2138698630137
"467","NEON.D05.STEI.DP1.00033",2019,102,0.34698,4.12790410958904,1079.8,878.883333333333,5.2138698630137
"468","NEON.D05.STEI.DP1.00033",2019,103,0.34696,4.12790410958904,1079.8,878.883333333333,5.2138698630137
"469","NEON.D05.STEI.DP1.00033",2019,104,0.34693,4.12790410958904,1079.8,878.883333333333,5.2138698630137
"470","NEON.D05.STEI.DP1.00033",2019,105,0.34686,4.12790410958904,1079.8,878.883333333333,5.2138698630137
"471","NEON.D05.STEI.DP1.00033",2019,106,0.3468,4.12790410958904,1079.8,878.883333333333,5.2138698630137
"472","NEON.D05.STEI.DP1.00033",2019,107,0.34675,4.12790410958904,1079.8,878.883333333333,5.2138698630137
"473","NEON.D05.STEI.DP1.00033",2019,108,0.34668,4.12790410958904,1079.8,878.883333333333,5.2138698630137
"474","NEON.D05.STEI.DP1.00033",2019,109,0.34661,4.12790410958904,1079.8,878.883333333333,5.2138698630137
"475","NEON.D05.STEI.DP1.00033",2019,110,0.34653,4.12790410958904,1079.8,878.883333333333,5.2138698630137
"476","NEON.D05.STEI.DP1.00033",2019,111,0.34646,4.12790410958904,1079.8,878.883333333333,5.2138698630137
"477","NEON.D05.STEI.DP1.00033",2019,112,0.34641,4.12790410958904,1079.8,878.883333333333,5.2138698630137
"478","NEON.D05.STEI.DP1.00033",2019,113,0.34637,4.12790410958904,1079.8,878.883333333333,5.2138698630137
"479","NEON.D05.STEI.DP1.00033",2019,114,0.34632,4.12790410958904,1079.8,878.883333333333,5.2138698630137
"480","NEON.D05.STEI.DP1.00033",2019,115,0.3462,4.12790410958904,1079.8,878.883333333333,5.2138698630137
"481","NEON.D05.STEI.DP1.00033",2019,116,0.34604,4.12790410958904,1079.8,878.883333333333,5.2138698630137
"482","NEON.D05.STEI.DP1.00033",2019,117,0.34592,4.12790410958904,1079.8,878.883333333333,5.2138698630137
"483","NEON.D05.STEI.DP1.00033",2019,118,0.34583,4.12790410958904,1079.8,878.883333333333,5.2138698630137
"484","NEON.D05.STEI.DP1.00033",2019,119,0.34571,4.12790410958904,1079.8,878.883333333333,5.2138698630137
"485","NEON.D05.STEI.DP1.00033",2019,120,0.34565,4.12790410958904,1079.8,878.883333333333,5.2138698630137
"486","NEON.D05.STEI.DP1.00033",2019,121,0.34548,4.12790410958904,1079.8,878.883333333333,5.2138698630137
"487","NEON.D05.STEI.DP1.00033",2019,122,0.34519,4.12790410958904,1079.8,878.883333333333,5.2138698630137
"488","NEON.D05.STEI.DP1.00033",2019,123,0.34515,4.12790410958904,1079.8,878.883333333333,5.2138698630137
"489","NEON.D05.STEI.DP1.00033",2019,124,0.34456,4.12790410958904,1079.8,878.883333333333,5.2138698630137
"490","NEON.D05.STEI.DP1.00033",2019,125,0.34345,4.12790410958904,1079.8,878.883333333333,5.2138698630137
"491","NEON.D05.STEI.DP1.00033",2019,126,0.34345,4.12790410958904,1079.8,878.883333333333,5.2138698630137
"492","NEON.D05.STEI.DP1.00033",2019,127,0.34408,4.12790410958904,1079.8,878.883333333333,5.2138698630137
"493","NEON.D05.STEI.DP1.00033",2019,128,0.34462,4.12790410958904,1079.8,878.883333333333,5.2138698630137
"494","NEON.D05.STEI.DP1.00033",2019,129,0.34634,4.12790410958904,1079.8,878.883333333333,5.2138698630137
"495","NEON.D05.STEI.DP1.00033",2019,130,0.34974,4.12790410958904,1079.8,878.883333333333,5.2138698630137
"496","NEON.D05.STEI.DP1.00033",2019,131,0.3542,4.12790410958904,1079.8,878.883333333333,5.2138698630137
"497","NEON.D05.STEI.DP1.00033",2019,132,0.35932,4.12790410958904,1079.8,878.883333333333,5.2138698630137
"498","NEON.D05.STEI.DP1.00033",2019,133,0.36469,4.12790410958904,1079.8,878.883333333333,5.2138698630137
"499","NEON.D05.STEI.DP1.00033",2019,134,0.36991,4.12790410958904,1079.8,878.883333333333,5.2138698630137
"500","NEON.D05.STEI.DP1.00033",2019,135,0.37582,4.12790410958904,1079.8,878.883333333333,5.2138698630137
"501","NEON.D05.STEI.DP1.00033",2019,136,0.38262,4.12790410958904,1079.8,878.883333333333,5.2138698630137
"502","NEON.D05.STEI.DP1.00033",2019,137,0.38897,4.12790410958904,1079.8,878.883333333333,5.2138698630137
"503","NEON.D05.STEI.DP1.00033",2019,138,0.39524,4.12790410958904,1079.8,878.883333333333,5.2138698630137
"504","NEON.D05.STEI.DP1.00033",2019,139,0.40201,4.12790410958904,1079.8,878.883333333333,5.2138698630137
"505","NEON.D05.STEI.DP1.00033",2019,140,0.40826,4.12790410958904,1079.8,878.883333333333,5.2138698630137
"506","NEON.D05.STEI.DP1.00033",2019,141,0.41414,4.12790410958904,1079.8,878.883333333333,5.2138698630137
"507","NEON.D05.STEI.DP1.00033",2019,142,0.42005,4.12790410958904,1079.8,878.883333333333,5.2138698630137
"508","NEON.D05.STEI.DP1.00033",2019,143,0.42536,4.12790410958904,1079.8,878.883333333333,5.2138698630137
"509","NEON.D05.STEI.DP1.00033",2019,144,0.43024,4.12790410958904,1079.8,878.883333333333,5.2138698630137
"510","NEON.D05.STEI.DP1.00033",2019,145,0.43497,4.12790410958904,1079.8,878.883333333333,5.2138698630137
"511","NEON.D05.STEI.DP1.00033",2019,146,0.43906,4.12790410958904,1079.8,878.883333333333,5.2138698630137
"512","NEON.D05.STEI.DP1.00033",2019,147,0.44321,4.12790410958904,1079.8,878.883333333333,5.2138698630137
"513","NEON.D05.STEI.DP1.00033",2019,148,0.44755,4.12790410958904,1079.8,878.883333333333,5.2138698630137
"514","NEON.D05.STEI.DP1.00033",2019,149,0.4507,4.12790410958904,1079.8,878.883333333333,5.2138698630137
"515","NEON.D05.STEI.DP1.00033",2019,150,0.45237,4.12790410958904,1079.8,878.883333333333,5.2138698630137
"516","NEON.D05.STEI.DP1.00033",2019,151,0.45333,4.12790410958904,1079.8,878.883333333333,5.2138698630137
"517","NEON.D05.STEI.DP1.00033",2019,152,0.45378,4.12790410958904,1079.8,878.883333333333,5.2138698630137
"518","NEON.D05.STEI.DP1.00033",2019,153,0.45276,4.12790410958904,1079.8,878.883333333333,5.2138698630137
"519","NEON.D05.STEI.DP1.00033",2019,154,0.45039,4.12790410958904,1079.8,878.883333333333,5.2138698630137
"520","NEON.D05.STEI.DP1.00033",2019,155,0.4485,4.12790410958904,1079.8,878.883333333333,5.2138698630137
"521","NEON.D05.STEI.DP1.00033",2019,156,0.44653,4.12790410958904,1079.8,878.883333333333,5.2138698630137
"522","NEON.D05.STEI.DP1.00033",2019,157,0.44366,4.12790410958904,1079.8,878.883333333333,5.2138698630137
"523","NEON.D05.STEI.DP1.00033",2019,158,0.4414,4.12790410958904,1079.8,878.883333333333,5.2138698630137
"524","NEON.D05.STEI.DP1.00033",2019,159,0.43966,4.12790410958904,1079.8,878.883333333333,5.2138698630137
"525","NEON.D05.STEI.DP1.00033",2019,160,0.43772,4.12790410958904,1079.8,878.883333333333,5.2138698630137
"526","NEON.D05.STEI.DP1.00033",2019,161,0.43609,4.12790410958904,1079.8,878.883333333333,5.2138698630137
"527","NEON.D05.STEI.DP1.00033",2019,162,0.4349,4.12790410958904,1079.8,878.883333333333,5.2138698630137
"528","NEON.D05.STEI.DP1.00033",2019,163,0.43387,4.12790410958904,1079.8,878.883333333333,5.2138698630137
"529","NEON.D05.STEI.DP1.00033",2019,164,0.43293,4.12790410958904,1079.8,878.883333333333,5.2138698630137
"530","NEON.D05.STEI.DP1.00033",2019,165,0.43228,4.12790410958904,1079.8,878.883333333333,5.2138698630137
"531","NEON.D05.STEI.DP1.00033",2019,166,0.43193,4.12790410958904,1079.8,878.883333333333,5.2138698630137
"532","NEON.D05.STEI.DP1.00033",2019,167,0.43152,4.12790410958904,1079.8,878.883333333333,5.2138698630137
"533","NEON.D05.STEI.DP1.00033",2019,168,0.43097,4.12790410958904,1079.8,878.883333333333,5.2138698630137
"534","NEON.D05.STEI.DP1.00033",2019,169,0.43049,4.12790410958904,1079.8,878.883333333333,5.2138698630137
"535","NEON.D05.STEI.DP1.00033",2019,170,0.43002,4.12790410958904,1079.8,878.883333333333,5.2138698630137
"536","NEON.D05.STEI.DP1.00033",2019,171,0.42949,4.12790410958904,1079.8,878.883333333333,5.2138698630137
"537","NEON.D05.STEI.DP1.00033",2019,172,0.42892,4.12790410958904,1079.8,878.883333333333,5.2138698630137
"538","NEON.D05.STEI.DP1.00033",2019,173,0.42849,4.12790410958904,1079.8,878.883333333333,5.2138698630137
"539","NEON.D05.STEI.DP1.00033",2019,174,0.4284,4.12790410958904,1079.8,878.883333333333,5.2138698630137
"540","NEON.D05.STEI.DP1.00033",2019,175,0.42852,4.12790410958904,1079.8,878.883333333333,5.2138698630137
"541","NEON.D05.STEI.DP1.00033",2019,176,0.4285,4.12790410958904,1079.8,878.883333333333,5.2138698630137
"542","NEON.D05.STEI.DP1.00033",2019,177,0.42842,4.12790410958904,1079.8,878.883333333333,5.2138698630137
"543","NEON.D05.STEI.DP1.00033",2019,178,0.42851,4.12790410958904,1079.8,878.883333333333,5.2138698630137
"544","NEON.D05.STEI.DP1.00033",2019,179,0.42861,4.12790410958904,1079.8,878.883333333333,5.2138698630137
"545","NEON.D05.STEI.DP1.00033",2019,180,0.42854,4.12790410958904,1079.8,878.883333333333,5.2138698630137
"546","NEON.D05.STEI.DP1.00033",2019,181,0.42815,4.12790410958904,1079.8,878.883333333333,5.2138698630137
"547","NEON.D05.STEI.DP1.00033",2019,182,0.42737,4.12790410958904,1079.8,878.883333333333,5.2138698630137
"548","NEON.D05.STEI.DP1.00033",2019,183,0.42638,4.12790410958904,1079.8,878.883333333333,5.2138698630137
"549","NEON.D05.STEI.DP1.00033",2019,184,0.4254,4.12790410958904,1079.8,878.883333333333,5.2138698630137
"550","NEON.D05.STEI.DP1.00033",2019,185,0.42407,4.12790410958904,1079.8,878.883333333333,5.2138698630137
"551","NEON.D05.STEI.DP1.00033",2019,186,0.42238,4.12790410958904,1079.8,878.883333333333,5.2138698630137
"552","NEON.D05.STEI.DP1.00033",2019,187,0.42104,4.12790410958904,1079.8,878.883333333333,5.2138698630137
"553","NEON.D05.STEI.DP1.00033",2019,188,0.41967,4.12790410958904,1079.8,878.883333333333,5.2138698630137
"554","NEON.D05.STEI.DP1.00033",2019,189,0.41799,4.12790410958904,1079.8,878.883333333333,5.2138698630137
"555","NEON.D05.STEI.DP1.00033",2019,190,0.41686,4.12790410958904,1079.8,878.883333333333,5.2138698630137
"556","NEON.D05.STEI.DP1.00033",2019,191,0.41646,4.12790410958904,1079.8,878.883333333333,5.2138698630137
"557","NEON.D05.STEI.DP1.00033",2019,192,0.41629,4.12790410958904,1079.8,878.883333333333,5.2138698630137
"558","NEON.D05.STEI.DP1.00033",2019,193,0.41623,4.12790410958904,1079.8,878.883333333333,5.2138698630137
"559","NEON.D05.STEI.DP1.00033",2019,194,0.41683,4.12790410958904,1079.8,878.883333333333,5.2138698630137
"560","NEON.D05.STEI.DP1.00033",2019,195,0.41802,4.12790410958904,1079.8,878.883333333333,5.2138698630137
"561","NEON.D05.STEI.DP1.00033",2019,196,0.41874,4.12790410958904,1079.8,878.883333333333,5.2138698630137
"562","NEON.D05.STEI.DP1.00033",2019,197,0.41927,4.12790410958904,1079.8,878.883333333333,5.2138698630137
"563","NEON.D05.STEI.DP1.00033",2019,198,0.42008,4.12790410958904,1079.8,878.883333333333,5.2138698630137
"564","NEON.D05.STEI.DP1.00033",2019,199,0.42048,4.12790410958904,1079.8,878.883333333333,5.2138698630137
"565","NEON.D05.STEI.DP1.00033",2019,200,0.42033,4.12790410958904,1079.8,878.883333333333,5.2138698630137
"566","NEON.D05.STEI.DP1.00033",2019,201,0.41995,4.12790410958904,1079.8,878.883333333333,5.2138698630137
"567","NEON.D05.STEI.DP1.00033",2019,202,0.4194,4.12790410958904,1079.8,878.883333333333,5.2138698630137
"568","NEON.D05.STEI.DP1.00033",2019,203,0.41875,4.12790410958904,1079.8,878.883333333333,5.2138698630137
"569","NEON.D05.STEI.DP1.00033",2019,204,0.41804,4.12790410958904,1079.8,878.883333333333,5.2138698630137
"570","NEON.D05.STEI.DP1.00033",2019,205,0.41671,4.12790410958904,1079.8,878.883333333333,5.2138698630137
"571","NEON.D05.STEI.DP1.00033",2019,206,0.41483,4.12790410958904,1079.8,878.883333333333,5.2138698630137
"572","NEON.D05.STEI.DP1.00033",2019,207,0.41348,4.12790410958904,1079.8,878.883333333333,5.2138698630137
"573","NEON.D05.STEI.DP1.00033",2019,208,0.41269,4.12790410958904,1079.8,878.883333333333,5.2138698630137
"574","NEON.D05.STEI.DP1.00033",2019,209,0.4119,4.12790410958904,1079.8,878.883333333333,5.2138698630137
"575","NEON.D05.STEI.DP1.00033",2019,210,0.41132,4.12790410958904,1079.8,878.883333333333,5.2138698630137
"576","NEON.D05.STEI.DP1.00033",2019,211,0.41124,4.12790410958904,1079.8,878.883333333333,5.2138698630137
"577","NEON.D05.STEI.DP1.00033",2019,212,0.4115,4.12790410958904,1079.8,878.883333333333,5.2138698630137
"578","NEON.D05.STEI.DP1.00033",2019,213,0.41162,4.12790410958904,1079.8,878.883333333333,5.2138698630137
"579","NEON.D05.STEI.DP1.00033",2019,214,0.41163,4.12790410958904,1079.8,878.883333333333,5.2138698630137
"580","NEON.D05.STEI.DP1.00033",2019,215,0.41176,4.12790410958904,1079.8,878.883333333333,5.2138698630137
"581","NEON.D05.STEI.DP1.00033",2019,216,0.41186,4.12790410958904,1079.8,878.883333333333,5.2138698630137
"582","NEON.D05.STEI.DP1.00033",2019,217,0.41207,4.12790410958904,1079.8,878.883333333333,5.2138698630137
"583","NEON.D05.STEI.DP1.00033",2019,218,0.41242,4.12790410958904,1079.8,878.883333333333,5.2138698630137
"584","NEON.D05.STEI.DP1.00033",2019,219,0.41264,4.12790410958904,1079.8,878.883333333333,5.2138698630137
"585","NEON.D05.STEI.DP1.00033",2019,220,0.41279,4.12790410958904,1079.8,878.883333333333,5.2138698630137
"586","NEON.D05.STEI.DP1.00033",2019,221,0.41299,4.12790410958904,1079.8,878.883333333333,5.2138698630137
"587","NEON.D05.STEI.DP1.00033",2019,222,0.41303,4.12790410958904,1079.8,878.883333333333,5.2138698630137
"588","NEON.D05.STEI.DP1.00033",2019,223,0.41278,4.12790410958904,1079.8,878.883333333333,5.2138698630137
"589","NEON.D05.STEI.DP1.00033",2019,224,0.41237,4.12790410958904,1079.8,878.883333333333,5.2138698630137
"590","NEON.D05.STEI.DP1.00033",2019,225,0.41188,4.12790410958904,1079.8,878.883333333333,5.2138698630137
"591","NEON.D05.STEI.DP1.00033",2019,226,0.41141,4.12790410958904,1079.8,878.883333333333,5.2138698630137
"592","NEON.D05.STEI.DP1.00033",2019,227,0.41106,4.12790410958904,1079.8,878.883333333333,5.2138698630137
"593","NEON.D05.STEI.DP1.00033",2019,228,0.41077,4.12790410958904,1079.8,878.883333333333,5.2138698630137
"594","NEON.D05.STEI.DP1.00033",2019,229,0.41047,4.12790410958904,1079.8,878.883333333333,5.2138698630137
"595","NEON.D05.STEI.DP1.00033",2019,230,0.41022,4.12790410958904,1079.8,878.883333333333,5.2138698630137
"596","NEON.D05.STEI.DP1.00033",2019,231,0.40998,4.12790410958904,1079.8,878.883333333333,5.2138698630137
"597","NEON.D05.STEI.DP1.00033",2019,232,0.4097,4.12790410958904,1079.8,878.883333333333,5.2138698630137
"598","NEON.D05.STEI.DP1.00033",2019,233,0.40944,4.12790410958904,1079.8,878.883333333333,5.2138698630137
"599","NEON.D05.STEI.DP1.00033",2019,234,0.40923,4.12790410958904,1079.8,878.883333333333,5.2138698630137
"600","NEON.D05.STEI.DP1.00033",2019,235,0.40906,4.12790410958904,1079.8,878.883333333333,5.2138698630137
"601","NEON.D05.STEI.DP1.00033",2019,236,0.40891,4.12790410958904,1079.8,878.883333333333,5.2138698630137
"602","NEON.D05.STEI.DP1.00033",2019,237,0.40883,4.12790410958904,1079.8,878.883333333333,5.2138698630137
"603","NEON.D05.STEI.DP1.00033",2019,238,0.40882,4.12790410958904,1079.8,878.883333333333,5.2138698630137
"604","NEON.D05.STEI.DP1.00033",2019,239,0.40881,4.12790410958904,1079.8,878.883333333333,5.2138698630137
"605","NEON.D05.STEI.DP1.00033",2019,240,0.40876,4.12790410958904,1079.8,878.883333333333,5.2138698630137
"606","NEON.D05.STEI.DP1.00033",2019,241,0.40871,4.12790410958904,1079.8,878.883333333333,5.2138698630137
"607","NEON.D05.STEI.DP1.00033",2019,242,0.40868,4.12790410958904,1079.8,878.883333333333,5.2138698630137
"608","NEON.D05.STEI.DP1.00033",2019,243,0.4086,4.12790410958904,1079.8,878.883333333333,5.2138698630137
"609","NEON.D05.STEI.DP1.00033",2019,244,0.40848,4.12790410958904,1079.8,878.883333333333,5.2138698630137
"610","NEON.D05.STEI.DP1.00033",2019,245,0.40843,4.12790410958904,1079.8,878.883333333333,5.2138698630137
"611","NEON.D05.STEI.DP1.00033",2019,246,0.40896,4.12790410958904,1079.8,878.883333333333,5.2138698630137
"612","NEON.D05.STEI.DP1.00033",2019,247,0.40986,4.12790410958904,1079.8,878.883333333333,5.2138698630137
"613","NEON.D05.STEI.DP1.00033",2019,248,0.41022,4.12790410958904,1079.8,878.883333333333,5.2138698630137
"614","NEON.D05.STEI.DP1.00033",2019,249,0.41077,4.12790410958904,1079.8,878.883333333333,5.2138698630137
"615","NEON.D05.STEI.DP1.00033",2019,250,0.41179,4.12790410958904,1079.8,878.883333333333,5.2138698630137
"616","NEON.D05.STEI.DP1.00033",2019,251,0.41171,4.12790410958904,1079.8,878.883333333333,5.2138698630137
"617","NEON.D05.STEI.DP1.00033",2019,252,0.41032,4.12790410958904,1079.8,878.883333333333,5.2138698630137
"618","NEON.D05.STEI.DP1.00033",2019,253,0.40849,4.12790410958904,1079.8,878.883333333333,5.2138698630137
"619","NEON.D05.STEI.DP1.00033",2019,254,0.40627,4.12790410958904,1079.8,878.883333333333,5.2138698630137
"620","NEON.D05.STEI.DP1.00033",2019,255,0.4029,4.12790410958904,1079.8,878.883333333333,5.2138698630137
"621","NEON.D05.STEI.DP1.00033",2019,256,0.39856,4.12790410958904,1079.8,878.883333333333,5.2138698630137
"622","NEON.D05.STEI.DP1.00033",2019,257,0.39472,4.12790410958904,1079.8,878.883333333333,5.2138698630137
"623","NEON.D05.STEI.DP1.00033",2019,258,0.39062,4.12790410958904,1079.8,878.883333333333,5.2138698630137
"624","NEON.D05.STEI.DP1.00033",2019,259,0.38565,4.12790410958904,1079.8,878.883333333333,5.2138698630137
"625","NEON.D05.STEI.DP1.00033",2019,260,0.38154,4.12790410958904,1079.8,878.883333333333,5.2138698630137
"626","NEON.D05.STEI.DP1.00033",2019,261,0.37801,4.12790410958904,1079.8,878.883333333333,5.2138698630137
"627","NEON.D05.STEI.DP1.00033",2019,262,0.37422,4.12790410958904,1079.8,878.883333333333,5.2138698630137
"628","NEON.D05.STEI.DP1.00033",2019,263,0.37108,4.12790410958904,1079.8,878.883333333333,5.2138698630137
"629","NEON.D05.STEI.DP1.00033",2019,264,0.36925,4.12790410958904,1079.8,878.883333333333,5.2138698630137
"630","NEON.D05.STEI.DP1.00033",2019,265,0.36815,4.12790410958904,1079.8,878.883333333333,5.2138698630137
"631","NEON.D05.STEI.DP1.00033",2019,266,0.36682,4.12790410958904,1079.8,878.883333333333,5.2138698630137
"632","NEON.D05.STEI.DP1.00033",2019,267,0.36577,4.12790410958904,1079.8,878.883333333333,5.2138698630137
"633","NEON.D05.STEI.DP1.00033",2019,268,0.36541,4.12790410958904,1079.8,878.883333333333,5.2138698630137
"634","NEON.D05.STEI.DP1.00033",2019,269,0.36458,4.12790410958904,1079.8,878.883333333333,5.2138698630137
"635","NEON.D05.STEI.DP1.00033",2019,270,0.36296,4.12790410958904,1079.8,878.883333333333,5.2138698630137
"636","NEON.D05.STEI.DP1.00033",2019,271,0.36111,4.12790410958904,1079.8,878.883333333333,5.2138698630137
"637","NEON.D05.STEI.DP1.00033",2019,272,0.35918,4.12790410958904,1079.8,878.883333333333,5.2138698630137
"638","NEON.D05.STEI.DP1.00033",2019,273,0.35733,4.12790410958904,1079.8,878.883333333333,5.2138698630137
"639","NEON.D05.STEI.DP1.00033",2019,274,0.35571,4.12790410958904,1079.8,878.883333333333,5.2138698630137
"640","NEON.D05.STEI.DP1.00033",2019,275,0.35403,4.12790410958904,1079.8,878.883333333333,5.2138698630137
"641","NEON.D05.STEI.DP1.00033",2019,276,0.35221,4.12790410958904,1079.8,878.883333333333,5.2138698630137
"642","NEON.D05.STEI.DP1.00033",2019,277,0.35075,4.12790410958904,1079.8,878.883333333333,5.2138698630137
"643","NEON.D05.STEI.DP1.00033",2019,278,0.34973,4.12790410958904,1079.8,878.883333333333,5.2138698630137
"644","NEON.D05.STEI.DP1.00033",2019,279,0.34888,4.12790410958904,1079.8,878.883333333333,5.2138698630137
"645","NEON.D05.STEI.DP1.00033",2019,280,0.34816,4.12790410958904,1079.8,878.883333333333,5.2138698630137
"646","NEON.D05.STEI.DP1.00033",2019,281,0.34785,4.12790410958904,1079.8,878.883333333333,5.2138698630137
"647","NEON.D05.STEI.DP1.00033",2019,282,0.34791,4.12790410958904,1079.8,878.883333333333,5.2138698630137
"648","NEON.D05.STEI.DP1.00033",2019,283,0.34785,4.12790410958904,1079.8,878.883333333333,5.2138698630137
"649","NEON.D05.STEI.DP1.00033",2019,284,0.34781,4.12790410958904,1079.8,878.883333333333,5.2138698630137
"650","NEON.D05.STEI.DP1.00033",2019,285,0.34801,4.12790410958904,1079.8,878.883333333333,5.2138698630137
"651","NEON.D05.STEI.DP1.00033",2019,286,0.34805,4.12790410958904,1079.8,878.883333333333,5.2138698630137
"652","NEON.D05.STEI.DP1.00033",2019,287,0.34786,4.12790410958904,1079.8,878.883333333333,5.2138698630137
"653","NEON.D05.STEI.DP1.00033",2019,288,0.34766,4.12790410958904,1079.8,878.883333333333,5.2138698630137
"654","NEON.D05.STEI.DP1.00033",2019,289,0.34745,4.12790410958904,1079.8,878.883333333333,5.2138698630137
"655","NEON.D05.STEI.DP1.00033",2019,290,0.34718,4.12790410958904,1079.8,878.883333333333,5.2138698630137
"656","NEON.D05.STEI.DP1.00033",2019,291,0.34687,4.12790410958904,1079.8,878.883333333333,5.2138698630137
"657","NEON.D05.STEI.DP1.00033",2019,292,0.34659,4.12790410958904,1079.8,878.883333333333,5.2138698630137
"658","NEON.D05.STEI.DP1.00033",2019,293,0.34633,4.12790410958904,1079.8,878.883333333333,5.2138698630137
"659","NEON.D05.STEI.DP1.00033",2019,294,0.34605,4.12790410958904,1079.8,878.883333333333,5.2138698630137
"660","NEON.D05.STEI.DP1.00033",2019,295,0.34576,4.12790410958904,1079.8,878.883333333333,5.2138698630137
"661","NEON.D05.STEI.DP1.00033",2019,296,0.34549,4.12790410958904,1079.8,878.883333333333,5.2138698630137
"662","NEON.D05.STEI.DP1.00033",2019,297,0.34528,4.12790410958904,1079.8,878.883333333333,5.2138698630137
"663","NEON.D05.STEI.DP1.00033",2019,298,0.34511,4.12790410958904,1079.8,878.883333333333,5.2138698630137
"664","NEON.D05.STEI.DP1.00033",2019,299,0.34496,4.12790410958904,1079.8,878.883333333333,5.2138698630137
"665","NEON.D05.STEI.DP1.00033",2019,300,0.34483,4.12790410958904,1079.8,878.883333333333,5.2138698630137
"666","NEON.D05.STEI.DP1.00033",2019,301,0.34474,4.12790410958904,1079.8,878.883333333333,5.2138698630137
"667","NEON.D05.STEI.DP1.00033",2019,302,0.34469,4.12790410958904,1079.8,878.883333333333,5.2138698630137
"668","NEON.D05.STEI.DP1.00033",2019,303,0.34463,4.12790410958904,1079.8,878.883333333333,5.2138698630137
"669","NEON.D05.STEI.DP1.00033",2019,304,0.34459,4.12790410958904,1079.8,878.883333333333,5.2138698630137
"670","NEON.D05.STEI.DP1.00033",2019,305,0.34457,4.12790410958904,1079.8,878.883333333333,5.2138698630137
"671","NEON.D05.STEI.DP1.00033",2019,306,0.34455,4.12790410958904,1079.8,878.883333333333,5.2138698630137
"672","NEON.D05.STEI.DP1.00033",2019,307,0.34451,4.12790410958904,1079.8,878.883333333333,5.2138698630137
"673","NEON.D05.STEI.DP1.00033",2019,308,0.34448,4.12790410958904,1079.8,878.883333333333,5.2138698630137
"674","NEON.D05.STEI.DP1.00033",2019,309,0.34446,4.12790410958904,1079.8,878.883333333333,5.2138698630137
"675","NEON.D05.STEI.DP1.00033",2019,310,0.34448,4.12790410958904,1079.8,878.883333333333,5.2138698630137
"676","NEON.D05.STEI.DP1.00033",2019,311,0.34452,4.12790410958904,1079.8,878.883333333333,5.2138698630137
"677","NEON.D05.STEI.DP1.00033",2019,312,0.34456,4.12790410958904,1079.8,878.883333333333,5.2138698630137
"678","NEON.D05.STEI.DP1.00033",2019,313,0.34462,4.12790410958904,1079.8,878.883333333333,5.2138698630137
"679","NEON.D05.STEI.DP1.00033",2019,314,0.3447,4.12790410958904,1079.8,878.883333333333,5.2138698630137
"680","NEON.D05.STEI.DP1.00033",2019,315,0.34477,4.12790410958904,1079.8,878.883333333333,5.2138698630137
"681","NEON.D05.STEI.DP1.00033",2019,316,0.34481,4.12790410958904,1079.8,878.883333333333,5.2138698630137
"682","NEON.D05.STEI.DP1.00033",2019,317,0.34484,4.12790410958904,1079.8,878.883333333333,5.2138698630137
"683","NEON.D05.STEI.DP1.00033",2019,318,0.34487,4.12790410958904,1079.8,878.883333333333,5.2138698630137
"684","NEON.D05.STEI.DP1.00033",2019,319,0.34491,4.12790410958904,1079.8,878.883333333333,5.2138698630137
"685","NEON.D05.STEI.DP1.00033",2019,320,0.34493,4.12790410958904,1079.8,878.883333333333,5.2138698630137
"686","NEON.D05.STEI.DP1.00033",2019,321,0.34492,4.12790410958904,1079.8,878.883333333333,5.2138698630137
"687","NEON.D05.STEI.DP1.00033",2019,322,0.34487,4.12790410958904,1079.8,878.883333333333,5.2138698630137
"688","NEON.D05.STEI.DP1.00033",2019,323,0.34487,4.12790410958904,1079.8,878.883333333333,5.2138698630137
"689","NEON.D05.STEI.DP1.00033",2019,324,0.34493,4.12790410958904,1079.8,878.883333333333,5.2138698630137
"690","NEON.D05.STEI.DP1.00033",2019,325,0.345,4.12790410958904,1079.8,878.883333333333,5.2138698630137
"691","NEON.D05.STEI.DP1.00033",2019,326,0.34509,4.12790410958904,1079.8,878.883333333333,5.2138698630137
"692","NEON.D05.STEI.DP1.00033",2019,327,0.34526,4.12790410958904,1079.8,878.883333333333,5.2138698630137
"693","NEON.D05.STEI.DP1.00033",2019,328,0.34549,4.12790410958904,1079.8,878.883333333333,5.2138698630137
"694","NEON.D05.STEI.DP1.00033",2019,329,0.34566,4.12790410958904,1079.8,878.883333333333,5.2138698630137
"695","NEON.D05.STEI.DP1.00033",2019,330,0.34582,4.12790410958904,1079.8,878.883333333333,5.2138698630137
"696","NEON.D05.STEI.DP1.00033",2019,331,0.34602,4.12790410958904,1079.8,878.883333333333,5.2138698630137
"697","NEON.D05.STEI.DP1.00033",2019,332,0.34615,4.12790410958904,1079.8,878.883333333333,5.2138698630137
"698","NEON.D05.STEI.DP1.00033",2019,333,0.34619,4.12790410958904,1079.8,878.883333333333,5.2138698630137
"699","NEON.D05.STEI.DP1.00033",2019,334,0.34621,4.12790410958904,1079.8,878.883333333333,5.2138698630137
"700","NEON.D05.STEI.DP1.00033",2019,335,0.34622,4.12790410958904,1079.8,878.883333333333,5.2138698630137
"701","NEON.D05.STEI.DP1.00033",2019,336,0.34616,4.12790410958904,1079.8,878.883333333333,5.2138698630137
"702","NEON.D05.STEI.DP1.00033",2019,337,0.34602,4.12790410958904,1079.8,878.883333333333,5.2138698630137
"703","NEON.D05.STEI.DP1.00033",2019,338,0.34593,4.12790410958904,1079.8,878.883333333333,5.2138698630137
"704","NEON.D05.STEI.DP1.00033",2019,339,0.34585,4.12790410958904,1079.8,878.883333333333,5.2138698630137
"705","NEON.D05.STEI.DP1.00033",2019,340,0.34572,4.12790410958904,1079.8,878.883333333333,5.2138698630137
"706","NEON.D05.STEI.DP1.00033",2019,341,0.34563,4.12790410958904,1079.8,878.883333333333,5.2138698630137
"707","NEON.D05.STEI.DP1.00033",2019,342,0.34563,4.12790410958904,1079.8,878.883333333333,5.2138698630137
"708","NEON.D05.STEI.DP1.00033",2019,343,0.34566,4.12790410958904,1079.8,878.883333333333,5.2138698630137
"709","NEON.D05.STEI.DP1.00033",2019,344,0.34567,4.12790410958904,1079.8,878.883333333333,5.2138698630137
"710","NEON.D05.STEI.DP1.00033",2019,345,0.34569,4.12790410958904,1079.8,878.883333333333,5.2138698630137
"711","NEON.D05.STEI.DP1.00033",2019,346,0.34575,4.12790410958904,1079.8,878.883333333333,5.2138698630137
"712","NEON.D05.STEI.DP1.00033",2019,347,0.34577,4.12790410958904,1079.8,878.883333333333,5.2138698630137
"713","NEON.D05.STEI.DP1.00033",2019,348,0.34575,4.12790410958904,1079.8,878.883333333333,5.2138698630137
"714","NEON.D05.STEI.DP1.00033",2019,349,0.34572,4.12790410958904,1079.8,878.883333333333,5.2138698630137
"715","NEON.D05.STEI.DP1.00033",2019,350,0.34567,4.12790410958904,1079.8,878.883333333333,5.2138698630137
"716","NEON.D05.STEI.DP1.00033",2019,351,0.34556,4.12790410958904,1079.8,878.883333333333,5.2138698630137
"717","NEON.D05.STEI.DP1.00033",2019,352,0.3454,4.12790410958904,1079.8,878.883333333333,5.2138698630137
"718","NEON.D05.STEI.DP1.00033",2019,353,0.34526,4.12790410958904,1079.8,878.883333333333,5.2138698630137
"719","NEON.D05.STEI.DP1.00033",2019,354,0.34506,4.12790410958904,1079.8,878.883333333333,5.2138698630137
"720","NEON.D05.STEI.DP1.00033",2019,355,0.34479,4.12790410958904,1079.8,878.883333333333,5.2138698630137
"721","NEON.D05.STEI.DP1.00033",2019,356,0.34462,4.12790410958904,1079.8,878.883333333333,5.2138698630137
"722","NEON.D05.STEI.DP1.00033",2019,357,0.34455,4.12790410958904,1079.8,878.883333333333,5.2138698630137
"723","NEON.D05.STEI.DP1.00033",2019,358,0.34448,4.12790410958904,1079.8,878.883333333333,5.2138698630137
"724","NEON.D05.STEI.DP1.00033",2019,359,0.34446,4.12790410958904,1079.8,878.883333333333,5.2138698630137
"725","NEON.D05.STEI.DP1.00033",2019,360,0.34454,4.12790410958904,1079.8,878.883333333333,5.2138698630137
"726","NEON.D05.STEI.DP1.00033",2019,361,0.34468,4.12790410958904,1079.8,878.883333333333,5.2138698630137
"727","NEON.D05.STEI.DP1.00033",2019,362,0.34481,4.12790410958904,1079.8,878.883333333333,5.2138698630137
"728","NEON.D05.STEI.DP1.00033",2019,363,0.34496,4.12790410958904,1079.8,878.883333333333,5.2138698630137
"729","NEON.D05.STEI.DP1.00033",2019,364,0.3452,4.12790410958904,1079.8,878.883333333333,5.2138698630137
"730","NEON.D05.STEI.DP1.00033",2019,365,0.34547,4.12790410958904,1079.8,878.883333333333,5.2138698630137
"731","NEON.D05.STEI.DP1.00033",2020,1,0.34571,5.45806849315068,928.23,878.883333333333,5.2138698630137
"732","NEON.D05.STEI.DP1.00033",2020,2,0.34587,5.45806849315068,928.23,878.883333333333,5.2138698630137
"733","NEON.D05.STEI.DP1.00033",2020,3,0.346,5.45806849315068,928.23,878.883333333333,5.2138698630137
"734","NEON.D05.STEI.DP1.00033",2020,4,0.34614,5.45806849315068,928.23,878.883333333333,5.2138698630137
"735","NEON.D05.STEI.DP1.00033",2020,5,0.34621,5.45806849315068,928.23,878.883333333333,5.2138698630137
"736","NEON.D05.STEI.DP1.00033",2020,6,0.34612,5.45806849315068,928.23,878.883333333333,5.2138698630137
"737","NEON.D05.STEI.DP1.00033",2020,7,0.34591,5.45806849315068,928.23,878.883333333333,5.2138698630137
"738","NEON.D05.STEI.DP1.00033",2020,8,0.34576,5.45806849315068,928.23,878.883333333333,5.2138698630137
"739","NEON.D05.STEI.DP1.00033",2020,9,0.34557,5.45806849315068,928.23,878.883333333333,5.2138698630137
"740","NEON.D05.STEI.DP1.00033",2020,10,0.3453,5.45806849315068,928.23,878.883333333333,5.2138698630137
"741","NEON.D05.STEI.DP1.00033",2020,11,0.34511,5.45806849315068,928.23,878.883333333333,5.2138698630137
"742","NEON.D05.STEI.DP1.00033",2020,12,0.34499,5.45806849315068,928.23,878.883333333333,5.2138698630137
"743","NEON.D05.STEI.DP1.00033",2020,13,0.34486,5.45806849315068,928.23,878.883333333333,5.2138698630137
"744","NEON.D05.STEI.DP1.00033",2020,14,0.34479,5.45806849315068,928.23,878.883333333333,5.2138698630137
"745","NEON.D05.STEI.DP1.00033",2020,15,0.34482,5.45806849315068,928.23,878.883333333333,5.2138698630137
"746","NEON.D05.STEI.DP1.00033",2020,16,0.34491,5.45806849315068,928.23,878.883333333333,5.2138698630137
"747","NEON.D05.STEI.DP1.00033",2020,17,0.34499,5.45806849315068,928.23,878.883333333333,5.2138698630137
"748","NEON.D05.STEI.DP1.00033",2020,18,0.34515,5.45806849315068,928.23,878.883333333333,5.2138698630137
"749","NEON.D05.STEI.DP1.00033",2020,19,0.34539,5.45806849315068,928.23,878.883333333333,5.2138698630137
"750","NEON.D05.STEI.DP1.00033",2020,20,0.34554,5.45806849315068,928.23,878.883333333333,5.2138698630137
"751","NEON.D05.STEI.DP1.00033",2020,21,0.34559,5.45806849315068,928.23,878.883333333333,5.2138698630137
"752","NEON.D05.STEI.DP1.00033",2020,22,0.34564,5.45806849315068,928.23,878.883333333333,5.2138698630137
"753","NEON.D05.STEI.DP1.00033",2020,23,0.34567,5.45806849315068,928.23,878.883333333333,5.2138698630137
"754","NEON.D05.STEI.DP1.00033",2020,24,0.34568,5.45806849315068,928.23,878.883333333333,5.2138698630137
"755","NEON.D05.STEI.DP1.00033",2020,25,0.34567,5.45806849315068,928.23,878.883333333333,5.2138698630137
"756","NEON.D05.STEI.DP1.00033",2020,26,0.34557,5.45806849315068,928.23,878.883333333333,5.2138698630137
"757","NEON.D05.STEI.DP1.00033",2020,27,0.3454,5.45806849315068,928.23,878.883333333333,5.2138698630137
"758","NEON.D05.STEI.DP1.00033",2020,28,0.34527,5.45806849315068,928.23,878.883333333333,5.2138698630137
"759","NEON.D05.STEI.DP1.00033",2020,29,0.34513,5.45806849315068,928.23,878.883333333333,5.2138698630137
"760","NEON.D05.STEI.DP1.00033",2020,30,0.34494,5.45806849315068,928.23,878.883333333333,5.2138698630137
"761","NEON.D05.STEI.DP1.00033",2020,31,0.34482,5.45806849315068,928.23,878.883333333333,5.2138698630137
"762","NEON.D05.STEI.DP1.00033",2020,32,0.34484,5.45806849315068,928.23,878.883333333333,5.2138698630137
"763","NEON.D05.STEI.DP1.00033",2020,33,0.3449,5.45806849315068,928.23,878.883333333333,5.2138698630137
"764","NEON.D05.STEI.DP1.00033",2020,34,0.34494,5.45806849315068,928.23,878.883333333333,5.2138698630137
"765","NEON.D05.STEI.DP1.00033",2020,35,0.34505,5.45806849315068,928.23,878.883333333333,5.2138698630137
"766","NEON.D05.STEI.DP1.00033",2020,36,0.34523,5.45806849315068,928.23,878.883333333333,5.2138698630137
"767","NEON.D05.STEI.DP1.00033",2020,37,0.34533,5.45806849315068,928.23,878.883333333333,5.2138698630137
"768","NEON.D05.STEI.DP1.00033",2020,38,0.34534,5.45806849315068,928.23,878.883333333333,5.2138698630137
"769","NEON.D05.STEI.DP1.00033",2020,39,0.34534,5.45806849315068,928.23,878.883333333333,5.2138698630137
"770","NEON.D05.STEI.DP1.00033",2020,40,0.34532,5.45806849315068,928.23,878.883333333333,5.2138698630137
"771","NEON.D05.STEI.DP1.00033",2020,41,0.34523,5.45806849315068,928.23,878.883333333333,5.2138698630137
"772","NEON.D05.STEI.DP1.00033",2020,42,0.34508,5.45806849315068,928.23,878.883333333333,5.2138698630137
"773","NEON.D05.STEI.DP1.00033",2020,43,0.34497,5.45806849315068,928.23,878.883333333333,5.2138698630137
"774","NEON.D05.STEI.DP1.00033",2020,44,0.3449,5.45806849315068,928.23,878.883333333333,5.2138698630137
"775","NEON.D05.STEI.DP1.00033",2020,45,0.34481,5.45806849315068,928.23,878.883333333333,5.2138698630137
"776","NEON.D05.STEI.DP1.00033",2020,46,0.34471,5.45806849315068,928.23,878.883333333333,5.2138698630137
"777","NEON.D05.STEI.DP1.00033",2020,47,0.34463,5.45806849315068,928.23,878.883333333333,5.2138698630137
"778","NEON.D05.STEI.DP1.00033",2020,48,0.34458,5.45806849315068,928.23,878.883333333333,5.2138698630137
"779","NEON.D05.STEI.DP1.00033",2020,49,0.34457,5.45806849315068,928.23,878.883333333333,5.2138698630137
"780","NEON.D05.STEI.DP1.00033",2020,50,0.34458,5.45806849315068,928.23,878.883333333333,5.2138698630137
"781","NEON.D05.STEI.DP1.00033",2020,51,0.34459,5.45806849315068,928.23,878.883333333333,5.2138698630137
"782","NEON.D05.STEI.DP1.00033",2020,52,0.34459,5.45806849315068,928.23,878.883333333333,5.2138698630137
"783","NEON.D05.STEI.DP1.00033",2020,53,0.34462,5.45806849315068,928.23,878.883333333333,5.2138698630137
"784","NEON.D05.STEI.DP1.00033",2020,54,0.34465,5.45806849315068,928.23,878.883333333333,5.2138698630137
"785","NEON.D05.STEI.DP1.00033",2020,55,0.34467,5.45806849315068,928.23,878.883333333333,5.2138698630137
"786","NEON.D05.STEI.DP1.00033",2020,56,0.34468,5.45806849315068,928.23,878.883333333333,5.2138698630137
"787","NEON.D05.STEI.DP1.00033",2020,57,0.34472,5.45806849315068,928.23,878.883333333333,5.2138698630137
"788","NEON.D05.STEI.DP1.00033",2020,58,0.34481,5.45806849315068,928.23,878.883333333333,5.2138698630137
"789","NEON.D05.STEI.DP1.00033",2020,59,0.34491,5.45806849315068,928.23,878.883333333333,5.2138698630137
"790","NEON.D05.STEI.DP1.00033",2020,60,0.34501,5.45806849315068,928.23,878.883333333333,5.2138698630137
"791","NEON.D05.STEI.DP1.00033",2020,61,0.34515,5.45806849315068,928.23,878.883333333333,5.2138698630137
"792","NEON.D05.STEI.DP1.00033",2020,62,0.34533,5.45806849315068,928.23,878.883333333333,5.2138698630137
"793","NEON.D05.STEI.DP1.00033",2020,63,0.34546,5.45806849315068,928.23,878.883333333333,5.2138698630137
"794","NEON.D05.STEI.DP1.00033",2020,64,0.34557,5.45806849315068,928.23,878.883333333333,5.2138698630137
"795","NEON.D05.STEI.DP1.00033",2020,65,0.34571,5.45806849315068,928.23,878.883333333333,5.2138698630137
"796","NEON.D05.STEI.DP1.00033",2020,66,0.34581,5.45806849315068,928.23,878.883333333333,5.2138698630137
"797","NEON.D05.STEI.DP1.00033",2020,67,0.34582,5.45806849315068,928.23,878.883333333333,5.2138698630137
"798","NEON.D05.STEI.DP1.00033",2020,68,0.3458,5.45806849315068,928.23,878.883333333333,5.2138698630137
"799","NEON.D05.STEI.DP1.00033",2020,69,0.34578,5.45806849315068,928.23,878.883333333333,5.2138698630137
"800","NEON.D05.STEI.DP1.00033",2020,70,0.34571,5.45806849315068,928.23,878.883333333333,5.2138698630137
"801","NEON.D05.STEI.DP1.00033",2020,71,0.34558,5.45806849315068,928.23,878.883333333333,5.2138698630137
"802","NEON.D05.STEI.DP1.00033",2020,72,0.34549,5.45806849315068,928.23,878.883333333333,5.2138698630137
"803","NEON.D05.STEI.DP1.00033",2020,73,0.34542,5.45806849315068,928.23,878.883333333333,5.2138698630137
"804","NEON.D05.STEI.DP1.00033",2020,74,0.34532,5.45806849315068,928.23,878.883333333333,5.2138698630137
"805","NEON.D05.STEI.DP1.00033",2020,75,0.34527,5.45806849315068,928.23,878.883333333333,5.2138698630137
"806","NEON.D05.STEI.DP1.00033",2020,76,0.34529,5.45806849315068,928.23,878.883333333333,5.2138698630137
"807","NEON.D05.STEI.DP1.00033",2020,77,0.34535,5.45806849315068,928.23,878.883333333333,5.2138698630137
"808","NEON.D05.STEI.DP1.00033",2020,78,0.34541,5.45806849315068,928.23,878.883333333333,5.2138698630137
"809","NEON.D05.STEI.DP1.00033",2020,79,0.34549,5.45806849315068,928.23,878.883333333333,5.2138698630137
"810","NEON.D05.STEI.DP1.00033",2020,80,0.34562,5.45806849315068,928.23,878.883333333333,5.2138698630137
"811","NEON.D05.STEI.DP1.00033",2020,81,0.34571,5.45806849315068,928.23,878.883333333333,5.2138698630137
"812","NEON.D05.STEI.DP1.00033",2020,82,0.34579,5.45806849315068,928.23,878.883333333333,5.2138698630137
"813","NEON.D05.STEI.DP1.00033",2020,83,0.34587,5.45806849315068,928.23,878.883333333333,5.2138698630137
"814","NEON.D05.STEI.DP1.00033",2020,84,0.34594,5.45806849315068,928.23,878.883333333333,5.2138698630137
"815","NEON.D05.STEI.DP1.00033",2020,85,0.34601,5.45806849315068,928.23,878.883333333333,5.2138698630137
"816","NEON.D05.STEI.DP1.00033",2020,86,0.34609,5.45806849315068,928.23,878.883333333333,5.2138698630137
"817","NEON.D05.STEI.DP1.00033",2020,87,0.34616,5.45806849315068,928.23,878.883333333333,5.2138698630137
"818","NEON.D05.STEI.DP1.00033",2020,88,0.34622,5.45806849315068,928.23,878.883333333333,5.2138698630137
"819","NEON.D05.STEI.DP1.00033",2020,89,0.34628,5.45806849315068,928.23,878.883333333333,5.2138698630137
"820","NEON.D05.STEI.DP1.00033",2020,90,0.34633,5.45806849315068,928.23,878.883333333333,5.2138698630137
"821","NEON.D05.STEI.DP1.00033",2020,91,0.34635,5.45806849315068,928.23,878.883333333333,5.2138698630137
"822","NEON.D05.STEI.DP1.00033",2020,92,0.34633,5.45806849315068,928.23,878.883333333333,5.2138698630137
"823","NEON.D05.STEI.DP1.00033",2020,93,0.34631,5.45806849315068,928.23,878.883333333333,5.2138698630137
"824","NEON.D05.STEI.DP1.00033",2020,94,0.3463,5.45806849315068,928.23,878.883333333333,5.2138698630137
"825","NEON.D05.STEI.DP1.00033",2020,95,0.34635,5.45806849315068,928.23,878.883333333333,5.2138698630137
"826","NEON.D05.STEI.DP1.00033",2020,96,0.3465,5.45806849315068,928.23,878.883333333333,5.2138698630137
"827","NEON.D05.STEI.DP1.00033",2020,97,0.34673,5.45806849315068,928.23,878.883333333333,5.2138698630137
"828","NEON.D05.STEI.DP1.00033",2020,98,0.34687,5.45806849315068,928.23,878.883333333333,5.2138698630137
"829","NEON.D05.STEI.DP1.00033",2020,99,0.34697,5.45806849315068,928.23,878.883333333333,5.2138698630137
"830","NEON.D05.STEI.DP1.00033",2020,100,0.34709,5.45806849315068,928.23,878.883333333333,5.2138698630137
"831","NEON.D05.STEI.DP1.00033",2020,101,0.34715,5.45806849315068,928.23,878.883333333333,5.2138698630137
"832","NEON.D05.STEI.DP1.00033",2020,102,0.34712,5.45806849315068,928.23,878.883333333333,5.2138698630137
"833","NEON.D05.STEI.DP1.00033",2020,103,0.34705,5.45806849315068,928.23,878.883333333333,5.2138698630137
"834","NEON.D05.STEI.DP1.00033",2020,104,0.34698,5.45806849315068,928.23,878.883333333333,5.2138698630137
"835","NEON.D05.STEI.DP1.00033",2020,105,0.34687,5.45806849315068,928.23,878.883333333333,5.2138698630137
"836","NEON.D05.STEI.DP1.00033",2020,106,0.3467,5.45806849315068,928.23,878.883333333333,5.2138698630137
"837","NEON.D05.STEI.DP1.00033",2020,107,0.34657,5.45806849315068,928.23,878.883333333333,5.2138698630137
"838","NEON.D05.STEI.DP1.00033",2020,108,0.34639,5.45806849315068,928.23,878.883333333333,5.2138698630137
"839","NEON.D05.STEI.DP1.00033",2020,109,0.34615,5.45806849315068,928.23,878.883333333333,5.2138698630137
"840","NEON.D05.STEI.DP1.00033",2020,110,0.34597,5.45806849315068,928.23,878.883333333333,5.2138698630137
"841","NEON.D05.STEI.DP1.00033",2020,111,0.34586,5.45806849315068,928.23,878.883333333333,5.2138698630137
"842","NEON.D05.STEI.DP1.00033",2020,112,0.34574,5.45806849315068,928.23,878.883333333333,5.2138698630137
"843","NEON.D05.STEI.DP1.00033",2020,113,0.34567,5.45806849315068,928.23,878.883333333333,5.2138698630137
"844","NEON.D05.STEI.DP1.00033",2020,114,0.34569,5.45806849315068,928.23,878.883333333333,5.2138698630137
"845","NEON.D05.STEI.DP1.00033",2020,115,0.34577,5.45806849315068,928.23,878.883333333333,5.2138698630137
"846","NEON.D05.STEI.DP1.00033",2020,116,0.34589,5.45806849315068,928.23,878.883333333333,5.2138698630137
"847","NEON.D05.STEI.DP1.00033",2020,117,0.346,5.45806849315068,928.23,878.883333333333,5.2138698630137
"848","NEON.D05.STEI.DP1.00033",2020,118,0.34607,5.45806849315068,928.23,878.883333333333,5.2138698630137
"849","NEON.D05.STEI.DP1.00033",2020,119,0.34609,5.45806849315068,928.23,878.883333333333,5.2138698630137
"850","NEON.D05.STEI.DP1.00033",2020,120,0.34611,5.45806849315068,928.23,878.883333333333,5.2138698630137
"851","NEON.D05.STEI.DP1.00033",2020,121,0.34615,5.45806849315068,928.23,878.883333333333,5.2138698630137
"852","NEON.D05.STEI.DP1.00033",2020,122,0.34612,5.45806849315068,928.23,878.883333333333,5.2138698630137
"853","NEON.D05.STEI.DP1.00033",2020,123,0.34603,5.45806849315068,928.23,878.883333333333,5.2138698630137
"854","NEON.D05.STEI.DP1.00033",2020,124,0.34604,5.45806849315068,928.23,878.883333333333,5.2138698630137
"855","NEON.D05.STEI.DP1.00033",2020,125,0.34572,5.45806849315068,928.23,878.883333333333,5.2138698630137
"856","NEON.D05.STEI.DP1.00033",2020,126,0.34511,5.45806849315068,928.23,878.883333333333,5.2138698630137
"857","NEON.D05.STEI.DP1.00033",2020,127,0.34509,5.45806849315068,928.23,878.883333333333,5.2138698630137
"858","NEON.D05.STEI.DP1.00033",2020,128,0.34516,5.45806849315068,928.23,878.883333333333,5.2138698630137
"859","NEON.D05.STEI.DP1.00033",2020,129,0.345,5.45806849315068,928.23,878.883333333333,5.2138698630137
"860","NEON.D05.STEI.DP1.00033",2020,130,0.34575,5.45806849315068,928.23,878.883333333333,5.2138698630137
"861","NEON.D05.STEI.DP1.00033",2020,131,0.34709,5.45806849315068,928.23,878.883333333333,5.2138698630137
"862","NEON.D05.STEI.DP1.00033",2020,132,0.3485,5.45806849315068,928.23,878.883333333333,5.2138698630137
"863","NEON.D05.STEI.DP1.00033",2020,133,0.35088,5.45806849315068,928.23,878.883333333333,5.2138698630137
"864","NEON.D05.STEI.DP1.00033",2020,134,0.35444,5.45806849315068,928.23,878.883333333333,5.2138698630137
"865","NEON.D05.STEI.DP1.00033",2020,135,0.35867,5.45806849315068,928.23,878.883333333333,5.2138698630137
"866","NEON.D05.STEI.DP1.00033",2020,136,0.36339,5.45806849315068,928.23,878.883333333333,5.2138698630137
"867","NEON.D05.STEI.DP1.00033",2020,137,0.36946,5.45806849315068,928.23,878.883333333333,5.2138698630137
"868","NEON.D05.STEI.DP1.00033",2020,138,0.3772,5.45806849315068,928.23,878.883333333333,5.2138698630137
"869","NEON.D05.STEI.DP1.00033",2020,139,0.38561,5.45806849315068,928.23,878.883333333333,5.2138698630137
"870","NEON.D05.STEI.DP1.00033",2020,140,0.3937,5.45806849315068,928.23,878.883333333333,5.2138698630137
"871","NEON.D05.STEI.DP1.00033",2020,141,0.40047,5.45806849315068,928.23,878.883333333333,5.2138698630137
"872","NEON.D05.STEI.DP1.00033",2020,142,0.40735,5.45806849315068,928.23,878.883333333333,5.2138698630137
"873","NEON.D05.STEI.DP1.00033",2020,143,0.41492,5.45806849315068,928.23,878.883333333333,5.2138698630137
"874","NEON.D05.STEI.DP1.00033",2020,144,0.42091,5.45806849315068,928.23,878.883333333333,5.2138698630137
"875","NEON.D05.STEI.DP1.00033",2020,145,0.42528,5.45806849315068,928.23,878.883333333333,5.2138698630137
"876","NEON.D05.STEI.DP1.00033",2020,146,0.4292,5.45806849315068,928.23,878.883333333333,5.2138698630137
"877","NEON.D05.STEI.DP1.00033",2020,147,0.43219,5.45806849315068,928.23,878.883333333333,5.2138698630137
"878","NEON.D05.STEI.DP1.00033",2020,148,0.43358,5.45806849315068,928.23,878.883333333333,5.2138698630137
"879","NEON.D05.STEI.DP1.00033",2020,149,0.43375,5.45806849315068,928.23,878.883333333333,5.2138698630137
"880","NEON.D05.STEI.DP1.00033",2020,150,0.43383,5.45806849315068,928.23,878.883333333333,5.2138698630137
"881","NEON.D05.STEI.DP1.00033",2020,151,0.43279,5.45806849315068,928.23,878.883333333333,5.2138698630137
"882","NEON.D05.STEI.DP1.00033",2020,152,0.43028,5.45806849315068,928.23,878.883333333333,5.2138698630137
"883","NEON.D05.STEI.DP1.00033",2020,153,0.42849,5.45806849315068,928.23,878.883333333333,5.2138698630137
"884","NEON.D05.STEI.DP1.00033",2020,154,0.42716,5.45806849315068,928.23,878.883333333333,5.2138698630137
"885","NEON.D05.STEI.DP1.00033",2020,155,0.42526,5.45806849315068,928.23,878.883333333333,5.2138698630137
"886","NEON.D05.STEI.DP1.00033",2020,156,0.42381,5.45806849315068,928.23,878.883333333333,5.2138698630137
"887","NEON.D05.STEI.DP1.00033",2020,157,0.42298,5.45806849315068,928.23,878.883333333333,5.2138698630137
"888","NEON.D05.STEI.DP1.00033",2020,158,0.42223,5.45806849315068,928.23,878.883333333333,5.2138698630137
"889","NEON.D05.STEI.DP1.00033",2020,159,0.42152,5.45806849315068,928.23,878.883333333333,5.2138698630137
"890","NEON.D05.STEI.DP1.00033",2020,160,0.42084,5.45806849315068,928.23,878.883333333333,5.2138698630137
"891","NEON.D05.STEI.DP1.00033",2020,161,0.42022,5.45806849315068,928.23,878.883333333333,5.2138698630137
"892","NEON.D05.STEI.DP1.00033",2020,162,0.41971,5.45806849315068,928.23,878.883333333333,5.2138698630137
"893","NEON.D05.STEI.DP1.00033",2020,163,0.41937,5.45806849315068,928.23,878.883333333333,5.2138698630137
"894","NEON.D05.STEI.DP1.00033",2020,164,0.41914,5.45806849315068,928.23,878.883333333333,5.2138698630137
"895","NEON.D05.STEI.DP1.00033",2020,165,0.41896,5.45806849315068,928.23,878.883333333333,5.2138698630137
"896","NEON.D05.STEI.DP1.00033",2020,166,0.41896,5.45806849315068,928.23,878.883333333333,5.2138698630137
"897","NEON.D05.STEI.DP1.00033",2020,167,0.41913,5.45806849315068,928.23,878.883333333333,5.2138698630137
"898","NEON.D05.STEI.DP1.00033",2020,168,0.41917,5.45806849315068,928.23,878.883333333333,5.2138698630137
"899","NEON.D05.STEI.DP1.00033",2020,169,0.41908,5.45806849315068,928.23,878.883333333333,5.2138698630137
"900","NEON.D05.STEI.DP1.00033",2020,170,0.41902,5.45806849315068,928.23,878.883333333333,5.2138698630137
"901","NEON.D05.STEI.DP1.00033",2020,171,0.41892,5.45806849315068,928.23,878.883333333333,5.2138698630137
"902","NEON.D05.STEI.DP1.00033",2020,172,0.41888,5.45806849315068,928.23,878.883333333333,5.2138698630137
"903","NEON.D05.STEI.DP1.00033",2020,173,0.41892,5.45806849315068,928.23,878.883333333333,5.2138698630137
"904","NEON.D05.STEI.DP1.00033",2020,174,0.41887,5.45806849315068,928.23,878.883333333333,5.2138698630137
"905","NEON.D05.STEI.DP1.00033",2020,175,0.41867,5.45806849315068,928.23,878.883333333333,5.2138698630137
"906","NEON.D05.STEI.DP1.00033",2020,176,0.41843,5.45806849315068,928.23,878.883333333333,5.2138698630137
"907","NEON.D05.STEI.DP1.00033",2020,177,0.41816,5.45806849315068,928.23,878.883333333333,5.2138698630137
"908","NEON.D05.STEI.DP1.00033",2020,178,0.4176,5.45806849315068,928.23,878.883333333333,5.2138698630137
"909","NEON.D05.STEI.DP1.00033",2020,179,0.4168,5.45806849315068,928.23,878.883333333333,5.2138698630137
"910","NEON.D05.STEI.DP1.00033",2020,180,0.41623,5.45806849315068,928.23,878.883333333333,5.2138698630137
"911","NEON.D05.STEI.DP1.00033",2020,181,0.41601,5.45806849315068,928.23,878.883333333333,5.2138698630137
"912","NEON.D05.STEI.DP1.00033",2020,182,0.41587,5.45806849315068,928.23,878.883333333333,5.2138698630137
"913","NEON.D05.STEI.DP1.00033",2020,183,0.41571,5.45806849315068,928.23,878.883333333333,5.2138698630137
"914","NEON.D05.STEI.DP1.00033",2020,184,0.41557,5.45806849315068,928.23,878.883333333333,5.2138698630137
"915","NEON.D05.STEI.DP1.00033",2020,185,0.41555,5.45806849315068,928.23,878.883333333333,5.2138698630137
"916","NEON.D05.STEI.DP1.00033",2020,186,0.41555,5.45806849315068,928.23,878.883333333333,5.2138698630137
"917","NEON.D05.STEI.DP1.00033",2020,187,0.41552,5.45806849315068,928.23,878.883333333333,5.2138698630137
"918","NEON.D05.STEI.DP1.00033",2020,188,0.41537,5.45806849315068,928.23,878.883333333333,5.2138698630137
"919","NEON.D05.STEI.DP1.00033",2020,189,0.41508,5.45806849315068,928.23,878.883333333333,5.2138698630137
"920","NEON.D05.STEI.DP1.00033",2020,190,0.41473,5.45806849315068,928.23,878.883333333333,5.2138698630137
"921","NEON.D05.STEI.DP1.00033",2020,191,0.41441,5.45806849315068,928.23,878.883333333333,5.2138698630137
"922","NEON.D05.STEI.DP1.00033",2020,192,0.41399,5.45806849315068,928.23,878.883333333333,5.2138698630137
"923","NEON.D05.STEI.DP1.00033",2020,193,0.41347,5.45806849315068,928.23,878.883333333333,5.2138698630137
"924","NEON.D05.STEI.DP1.00033",2020,194,0.41309,5.45806849315068,928.23,878.883333333333,5.2138698630137
"925","NEON.D05.STEI.DP1.00033",2020,195,0.41274,5.45806849315068,928.23,878.883333333333,5.2138698630137
"926","NEON.D05.STEI.DP1.00033",2020,196,0.41232,5.45806849315068,928.23,878.883333333333,5.2138698630137
"927","NEON.D05.STEI.DP1.00033",2020,197,0.41207,5.45806849315068,928.23,878.883333333333,5.2138698630137
"928","NEON.D05.STEI.DP1.00033",2020,198,0.41226,5.45806849315068,928.23,878.883333333333,5.2138698630137
"929","NEON.D05.STEI.DP1.00033",2020,199,0.41269,5.45806849315068,928.23,878.883333333333,5.2138698630137
"930","NEON.D05.STEI.DP1.00033",2020,200,0.41293,5.45806849315068,928.23,878.883333333333,5.2138698630137
"931","NEON.D05.STEI.DP1.00033",2020,201,0.41326,5.45806849315068,928.23,878.883333333333,5.2138698630137
"932","NEON.D05.STEI.DP1.00033",2020,202,0.41383,5.45806849315068,928.23,878.883333333333,5.2138698630137
"933","NEON.D05.STEI.DP1.00033",2020,203,0.41403,5.45806849315068,928.23,878.883333333333,5.2138698630137
"934","NEON.D05.STEI.DP1.00033",2020,204,0.41369,5.45806849315068,928.23,878.883333333333,5.2138698630137
"935","NEON.D05.STEI.DP1.00033",2020,205,0.41318,5.45806849315068,928.23,878.883333333333,5.2138698630137
"936","NEON.D05.STEI.DP1.00033",2020,206,0.4127,5.45806849315068,928.23,878.883333333333,5.2138698630137
"937","NEON.D05.STEI.DP1.00033",2020,207,0.41208,5.45806849315068,928.23,878.883333333333,5.2138698630137
"938","NEON.D05.STEI.DP1.00033",2020,208,0.41115,5.45806849315068,928.23,878.883333333333,5.2138698630137
"939","NEON.D05.STEI.DP1.00033",2020,209,0.41013,5.45806849315068,928.23,878.883333333333,5.2138698630137
"940","NEON.D05.STEI.DP1.00033",2020,210,0.40922,5.45806849315068,928.23,878.883333333333,5.2138698630137
"941","NEON.D05.STEI.DP1.00033",2020,211,0.40863,5.45806849315068,928.23,878.883333333333,5.2138698630137
"942","NEON.D05.STEI.DP1.00033",2020,212,0.40826,5.45806849315068,928.23,878.883333333333,5.2138698630137
"943","NEON.D05.STEI.DP1.00033",2020,213,0.4079,5.45806849315068,928.23,878.883333333333,5.2138698630137
"944","NEON.D05.STEI.DP1.00033",2020,214,0.40769,5.45806849315068,928.23,878.883333333333,5.2138698630137
"945","NEON.D05.STEI.DP1.00033",2020,215,0.4079,5.45806849315068,928.23,878.883333333333,5.2138698630137
"946","NEON.D05.STEI.DP1.00033",2020,216,0.40842,5.45806849315068,928.23,878.883333333333,5.2138698630137
"947","NEON.D05.STEI.DP1.00033",2020,217,0.40877,5.45806849315068,928.23,878.883333333333,5.2138698630137
"948","NEON.D05.STEI.DP1.00033",2020,218,0.40918,5.45806849315068,928.23,878.883333333333,5.2138698630137
"949","NEON.D05.STEI.DP1.00033",2020,219,0.40987,5.45806849315068,928.23,878.883333333333,5.2138698630137
"950","NEON.D05.STEI.DP1.00033",2020,220,0.41028,5.45806849315068,928.23,878.883333333333,5.2138698630137
"951","NEON.D05.STEI.DP1.00033",2020,221,0.41021,5.45806849315068,928.23,878.883333333333,5.2138698630137
"952","NEON.D05.STEI.DP1.00033",2020,222,0.40999,5.45806849315068,928.23,878.883333333333,5.2138698630137
"953","NEON.D05.STEI.DP1.00033",2020,223,0.40982,5.45806849315068,928.23,878.883333333333,5.2138698630137
"954","NEON.D05.STEI.DP1.00033",2020,224,0.40945,5.45806849315068,928.23,878.883333333333,5.2138698630137
"955","NEON.D05.STEI.DP1.00033",2020,225,0.40881,5.45806849315068,928.23,878.883333333333,5.2138698630137
"956","NEON.D05.STEI.DP1.00033",2020,226,0.40845,5.45806849315068,928.23,878.883333333333,5.2138698630137
"957","NEON.D05.STEI.DP1.00033",2020,227,0.40841,5.45806849315068,928.23,878.883333333333,5.2138698630137
"958","NEON.D05.STEI.DP1.00033",2020,228,0.40841,5.45806849315068,928.23,878.883333333333,5.2138698630137
"959","NEON.D05.STEI.DP1.00033",2020,229,0.40846,5.45806849315068,928.23,878.883333333333,5.2138698630137
"960","NEON.D05.STEI.DP1.00033",2020,230,0.40872,5.45806849315068,928.23,878.883333333333,5.2138698630137
"961","NEON.D05.STEI.DP1.00033",2020,231,0.4092,5.45806849315068,928.23,878.883333333333,5.2138698630137
"962","NEON.D05.STEI.DP1.00033",2020,232,0.40975,5.45806849315068,928.23,878.883333333333,5.2138698630137
"963","NEON.D05.STEI.DP1.00033",2020,233,0.41022,5.45806849315068,928.23,878.883333333333,5.2138698630137
"964","NEON.D05.STEI.DP1.00033",2020,234,0.41046,5.45806849315068,928.23,878.883333333333,5.2138698630137
"965","NEON.D05.STEI.DP1.00033",2020,235,0.41067,5.45806849315068,928.23,878.883333333333,5.2138698630137
"966","NEON.D05.STEI.DP1.00033",2020,236,0.41095,5.45806849315068,928.23,878.883333333333,5.2138698630137
"967","NEON.D05.STEI.DP1.00033",2020,237,0.41098,5.45806849315068,928.23,878.883333333333,5.2138698630137
"968","NEON.D05.STEI.DP1.00033",2020,238,0.41062,5.45806849315068,928.23,878.883333333333,5.2138698630137
"969","NEON.D05.STEI.DP1.00033",2020,239,0.41007,5.45806849315068,928.23,878.883333333333,5.2138698630137
"970","NEON.D05.STEI.DP1.00033",2020,240,0.40949,5.45806849315068,928.23,878.883333333333,5.2138698630137
"971","NEON.D05.STEI.DP1.00033",2020,241,0.40846,5.45806849315068,928.23,878.883333333333,5.2138698630137
"972","NEON.D05.STEI.DP1.00033",2020,242,0.407,5.45806849315068,928.23,878.883333333333,5.2138698630137
"973","NEON.D05.STEI.DP1.00033",2020,243,0.40593,5.45806849315068,928.23,878.883333333333,5.2138698630137
"974","NEON.D05.STEI.DP1.00033",2020,244,0.40521,5.45806849315068,928.23,878.883333333333,5.2138698630137
"975","NEON.D05.STEI.DP1.00033",2020,245,0.40441,5.45806849315068,928.23,878.883333333333,5.2138698630137
"976","NEON.D05.STEI.DP1.00033",2020,246,0.40386,5.45806849315068,928.23,878.883333333333,5.2138698630137
"977","NEON.D05.STEI.DP1.00033",2020,247,0.40387,5.45806849315068,928.23,878.883333333333,5.2138698630137
"978","NEON.D05.STEI.DP1.00033",2020,248,0.40421,5.45806849315068,928.23,878.883333333333,5.2138698630137
"979","NEON.D05.STEI.DP1.00033",2020,249,0.4043,5.45806849315068,928.23,878.883333333333,5.2138698630137
"980","NEON.D05.STEI.DP1.00033",2020,250,0.40464,5.45806849315068,928.23,878.883333333333,5.2138698630137
"981","NEON.D05.STEI.DP1.00033",2020,251,0.40538,5.45806849315068,928.23,878.883333333333,5.2138698630137
"982","NEON.D05.STEI.DP1.00033",2020,252,0.40549,5.45806849315068,928.23,878.883333333333,5.2138698630137
"983","NEON.D05.STEI.DP1.00033",2020,253,0.4053,5.45806849315068,928.23,878.883333333333,5.2138698630137
"984","NEON.D05.STEI.DP1.00033",2020,254,0.40528,5.45806849315068,928.23,878.883333333333,5.2138698630137
"985","NEON.D05.STEI.DP1.00033",2020,255,0.40457,5.45806849315068,928.23,878.883333333333,5.2138698630137
"986","NEON.D05.STEI.DP1.00033",2020,256,0.40331,5.45806849315068,928.23,878.883333333333,5.2138698630137
"987","NEON.D05.STEI.DP1.00033",2020,257,0.40189,5.45806849315068,928.23,878.883333333333,5.2138698630137
"988","NEON.D05.STEI.DP1.00033",2020,258,0.3998,5.45806849315068,928.23,878.883333333333,5.2138698630137
"989","NEON.D05.STEI.DP1.00033",2020,259,0.39638,5.45806849315068,928.23,878.883333333333,5.2138698630137
"990","NEON.D05.STEI.DP1.00033",2020,260,0.39206,5.45806849315068,928.23,878.883333333333,5.2138698630137
"991","NEON.D05.STEI.DP1.00033",2020,261,0.38792,5.45806849315068,928.23,878.883333333333,5.2138698630137
"992","NEON.D05.STEI.DP1.00033",2020,262,0.38308,5.45806849315068,928.23,878.883333333333,5.2138698630137
"993","NEON.D05.STEI.DP1.00033",2020,263,0.37722,5.45806849315068,928.23,878.883333333333,5.2138698630137
"994","NEON.D05.STEI.DP1.00033",2020,264,0.37231,5.45806849315068,928.23,878.883333333333,5.2138698630137
"995","NEON.D05.STEI.DP1.00033",2020,265,0.36782,5.45806849315068,928.23,878.883333333333,5.2138698630137
"996","NEON.D05.STEI.DP1.00033",2020,266,0.36288,5.45806849315068,928.23,878.883333333333,5.2138698630137
"997","NEON.D05.STEI.DP1.00033",2020,267,0.35892,5.45806849315068,928.23,878.883333333333,5.2138698630137
"998","NEON.D05.STEI.DP1.00033",2020,268,0.35603,5.45806849315068,928.23,878.883333333333,5.2138698630137
"999","NEON.D05.STEI.DP1.00033",2020,269,0.35344,5.45806849315068,928.23,878.883333333333,5.2138698630137
"1000","NEON.D05.STEI.DP1.00033",2020,270,0.35133,5.45806849315068,928.23,878.883333333333,5.2138698630137
"1001","NEON.D05.STEI.DP1.00033",2020,271,0.35024,5.45806849315068,928.23,878.883333333333,5.2138698630137
"1002","NEON.D05.STEI.DP1.00033",2020,272,0.34995,5.45806849315068,928.23,878.883333333333,5.2138698630137
"1003","NEON.D05.STEI.DP1.00033",2020,273,0.34954,5.45806849315068,928.23,878.883333333333,5.2138698630137
"1004","NEON.D05.STEI.DP1.00033",2020,274,0.34972,5.45806849315068,928.23,878.883333333333,5.2138698630137
"1005","NEON.D05.STEI.DP1.00033",2020,275,0.35081,5.45806849315068,928.23,878.883333333333,5.2138698630137
"1006","NEON.D05.STEI.DP1.00033",2020,276,0.35135,5.45806849315068,928.23,878.883333333333,5.2138698630137
"1007","NEON.D05.STEI.DP1.00033",2020,277,0.35115,5.45806849315068,928.23,878.883333333333,5.2138698630137
"1008","NEON.D05.STEI.DP1.00033",2020,278,0.35096,5.45806849315068,928.23,878.883333333333,5.2138698630137
"1009","NEON.D05.STEI.DP1.00033",2020,279,0.35075,5.45806849315068,928.23,878.883333333333,5.2138698630137
"1010","NEON.D05.STEI.DP1.00033",2020,280,0.35048,5.45806849315068,928.23,878.883333333333,5.2138698630137
"1011","NEON.D05.STEI.DP1.00033",2020,281,0.35011,5.45806849315068,928.23,878.883333333333,5.2138698630137
"1012","NEON.D05.STEI.DP1.00033",2020,282,0.34943,5.45806849315068,928.23,878.883333333333,5.2138698630137
"1013","NEON.D05.STEI.DP1.00033",2020,283,0.34853,5.45806849315068,928.23,878.883333333333,5.2138698630137
"1014","NEON.D05.STEI.DP1.00033",2020,284,0.34783,5.45806849315068,928.23,878.883333333333,5.2138698630137
"1015","NEON.D05.STEI.DP1.00033",2020,285,0.34732,5.45806849315068,928.23,878.883333333333,5.2138698630137
"1016","NEON.D05.STEI.DP1.00033",2020,286,0.34679,5.45806849315068,928.23,878.883333333333,5.2138698630137
"1017","NEON.D05.STEI.DP1.00033",2020,287,0.3464,5.45806849315068,928.23,878.883333333333,5.2138698630137
"1018","NEON.D05.STEI.DP1.00033",2020,288,0.34628,5.45806849315068,928.23,878.883333333333,5.2138698630137
"1019","NEON.D05.STEI.DP1.00033",2020,289,0.34632,5.45806849315068,928.23,878.883333333333,5.2138698630137
"1020","NEON.D05.STEI.DP1.00033",2020,290,0.34631,5.45806849315068,928.23,878.883333333333,5.2138698630137
"1021","NEON.D05.STEI.DP1.00033",2020,291,0.34636,5.45806849315068,928.23,878.883333333333,5.2138698630137
"1022","NEON.D05.STEI.DP1.00033",2020,292,0.34654,5.45806849315068,928.23,878.883333333333,5.2138698630137
"1023","NEON.D05.STEI.DP1.00033",2020,293,0.34662,5.45806849315068,928.23,878.883333333333,5.2138698630137
"1024","NEON.D05.STEI.DP1.00033",2020,294,0.34658,5.45806849315068,928.23,878.883333333333,5.2138698630137
"1025","NEON.D05.STEI.DP1.00033",2020,295,0.34655,5.45806849315068,928.23,878.883333333333,5.2138698630137
"1026","NEON.D05.STEI.DP1.00033",2020,296,0.3465,5.45806849315068,928.23,878.883333333333,5.2138698630137
"1027","NEON.D05.STEI.DP1.00033",2020,297,0.34641,5.45806849315068,928.23,878.883333333333,5.2138698630137
"1028","NEON.D05.STEI.DP1.00033",2020,298,0.3463,5.45806849315068,928.23,878.883333333333,5.2138698630137
"1029","NEON.D05.STEI.DP1.00033",2020,299,0.34619,5.45806849315068,928.23,878.883333333333,5.2138698630137
"1030","NEON.D05.STEI.DP1.00033",2020,300,0.34606,5.45806849315068,928.23,878.883333333333,5.2138698630137
"1031","NEON.D05.STEI.DP1.00033",2020,301,0.34588,5.45806849315068,928.23,878.883333333333,5.2138698630137
"1032","NEON.D05.STEI.DP1.00033",2020,302,0.34569,5.45806849315068,928.23,878.883333333333,5.2138698630137
"1033","NEON.D05.STEI.DP1.00033",2020,303,0.34552,5.45806849315068,928.23,878.883333333333,5.2138698630137
"1034","NEON.D05.STEI.DP1.00033",2020,304,0.34538,5.45806849315068,928.23,878.883333333333,5.2138698630137
"1035","NEON.D05.STEI.DP1.00033",2020,305,0.34531,5.45806849315068,928.23,878.883333333333,5.2138698630137
"1036","NEON.D05.STEI.DP1.00033",2020,306,0.34529,5.45806849315068,928.23,878.883333333333,5.2138698630137
"1037","NEON.D05.STEI.DP1.00033",2020,307,0.34524,5.45806849315068,928.23,878.883333333333,5.2138698630137
"1038","NEON.D05.STEI.DP1.00033",2020,308,0.34516,5.45806849315068,928.23,878.883333333333,5.2138698630137
"1039","NEON.D05.STEI.DP1.00033",2020,309,0.34508,5.45806849315068,928.23,878.883333333333,5.2138698630137
"1040","NEON.D05.STEI.DP1.00033",2020,310,0.34502,5.45806849315068,928.23,878.883333333333,5.2138698630137
"1041","NEON.D05.STEI.DP1.00033",2020,311,0.34494,5.45806849315068,928.23,878.883333333333,5.2138698630137
"1042","NEON.D05.STEI.DP1.00033",2020,312,0.34483,5.45806849315068,928.23,878.883333333333,5.2138698630137
"1043","NEON.D05.STEI.DP1.00033",2020,313,0.34478,5.45806849315068,928.23,878.883333333333,5.2138698630137
"1044","NEON.D05.STEI.DP1.00033",2020,314,0.3448,5.45806849315068,928.23,878.883333333333,5.2138698630137
"1045","NEON.D05.STEI.DP1.00033",2020,315,0.34485,5.45806849315068,928.23,878.883333333333,5.2138698630137
"1046","NEON.D05.STEI.DP1.00033",2020,316,0.34488,5.45806849315068,928.23,878.883333333333,5.2138698630137
"1047","NEON.D05.STEI.DP1.00033",2020,317,0.34495,5.45806849315068,928.23,878.883333333333,5.2138698630137
"1048","NEON.D05.STEI.DP1.00033",2020,318,0.34505,5.45806849315068,928.23,878.883333333333,5.2138698630137
"1049","NEON.D05.STEI.DP1.00033",2020,319,0.34512,5.45806849315068,928.23,878.883333333333,5.2138698630137
"1050","NEON.D05.STEI.DP1.00033",2020,320,0.34515,5.45806849315068,928.23,878.883333333333,5.2138698630137
"1051","NEON.D05.STEI.DP1.00033",2020,321,0.3452,5.45806849315068,928.23,878.883333333333,5.2138698630137
"1052","NEON.D05.STEI.DP1.00033",2020,322,0.34522,5.45806849315068,928.23,878.883333333333,5.2138698630137
"1053","NEON.D05.STEI.DP1.00033",2020,323,0.3452,5.45806849315068,928.23,878.883333333333,5.2138698630137
"1054","NEON.D05.STEI.DP1.00033",2020,324,0.34514,5.45806849315068,928.23,878.883333333333,5.2138698630137
"1055","NEON.D05.STEI.DP1.00033",2020,325,0.34507,5.45806849315068,928.23,878.883333333333,5.2138698630137
"1056","NEON.D05.STEI.DP1.00033",2020,326,0.34499,5.45806849315068,928.23,878.883333333333,5.2138698630137
"1057","NEON.D05.STEI.DP1.00033",2020,327,0.34493,5.45806849315068,928.23,878.883333333333,5.2138698630137
"1058","NEON.D05.STEI.DP1.00033",2020,328,0.34485,5.45806849315068,928.23,878.883333333333,5.2138698630137
"1059","NEON.D05.STEI.DP1.00033",2020,329,0.34474,5.45806849315068,928.23,878.883333333333,5.2138698630137
"1060","NEON.D05.STEI.DP1.00033",2020,330,0.34466,5.45806849315068,928.23,878.883333333333,5.2138698630137
"1061","NEON.D05.STEI.DP1.00033",2020,331,0.34467,5.45806849315068,928.23,878.883333333333,5.2138698630137
"1062","NEON.D05.STEI.DP1.00033",2020,332,0.34472,5.45806849315068,928.23,878.883333333333,5.2138698630137
"1063","NEON.D05.STEI.DP1.00033",2020,333,0.34474,5.45806849315068,928.23,878.883333333333,5.2138698630137
"1064","NEON.D05.STEI.DP1.00033",2020,334,0.34476,5.45806849315068,928.23,878.883333333333,5.2138698630137
"1065","NEON.D05.STEI.DP1.00033",2020,335,0.3448,5.45806849315068,928.23,878.883333333333,5.2138698630137
"1066","NEON.D05.STEI.DP1.00033",2020,336,0.34481,5.45806849315068,928.23,878.883333333333,5.2138698630137
"1067","NEON.D05.STEI.DP1.00033",2020,337,0.34476,5.45806849315068,928.23,878.883333333333,5.2138698630137
"1068","NEON.D05.STEI.DP1.00033",2020,338,0.34469,5.45806849315068,928.23,878.883333333333,5.2138698630137
"1069","NEON.D05.STEI.DP1.00033",2020,339,0.34463,5.45806849315068,928.23,878.883333333333,5.2138698630137
"1070","NEON.D05.STEI.DP1.00033",2020,340,0.34455,5.45806849315068,928.23,878.883333333333,5.2138698630137
"1071","NEON.D05.STEI.DP1.00033",2020,341,0.34445,5.45806849315068,928.23,878.883333333333,5.2138698630137
"1072","NEON.D05.STEI.DP1.00033",2020,342,0.34438,5.45806849315068,928.23,878.883333333333,5.2138698630137
"1073","NEON.D05.STEI.DP1.00033",2020,343,0.34435,5.45806849315068,928.23,878.883333333333,5.2138698630137
"1074","NEON.D05.STEI.DP1.00033",2020,344,0.34433,5.45806849315068,928.23,878.883333333333,5.2138698630137
"1075","NEON.D05.STEI.DP1.00033",2020,345,0.34432,5.45806849315068,928.23,878.883333333333,5.2138698630137
"1076","NEON.D05.STEI.DP1.00033",2020,346,0.34433,5.45806849315068,928.23,878.883333333333,5.2138698630137
"1077","NEON.D05.STEI.DP1.00033",2020,347,0.34435,5.45806849315068,928.23,878.883333333333,5.2138698630137
"1078","NEON.D05.STEI.DP1.00033",2020,348,0.34437,5.45806849315068,928.23,878.883333333333,5.2138698630137
"1079","NEON.D05.STEI.DP1.00033",2020,349,0.34443,5.45806849315068,928.23,878.883333333333,5.2138698630137
"1080","NEON.D05.STEI.DP1.00033",2020,350,0.34454,5.45806849315068,928.23,878.883333333333,5.2138698630137
"1081","NEON.D05.STEI.DP1.00033",2020,351,0.34461,5.45806849315068,928.23,878.883333333333,5.2138698630137
"1082","NEON.D05.STEI.DP1.00033",2020,352,0.34466,5.45806849315068,928.23,878.883333333333,5.2138698630137
"1083","NEON.D05.STEI.DP1.00033",2020,353,0.34473,5.45806849315068,928.23,878.883333333333,5.2138698630137
"1084","NEON.D05.STEI.DP1.00033",2020,354,0.34477,5.45806849315068,928.23,878.883333333333,5.2138698630137
"1085","NEON.D05.STEI.DP1.00033",2020,355,0.34472,5.45806849315068,928.23,878.883333333333,5.2138698630137
"1086","NEON.D05.STEI.DP1.00033",2020,356,0.34462,5.45806849315068,928.23,878.883333333333,5.2138698630137
"1087","NEON.D05.STEI.DP1.00033",2020,357,0.34457,5.45806849315068,928.23,878.883333333333,5.2138698630137
"1088","NEON.D05.STEI.DP1.00033",2020,358,0.34445,5.45806849315068,928.23,878.883333333333,5.2138698630137
"1089","NEON.D05.STEI.DP1.00033",2020,359,0.34427,5.45806849315068,928.23,878.883333333333,5.2138698630137
"1090","NEON.D05.STEI.DP1.00033",2020,360,0.3442,5.45806849315068,928.23,878.883333333333,5.2138698630137
"1091","NEON.D05.STEI.DP1.00033",2020,361,0.34429,5.45806849315068,928.23,878.883333333333,5.2138698630137
"1092","NEON.D05.STEI.DP1.00033",2020,362,0.34442,5.45806849315068,928.23,878.883333333333,5.2138698630137
"1093","NEON.D05.STEI.DP1.00033",2020,363,0.34457,5.45806849315068,928.23,878.883333333333,5.2138698630137
"1094","NEON.D05.STEI.DP1.00033",2020,364,0.34483,5.45806849315068,928.23,878.883333333333,5.2138698630137
"1095","NEON.D05.STEI.DP1.00033",2020,365,0.34519,5.45806849315068,928.23,878.883333333333,5.2138698630137
"1096","NEON.D05.STEI.DP1.00033",2021,1,0.34569,6.07878082191781,835.9,878.883333333333,5.2138698630137
"1097","NEON.D05.STEI.DP1.00033",2021,2,0.34599,6.07878082191781,835.9,878.883333333333,5.2138698630137
"1098","NEON.D05.STEI.DP1.00033",2021,3,0.3462,6.07878082191781,835.9,878.883333333333,5.2138698630137
"1099","NEON.D05.STEI.DP1.00033",2021,4,0.34629,6.07878082191781,835.9,878.883333333333,5.2138698630137
"1100","NEON.D05.STEI.DP1.00033",2021,5,0.34634,6.07878082191781,835.9,878.883333333333,5.2138698630137
"1101","NEON.D05.STEI.DP1.00033",2021,6,0.34636,6.07878082191781,835.9,878.883333333333,5.2138698630137
"1102","NEON.D05.STEI.DP1.00033",2021,7,0.34633,6.07878082191781,835.9,878.883333333333,5.2138698630137
"1103","NEON.D05.STEI.DP1.00033",2021,8,0.34626,6.07878082191781,835.9,878.883333333333,5.2138698630137
"1104","NEON.D05.STEI.DP1.00033",2021,9,0.346,6.07878082191781,835.9,878.883333333333,5.2138698630137
"1105","NEON.D05.STEI.DP1.00033",2021,10,0.34561,6.07878082191781,835.9,878.883333333333,5.2138698630137
"1106","NEON.D05.STEI.DP1.00033",2021,11,0.3453,6.07878082191781,835.9,878.883333333333,5.2138698630137
"1107","NEON.D05.STEI.DP1.00033",2021,12,0.34504,6.07878082191781,835.9,878.883333333333,5.2138698630137
"1108","NEON.D05.STEI.DP1.00033",2021,13,0.34472,6.07878082191781,835.9,878.883333333333,5.2138698630137
"1109","NEON.D05.STEI.DP1.00033",2021,14,0.3445,6.07878082191781,835.9,878.883333333333,5.2138698630137
"1110","NEON.D05.STEI.DP1.00033",2021,15,0.3444,6.07878082191781,835.9,878.883333333333,5.2138698630137
"1111","NEON.D05.STEI.DP1.00033",2021,16,0.34436,6.07878082191781,835.9,878.883333333333,5.2138698630137
"1112","NEON.D05.STEI.DP1.00033",2021,17,0.34433,6.07878082191781,835.9,878.883333333333,5.2138698630137
"1113","NEON.D05.STEI.DP1.00033",2021,18,0.34431,6.07878082191781,835.9,878.883333333333,5.2138698630137
"1114","NEON.D05.STEI.DP1.00033",2021,19,0.34432,6.07878082191781,835.9,878.883333333333,5.2138698630137
"1115","NEON.D05.STEI.DP1.00033",2021,20,0.34433,6.07878082191781,835.9,878.883333333333,5.2138698630137
"1116","NEON.D05.STEI.DP1.00033",2021,21,0.34436,6.07878082191781,835.9,878.883333333333,5.2138698630137
"1117","NEON.D05.STEI.DP1.00033",2021,22,0.34443,6.07878082191781,835.9,878.883333333333,5.2138698630137
"1118","NEON.D05.STEI.DP1.00033",2021,23,0.34449,6.07878082191781,835.9,878.883333333333,5.2138698630137
"1119","NEON.D05.STEI.DP1.00033",2021,24,0.34455,6.07878082191781,835.9,878.883333333333,5.2138698630137
"1120","NEON.D05.STEI.DP1.00033",2021,25,0.34462,6.07878082191781,835.9,878.883333333333,5.2138698630137
"1121","NEON.D05.STEI.DP1.00033",2021,26,0.34471,6.07878082191781,835.9,878.883333333333,5.2138698630137
"1122","NEON.D05.STEI.DP1.00033",2021,27,0.34483,6.07878082191781,835.9,878.883333333333,5.2138698630137
"1123","NEON.D05.STEI.DP1.00033",2021,28,0.34498,6.07878082191781,835.9,878.883333333333,5.2138698630137
"1124","NEON.D05.STEI.DP1.00033",2021,29,0.34514,6.07878082191781,835.9,878.883333333333,5.2138698630137
"1125","NEON.D05.STEI.DP1.00033",2021,30,0.34528,6.07878082191781,835.9,878.883333333333,5.2138698630137
"1126","NEON.D05.STEI.DP1.00033",2021,31,0.34535,6.07878082191781,835.9,878.883333333333,5.2138698630137
"1127","NEON.D05.STEI.DP1.00033",2021,32,0.34541,6.07878082191781,835.9,878.883333333333,5.2138698630137
"1128","NEON.D05.STEI.DP1.00033",2021,33,0.34548,6.07878082191781,835.9,878.883333333333,5.2138698630137
"1129","NEON.D05.STEI.DP1.00033",2021,34,0.3455,6.07878082191781,835.9,878.883333333333,5.2138698630137
"1130","NEON.D05.STEI.DP1.00033",2021,35,0.34543,6.07878082191781,835.9,878.883333333333,5.2138698630137
"1131","NEON.D05.STEI.DP1.00033",2021,36,0.34532,6.07878082191781,835.9,878.883333333333,5.2138698630137
"1132","NEON.D05.STEI.DP1.00033",2021,37,0.34521,6.07878082191781,835.9,878.883333333333,5.2138698630137
"1133","NEON.D05.STEI.DP1.00033",2021,38,0.34501,6.07878082191781,835.9,878.883333333333,5.2138698630137
"1134","NEON.D05.STEI.DP1.00033",2021,39,0.34473,6.07878082191781,835.9,878.883333333333,5.2138698630137
"1135","NEON.D05.STEI.DP1.00033",2021,40,0.34452,6.07878082191781,835.9,878.883333333333,5.2138698630137
"1136","NEON.D05.STEI.DP1.00033",2021,41,0.34431,6.07878082191781,835.9,878.883333333333,5.2138698630137
"1137","NEON.D05.STEI.DP1.00033",2021,42,0.34403,6.07878082191781,835.9,878.883333333333,5.2138698630137
"1138","NEON.D05.STEI.DP1.00033",2021,43,0.34386,6.07878082191781,835.9,878.883333333333,5.2138698630137
"1139","NEON.D05.STEI.DP1.00033",2021,44,0.34381,6.07878082191781,835.9,878.883333333333,5.2138698630137
"1140","NEON.D05.STEI.DP1.00033",2021,45,0.3438,6.07878082191781,835.9,878.883333333333,5.2138698630137
"1141","NEON.D05.STEI.DP1.00033",2021,46,0.34383,6.07878082191781,835.9,878.883333333333,5.2138698630137
"1142","NEON.D05.STEI.DP1.00033",2021,47,0.34398,6.07878082191781,835.9,878.883333333333,5.2138698630137
"1143","NEON.D05.STEI.DP1.00033",2021,48,0.34423,6.07878082191781,835.9,878.883333333333,5.2138698630137
"1144","NEON.D05.STEI.DP1.00033",2021,49,0.34443,6.07878082191781,835.9,878.883333333333,5.2138698630137
"1145","NEON.D05.STEI.DP1.00033",2021,50,0.34459,6.07878082191781,835.9,878.883333333333,5.2138698630137
"1146","NEON.D05.STEI.DP1.00033",2021,51,0.3448,6.07878082191781,835.9,878.883333333333,5.2138698630137
"1147","NEON.D05.STEI.DP1.00033",2021,52,0.34503,6.07878082191781,835.9,878.883333333333,5.2138698630137
"1148","NEON.D05.STEI.DP1.00033",2021,53,0.34522,6.07878082191781,835.9,878.883333333333,5.2138698630137
"1149","NEON.D05.STEI.DP1.00033",2021,54,0.34534,6.07878082191781,835.9,878.883333333333,5.2138698630137
"1150","NEON.D05.STEI.DP1.00033",2021,55,0.3454,6.07878082191781,835.9,878.883333333333,5.2138698630137
"1151","NEON.D05.STEI.DP1.00033",2021,56,0.34542,6.07878082191781,835.9,878.883333333333,5.2138698630137
"1152","NEON.D05.STEI.DP1.00033",2021,57,0.34544,6.07878082191781,835.9,878.883333333333,5.2138698630137
"1153","NEON.D05.STEI.DP1.00033",2021,58,0.34541,6.07878082191781,835.9,878.883333333333,5.2138698630137
"1154","NEON.D05.STEI.DP1.00033",2021,59,0.34533,6.07878082191781,835.9,878.883333333333,5.2138698630137
"1155","NEON.D05.STEI.DP1.00033",2021,60,0.3453,6.07878082191781,835.9,878.883333333333,5.2138698630137
"1156","NEON.D05.STEI.DP1.00033",2021,61,0.34528,6.07878082191781,835.9,878.883333333333,5.2138698630137
"1157","NEON.D05.STEI.DP1.00033",2021,62,0.34524,6.07878082191781,835.9,878.883333333333,5.2138698630137
"1158","NEON.D05.STEI.DP1.00033",2021,63,0.34522,6.07878082191781,835.9,878.883333333333,5.2138698630137
"1159","NEON.D05.STEI.DP1.00033",2021,64,0.34526,6.07878082191781,835.9,878.883333333333,5.2138698630137
"1160","NEON.D05.STEI.DP1.00033",2021,65,0.34531,6.07878082191781,835.9,878.883333333333,5.2138698630137
"1161","NEON.D05.STEI.DP1.00033",2021,66,0.34535,6.07878082191781,835.9,878.883333333333,5.2138698630137
"1162","NEON.D05.STEI.DP1.00033",2021,67,0.34538,6.07878082191781,835.9,878.883333333333,5.2138698630137
"1163","NEON.D05.STEI.DP1.00033",2021,68,0.34544,6.07878082191781,835.9,878.883333333333,5.2138698630137
"1164","NEON.D05.STEI.DP1.00033",2021,69,0.34547,6.07878082191781,835.9,878.883333333333,5.2138698630137
"1165","NEON.D05.STEI.DP1.00033",2021,70,0.34548,6.07878082191781,835.9,878.883333333333,5.2138698630137
"1166","NEON.D05.STEI.DP1.00033",2021,71,0.34548,6.07878082191781,835.9,878.883333333333,5.2138698630137
"1167","NEON.D05.STEI.DP1.00033",2021,72,0.34548,6.07878082191781,835.9,878.883333333333,5.2138698630137
"1168","NEON.D05.STEI.DP1.00033",2021,73,0.34545,6.07878082191781,835.9,878.883333333333,5.2138698630137
"1169","NEON.D05.STEI.DP1.00033",2021,74,0.34539,6.07878082191781,835.9,878.883333333333,5.2138698630137
"1170","NEON.D05.STEI.DP1.00033",2021,75,0.34534,6.07878082191781,835.9,878.883333333333,5.2138698630137
"1171","NEON.D05.STEI.DP1.00033",2021,76,0.34528,6.07878082191781,835.9,878.883333333333,5.2138698630137
"1172","NEON.D05.STEI.DP1.00033",2021,77,0.34519,6.07878082191781,835.9,878.883333333333,5.2138698630137
"1173","NEON.D05.STEI.DP1.00033",2021,78,0.34513,6.07878082191781,835.9,878.883333333333,5.2138698630137
"1174","NEON.D05.STEI.DP1.00033",2021,79,0.34511,6.07878082191781,835.9,878.883333333333,5.2138698630137
"1175","NEON.D05.STEI.DP1.00033",2021,80,0.34511,6.07878082191781,835.9,878.883333333333,5.2138698630137
"1176","NEON.D05.STEI.DP1.00033",2021,81,0.34512,6.07878082191781,835.9,878.883333333333,5.2138698630137
"1177","NEON.D05.STEI.DP1.00033",2021,82,0.34513,6.07878082191781,835.9,878.883333333333,5.2138698630137
"1178","NEON.D05.STEI.DP1.00033",2021,83,0.34516,6.07878082191781,835.9,878.883333333333,5.2138698630137
"1179","NEON.D05.STEI.DP1.00033",2021,84,0.34518,6.07878082191781,835.9,878.883333333333,5.2138698630137
"1180","NEON.D05.STEI.DP1.00033",2021,85,0.34521,6.07878082191781,835.9,878.883333333333,5.2138698630137
"1181","NEON.D05.STEI.DP1.00033",2021,86,0.34524,6.07878082191781,835.9,878.883333333333,5.2138698630137
"1182","NEON.D05.STEI.DP1.00033",2021,87,0.34528,6.07878082191781,835.9,878.883333333333,5.2138698630137
"1183","NEON.D05.STEI.DP1.00033",2021,88,0.34538,6.07878082191781,835.9,878.883333333333,5.2138698630137
"1184","NEON.D05.STEI.DP1.00033",2021,89,0.34552,6.07878082191781,835.9,878.883333333333,5.2138698630137
"1185","NEON.D05.STEI.DP1.00033",2021,90,0.34562,6.07878082191781,835.9,878.883333333333,5.2138698630137
"1186","NEON.D05.STEI.DP1.00033",2021,91,0.3457,6.07878082191781,835.9,878.883333333333,5.2138698630137
"1187","NEON.D05.STEI.DP1.00033",2021,92,0.34581,6.07878082191781,835.9,878.883333333333,5.2138698630137
"1188","NEON.D05.STEI.DP1.00033",2021,93,0.34587,6.07878082191781,835.9,878.883333333333,5.2138698630137
"1189","NEON.D05.STEI.DP1.00033",2021,94,0.34583,6.07878082191781,835.9,878.883333333333,5.2138698630137
"1190","NEON.D05.STEI.DP1.00033",2021,95,0.34575,6.07878082191781,835.9,878.883333333333,5.2138698630137
"1191","NEON.D05.STEI.DP1.00033",2021,96,0.34569,6.07878082191781,835.9,878.883333333333,5.2138698630137
"1192","NEON.D05.STEI.DP1.00033",2021,97,0.34564,6.07878082191781,835.9,878.883333333333,5.2138698630137
"1193","NEON.D05.STEI.DP1.00033",2021,98,0.34557,6.07878082191781,835.9,878.883333333333,5.2138698630137
"1194","NEON.D05.STEI.DP1.00033",2021,99,0.34548,6.07878082191781,835.9,878.883333333333,5.2138698630137
"1195","NEON.D05.STEI.DP1.00033",2021,100,0.3454,6.07878082191781,835.9,878.883333333333,5.2138698630137
"1196","NEON.D05.STEI.DP1.00033",2021,101,0.34536,6.07878082191781,835.9,878.883333333333,5.2138698630137
"1197","NEON.D05.STEI.DP1.00033",2021,102,0.34533,6.07878082191781,835.9,878.883333333333,5.2138698630137
"1198","NEON.D05.STEI.DP1.00033",2021,103,0.34528,6.07878082191781,835.9,878.883333333333,5.2138698630137
"1199","NEON.D05.STEI.DP1.00033",2021,104,0.34526,6.07878082191781,835.9,878.883333333333,5.2138698630137
"1200","NEON.D05.STEI.DP1.00033",2021,105,0.34531,6.07878082191781,835.9,878.883333333333,5.2138698630137
"1201","NEON.D05.STEI.DP1.00033",2021,106,0.34539,6.07878082191781,835.9,878.883333333333,5.2138698630137
"1202","NEON.D05.STEI.DP1.00033",2021,107,0.34547,6.07878082191781,835.9,878.883333333333,5.2138698630137
"1203","NEON.D05.STEI.DP1.00033",2021,108,0.34553,6.07878082191781,835.9,878.883333333333,5.2138698630137
"1204","NEON.D05.STEI.DP1.00033",2021,109,0.3456,6.07878082191781,835.9,878.883333333333,5.2138698630137
"1205","NEON.D05.STEI.DP1.00033",2021,110,0.3457,6.07878082191781,835.9,878.883333333333,5.2138698630137
"1206","NEON.D05.STEI.DP1.00033",2021,111,0.34558,6.07878082191781,835.9,878.883333333333,5.2138698630137
"1207","NEON.D05.STEI.DP1.00033",2021,112,0.34531,6.07878082191781,835.9,878.883333333333,5.2138698630137
"1208","NEON.D05.STEI.DP1.00033",2021,113,0.34533,6.07878082191781,835.9,878.883333333333,5.2138698630137
"1209","NEON.D05.STEI.DP1.00033",2021,114,0.34552,6.07878082191781,835.9,878.883333333333,5.2138698630137
"1210","NEON.D05.STEI.DP1.00033",2021,115,0.34568,6.07878082191781,835.9,878.883333333333,5.2138698630137
"1211","NEON.D05.STEI.DP1.00033",2021,116,0.34616,6.07878082191781,835.9,878.883333333333,5.2138698630137
"1212","NEON.D05.STEI.DP1.00033",2021,117,0.34707,6.07878082191781,835.9,878.883333333333,5.2138698630137
"1213","NEON.D05.STEI.DP1.00033",2021,118,0.3482,6.07878082191781,835.9,878.883333333333,5.2138698630137
"1214","NEON.D05.STEI.DP1.00033",2021,119,0.34938,6.07878082191781,835.9,878.883333333333,5.2138698630137
"1215","NEON.D05.STEI.DP1.00033",2021,120,0.35052,6.07878082191781,835.9,878.883333333333,5.2138698630137
"1216","NEON.D05.STEI.DP1.00033",2021,121,0.35169,6.07878082191781,835.9,878.883333333333,5.2138698630137
"1217","NEON.D05.STEI.DP1.00033",2021,122,0.35298,6.07878082191781,835.9,878.883333333333,5.2138698630137
"1218","NEON.D05.STEI.DP1.00033",2021,123,0.35447,6.07878082191781,835.9,878.883333333333,5.2138698630137
"1219","NEON.D05.STEI.DP1.00033",2021,124,0.35625,6.07878082191781,835.9,878.883333333333,5.2138698630137
"1220","NEON.D05.STEI.DP1.00033",2021,125,0.35761,6.07878082191781,835.9,878.883333333333,5.2138698630137
"1221","NEON.D05.STEI.DP1.00033",2021,126,0.35868,6.07878082191781,835.9,878.883333333333,5.2138698630137
"1222","NEON.D05.STEI.DP1.00033",2021,127,0.3608,6.07878082191781,835.9,878.883333333333,5.2138698630137
"1223","NEON.D05.STEI.DP1.00033",2021,128,0.36344,6.07878082191781,835.9,878.883333333333,5.2138698630137
"1224","NEON.D05.STEI.DP1.00033",2021,129,0.36602,6.07878082191781,835.9,878.883333333333,5.2138698630137
"1225","NEON.D05.STEI.DP1.00033",2021,130,0.36983,6.07878082191781,835.9,878.883333333333,5.2138698630137
"1226","NEON.D05.STEI.DP1.00033",2021,131,0.37541,6.07878082191781,835.9,878.883333333333,5.2138698630137
"1227","NEON.D05.STEI.DP1.00033",2021,132,0.38196,6.07878082191781,835.9,878.883333333333,5.2138698630137
"1228","NEON.D05.STEI.DP1.00033",2021,133,0.38865,6.07878082191781,835.9,878.883333333333,5.2138698630137
"1229","NEON.D05.STEI.DP1.00033",2021,134,0.39725,6.07878082191781,835.9,878.883333333333,5.2138698630137
"1230","NEON.D05.STEI.DP1.00033",2021,135,0.40774,6.07878082191781,835.9,878.883333333333,5.2138698630137
"1231","NEON.D05.STEI.DP1.00033",2021,136,0.41663,6.07878082191781,835.9,878.883333333333,5.2138698630137
"1232","NEON.D05.STEI.DP1.00033",2021,137,0.42543,6.07878082191781,835.9,878.883333333333,5.2138698630137
"1233","NEON.D05.STEI.DP1.00033",2021,138,0.43558,6.07878082191781,835.9,878.883333333333,5.2138698630137
"1234","NEON.D05.STEI.DP1.00033",2021,139,0.44344,6.07878082191781,835.9,878.883333333333,5.2138698630137
"1235","NEON.D05.STEI.DP1.00033",2021,140,0.44899,6.07878082191781,835.9,878.883333333333,5.2138698630137
"1236","NEON.D05.STEI.DP1.00033",2021,141,0.45408,6.07878082191781,835.9,878.883333333333,5.2138698630137
"1237","NEON.D05.STEI.DP1.00033",2021,142,0.45795,6.07878082191781,835.9,878.883333333333,5.2138698630137
"1238","NEON.D05.STEI.DP1.00033",2021,143,0.45984,6.07878082191781,835.9,878.883333333333,5.2138698630137
"1239","NEON.D05.STEI.DP1.00033",2021,144,0.45994,6.07878082191781,835.9,878.883333333333,5.2138698630137
"1240","NEON.D05.STEI.DP1.00033",2021,145,0.45895,6.07878082191781,835.9,878.883333333333,5.2138698630137
"1241","NEON.D05.STEI.DP1.00033",2021,146,0.45756,6.07878082191781,835.9,878.883333333333,5.2138698630137
"1242","NEON.D05.STEI.DP1.00033",2021,147,0.45645,6.07878082191781,835.9,878.883333333333,5.2138698630137
"1243","NEON.D05.STEI.DP1.00033",2021,148,0.45452,6.07878082191781,835.9,878.883333333333,5.2138698630137
"1244","NEON.D05.STEI.DP1.00033",2021,149,0.45142,6.07878082191781,835.9,878.883333333333,5.2138698630137
"1245","NEON.D05.STEI.DP1.00033",2021,150,0.4489,6.07878082191781,835.9,878.883333333333,5.2138698630137
"1246","NEON.D05.STEI.DP1.00033",2021,151,0.44695,6.07878082191781,835.9,878.883333333333,5.2138698630137
"1247","NEON.D05.STEI.DP1.00033",2021,152,0.44474,6.07878082191781,835.9,878.883333333333,5.2138698630137
"1248","NEON.D05.STEI.DP1.00033",2021,153,0.44276,6.07878082191781,835.9,878.883333333333,5.2138698630137
"1249","NEON.D05.STEI.DP1.00033",2021,154,0.44117,6.07878082191781,835.9,878.883333333333,5.2138698630137
"1250","NEON.D05.STEI.DP1.00033",2021,155,0.43968,6.07878082191781,835.9,878.883333333333,5.2138698630137
"1251","NEON.D05.STEI.DP1.00033",2021,156,0.43817,6.07878082191781,835.9,878.883333333333,5.2138698630137
"1252","NEON.D05.STEI.DP1.00033",2021,157,0.43646,6.07878082191781,835.9,878.883333333333,5.2138698630137
"1253","NEON.D05.STEI.DP1.00033",2021,158,0.43465,6.07878082191781,835.9,878.883333333333,5.2138698630137
"1254","NEON.D05.STEI.DP1.00033",2021,159,0.43297,6.07878082191781,835.9,878.883333333333,5.2138698630137
"1255","NEON.D05.STEI.DP1.00033",2021,160,0.43127,6.07878082191781,835.9,878.883333333333,5.2138698630137
"1256","NEON.D05.STEI.DP1.00033",2021,161,0.42947,6.07878082191781,835.9,878.883333333333,5.2138698630137
"1257","NEON.D05.STEI.DP1.00033",2021,162,0.42796,6.07878082191781,835.9,878.883333333333,5.2138698630137
"1258","NEON.D05.STEI.DP1.00033",2021,163,0.42686,6.07878082191781,835.9,878.883333333333,5.2138698630137
"1259","NEON.D05.STEI.DP1.00033",2021,164,0.42595,6.07878082191781,835.9,878.883333333333,5.2138698630137
"1260","NEON.D05.STEI.DP1.00033",2021,165,0.42513,6.07878082191781,835.9,878.883333333333,5.2138698630137
"1261","NEON.D05.STEI.DP1.00033",2021,166,0.42432,6.07878082191781,835.9,878.883333333333,5.2138698630137
"1262","NEON.D05.STEI.DP1.00033",2021,167,0.42358,6.07878082191781,835.9,878.883333333333,5.2138698630137
"1263","NEON.D05.STEI.DP1.00033",2021,168,0.42298,6.07878082191781,835.9,878.883333333333,5.2138698630137
"1264","NEON.D05.STEI.DP1.00033",2021,169,0.42273,6.07878082191781,835.9,878.883333333333,5.2138698630137
"1265","NEON.D05.STEI.DP1.00033",2021,170,0.42274,6.07878082191781,835.9,878.883333333333,5.2138698630137
"1266","NEON.D05.STEI.DP1.00033",2021,171,0.42265,6.07878082191781,835.9,878.883333333333,5.2138698630137
"1267","NEON.D05.STEI.DP1.00033",2021,172,0.42272,6.07878082191781,835.9,878.883333333333,5.2138698630137
"1268","NEON.D05.STEI.DP1.00033",2021,173,0.42306,6.07878082191781,835.9,878.883333333333,5.2138698630137
"1269","NEON.D05.STEI.DP1.00033",2021,174,0.42314,6.07878082191781,835.9,878.883333333333,5.2138698630137
"1270","NEON.D05.STEI.DP1.00033",2021,175,0.42283,6.07878082191781,835.9,878.883333333333,5.2138698630137
"1271","NEON.D05.STEI.DP1.00033",2021,176,0.42247,6.07878082191781,835.9,878.883333333333,5.2138698630137
"1272","NEON.D05.STEI.DP1.00033",2021,177,0.42213,6.07878082191781,835.9,878.883333333333,5.2138698630137
"1273","NEON.D05.STEI.DP1.00033",2021,178,0.4217,6.07878082191781,835.9,878.883333333333,5.2138698630137
"1274","NEON.D05.STEI.DP1.00033",2021,179,0.42114,6.07878082191781,835.9,878.883333333333,5.2138698630137
"1275","NEON.D05.STEI.DP1.00033",2021,180,0.42065,6.07878082191781,835.9,878.883333333333,5.2138698630137
"1276","NEON.D05.STEI.DP1.00033",2021,181,0.42026,6.07878082191781,835.9,878.883333333333,5.2138698630137
"1277","NEON.D05.STEI.DP1.00033",2021,182,0.41984,6.07878082191781,835.9,878.883333333333,5.2138698630137
"1278","NEON.D05.STEI.DP1.00033",2021,183,0.4194,6.07878082191781,835.9,878.883333333333,5.2138698630137
"1279","NEON.D05.STEI.DP1.00033",2021,184,0.41891,6.07878082191781,835.9,878.883333333333,5.2138698630137
"1280","NEON.D05.STEI.DP1.00033",2021,185,0.4184,6.07878082191781,835.9,878.883333333333,5.2138698630137
"1281","NEON.D05.STEI.DP1.00033",2021,186,0.41793,6.07878082191781,835.9,878.883333333333,5.2138698630137
"1282","NEON.D05.STEI.DP1.00033",2021,187,0.41757,6.07878082191781,835.9,878.883333333333,5.2138698630137
"1283","NEON.D05.STEI.DP1.00033",2021,188,0.41728,6.07878082191781,835.9,878.883333333333,5.2138698630137
"1284","NEON.D05.STEI.DP1.00033",2021,189,0.41697,6.07878082191781,835.9,878.883333333333,5.2138698630137
"1285","NEON.D05.STEI.DP1.00033",2021,190,0.41654,6.07878082191781,835.9,878.883333333333,5.2138698630137
"1286","NEON.D05.STEI.DP1.00033",2021,191,0.41599,6.07878082191781,835.9,878.883333333333,5.2138698630137
"1287","NEON.D05.STEI.DP1.00033",2021,192,0.41542,6.07878082191781,835.9,878.883333333333,5.2138698630137
"1288","NEON.D05.STEI.DP1.00033",2021,193,0.41494,6.07878082191781,835.9,878.883333333333,5.2138698630137
"1289","NEON.D05.STEI.DP1.00033",2021,194,0.41465,6.07878082191781,835.9,878.883333333333,5.2138698630137
"1290","NEON.D05.STEI.DP1.00033",2021,195,0.41464,6.07878082191781,835.9,878.883333333333,5.2138698630137
"1291","NEON.D05.STEI.DP1.00033",2021,196,0.4148,6.07878082191781,835.9,878.883333333333,5.2138698630137
"1292","NEON.D05.STEI.DP1.00033",2021,197,0.41489,6.07878082191781,835.9,878.883333333333,5.2138698630137
"1293","NEON.D05.STEI.DP1.00033",2021,198,0.41512,6.07878082191781,835.9,878.883333333333,5.2138698630137
"1294","NEON.D05.STEI.DP1.00033",2021,199,0.41558,6.07878082191781,835.9,878.883333333333,5.2138698630137
"1295","NEON.D05.STEI.DP1.00033",2021,200,0.41581,6.07878082191781,835.9,878.883333333333,5.2138698630137
"1296","NEON.D05.STEI.DP1.00033",2021,201,0.41574,6.07878082191781,835.9,878.883333333333,5.2138698630137
"1297","NEON.D05.STEI.DP1.00033",2021,202,0.41562,6.07878082191781,835.9,878.883333333333,5.2138698630137
"1298","NEON.D05.STEI.DP1.00033",2021,203,0.4155,6.07878082191781,835.9,878.883333333333,5.2138698630137
"1299","NEON.D05.STEI.DP1.00033",2021,204,0.41535,6.07878082191781,835.9,878.883333333333,5.2138698630137
"1300","NEON.D05.STEI.DP1.00033",2021,205,0.41514,6.07878082191781,835.9,878.883333333333,5.2138698630137
"1301","NEON.D05.STEI.DP1.00033",2021,206,0.41495,6.07878082191781,835.9,878.883333333333,5.2138698630137
"1302","NEON.D05.STEI.DP1.00033",2021,207,0.41447,6.07878082191781,835.9,878.883333333333,5.2138698630137
"1303","NEON.D05.STEI.DP1.00033",2021,208,0.41372,6.07878082191781,835.9,878.883333333333,5.2138698630137
"1304","NEON.D05.STEI.DP1.00033",2021,209,0.4133,6.07878082191781,835.9,878.883333333333,5.2138698630137
"1305","NEON.D05.STEI.DP1.00033",2021,210,0.41318,6.07878082191781,835.9,878.883333333333,5.2138698630137
"1306","NEON.D05.STEI.DP1.00033",2021,211,0.41308,6.07878082191781,835.9,878.883333333333,5.2138698630137
"1307","NEON.D05.STEI.DP1.00033",2021,212,0.41315,6.07878082191781,835.9,878.883333333333,5.2138698630137
"1308","NEON.D05.STEI.DP1.00033",2021,213,0.41374,6.07878082191781,835.9,878.883333333333,5.2138698630137
"1309","NEON.D05.STEI.DP1.00033",2021,214,0.41485,6.07878082191781,835.9,878.883333333333,5.2138698630137
"1310","NEON.D05.STEI.DP1.00033",2021,215,0.4161,6.07878082191781,835.9,878.883333333333,5.2138698630137
"1311","NEON.D05.STEI.DP1.00033",2021,216,0.41713,6.07878082191781,835.9,878.883333333333,5.2138698630137
"1312","NEON.D05.STEI.DP1.00033",2021,217,0.41756,6.07878082191781,835.9,878.883333333333,5.2138698630137
"1313","NEON.D05.STEI.DP1.00033",2021,218,0.41759,6.07878082191781,835.9,878.883333333333,5.2138698630137
"1314","NEON.D05.STEI.DP1.00033",2021,219,0.41751,6.07878082191781,835.9,878.883333333333,5.2138698630137
"1315","NEON.D05.STEI.DP1.00033",2021,220,0.41712,6.07878082191781,835.9,878.883333333333,5.2138698630137
"1316","NEON.D05.STEI.DP1.00033",2021,221,0.41597,6.07878082191781,835.9,878.883333333333,5.2138698630137
"1317","NEON.D05.STEI.DP1.00033",2021,222,0.41428,6.07878082191781,835.9,878.883333333333,5.2138698630137
"1318","NEON.D05.STEI.DP1.00033",2021,223,0.4129,6.07878082191781,835.9,878.883333333333,5.2138698630137
"1319","NEON.D05.STEI.DP1.00033",2021,224,0.41124,6.07878082191781,835.9,878.883333333333,5.2138698630137
"1320","NEON.D05.STEI.DP1.00033",2021,225,0.40899,6.07878082191781,835.9,878.883333333333,5.2138698630137
"1321","NEON.D05.STEI.DP1.00033",2021,226,0.4074,6.07878082191781,835.9,878.883333333333,5.2138698630137
"1322","NEON.D05.STEI.DP1.00033",2021,227,0.40623,6.07878082191781,835.9,878.883333333333,5.2138698630137
"1323","NEON.D05.STEI.DP1.00033",2021,228,0.40488,6.07878082191781,835.9,878.883333333333,5.2138698630137
"1324","NEON.D05.STEI.DP1.00033",2021,229,0.40407,6.07878082191781,835.9,878.883333333333,5.2138698630137
"1325","NEON.D05.STEI.DP1.00033",2021,230,0.40434,6.07878082191781,835.9,878.883333333333,5.2138698630137
"1326","NEON.D05.STEI.DP1.00033",2021,231,0.40524,6.07878082191781,835.9,878.883333333333,5.2138698630137
"1327","NEON.D05.STEI.DP1.00033",2021,232,0.40589,6.07878082191781,835.9,878.883333333333,5.2138698630137
"1328","NEON.D05.STEI.DP1.00033",2021,233,0.40693,6.07878082191781,835.9,878.883333333333,5.2138698630137
"1329","NEON.D05.STEI.DP1.00033",2021,234,0.40866,6.07878082191781,835.9,878.883333333333,5.2138698630137
"1330","NEON.D05.STEI.DP1.00033",2021,235,0.40972,6.07878082191781,835.9,878.883333333333,5.2138698630137
"1331","NEON.D05.STEI.DP1.00033",2021,236,0.40992,6.07878082191781,835.9,878.883333333333,5.2138698630137
"1332","NEON.D05.STEI.DP1.00033",2021,237,0.40998,6.07878082191781,835.9,878.883333333333,5.2138698630137
"1333","NEON.D05.STEI.DP1.00033",2021,238,0.4099,6.07878082191781,835.9,878.883333333333,5.2138698630137
"1334","NEON.D05.STEI.DP1.00033",2021,239,0.40969,6.07878082191781,835.9,878.883333333333,5.2138698630137
"1335","NEON.D05.STEI.DP1.00033",2021,240,0.40936,6.07878082191781,835.9,878.883333333333,5.2138698630137
"1336","NEON.D05.STEI.DP1.00033",2021,241,0.40873,6.07878082191781,835.9,878.883333333333,5.2138698630137
"1337","NEON.D05.STEI.DP1.00033",2021,242,0.40781,6.07878082191781,835.9,878.883333333333,5.2138698630137
"1338","NEON.D05.STEI.DP1.00033",2021,243,0.40695,6.07878082191781,835.9,878.883333333333,5.2138698630137
"1339","NEON.D05.STEI.DP1.00033",2021,244,0.40617,6.07878082191781,835.9,878.883333333333,5.2138698630137
"1340","NEON.D05.STEI.DP1.00033",2021,245,0.4053,6.07878082191781,835.9,878.883333333333,5.2138698630137
"1341","NEON.D05.STEI.DP1.00033",2021,246,0.40435,6.07878082191781,835.9,878.883333333333,5.2138698630137
"1342","NEON.D05.STEI.DP1.00033",2021,247,0.40358,6.07878082191781,835.9,878.883333333333,5.2138698630137
"1343","NEON.D05.STEI.DP1.00033",2021,248,0.40294,6.07878082191781,835.9,878.883333333333,5.2138698630137
"1344","NEON.D05.STEI.DP1.00033",2021,249,0.40197,6.07878082191781,835.9,878.883333333333,5.2138698630137
"1345","NEON.D05.STEI.DP1.00033",2021,250,0.40095,6.07878082191781,835.9,878.883333333333,5.2138698630137
"1346","NEON.D05.STEI.DP1.00033",2021,251,0.40005,6.07878082191781,835.9,878.883333333333,5.2138698630137
"1347","NEON.D05.STEI.DP1.00033",2021,252,0.39862,6.07878082191781,835.9,878.883333333333,5.2138698630137
"1348","NEON.D05.STEI.DP1.00033",2021,253,0.39655,6.07878082191781,835.9,878.883333333333,5.2138698630137
"1349","NEON.D05.STEI.DP1.00033",2021,254,0.39415,6.07878082191781,835.9,878.883333333333,5.2138698630137
"1350","NEON.D05.STEI.DP1.00033",2021,255,0.39152,6.07878082191781,835.9,878.883333333333,5.2138698630137
"1351","NEON.D05.STEI.DP1.00033",2021,256,0.3883,6.07878082191781,835.9,878.883333333333,5.2138698630137
"1352","NEON.D05.STEI.DP1.00033",2021,257,0.38456,6.07878082191781,835.9,878.883333333333,5.2138698630137
"1353","NEON.D05.STEI.DP1.00033",2021,258,0.38101,6.07878082191781,835.9,878.883333333333,5.2138698630137
"1354","NEON.D05.STEI.DP1.00033",2021,259,0.37725,6.07878082191781,835.9,878.883333333333,5.2138698630137
"1355","NEON.D05.STEI.DP1.00033",2021,260,0.37302,6.07878082191781,835.9,878.883333333333,5.2138698630137
"1356","NEON.D05.STEI.DP1.00033",2021,261,0.3692,6.07878082191781,835.9,878.883333333333,5.2138698630137
"1357","NEON.D05.STEI.DP1.00033",2021,262,0.3654,6.07878082191781,835.9,878.883333333333,5.2138698630137
"1358","NEON.D05.STEI.DP1.00033",2021,263,0.36126,6.07878082191781,835.9,878.883333333333,5.2138698630137
"1359","NEON.D05.STEI.DP1.00033",2021,264,0.35775,6.07878082191781,835.9,878.883333333333,5.2138698630137
"1360","NEON.D05.STEI.DP1.00033",2021,265,0.35461,6.07878082191781,835.9,878.883333333333,5.2138698630137
"1361","NEON.D05.STEI.DP1.00033",2021,266,0.35143,6.07878082191781,835.9,878.883333333333,5.2138698630137
"1362","NEON.D05.STEI.DP1.00033",2021,267,0.34892,6.07878082191781,835.9,878.883333333333,5.2138698630137
"1363","NEON.D05.STEI.DP1.00033",2021,268,0.34729,6.07878082191781,835.9,878.883333333333,5.2138698630137
"1364","NEON.D05.STEI.DP1.00033",2021,269,0.34613,6.07878082191781,835.9,878.883333333333,5.2138698630137
"1365","NEON.D05.STEI.DP1.00033",2021,270,0.34522,6.07878082191781,835.9,878.883333333333,5.2138698630137
"1366","NEON.D05.STEI.DP1.00033",2021,271,0.34494,6.07878082191781,835.9,878.883333333333,5.2138698630137
"1367","NEON.D05.STEI.DP1.00033",2021,272,0.34529,6.07878082191781,835.9,878.883333333333,5.2138698630137
"1368","NEON.D05.STEI.DP1.00033",2021,273,0.34553,6.07878082191781,835.9,878.883333333333,5.2138698630137
"1369","NEON.D05.STEI.DP1.00033",2021,274,0.34597,6.07878082191781,835.9,878.883333333333,5.2138698630137
"1370","NEON.D05.STEI.DP1.00033",2021,275,0.34689,6.07878082191781,835.9,878.883333333333,5.2138698630137
"1371","NEON.D05.STEI.DP1.00033",2021,276,0.34757,6.07878082191781,835.9,878.883333333333,5.2138698630137
"1372","NEON.D05.STEI.DP1.00033",2021,277,0.3483,6.07878082191781,835.9,878.883333333333,5.2138698630137
"1373","NEON.D05.STEI.DP1.00033",2021,278,0.34939,6.07878082191781,835.9,878.883333333333,5.2138698630137
"1374","NEON.D05.STEI.DP1.00033",2021,279,0.35012,6.07878082191781,835.9,878.883333333333,5.2138698630137
"1375","NEON.D05.STEI.DP1.00033",2021,280,0.35047,6.07878082191781,835.9,878.883333333333,5.2138698630137
"1376","NEON.D05.STEI.DP1.00033",2021,281,0.3508,6.07878082191781,835.9,878.883333333333,5.2138698630137
"1377","NEON.D05.STEI.DP1.00033",2021,282,0.35096,6.07878082191781,835.9,878.883333333333,5.2138698630137
"1378","NEON.D05.STEI.DP1.00033",2021,283,0.35082,6.07878082191781,835.9,878.883333333333,5.2138698630137
"1379","NEON.D05.STEI.DP1.00033",2021,284,0.35042,6.07878082191781,835.9,878.883333333333,5.2138698630137
"1380","NEON.D05.STEI.DP1.00033",2021,285,0.3499,6.07878082191781,835.9,878.883333333333,5.2138698630137
"1381","NEON.D05.STEI.DP1.00033",2021,286,0.34937,6.07878082191781,835.9,878.883333333333,5.2138698630137
"1382","NEON.D05.STEI.DP1.00033",2021,287,0.34898,6.07878082191781,835.9,878.883333333333,5.2138698630137
"1383","NEON.D05.STEI.DP1.00033",2021,288,0.3486,6.07878082191781,835.9,878.883333333333,5.2138698630137
"1384","NEON.D05.STEI.DP1.00033",2021,289,0.34814,6.07878082191781,835.9,878.883333333333,5.2138698630137
"1385","NEON.D05.STEI.DP1.00033",2021,290,0.34775,6.07878082191781,835.9,878.883333333333,5.2138698630137
"1386","NEON.D05.STEI.DP1.00033",2021,291,0.34743,6.07878082191781,835.9,878.883333333333,5.2138698630137
"1387","NEON.D05.STEI.DP1.00033",2021,292,0.3471,6.07878082191781,835.9,878.883333333333,5.2138698630137
"1388","NEON.D05.STEI.DP1.00033",2021,293,0.34682,6.07878082191781,835.9,878.883333333333,5.2138698630137
"1389","NEON.D05.STEI.DP1.00033",2021,294,0.34666,6.07878082191781,835.9,878.883333333333,5.2138698630137
"1390","NEON.D05.STEI.DP1.00033",2021,295,0.34656,6.07878082191781,835.9,878.883333333333,5.2138698630137
"1391","NEON.D05.STEI.DP1.00033",2021,296,0.34644,6.07878082191781,835.9,878.883333333333,5.2138698630137
"1392","NEON.D05.STEI.DP1.00033",2021,297,0.3463,6.07878082191781,835.9,878.883333333333,5.2138698630137
"1393","NEON.D05.STEI.DP1.00033",2021,298,0.3462,6.07878082191781,835.9,878.883333333333,5.2138698630137
"1394","NEON.D05.STEI.DP1.00033",2021,299,0.34609,6.07878082191781,835.9,878.883333333333,5.2138698630137
"1395","NEON.D05.STEI.DP1.00033",2021,300,0.34595,6.07878082191781,835.9,878.883333333333,5.2138698630137
"1396","NEON.D05.STEI.DP1.00033",2021,301,0.3458,6.07878082191781,835.9,878.883333333333,5.2138698630137
"1397","NEON.D05.STEI.DP1.00033",2021,302,0.34568,6.07878082191781,835.9,878.883333333333,5.2138698630137
"1398","NEON.D05.STEI.DP1.00033",2021,303,0.34563,6.07878082191781,835.9,878.883333333333,5.2138698630137
"1399","NEON.D05.STEI.DP1.00033",2021,304,0.34562,6.07878082191781,835.9,878.883333333333,5.2138698630137
"1400","NEON.D05.STEI.DP1.00033",2021,305,0.34558,6.07878082191781,835.9,878.883333333333,5.2138698630137
"1401","NEON.D05.STEI.DP1.00033",2021,306,0.34549,6.07878082191781,835.9,878.883333333333,5.2138698630137
"1402","NEON.D05.STEI.DP1.00033",2021,307,0.34539,6.07878082191781,835.9,878.883333333333,5.2138698630137
"1403","NEON.D05.STEI.DP1.00033",2021,308,0.34529,6.07878082191781,835.9,878.883333333333,5.2138698630137
"1404","NEON.D05.STEI.DP1.00033",2021,309,0.3452,6.07878082191781,835.9,878.883333333333,5.2138698630137
"1405","NEON.D05.STEI.DP1.00033",2021,310,0.34514,6.07878082191781,835.9,878.883333333333,5.2138698630137
"1406","NEON.D05.STEI.DP1.00033",2021,311,0.34511,6.07878082191781,835.9,878.883333333333,5.2138698630137
"1407","NEON.D05.STEI.DP1.00033",2021,312,0.3451,6.07878082191781,835.9,878.883333333333,5.2138698630137
"1408","NEON.D05.STEI.DP1.00033",2021,313,0.34509,6.07878082191781,835.9,878.883333333333,5.2138698630137
"1409","NEON.D05.STEI.DP1.00033",2021,314,0.34509,6.07878082191781,835.9,878.883333333333,5.2138698630137
"1410","NEON.D05.STEI.DP1.00033",2021,315,0.34509,6.07878082191781,835.9,878.883333333333,5.2138698630137
"1411","NEON.D05.STEI.DP1.00033",2021,316,0.3451,6.07878082191781,835.9,878.883333333333,5.2138698630137
"1412","NEON.D05.STEI.DP1.00033",2021,317,0.34511,6.07878082191781,835.9,878.883333333333,5.2138698630137
"1413","NEON.D05.STEI.DP1.00033",2021,318,0.34513,6.07878082191781,835.9,878.883333333333,5.2138698630137
"1414","NEON.D05.STEI.DP1.00033",2021,319,0.34514,6.07878082191781,835.9,878.883333333333,5.2138698630137
"1415","NEON.D05.STEI.DP1.00033",2021,320,0.34516,6.07878082191781,835.9,878.883333333333,5.2138698630137
"1416","NEON.D05.STEI.DP1.00033",2021,321,0.3452,6.07878082191781,835.9,878.883333333333,5.2138698630137
"1417","NEON.D05.STEI.DP1.00033",2021,322,0.34523,6.07878082191781,835.9,878.883333333333,5.2138698630137
"1418","NEON.D05.STEI.DP1.00033",2021,323,0.34523,6.07878082191781,835.9,878.883333333333,5.2138698630137
"1419","NEON.D05.STEI.DP1.00033",2021,324,0.34522,6.07878082191781,835.9,878.883333333333,5.2138698630137
"1420","NEON.D05.STEI.DP1.00033",2021,325,0.34522,6.07878082191781,835.9,878.883333333333,5.2138698630137
"1421","NEON.D05.STEI.DP1.00033",2021,326,0.3452,6.07878082191781,835.9,878.883333333333,5.2138698630137
"1422","NEON.D05.STEI.DP1.00033",2021,327,0.34514,6.07878082191781,835.9,878.883333333333,5.2138698630137
"1423","NEON.D05.STEI.DP1.00033",2021,328,0.34512,6.07878082191781,835.9,878.883333333333,5.2138698630137
"1424","NEON.D05.STEI.DP1.00033",2021,329,0.34516,6.07878082191781,835.9,878.883333333333,5.2138698630137
"1425","NEON.D05.STEI.DP1.00033",2021,330,0.34524,6.07878082191781,835.9,878.883333333333,5.2138698630137
"1426","NEON.D05.STEI.DP1.00033",2021,331,0.34533,6.07878082191781,835.9,878.883333333333,5.2138698630137
"1427","NEON.D05.STEI.DP1.00033",2021,332,0.3454,6.07878082191781,835.9,878.883333333333,5.2138698630137
"1428","NEON.D05.STEI.DP1.00033",2021,333,0.34544,6.07878082191781,835.9,878.883333333333,5.2138698630137
"1429","NEON.D05.STEI.DP1.00033",2021,334,0.34545,6.07878082191781,835.9,878.883333333333,5.2138698630137
"1430","NEON.D05.STEI.DP1.00033",2021,335,0.34546,6.07878082191781,835.9,878.883333333333,5.2138698630137
"1431","NEON.D05.STEI.DP1.00033",2021,336,0.34545,6.07878082191781,835.9,878.883333333333,5.2138698630137
"1432","NEON.D05.STEI.DP1.00033",2021,337,0.34539,6.07878082191781,835.9,878.883333333333,5.2138698630137
"1433","NEON.D05.STEI.DP1.00033",2021,338,0.34529,6.07878082191781,835.9,878.883333333333,5.2138698630137
"1434","NEON.D05.STEI.DP1.00033",2021,339,0.34522,6.07878082191781,835.9,878.883333333333,5.2138698630137
"1435","NEON.D05.STEI.DP1.00033",2021,340,0.3452,6.07878082191781,835.9,878.883333333333,5.2138698630137
"1436","NEON.D05.STEI.DP1.00033",2021,341,0.34516,6.07878082191781,835.9,878.883333333333,5.2138698630137
"1437","NEON.D05.STEI.DP1.00033",2021,342,0.34514,6.07878082191781,835.9,878.883333333333,5.2138698630137
"1438","NEON.D05.STEI.DP1.00033",2021,343,0.34517,6.07878082191781,835.9,878.883333333333,5.2138698630137
"1439","NEON.D05.STEI.DP1.00033",2021,344,0.34523,6.07878082191781,835.9,878.883333333333,5.2138698630137
"1440","NEON.D05.STEI.DP1.00033",2021,345,0.34526,6.07878082191781,835.9,878.883333333333,5.2138698630137
"1441","NEON.D05.STEI.DP1.00033",2021,346,0.34526,6.07878082191781,835.9,878.883333333333,5.2138698630137
"1442","NEON.D05.STEI.DP1.00033",2021,347,0.34527,6.07878082191781,835.9,878.883333333333,5.2138698630137
"1443","NEON.D05.STEI.DP1.00033",2021,348,0.34528,6.07878082191781,835.9,878.883333333333,5.2138698630137
"1444","NEON.D05.STEI.DP1.00033",2021,349,0.34533,6.07878082191781,835.9,878.883333333333,5.2138698630137
"1445","NEON.D05.STEI.DP1.00033",2021,350,0.34541,6.07878082191781,835.9,878.883333333333,5.2138698630137
"1446","NEON.D05.STEI.DP1.00033",2021,351,0.34544,6.07878082191781,835.9,878.883333333333,5.2138698630137
"1447","NEON.D05.STEI.DP1.00033",2021,352,0.34542,6.07878082191781,835.9,878.883333333333,5.2138698630137
"1448","NEON.D05.STEI.DP1.00033",2021,353,0.34538,6.07878082191781,835.9,878.883333333333,5.2138698630137
"1449","NEON.D05.STEI.DP1.00033",2021,354,0.34533,6.07878082191781,835.9,878.883333333333,5.2138698630137
"1450","NEON.D05.STEI.DP1.00033",2021,355,0.34522,6.07878082191781,835.9,878.883333333333,5.2138698630137
"1451","NEON.D05.STEI.DP1.00033",2021,356,0.34506,6.07878082191781,835.9,878.883333333333,5.2138698630137
"1452","NEON.D05.STEI.DP1.00033",2021,357,0.34494,6.07878082191781,835.9,878.883333333333,5.2138698630137
"1453","NEON.D05.STEI.DP1.00033",2021,358,0.34486,6.07878082191781,835.9,878.883333333333,5.2138698630137
"1454","NEON.D05.STEI.DP1.00033",2021,359,0.34479,6.07878082191781,835.9,878.883333333333,5.2138698630137
"1455","NEON.D05.STEI.DP1.00033",2021,360,0.34473,6.07878082191781,835.9,878.883333333333,5.2138698630137
"1456","NEON.D05.STEI.DP1.00033",2021,361,0.34471,6.07878082191781,835.9,878.883333333333,5.2138698630137
"1457","NEON.D05.STEI.DP1.00033",2021,362,0.3447,6.07878082191781,835.9,878.883333333333,5.2138698630137
"1458","NEON.D05.STEI.DP1.00033",2021,363,0.34469,6.07878082191781,835.9,878.883333333333,5.2138698630137
"1459","NEON.D05.STEI.DP1.00033",2021,364,0.34469,6.07878082191781,835.9,878.883333333333,5.2138698630137
"1460","NEON.D05.STEI.DP1.00033",2021,365,0.3447,6.07878082191781,835.9,878.883333333333,5.2138698630137
"1461","NEON.D05.STEI.DP1.00033",2022,1,0.34469,4.38930136986301,836.78,878.883333333333,5.2138698630137
"1462","NEON.D05.STEI.DP1.00033",2022,2,0.34472,4.38930136986301,836.78,878.883333333333,5.2138698630137
"1463","NEON.D05.STEI.DP1.00033",2022,3,0.34479,4.38930136986301,836.78,878.883333333333,5.2138698630137
"1464","NEON.D05.STEI.DP1.00033",2022,4,0.34481,4.38930136986301,836.78,878.883333333333,5.2138698630137
"1465","NEON.D05.STEI.DP1.00033",2022,5,0.34476,4.38930136986301,836.78,878.883333333333,5.2138698630137
"1466","NEON.D05.STEI.DP1.00033",2022,6,0.34469,4.38930136986301,836.78,878.883333333333,5.2138698630137
"1467","NEON.D05.STEI.DP1.00033",2022,7,0.34463,4.38930136986301,836.78,878.883333333333,5.2138698630137
"1468","NEON.D05.STEI.DP1.00033",2022,8,0.34455,4.38930136986301,836.78,878.883333333333,5.2138698630137
"1469","NEON.D05.STEI.DP1.00033",2022,9,0.34443,4.38930136986301,836.78,878.883333333333,5.2138698630137
"1470","NEON.D05.STEI.DP1.00033",2022,10,0.34434,4.38930136986301,836.78,878.883333333333,5.2138698630137
"1471","NEON.D05.STEI.DP1.00033",2022,11,0.34432,4.38930136986301,836.78,878.883333333333,5.2138698630137
"1472","NEON.D05.STEI.DP1.00033",2022,12,0.34431,4.38930136986301,836.78,878.883333333333,5.2138698630137
"1473","NEON.D05.STEI.DP1.00033",2022,13,0.34431,4.38930136986301,836.78,878.883333333333,5.2138698630137
"1474","NEON.D05.STEI.DP1.00033",2022,14,0.34431,4.38930136986301,836.78,878.883333333333,5.2138698630137
"1475","NEON.D05.STEI.DP1.00033",2022,15,0.34431,4.38930136986301,836.78,878.883333333333,5.2138698630137
"1476","NEON.D05.STEI.DP1.00033",2022,16,0.34434,4.38930136986301,836.78,878.883333333333,5.2138698630137
"1477","NEON.D05.STEI.DP1.00033",2022,17,0.3444,4.38930136986301,836.78,878.883333333333,5.2138698630137
"1478","NEON.D05.STEI.DP1.00033",2022,18,0.34444,4.38930136986301,836.78,878.883333333333,5.2138698630137
"1479","NEON.D05.STEI.DP1.00033",2022,19,0.34444,4.38930136986301,836.78,878.883333333333,5.2138698630137
"1480","NEON.D05.STEI.DP1.00033",2022,20,0.34443,4.38930136986301,836.78,878.883333333333,5.2138698630137
"1481","NEON.D05.STEI.DP1.00033",2022,21,0.34442,4.38930136986301,836.78,878.883333333333,5.2138698630137
"1482","NEON.D05.STEI.DP1.00033",2022,22,0.34438,4.38930136986301,836.78,878.883333333333,5.2138698630137
"1483","NEON.D05.STEI.DP1.00033",2022,23,0.34431,4.38930136986301,836.78,878.883333333333,5.2138698630137
"1484","NEON.D05.STEI.DP1.00033",2022,24,0.34427,4.38930136986301,836.78,878.883333333333,5.2138698630137
"1485","NEON.D05.STEI.DP1.00033",2022,25,0.34425,4.38930136986301,836.78,878.883333333333,5.2138698630137
"1486","NEON.D05.STEI.DP1.00033",2022,26,0.34422,4.38930136986301,836.78,878.883333333333,5.2138698630137
"1487","NEON.D05.STEI.DP1.00033",2022,27,0.3442,4.38930136986301,836.78,878.883333333333,5.2138698630137
"1488","NEON.D05.STEI.DP1.00033",2022,28,0.34423,4.38930136986301,836.78,878.883333333333,5.2138698630137
"1489","NEON.D05.STEI.DP1.00033",2022,29,0.3443,4.38930136986301,836.78,878.883333333333,5.2138698630137
"1490","NEON.D05.STEI.DP1.00033",2022,30,0.34434,4.38930136986301,836.78,878.883333333333,5.2138698630137
"1491","NEON.D05.STEI.DP1.00033",2022,31,0.3444,4.38930136986301,836.78,878.883333333333,5.2138698630137
"1492","NEON.D05.STEI.DP1.00033",2022,32,0.34448,4.38930136986301,836.78,878.883333333333,5.2138698630137
"1493","NEON.D05.STEI.DP1.00033",2022,33,0.34453,4.38930136986301,836.78,878.883333333333,5.2138698630137
"1494","NEON.D05.STEI.DP1.00033",2022,34,0.34454,4.38930136986301,836.78,878.883333333333,5.2138698630137
"1495","NEON.D05.STEI.DP1.00033",2022,35,0.34453,4.38930136986301,836.78,878.883333333333,5.2138698630137
"1496","NEON.D05.STEI.DP1.00033",2022,36,0.34452,4.38930136986301,836.78,878.883333333333,5.2138698630137
"1497","NEON.D05.STEI.DP1.00033",2022,37,0.3445,4.38930136986301,836.78,878.883333333333,5.2138698630137
"1498","NEON.D05.STEI.DP1.00033",2022,38,0.34447,4.38930136986301,836.78,878.883333333333,5.2138698630137
"1499","NEON.D05.STEI.DP1.00033",2022,39,0.34439,4.38930136986301,836.78,878.883333333333,5.2138698630137
"1500","NEON.D05.STEI.DP1.00033",2022,40,0.34427,4.38930136986301,836.78,878.883333333333,5.2138698630137
"1501","NEON.D05.STEI.DP1.00033",2022,41,0.34421,4.38930136986301,836.78,878.883333333333,5.2138698630137
"1502","NEON.D05.STEI.DP1.00033",2022,42,0.34417,4.38930136986301,836.78,878.883333333333,5.2138698630137
"1503","NEON.D05.STEI.DP1.00033",2022,43,0.34413,4.38930136986301,836.78,878.883333333333,5.2138698630137
"1504","NEON.D05.STEI.DP1.00033",2022,44,0.34413,4.38930136986301,836.78,878.883333333333,5.2138698630137
"1505","NEON.D05.STEI.DP1.00033",2022,45,0.34422,4.38930136986301,836.78,878.883333333333,5.2138698630137
"1506","NEON.D05.STEI.DP1.00033",2022,46,0.34436,4.38930136986301,836.78,878.883333333333,5.2138698630137
"1507","NEON.D05.STEI.DP1.00033",2022,47,0.34447,4.38930136986301,836.78,878.883333333333,5.2138698630137
"1508","NEON.D05.STEI.DP1.00033",2022,48,0.34463,4.38930136986301,836.78,878.883333333333,5.2138698630137
"1509","NEON.D05.STEI.DP1.00033",2022,49,0.34486,4.38930136986301,836.78,878.883333333333,5.2138698630137
"1510","NEON.D05.STEI.DP1.00033",2022,50,0.34501,4.38930136986301,836.78,878.883333333333,5.2138698630137
"1511","NEON.D05.STEI.DP1.00033",2022,51,0.3451,4.38930136986301,836.78,878.883333333333,5.2138698630137
"1512","NEON.D05.STEI.DP1.00033",2022,52,0.3452,4.38930136986301,836.78,878.883333333333,5.2138698630137
"1513","NEON.D05.STEI.DP1.00033",2022,53,0.34527,4.38930136986301,836.78,878.883333333333,5.2138698630137
"1514","NEON.D05.STEI.DP1.00033",2022,54,0.34525,4.38930136986301,836.78,878.883333333333,5.2138698630137
"1515","NEON.D05.STEI.DP1.00033",2022,55,0.3452,4.38930136986301,836.78,878.883333333333,5.2138698630137
"1516","NEON.D05.STEI.DP1.00033",2022,56,0.34515,4.38930136986301,836.78,878.883333333333,5.2138698630137
"1517","NEON.D05.STEI.DP1.00033",2022,57,0.34509,4.38930136986301,836.78,878.883333333333,5.2138698630137
"1518","NEON.D05.STEI.DP1.00033",2022,58,0.34497,4.38930136986301,836.78,878.883333333333,5.2138698630137
"1519","NEON.D05.STEI.DP1.00033",2022,59,0.34482,4.38930136986301,836.78,878.883333333333,5.2138698630137
"1520","NEON.D05.STEI.DP1.00033",2022,60,0.34469,4.38930136986301,836.78,878.883333333333,5.2138698630137
"1521","NEON.D05.STEI.DP1.00033",2022,61,0.34459,4.38930136986301,836.78,878.883333333333,5.2138698630137
"1522","NEON.D05.STEI.DP1.00033",2022,62,0.34451,4.38930136986301,836.78,878.883333333333,5.2138698630137
"1523","NEON.D05.STEI.DP1.00033",2022,63,0.34442,4.38930136986301,836.78,878.883333333333,5.2138698630137
"1524","NEON.D05.STEI.DP1.00033",2022,64,0.34437,4.38930136986301,836.78,878.883333333333,5.2138698630137
"1525","NEON.D05.STEI.DP1.00033",2022,65,0.34439,4.38930136986301,836.78,878.883333333333,5.2138698630137
"1526","NEON.D05.STEI.DP1.00033",2022,66,0.34445,4.38930136986301,836.78,878.883333333333,5.2138698630137
"1527","NEON.D05.STEI.DP1.00033",2022,67,0.34451,4.38930136986301,836.78,878.883333333333,5.2138698630137
"1528","NEON.D05.STEI.DP1.00033",2022,68,0.34461,4.38930136986301,836.78,878.883333333333,5.2138698630137
"1529","NEON.D05.STEI.DP1.00033",2022,69,0.34474,4.38930136986301,836.78,878.883333333333,5.2138698630137
"1530","NEON.D05.STEI.DP1.00033",2022,70,0.34485,4.38930136986301,836.78,878.883333333333,5.2138698630137
"1531","NEON.D05.STEI.DP1.00033",2022,71,0.34496,4.38930136986301,836.78,878.883333333333,5.2138698630137
"1532","NEON.D05.STEI.DP1.00033",2022,72,0.3451,4.38930136986301,836.78,878.883333333333,5.2138698630137
"1533","NEON.D05.STEI.DP1.00033",2022,73,0.34521,4.38930136986301,836.78,878.883333333333,5.2138698630137
"1534","NEON.D05.STEI.DP1.00033",2022,74,0.34535,4.38930136986301,836.78,878.883333333333,5.2138698630137
"1535","NEON.D05.STEI.DP1.00033",2022,75,0.34553,4.38930136986301,836.78,878.883333333333,5.2138698630137
"1536","NEON.D05.STEI.DP1.00033",2022,76,0.34564,4.38930136986301,836.78,878.883333333333,5.2138698630137
"1537","NEON.D05.STEI.DP1.00033",2022,77,0.34569,4.38930136986301,836.78,878.883333333333,5.2138698630137
"1538","NEON.D05.STEI.DP1.00033",2022,78,0.34572,4.38930136986301,836.78,878.883333333333,5.2138698630137
"1539","NEON.D05.STEI.DP1.00033",2022,79,0.34572,4.38930136986301,836.78,878.883333333333,5.2138698630137
"1540","NEON.D05.STEI.DP1.00033",2022,80,0.34562,4.38930136986301,836.78,878.883333333333,5.2138698630137
"1541","NEON.D05.STEI.DP1.00033",2022,81,0.34545,4.38930136986301,836.78,878.883333333333,5.2138698630137
"1542","NEON.D05.STEI.DP1.00033",2022,82,0.34533,4.38930136986301,836.78,878.883333333333,5.2138698630137
"1543","NEON.D05.STEI.DP1.00033",2022,83,0.34523,4.38930136986301,836.78,878.883333333333,5.2138698630137
"1544","NEON.D05.STEI.DP1.00033",2022,84,0.34511,4.38930136986301,836.78,878.883333333333,5.2138698630137
"1545","NEON.D05.STEI.DP1.00033",2022,85,0.34503,4.38930136986301,836.78,878.883333333333,5.2138698630137
"1546","NEON.D05.STEI.DP1.00033",2022,86,0.34501,4.38930136986301,836.78,878.883333333333,5.2138698630137
"1547","NEON.D05.STEI.DP1.00033",2022,87,0.34501,4.38930136986301,836.78,878.883333333333,5.2138698630137
"1548","NEON.D05.STEI.DP1.00033",2022,88,0.34501,4.38930136986301,836.78,878.883333333333,5.2138698630137
"1549","NEON.D05.STEI.DP1.00033",2022,89,0.345,4.38930136986301,836.78,878.883333333333,5.2138698630137
"1550","NEON.D05.STEI.DP1.00033",2022,90,0.34499,4.38930136986301,836.78,878.883333333333,5.2138698630137
"1551","NEON.D05.STEI.DP1.00033",2022,91,0.345,4.38930136986301,836.78,878.883333333333,5.2138698630137
"1552","NEON.D05.STEI.DP1.00033",2022,92,0.34504,4.38930136986301,836.78,878.883333333333,5.2138698630137
"1553","NEON.D05.STEI.DP1.00033",2022,93,0.34511,4.38930136986301,836.78,878.883333333333,5.2138698630137
"1554","NEON.D05.STEI.DP1.00033",2022,94,0.34518,4.38930136986301,836.78,878.883333333333,5.2138698630137
"1555","NEON.D05.STEI.DP1.00033",2022,95,0.34526,4.38930136986301,836.78,878.883333333333,5.2138698630137
"1556","NEON.D05.STEI.DP1.00033",2022,96,0.34538,4.38930136986301,836.78,878.883333333333,5.2138698630137
"1557","NEON.D05.STEI.DP1.00033",2022,97,0.34547,4.38930136986301,836.78,878.883333333333,5.2138698630137
"1558","NEON.D05.STEI.DP1.00033",2022,98,0.34551,4.38930136986301,836.78,878.883333333333,5.2138698630137
"1559","NEON.D05.STEI.DP1.00033",2022,99,0.34553,4.38930136986301,836.78,878.883333333333,5.2138698630137
"1560","NEON.D05.STEI.DP1.00033",2022,100,0.34556,4.38930136986301,836.78,878.883333333333,5.2138698630137
"1561","NEON.D05.STEI.DP1.00033",2022,101,0.34559,4.38930136986301,836.78,878.883333333333,5.2138698630137
"1562","NEON.D05.STEI.DP1.00033",2022,102,0.3456,4.38930136986301,836.78,878.883333333333,5.2138698630137
"1563","NEON.D05.STEI.DP1.00033",2022,103,0.34564,4.38930136986301,836.78,878.883333333333,5.2138698630137
"1564","NEON.D05.STEI.DP1.00033",2022,104,0.34572,4.38930136986301,836.78,878.883333333333,5.2138698630137
"1565","NEON.D05.STEI.DP1.00033",2022,105,0.34582,4.38930136986301,836.78,878.883333333333,5.2138698630137
"1566","NEON.D05.STEI.DP1.00033",2022,106,0.34593,4.38930136986301,836.78,878.883333333333,5.2138698630137
"1567","NEON.D05.STEI.DP1.00033",2022,107,0.34603,4.38930136986301,836.78,878.883333333333,5.2138698630137
"1568","NEON.D05.STEI.DP1.00033",2022,108,0.3461,4.38930136986301,836.78,878.883333333333,5.2138698630137
"1569","NEON.D05.STEI.DP1.00033",2022,109,0.34614,4.38930136986301,836.78,878.883333333333,5.2138698630137
"1570","NEON.D05.STEI.DP1.00033",2022,110,0.34617,4.38930136986301,836.78,878.883333333333,5.2138698630137
"1571","NEON.D05.STEI.DP1.00033",2022,111,0.3462,4.38930136986301,836.78,878.883333333333,5.2138698630137
"1572","NEON.D05.STEI.DP1.00033",2022,112,0.34627,4.38930136986301,836.78,878.883333333333,5.2138698630137
"1573","NEON.D05.STEI.DP1.00033",2022,113,0.34634,4.38930136986301,836.78,878.883333333333,5.2138698630137
"1574","NEON.D05.STEI.DP1.00033",2022,114,0.3464,4.38930136986301,836.78,878.883333333333,5.2138698630137
"1575","NEON.D05.STEI.DP1.00033",2022,115,0.34642,4.38930136986301,836.78,878.883333333333,5.2138698630137
"1576","NEON.D05.STEI.DP1.00033",2022,116,0.34643,4.38930136986301,836.78,878.883333333333,5.2138698630137
"1577","NEON.D05.STEI.DP1.00033",2022,117,0.34642,4.38930136986301,836.78,878.883333333333,5.2138698630137
"1578","NEON.D05.STEI.DP1.00033",2022,118,0.3462,4.38930136986301,836.78,878.883333333333,5.2138698630137
"1579","NEON.D05.STEI.DP1.00033",2022,119,0.3458,4.38930136986301,836.78,878.883333333333,5.2138698630137
"1580","NEON.D05.STEI.DP1.00033",2022,120,0.34564,4.38930136986301,836.78,878.883333333333,5.2138698630137
"1581","NEON.D05.STEI.DP1.00033",2022,121,0.3448,4.38930136986301,836.78,878.883333333333,5.2138698630137
"1582","NEON.D05.STEI.DP1.00033",2022,122,0.34333,4.38930136986301,836.78,878.883333333333,5.2138698630137
"1583","NEON.D05.STEI.DP1.00033",2022,123,0.34312,4.38930136986301,836.78,878.883333333333,5.2138698630137
"1584","NEON.D05.STEI.DP1.00033",2022,124,0.3434,4.38930136986301,836.78,878.883333333333,5.2138698630137
"1585","NEON.D05.STEI.DP1.00033",2022,125,0.34341,4.38930136986301,836.78,878.883333333333,5.2138698630137
"1586","NEON.D05.STEI.DP1.00033",2022,126,0.345,4.38930136986301,836.78,878.883333333333,5.2138698630137
"1587","NEON.D05.STEI.DP1.00033",2022,127,0.34879,4.38930136986301,836.78,878.883333333333,5.2138698630137
"1588","NEON.D05.STEI.DP1.00033",2022,128,0.35387,4.38930136986301,836.78,878.883333333333,5.2138698630137
"1589","NEON.D05.STEI.DP1.00033",2022,129,0.35979,4.38930136986301,836.78,878.883333333333,5.2138698630137
"1590","NEON.D05.STEI.DP1.00033",2022,130,0.36611,4.38930136986301,836.78,878.883333333333,5.2138698630137
"1591","NEON.D05.STEI.DP1.00033",2022,131,0.37239,4.38930136986301,836.78,878.883333333333,5.2138698630137
"1592","NEON.D05.STEI.DP1.00033",2022,132,0.38052,4.38930136986301,836.78,878.883333333333,5.2138698630137
"1593","NEON.D05.STEI.DP1.00033",2022,133,0.39044,4.38930136986301,836.78,878.883333333333,5.2138698630137
"1594","NEON.D05.STEI.DP1.00033",2022,134,0.39877,4.38930136986301,836.78,878.883333333333,5.2138698630137
"1595","NEON.D05.STEI.DP1.00033",2022,135,0.40634,4.38930136986301,836.78,878.883333333333,5.2138698630137
"1596","NEON.D05.STEI.DP1.00033",2022,136,0.4147,4.38930136986301,836.78,878.883333333333,5.2138698630137
"1597","NEON.D05.STEI.DP1.00033",2022,137,0.42157,4.38930136986301,836.78,878.883333333333,5.2138698630137
"1598","NEON.D05.STEI.DP1.00033",2022,138,0.42651,4.38930136986301,836.78,878.883333333333,5.2138698630137
"1599","NEON.D05.STEI.DP1.00033",2022,139,0.43071,4.38930136986301,836.78,878.883333333333,5.2138698630137
"1600","NEON.D05.STEI.DP1.00033",2022,140,0.43444,4.38930136986301,836.78,878.883333333333,5.2138698630137
"1601","NEON.D05.STEI.DP1.00033",2022,141,0.43699,4.38930136986301,836.78,878.883333333333,5.2138698630137
"1602","NEON.D05.STEI.DP1.00033",2022,142,0.43833,4.38930136986301,836.78,878.883333333333,5.2138698630137
"1603","NEON.D05.STEI.DP1.00033",2022,143,0.43974,4.38930136986301,836.78,878.883333333333,5.2138698630137
"1604","NEON.D05.STEI.DP1.00033",2022,144,0.44112,4.38930136986301,836.78,878.883333333333,5.2138698630137
"1605","NEON.D05.STEI.DP1.00033",2022,145,0.44189,4.38930136986301,836.78,878.883333333333,5.2138698630137
"1606","NEON.D05.STEI.DP1.00033",2022,146,0.44257,4.38930136986301,836.78,878.883333333333,5.2138698630137
"1607","NEON.D05.STEI.DP1.00033",2022,147,0.44311,4.38930136986301,836.78,878.883333333333,5.2138698630137
"1608","NEON.D05.STEI.DP1.00033",2022,148,0.44328,4.38930136986301,836.78,878.883333333333,5.2138698630137
"1609","NEON.D05.STEI.DP1.00033",2022,149,0.44337,4.38930136986301,836.78,878.883333333333,5.2138698630137
"1610","NEON.D05.STEI.DP1.00033",2022,150,0.44322,4.38930136986301,836.78,878.883333333333,5.2138698630137
"1611","NEON.D05.STEI.DP1.00033",2022,151,0.44263,4.38930136986301,836.78,878.883333333333,5.2138698630137
"1612","NEON.D05.STEI.DP1.00033",2022,152,0.44181,4.38930136986301,836.78,878.883333333333,5.2138698630137
"1613","NEON.D05.STEI.DP1.00033",2022,153,0.44096,4.38930136986301,836.78,878.883333333333,5.2138698630137
"1614","NEON.D05.STEI.DP1.00033",2022,154,0.44028,4.38930136986301,836.78,878.883333333333,5.2138698630137
"1615","NEON.D05.STEI.DP1.00033",2022,155,0.43949,4.38930136986301,836.78,878.883333333333,5.2138698630137
"1616","NEON.D05.STEI.DP1.00033",2022,156,0.43845,4.38930136986301,836.78,878.883333333333,5.2138698630137
"1617","NEON.D05.STEI.DP1.00033",2022,157,0.43762,4.38930136986301,836.78,878.883333333333,5.2138698630137
"1618","NEON.D05.STEI.DP1.00033",2022,158,0.43734,4.38930136986301,836.78,878.883333333333,5.2138698630137
"1619","NEON.D05.STEI.DP1.00033",2022,159,0.43732,4.38930136986301,836.78,878.883333333333,5.2138698630137
"1620","NEON.D05.STEI.DP1.00033",2022,160,0.43702,4.38930136986301,836.78,878.883333333333,5.2138698630137
"1621","NEON.D05.STEI.DP1.00033",2022,161,0.43671,4.38930136986301,836.78,878.883333333333,5.2138698630137
"1622","NEON.D05.STEI.DP1.00033",2022,162,0.4366,4.38930136986301,836.78,878.883333333333,5.2138698630137
"1623","NEON.D05.STEI.DP1.00033",2022,163,0.4361,4.38930136986301,836.78,878.883333333333,5.2138698630137
"1624","NEON.D05.STEI.DP1.00033",2022,164,0.43492,4.38930136986301,836.78,878.883333333333,5.2138698630137
"1625","NEON.D05.STEI.DP1.00033",2022,165,0.43345,4.38930136986301,836.78,878.883333333333,5.2138698630137
"1626","NEON.D05.STEI.DP1.00033",2022,166,0.43207,4.38930136986301,836.78,878.883333333333,5.2138698630137
"1627","NEON.D05.STEI.DP1.00033",2022,167,0.43041,4.38930136986301,836.78,878.883333333333,5.2138698630137
"1628","NEON.D05.STEI.DP1.00033",2022,168,0.42835,4.38930136986301,836.78,878.883333333333,5.2138698630137
"1629","NEON.D05.STEI.DP1.00033",2022,169,0.42669,4.38930136986301,836.78,878.883333333333,5.2138698630137
"1630","NEON.D05.STEI.DP1.00033",2022,170,0.42517,4.38930136986301,836.78,878.883333333333,5.2138698630137
"1631","NEON.D05.STEI.DP1.00033",2022,171,0.42343,4.38930136986301,836.78,878.883333333333,5.2138698630137
"1632","NEON.D05.STEI.DP1.00033",2022,172,0.42212,4.38930136986301,836.78,878.883333333333,5.2138698630137
"1633","NEON.D05.STEI.DP1.00033",2022,173,0.42131,4.38930136986301,836.78,878.883333333333,5.2138698630137
"1634","NEON.D05.STEI.DP1.00033",2022,174,0.42066,4.38930136986301,836.78,878.883333333333,5.2138698630137
"1635","NEON.D05.STEI.DP1.00033",2022,175,0.4202,4.38930136986301,836.78,878.883333333333,5.2138698630137
"1636","NEON.D05.STEI.DP1.00033",2022,176,0.42026,4.38930136986301,836.78,878.883333333333,5.2138698630137
"1637","NEON.D05.STEI.DP1.00033",2022,177,0.42078,4.38930136986301,836.78,878.883333333333,5.2138698630137
"1638","NEON.D05.STEI.DP1.00033",2022,178,0.42113,4.38930136986301,836.78,878.883333333333,5.2138698630137
"1639","NEON.D05.STEI.DP1.00033",2022,179,0.42152,4.38930136986301,836.78,878.883333333333,5.2138698630137
"1640","NEON.D05.STEI.DP1.00033",2022,180,0.42221,4.38930136986301,836.78,878.883333333333,5.2138698630137
"1641","NEON.D05.STEI.DP1.00033",2022,181,0.42267,4.38930136986301,836.78,878.883333333333,5.2138698630137
"1642","NEON.D05.STEI.DP1.00033",2022,182,0.42293,4.38930136986301,836.78,878.883333333333,5.2138698630137
"1643","NEON.D05.STEI.DP1.00033",2022,183,0.42324,4.38930136986301,836.78,878.883333333333,5.2138698630137
"1644","NEON.D05.STEI.DP1.00033",2022,184,0.42341,4.38930136986301,836.78,878.883333333333,5.2138698630137
"1645","NEON.D05.STEI.DP1.00033",2022,185,0.42337,4.38930136986301,836.78,878.883333333333,5.2138698630137
"1646","NEON.D05.STEI.DP1.00033",2022,186,0.42323,4.38930136986301,836.78,878.883333333333,5.2138698630137
"1647","NEON.D05.STEI.DP1.00033",2022,187,0.42309,4.38930136986301,836.78,878.883333333333,5.2138698630137
"1648","NEON.D05.STEI.DP1.00033",2022,188,0.42296,4.38930136986301,836.78,878.883333333333,5.2138698630137
"1649","NEON.D05.STEI.DP1.00033",2022,189,0.4228,4.38930136986301,836.78,878.883333333333,5.2138698630137
"1650","NEON.D05.STEI.DP1.00033",2022,190,0.42259,4.38930136986301,836.78,878.883333333333,5.2138698630137
"1651","NEON.D05.STEI.DP1.00033",2022,191,0.42238,4.38930136986301,836.78,878.883333333333,5.2138698630137
"1652","NEON.D05.STEI.DP1.00033",2022,192,0.42217,4.38930136986301,836.78,878.883333333333,5.2138698630137
"1653","NEON.D05.STEI.DP1.00033",2022,193,0.42182,4.38930136986301,836.78,878.883333333333,5.2138698630137
"1654","NEON.D05.STEI.DP1.00033",2022,194,0.42121,4.38930136986301,836.78,878.883333333333,5.2138698630137
"1655","NEON.D05.STEI.DP1.00033",2022,195,0.42045,4.38930136986301,836.78,878.883333333333,5.2138698630137
"1656","NEON.D05.STEI.DP1.00033",2022,196,0.41975,4.38930136986301,836.78,878.883333333333,5.2138698630137
"1657","NEON.D05.STEI.DP1.00033",2022,197,0.41906,4.38930136986301,836.78,878.883333333333,5.2138698630137
"1658","NEON.D05.STEI.DP1.00033",2022,198,0.41824,4.38930136986301,836.78,878.883333333333,5.2138698630137
"1659","NEON.D05.STEI.DP1.00033",2022,199,0.41738,4.38930136986301,836.78,878.883333333333,5.2138698630137
"1660","NEON.D05.STEI.DP1.00033",2022,200,0.41658,4.38930136986301,836.78,878.883333333333,5.2138698630137
"1661","NEON.D05.STEI.DP1.00033",2022,201,0.41591,4.38930136986301,836.78,878.883333333333,5.2138698630137
"1662","NEON.D05.STEI.DP1.00033",2022,202,0.41525,4.38930136986301,836.78,878.883333333333,5.2138698630137
"1663","NEON.D05.STEI.DP1.00033",2022,203,0.41453,4.38930136986301,836.78,878.883333333333,5.2138698630137
"1664","NEON.D05.STEI.DP1.00033",2022,204,0.41398,4.38930136986301,836.78,878.883333333333,5.2138698630137
"1665","NEON.D05.STEI.DP1.00033",2022,205,0.41369,4.38930136986301,836.78,878.883333333333,5.2138698630137
"1666","NEON.D05.STEI.DP1.00033",2022,206,0.41352,4.38930136986301,836.78,878.883333333333,5.2138698630137
"1667","NEON.D05.STEI.DP1.00033",2022,207,0.41335,4.38930136986301,836.78,878.883333333333,5.2138698630137
"1668","NEON.D05.STEI.DP1.00033",2022,208,0.41333,4.38930136986301,836.78,878.883333333333,5.2138698630137
"1669","NEON.D05.STEI.DP1.00033",2022,209,0.4135,4.38930136986301,836.78,878.883333333333,5.2138698630137
"1670","NEON.D05.STEI.DP1.00033",2022,210,0.41358,4.38930136986301,836.78,878.883333333333,5.2138698630137
"1671","NEON.D05.STEI.DP1.00033",2022,211,0.41361,4.38930136986301,836.78,878.883333333333,5.2138698630137
"1672","NEON.D05.STEI.DP1.00033",2022,212,0.41371,4.38930136986301,836.78,878.883333333333,5.2138698630137
"1673","NEON.D05.STEI.DP1.00033",2022,213,0.41368,4.38930136986301,836.78,878.883333333333,5.2138698630137
"1674","NEON.D05.STEI.DP1.00033",2022,214,0.41344,4.38930136986301,836.78,878.883333333333,5.2138698630137
"1675","NEON.D05.STEI.DP1.00033",2022,215,0.4131,4.38930136986301,836.78,878.883333333333,5.2138698630137
"1676","NEON.D05.STEI.DP1.00033",2022,216,0.41285,4.38930136986301,836.78,878.883333333333,5.2138698630137
"1677","NEON.D05.STEI.DP1.00033",2022,217,0.41262,4.38930136986301,836.78,878.883333333333,5.2138698630137
"1678","NEON.D05.STEI.DP1.00033",2022,218,0.41233,4.38930136986301,836.78,878.883333333333,5.2138698630137
"1679","NEON.D05.STEI.DP1.00033",2022,219,0.41214,4.38930136986301,836.78,878.883333333333,5.2138698630137
"1680","NEON.D05.STEI.DP1.00033",2022,220,0.41207,4.38930136986301,836.78,878.883333333333,5.2138698630137
"1681","NEON.D05.STEI.DP1.00033",2022,221,0.41208,4.38930136986301,836.78,878.883333333333,5.2138698630137
"1682","NEON.D05.STEI.DP1.00033",2022,222,0.41211,4.38930136986301,836.78,878.883333333333,5.2138698630137
"1683","NEON.D05.STEI.DP1.00033",2022,223,0.41212,4.38930136986301,836.78,878.883333333333,5.2138698630137
"1684","NEON.D05.STEI.DP1.00033",2022,224,0.41206,4.38930136986301,836.78,878.883333333333,5.2138698630137
"1685","NEON.D05.STEI.DP1.00033",2022,225,0.41197,4.38930136986301,836.78,878.883333333333,5.2138698630137
"1686","NEON.D05.STEI.DP1.00033",2022,226,0.41188,4.38930136986301,836.78,878.883333333333,5.2138698630137
"1687","NEON.D05.STEI.DP1.00033",2022,227,0.41177,4.38930136986301,836.78,878.883333333333,5.2138698630137
"1688","NEON.D05.STEI.DP1.00033",2022,228,0.41158,4.38930136986301,836.78,878.883333333333,5.2138698630137
"1689","NEON.D05.STEI.DP1.00033",2022,229,0.41135,4.38930136986301,836.78,878.883333333333,5.2138698630137
"1690","NEON.D05.STEI.DP1.00033",2022,230,0.41118,4.38930136986301,836.78,878.883333333333,5.2138698630137
"1691","NEON.D05.STEI.DP1.00033",2022,231,0.41114,4.38930136986301,836.78,878.883333333333,5.2138698630137
"1692","NEON.D05.STEI.DP1.00033",2022,232,0.41113,4.38930136986301,836.78,878.883333333333,5.2138698630137
"1693","NEON.D05.STEI.DP1.00033",2022,233,0.41102,4.38930136986301,836.78,878.883333333333,5.2138698630137
"1694","NEON.D05.STEI.DP1.00033",2022,234,0.41092,4.38930136986301,836.78,878.883333333333,5.2138698630137
"1695","NEON.D05.STEI.DP1.00033",2022,235,0.41085,4.38930136986301,836.78,878.883333333333,5.2138698630137
"1696","NEON.D05.STEI.DP1.00033",2022,236,0.4106,4.38930136986301,836.78,878.883333333333,5.2138698630137
"1697","NEON.D05.STEI.DP1.00033",2022,237,0.41027,4.38930136986301,836.78,878.883333333333,5.2138698630137
"1698","NEON.D05.STEI.DP1.00033",2022,238,0.40996,4.38930136986301,836.78,878.883333333333,5.2138698630137
"1699","NEON.D05.STEI.DP1.00033",2022,239,0.40947,4.38930136986301,836.78,878.883333333333,5.2138698630137
"1700","NEON.D05.STEI.DP1.00033",2022,240,0.4085,4.38930136986301,836.78,878.883333333333,5.2138698630137
"1701","NEON.D05.STEI.DP1.00033",2022,241,0.40726,4.38930136986301,836.78,878.883333333333,5.2138698630137
"1702","NEON.D05.STEI.DP1.00033",2022,242,0.40623,4.38930136986301,836.78,878.883333333333,5.2138698630137
"1703","NEON.D05.STEI.DP1.00033",2022,243,0.40527,4.38930136986301,836.78,878.883333333333,5.2138698630137
"1704","NEON.D05.STEI.DP1.00033",2022,244,0.40409,4.38930136986301,836.78,878.883333333333,5.2138698630137
"1705","NEON.D05.STEI.DP1.00033",2022,245,0.40288,4.38930136986301,836.78,878.883333333333,5.2138698630137
"1706","NEON.D05.STEI.DP1.00033",2022,246,0.40184,4.38930136986301,836.78,878.883333333333,5.2138698630137
"1707","NEON.D05.STEI.DP1.00033",2022,247,0.40118,4.38930136986301,836.78,878.883333333333,5.2138698630137
"1708","NEON.D05.STEI.DP1.00033",2022,248,0.40101,4.38930136986301,836.78,878.883333333333,5.2138698630137
"1709","NEON.D05.STEI.DP1.00033",2022,249,0.40111,4.38930136986301,836.78,878.883333333333,5.2138698630137
"1710","NEON.D05.STEI.DP1.00033",2022,250,0.40116,4.38930136986301,836.78,878.883333333333,5.2138698630137
"1711","NEON.D05.STEI.DP1.00033",2022,251,0.40164,4.38930136986301,836.78,878.883333333333,5.2138698630137
"1712","NEON.D05.STEI.DP1.00033",2022,252,0.4026,4.38930136986301,836.78,878.883333333333,5.2138698630137
"1713","NEON.D05.STEI.DP1.00033",2022,253,0.40312,4.38930136986301,836.78,878.883333333333,5.2138698630137
"1714","NEON.D05.STEI.DP1.00033",2022,254,0.40334,4.38930136986301,836.78,878.883333333333,5.2138698630137
"1715","NEON.D05.STEI.DP1.00033",2022,255,0.40368,4.38930136986301,836.78,878.883333333333,5.2138698630137
"1716","NEON.D05.STEI.DP1.00033",2022,256,0.40367,4.38930136986301,836.78,878.883333333333,5.2138698630137
"1717","NEON.D05.STEI.DP1.00033",2022,257,0.40323,4.38930136986301,836.78,878.883333333333,5.2138698630137
"1718","NEON.D05.STEI.DP1.00033",2022,258,0.4026,4.38930136986301,836.78,878.883333333333,5.2138698630137
"1719","NEON.D05.STEI.DP1.00033",2022,259,0.40183,4.38930136986301,836.78,878.883333333333,5.2138698630137
"1720","NEON.D05.STEI.DP1.00033",2022,260,0.40101,4.38930136986301,836.78,878.883333333333,5.2138698630137
"1721","NEON.D05.STEI.DP1.00033",2022,261,0.40007,4.38930136986301,836.78,878.883333333333,5.2138698630137
"1722","NEON.D05.STEI.DP1.00033",2022,262,0.39883,4.38930136986301,836.78,878.883333333333,5.2138698630137
"1723","NEON.D05.STEI.DP1.00033",2022,263,0.39755,4.38930136986301,836.78,878.883333333333,5.2138698630137
"1724","NEON.D05.STEI.DP1.00033",2022,264,0.39626,4.38930136986301,836.78,878.883333333333,5.2138698630137
"1725","NEON.D05.STEI.DP1.00033",2022,265,0.39449,4.38930136986301,836.78,878.883333333333,5.2138698630137
"1726","NEON.D05.STEI.DP1.00033",2022,266,0.39217,4.38930136986301,836.78,878.883333333333,5.2138698630137
"1727","NEON.D05.STEI.DP1.00033",2022,267,0.38956,4.38930136986301,836.78,878.883333333333,5.2138698630137
"1728","NEON.D05.STEI.DP1.00033",2022,268,0.38666,4.38930136986301,836.78,878.883333333333,5.2138698630137
"1729","NEON.D05.STEI.DP1.00033",2022,269,0.38308,4.38930136986301,836.78,878.883333333333,5.2138698630137
"1730","NEON.D05.STEI.DP1.00033",2022,270,0.37894,4.38930136986301,836.78,878.883333333333,5.2138698630137
"1731","NEON.D05.STEI.DP1.00033",2022,271,0.375,4.38930136986301,836.78,878.883333333333,5.2138698630137
"1732","NEON.D05.STEI.DP1.00033",2022,272,0.37056,4.38930136986301,836.78,878.883333333333,5.2138698630137
"1733","NEON.D05.STEI.DP1.00033",2022,273,0.36541,4.38930136986301,836.78,878.883333333333,5.2138698630137
"1734","NEON.D05.STEI.DP1.00033",2022,274,0.36103,4.38930136986301,836.78,878.883333333333,5.2138698630137
"1735","NEON.D05.STEI.DP1.00033",2022,275,0.35697,4.38930136986301,836.78,878.883333333333,5.2138698630137
"1736","NEON.D05.STEI.DP1.00033",2022,276,0.35258,4.38930136986301,836.78,878.883333333333,5.2138698630137
"1737","NEON.D05.STEI.DP1.00033",2022,277,0.34904,4.38930136986301,836.78,878.883333333333,5.2138698630137
"1738","NEON.D05.STEI.DP1.00033",2022,278,0.34644,4.38930136986301,836.78,878.883333333333,5.2138698630137
"1739","NEON.D05.STEI.DP1.00033",2022,279,0.34419,4.38930136986301,836.78,878.883333333333,5.2138698630137
"1740","NEON.D05.STEI.DP1.00033",2022,280,0.34237,4.38930136986301,836.78,878.883333333333,5.2138698630137
"1741","NEON.D05.STEI.DP1.00033",2022,281,0.34132,4.38930136986301,836.78,878.883333333333,5.2138698630137
"1742","NEON.D05.STEI.DP1.00033",2022,282,0.34093,4.38930136986301,836.78,878.883333333333,5.2138698630137
"1743","NEON.D05.STEI.DP1.00033",2022,283,0.34057,4.38930136986301,836.78,878.883333333333,5.2138698630137
"1744","NEON.D05.STEI.DP1.00033",2022,284,0.34066,4.38930136986301,836.78,878.883333333333,5.2138698630137
"1745","NEON.D05.STEI.DP1.00033",2022,285,0.34143,4.38930136986301,836.78,878.883333333333,5.2138698630137
"1746","NEON.D05.STEI.DP1.00033",2022,286,0.34195,4.38930136986301,836.78,878.883333333333,5.2138698630137
"1747","NEON.D05.STEI.DP1.00033",2022,287,0.34239,4.38930136986301,836.78,878.883333333333,5.2138698630137
"1748","NEON.D05.STEI.DP1.00033",2022,288,0.34315,4.38930136986301,836.78,878.883333333333,5.2138698630137
"1749","NEON.D05.STEI.DP1.00033",2022,289,0.34371,4.38930136986301,836.78,878.883333333333,5.2138698630137
"1750","NEON.D05.STEI.DP1.00033",2022,290,0.34404,4.38930136986301,836.78,878.883333333333,5.2138698630137
"1751","NEON.D05.STEI.DP1.00033",2022,291,0.34442,4.38930136986301,836.78,878.883333333333,5.2138698630137
"1752","NEON.D05.STEI.DP1.00033",2022,292,0.34481,4.38930136986301,836.78,878.883333333333,5.2138698630137
"1753","NEON.D05.STEI.DP1.00033",2022,293,0.34514,4.38930136986301,836.78,878.883333333333,5.2138698630137
"1754","NEON.D05.STEI.DP1.00033",2022,294,0.34535,4.38930136986301,836.78,878.883333333333,5.2138698630137
"1755","NEON.D05.STEI.DP1.00033",2022,295,0.34544,4.38930136986301,836.78,878.883333333333,5.2138698630137
"1756","NEON.D05.STEI.DP1.00033",2022,296,0.34547,4.38930136986301,836.78,878.883333333333,5.2138698630137
"1757","NEON.D05.STEI.DP1.00033",2022,297,0.34549,4.38930136986301,836.78,878.883333333333,5.2138698630137
"1758","NEON.D05.STEI.DP1.00033",2022,298,0.34544,4.38930136986301,836.78,878.883333333333,5.2138698630137
"1759","NEON.D05.STEI.DP1.00033",2022,299,0.34531,4.38930136986301,836.78,878.883333333333,5.2138698630137
"1760","NEON.D05.STEI.DP1.00033",2022,300,0.34521,4.38930136986301,836.78,878.883333333333,5.2138698630137
"1761","NEON.D05.STEI.DP1.00033",2022,301,0.34507,4.38930136986301,836.78,878.883333333333,5.2138698630137
"1762","NEON.D05.STEI.DP1.00033",2022,302,0.34484,4.38930136986301,836.78,878.883333333333,5.2138698630137
"1763","NEON.D05.STEI.DP1.00033",2022,303,0.3447,4.38930136986301,836.78,878.883333333333,5.2138698630137
"1764","NEON.D05.STEI.DP1.00033",2022,304,0.34463,4.38930136986301,836.78,878.883333333333,5.2138698630137
"1765","NEON.D05.STEI.DP1.00033",2022,305,0.34455,4.38930136986301,836.78,878.883333333333,5.2138698630137
"1766","NEON.D05.STEI.DP1.00033",2022,306,0.34452,4.38930136986301,836.78,878.883333333333,5.2138698630137
"1767","NEON.D05.STEI.DP1.00033",2022,307,0.34458,4.38930136986301,836.78,878.883333333333,5.2138698630137
"1768","NEON.D05.STEI.DP1.00033",2022,308,0.34472,4.38930136986301,836.78,878.883333333333,5.2138698630137
"1769","NEON.D05.STEI.DP1.00033",2022,309,0.34482,4.38930136986301,836.78,878.883333333333,5.2138698630137
"1770","NEON.D05.STEI.DP1.00033",2022,310,0.34491,4.38930136986301,836.78,878.883333333333,5.2138698630137
"1771","NEON.D05.STEI.DP1.00033",2022,311,0.34503,4.38930136986301,836.78,878.883333333333,5.2138698630137
"1772","NEON.D05.STEI.DP1.00033",2022,312,0.34512,4.38930136986301,836.78,878.883333333333,5.2138698630137
"1773","NEON.D05.STEI.DP1.00033",2022,313,0.34517,4.38930136986301,836.78,878.883333333333,5.2138698630137
"1774","NEON.D05.STEI.DP1.00033",2022,314,0.34523,4.38930136986301,836.78,878.883333333333,5.2138698630137
"1775","NEON.D05.STEI.DP1.00033",2022,315,0.34529,4.38930136986301,836.78,878.883333333333,5.2138698630137
"1776","NEON.D05.STEI.DP1.00033",2022,316,0.34533,4.38930136986301,836.78,878.883333333333,5.2138698630137
"1777","NEON.D05.STEI.DP1.00033",2022,317,0.34534,4.38930136986301,836.78,878.883333333333,5.2138698630137
"1778","NEON.D05.STEI.DP1.00033",2022,318,0.34529,4.38930136986301,836.78,878.883333333333,5.2138698630137
"1779","NEON.D05.STEI.DP1.00033",2022,319,0.3452,4.38930136986301,836.78,878.883333333333,5.2138698630137
"1780","NEON.D05.STEI.DP1.00033",2022,320,0.34513,4.38930136986301,836.78,878.883333333333,5.2138698630137
"1781","NEON.D05.STEI.DP1.00033",2022,321,0.34505,4.38930136986301,836.78,878.883333333333,5.2138698630137
"1782","NEON.D05.STEI.DP1.00033",2022,322,0.34494,4.38930136986301,836.78,878.883333333333,5.2138698630137
"1783","NEON.D05.STEI.DP1.00033",2022,323,0.34485,4.38930136986301,836.78,878.883333333333,5.2138698630137
"1784","NEON.D05.STEI.DP1.00033",2022,324,0.34482,4.38930136986301,836.78,878.883333333333,5.2138698630137
"1785","NEON.D05.STEI.DP1.00033",2022,325,0.3448,4.38930136986301,836.78,878.883333333333,5.2138698630137
"1786","NEON.D05.STEI.DP1.00033",2022,326,0.34478,4.38930136986301,836.78,878.883333333333,5.2138698630137
"1787","NEON.D05.STEI.DP1.00033",2022,327,0.34477,4.38930136986301,836.78,878.883333333333,5.2138698630137
"1788","NEON.D05.STEI.DP1.00033",2022,328,0.34477,4.38930136986301,836.78,878.883333333333,5.2138698630137
"1789","NEON.D05.STEI.DP1.00033",2022,329,0.34477,4.38930136986301,836.78,878.883333333333,5.2138698630137
"1790","NEON.D05.STEI.DP1.00033",2022,330,0.34478,4.38930136986301,836.78,878.883333333333,5.2138698630137
"1791","NEON.D05.STEI.DP1.00033",2022,331,0.34481,4.38930136986301,836.78,878.883333333333,5.2138698630137
"1792","NEON.D05.STEI.DP1.00033",2022,332,0.34483,4.38930136986301,836.78,878.883333333333,5.2138698630137
"1793","NEON.D05.STEI.DP1.00033",2022,333,0.34485,4.38930136986301,836.78,878.883333333333,5.2138698630137
"1794","NEON.D05.STEI.DP1.00033",2022,334,0.34487,4.38930136986301,836.78,878.883333333333,5.2138698630137
"1795","NEON.D05.STEI.DP1.00033",2022,335,0.3449,4.38930136986301,836.78,878.883333333333,5.2138698630137
"1796","NEON.D05.STEI.DP1.00033",2022,336,0.34492,4.38930136986301,836.78,878.883333333333,5.2138698630137
"1797","NEON.D05.STEI.DP1.00033",2022,337,0.34493,4.38930136986301,836.78,878.883333333333,5.2138698630137
"1798","NEON.D05.STEI.DP1.00033",2022,338,0.34495,4.38930136986301,836.78,878.883333333333,5.2138698630137
"1799","NEON.D05.STEI.DP1.00033",2022,339,0.34496,4.38930136986301,836.78,878.883333333333,5.2138698630137
"1800","NEON.D05.STEI.DP1.00033",2022,340,0.34496,4.38930136986301,836.78,878.883333333333,5.2138698630137
"1801","NEON.D05.STEI.DP1.00033",2022,341,0.34491,4.38930136986301,836.78,878.883333333333,5.2138698630137
"1802","NEON.D05.STEI.DP1.00033",2022,342,0.34482,4.38930136986301,836.78,878.883333333333,5.2138698630137
"1803","NEON.D05.STEI.DP1.00033",2022,343,0.34479,4.38930136986301,836.78,878.883333333333,5.2138698630137
"1804","NEON.D05.STEI.DP1.00033",2022,344,0.34482,4.38930136986301,836.78,878.883333333333,5.2138698630137
"1805","NEON.D05.STEI.DP1.00033",2022,345,0.34487,4.38930136986301,836.78,878.883333333333,5.2138698630137
"1806","NEON.D05.STEI.DP1.00033",2022,346,0.34493,4.38930136986301,836.78,878.883333333333,5.2138698630137
"1807","NEON.D05.STEI.DP1.00033",2022,347,0.34503,4.38930136986301,836.78,878.883333333333,5.2138698630137
"1808","NEON.D05.STEI.DP1.00033",2022,348,0.34516,4.38930136986301,836.78,878.883333333333,5.2138698630137
"1809","NEON.D05.STEI.DP1.00033",2022,349,0.34526,4.38930136986301,836.78,878.883333333333,5.2138698630137
"1810","NEON.D05.STEI.DP1.00033",2022,350,0.34538,4.38930136986301,836.78,878.883333333333,5.2138698630137
"1811","NEON.D05.STEI.DP1.00033",2022,351,0.34552,4.38930136986301,836.78,878.883333333333,5.2138698630137
"1812","NEON.D05.STEI.DP1.00033",2022,352,0.34563,4.38930136986301,836.78,878.883333333333,5.2138698630137
"1813","NEON.D05.STEI.DP1.00033",2022,353,0.34578,4.38930136986301,836.78,878.883333333333,5.2138698630137
"1814","NEON.D05.STEI.DP1.00033",2022,354,0.34597,4.38930136986301,836.78,878.883333333333,5.2138698630137
"1815","NEON.D05.STEI.DP1.00033",2022,355,0.34609,4.38930136986301,836.78,878.883333333333,5.2138698630137
"1816","NEON.D05.STEI.DP1.00033",2022,356,0.34612,4.38930136986301,836.78,878.883333333333,5.2138698630137
"1817","NEON.D05.STEI.DP1.00033",2022,357,0.34612,4.38930136986301,836.78,878.883333333333,5.2138698630137
"1818","NEON.D05.STEI.DP1.00033",2022,358,0.34609,4.38930136986301,836.78,878.883333333333,5.2138698630137
"1819","NEON.D05.STEI.DP1.00033",2022,359,0.34598,4.38930136986301,836.78,878.883333333333,5.2138698630137
"1820","NEON.D05.STEI.DP1.00033",2022,360,0.34581,4.38930136986301,836.78,878.883333333333,5.2138698630137
"1821","NEON.D05.STEI.DP1.00033",2022,361,0.34568,4.38930136986301,836.78,878.883333333333,5.2138698630137
"1822","NEON.D05.STEI.DP1.00033",2022,362,0.3456,4.38930136986301,836.78,878.883333333333,5.2138698630137
"1823","NEON.D05.STEI.DP1.00033",2022,363,0.3455,4.38930136986301,836.78,878.883333333333,5.2138698630137
"1824","NEON.D05.STEI.DP1.00033",2022,364,0.34542,4.38930136986301,836.78,878.883333333333,5.2138698630137
"1825","NEON.D05.STEI.DP1.00033",2022,365,0.34536,4.38930136986301,836.78,878.883333333333,5.2138698630137
"1826","NEON.D05.STEI.DP1.00033",2023,1,0.3453,6.35650684931507,718.85,878.883333333333,5.2138698630137
"1827","NEON.D05.STEI.DP1.00033",2023,2,0.34524,6.35650684931507,718.85,878.883333333333,5.2138698630137
"1828","NEON.D05.STEI.DP1.00033",2023,3,0.34518,6.35650684931507,718.85,878.883333333333,5.2138698630137
"1829","NEON.D05.STEI.DP1.00033",2023,4,0.34512,6.35650684931507,718.85,878.883333333333,5.2138698630137
"1830","NEON.D05.STEI.DP1.00033",2023,5,0.34506,6.35650684931507,718.85,878.883333333333,5.2138698630137
"1831","NEON.D05.STEI.DP1.00033",2023,6,0.34501,6.35650684931507,718.85,878.883333333333,5.2138698630137
"1832","NEON.D05.STEI.DP1.00033",2023,7,0.34498,6.35650684931507,718.85,878.883333333333,5.2138698630137
"1833","NEON.D05.STEI.DP1.00033",2023,8,0.34494,6.35650684931507,718.85,878.883333333333,5.2138698630137
"1834","NEON.D05.STEI.DP1.00033",2023,9,0.34484,6.35650684931507,718.85,878.883333333333,5.2138698630137
"1835","NEON.D05.STEI.DP1.00033",2023,10,0.34471,6.35650684931507,718.85,878.883333333333,5.2138698630137
"1836","NEON.D05.STEI.DP1.00033",2023,11,0.34463,6.35650684931507,718.85,878.883333333333,5.2138698630137
"1837","NEON.D05.STEI.DP1.00033",2023,12,0.34457,6.35650684931507,718.85,878.883333333333,5.2138698630137
"1838","NEON.D05.STEI.DP1.00033",2023,13,0.34447,6.35650684931507,718.85,878.883333333333,5.2138698630137
"1839","NEON.D05.STEI.DP1.00033",2023,14,0.34445,6.35650684931507,718.85,878.883333333333,5.2138698630137
"1840","NEON.D05.STEI.DP1.00033",2023,15,0.34454,6.35650684931507,718.85,878.883333333333,5.2138698630137
"1841","NEON.D05.STEI.DP1.00033",2023,16,0.34469,6.35650684931507,718.85,878.883333333333,5.2138698630137
"1842","NEON.D05.STEI.DP1.00033",2023,17,0.34481,6.35650684931507,718.85,878.883333333333,5.2138698630137
"1843","NEON.D05.STEI.DP1.00033",2023,18,0.34496,6.35650684931507,718.85,878.883333333333,5.2138698630137
"1844","NEON.D05.STEI.DP1.00033",2023,19,0.34518,6.35650684931507,718.85,878.883333333333,5.2138698630137
"1845","NEON.D05.STEI.DP1.00033",2023,20,0.34543,6.35650684931507,718.85,878.883333333333,5.2138698630137
"1846","NEON.D05.STEI.DP1.00033",2023,21,0.34563,6.35650684931507,718.85,878.883333333333,5.2138698630137
"1847","NEON.D05.STEI.DP1.00033",2023,22,0.34573,6.35650684931507,718.85,878.883333333333,5.2138698630137
"1848","NEON.D05.STEI.DP1.00033",2023,23,0.34574,6.35650684931507,718.85,878.883333333333,5.2138698630137
"1849","NEON.D05.STEI.DP1.00033",2023,24,0.34572,6.35650684931507,718.85,878.883333333333,5.2138698630137
"1850","NEON.D05.STEI.DP1.00033",2023,25,0.34568,6.35650684931507,718.85,878.883333333333,5.2138698630137
"1851","NEON.D05.STEI.DP1.00033",2023,26,0.34555,6.35650684931507,718.85,878.883333333333,5.2138698630137
"1852","NEON.D05.STEI.DP1.00033",2023,27,0.34532,6.35650684931507,718.85,878.883333333333,5.2138698630137
"1853","NEON.D05.STEI.DP1.00033",2023,28,0.34515,6.35650684931507,718.85,878.883333333333,5.2138698630137
"1854","NEON.D05.STEI.DP1.00033",2023,29,0.34498,6.35650684931507,718.85,878.883333333333,5.2138698630137
"1855","NEON.D05.STEI.DP1.00033",2023,30,0.34476,6.35650684931507,718.85,878.883333333333,5.2138698630137
"1856","NEON.D05.STEI.DP1.00033",2023,31,0.3446,6.35650684931507,718.85,878.883333333333,5.2138698630137
"1857","NEON.D05.STEI.DP1.00033",2023,32,0.34453,6.35650684931507,718.85,878.883333333333,5.2138698630137
"1858","NEON.D05.STEI.DP1.00033",2023,33,0.34447,6.35650684931507,718.85,878.883333333333,5.2138698630137
"1859","NEON.D05.STEI.DP1.00033",2023,34,0.34444,6.35650684931507,718.85,878.883333333333,5.2138698630137
"1860","NEON.D05.STEI.DP1.00033",2023,35,0.34449,6.35650684931507,718.85,878.883333333333,5.2138698630137
"1861","NEON.D05.STEI.DP1.00033",2023,36,0.3446,6.35650684931507,718.85,878.883333333333,5.2138698630137
"1862","NEON.D05.STEI.DP1.00033",2023,37,0.34468,6.35650684931507,718.85,878.883333333333,5.2138698630137
"1863","NEON.D05.STEI.DP1.00033",2023,38,0.34474,6.35650684931507,718.85,878.883333333333,5.2138698630137
"1864","NEON.D05.STEI.DP1.00033",2023,39,0.34483,6.35650684931507,718.85,878.883333333333,5.2138698630137
"1865","NEON.D05.STEI.DP1.00033",2023,40,0.34489,6.35650684931507,718.85,878.883333333333,5.2138698630137
"1866","NEON.D05.STEI.DP1.00033",2023,41,0.34491,6.35650684931507,718.85,878.883333333333,5.2138698630137
"1867","NEON.D05.STEI.DP1.00033",2023,42,0.34492,6.35650684931507,718.85,878.883333333333,5.2138698630137
"1868","NEON.D05.STEI.DP1.00033",2023,43,0.34492,6.35650684931507,718.85,878.883333333333,5.2138698630137
"1869","NEON.D05.STEI.DP1.00033",2023,44,0.34493,6.35650684931507,718.85,878.883333333333,5.2138698630137
"1870","NEON.D05.STEI.DP1.00033",2023,45,0.34495,6.35650684931507,718.85,878.883333333333,5.2138698630137
"1871","NEON.D05.STEI.DP1.00033",2023,46,0.34498,6.35650684931507,718.85,878.883333333333,5.2138698630137
"1872","NEON.D05.STEI.DP1.00033",2023,47,0.34501,6.35650684931507,718.85,878.883333333333,5.2138698630137
"1873","NEON.D05.STEI.DP1.00033",2023,48,0.34505,6.35650684931507,718.85,878.883333333333,5.2138698630137
"1874","NEON.D05.STEI.DP1.00033",2023,49,0.34512,6.35650684931507,718.85,878.883333333333,5.2138698630137
"1875","NEON.D05.STEI.DP1.00033",2023,50,0.34521,6.35650684931507,718.85,878.883333333333,5.2138698630137
"1876","NEON.D05.STEI.DP1.00033",2023,51,0.34528,6.35650684931507,718.85,878.883333333333,5.2138698630137
"1877","NEON.D05.STEI.DP1.00033",2023,52,0.34534,6.35650684931507,718.85,878.883333333333,5.2138698630137
"1878","NEON.D05.STEI.DP1.00033",2023,53,0.3454,6.35650684931507,718.85,878.883333333333,5.2138698630137
"1879","NEON.D05.STEI.DP1.00033",2023,54,0.34545,6.35650684931507,718.85,878.883333333333,5.2138698630137
"1880","NEON.D05.STEI.DP1.00033",2023,55,0.34549,6.35650684931507,718.85,878.883333333333,5.2138698630137
"1881","NEON.D05.STEI.DP1.00033",2023,56,0.34552,6.35650684931507,718.85,878.883333333333,5.2138698630137
"1882","NEON.D05.STEI.DP1.00033",2023,57,0.34555,6.35650684931507,718.85,878.883333333333,5.2138698630137
"1883","NEON.D05.STEI.DP1.00033",2023,58,0.34555,6.35650684931507,718.85,878.883333333333,5.2138698630137
"1884","NEON.D05.STEI.DP1.00033",2023,59,0.34552,6.35650684931507,718.85,878.883333333333,5.2138698630137
"1885","NEON.D05.STEI.DP1.00033",2023,60,0.34551,6.35650684931507,718.85,878.883333333333,5.2138698630137
"1886","NEON.D05.STEI.DP1.00033",2023,61,0.34548,6.35650684931507,718.85,878.883333333333,5.2138698630137
"1887","NEON.D05.STEI.DP1.00033",2023,62,0.34544,6.35650684931507,718.85,878.883333333333,5.2138698630137
"1888","NEON.D05.STEI.DP1.00033",2023,63,0.34542,6.35650684931507,718.85,878.883333333333,5.2138698630137
"1889","NEON.D05.STEI.DP1.00033",2023,64,0.34545,6.35650684931507,718.85,878.883333333333,5.2138698630137
"1890","NEON.D05.STEI.DP1.00033",2023,65,0.34549,6.35650684931507,718.85,878.883333333333,5.2138698630137
"1891","NEON.D05.STEI.DP1.00033",2023,66,0.34555,6.35650684931507,718.85,878.883333333333,5.2138698630137
"1892","NEON.D05.STEI.DP1.00033",2023,67,0.34559,6.35650684931507,718.85,878.883333333333,5.2138698630137
"1893","NEON.D05.STEI.DP1.00033",2023,68,0.34561,6.35650684931507,718.85,878.883333333333,5.2138698630137
"1894","NEON.D05.STEI.DP1.00033",2023,69,0.3456,6.35650684931507,718.85,878.883333333333,5.2138698630137
"1895","NEON.D05.STEI.DP1.00033",2023,70,0.34558,6.35650684931507,718.85,878.883333333333,5.2138698630137
"1896","NEON.D05.STEI.DP1.00033",2023,71,0.34555,6.35650684931507,718.85,878.883333333333,5.2138698630137
"1897","NEON.D05.STEI.DP1.00033",2023,72,0.34551,6.35650684931507,718.85,878.883333333333,5.2138698630137
"1898","NEON.D05.STEI.DP1.00033",2023,73,0.34545,6.35650684931507,718.85,878.883333333333,5.2138698630137
"1899","NEON.D05.STEI.DP1.00033",2023,74,0.34541,6.35650684931507,718.85,878.883333333333,5.2138698630137
"1900","NEON.D05.STEI.DP1.00033",2023,75,0.34539,6.35650684931507,718.85,878.883333333333,5.2138698630137
"1901","NEON.D05.STEI.DP1.00033",2023,76,0.34538,6.35650684931507,718.85,878.883333333333,5.2138698630137
"1902","NEON.D05.STEI.DP1.00033",2023,77,0.34537,6.35650684931507,718.85,878.883333333333,5.2138698630137
"1903","NEON.D05.STEI.DP1.00033",2023,78,0.34531,6.35650684931507,718.85,878.883333333333,5.2138698630137
"1904","NEON.D05.STEI.DP1.00033",2023,79,0.34521,6.35650684931507,718.85,878.883333333333,5.2138698630137
"1905","NEON.D05.STEI.DP1.00033",2023,80,0.34517,6.35650684931507,718.85,878.883333333333,5.2138698630137
"1906","NEON.D05.STEI.DP1.00033",2023,81,0.34516,6.35650684931507,718.85,878.883333333333,5.2138698630137
"1907","NEON.D05.STEI.DP1.00033",2023,82,0.34513,6.35650684931507,718.85,878.883333333333,5.2138698630137
"1908","NEON.D05.STEI.DP1.00033",2023,83,0.34518,6.35650684931507,718.85,878.883333333333,5.2138698630137
"1909","NEON.D05.STEI.DP1.00033",2023,84,0.34539,6.35650684931507,718.85,878.883333333333,5.2138698630137
"1910","NEON.D05.STEI.DP1.00033",2023,85,0.3457,6.35650684931507,718.85,878.883333333333,5.2138698630137
"1911","NEON.D05.STEI.DP1.00033",2023,86,0.34593,6.35650684931507,718.85,878.883333333333,5.2138698630137
"1912","NEON.D05.STEI.DP1.00033",2023,87,0.34614,6.35650684931507,718.85,878.883333333333,5.2138698630137
"1913","NEON.D05.STEI.DP1.00033",2023,88,0.3464,6.35650684931507,718.85,878.883333333333,5.2138698630137
"1914","NEON.D05.STEI.DP1.00033",2023,89,0.34659,6.35650684931507,718.85,878.883333333333,5.2138698630137
"1915","NEON.D05.STEI.DP1.00033",2023,90,0.34668,6.35650684931507,718.85,878.883333333333,5.2138698630137
"1916","NEON.D05.STEI.DP1.00033",2023,91,0.34677,6.35650684931507,718.85,878.883333333333,5.2138698630137
"1917","NEON.D05.STEI.DP1.00033",2023,92,0.34684,6.35650684931507,718.85,878.883333333333,5.2138698630137
"1918","NEON.D05.STEI.DP1.00033",2023,93,0.34686,6.35650684931507,718.85,878.883333333333,5.2138698630137
"1919","NEON.D05.STEI.DP1.00033",2023,94,0.34686,6.35650684931507,718.85,878.883333333333,5.2138698630137
"1920","NEON.D05.STEI.DP1.00033",2023,95,0.34685,6.35650684931507,718.85,878.883333333333,5.2138698630137
"1921","NEON.D05.STEI.DP1.00033",2023,96,0.34677,6.35650684931507,718.85,878.883333333333,5.2138698630137
"1922","NEON.D05.STEI.DP1.00033",2023,97,0.3466,6.35650684931507,718.85,878.883333333333,5.2138698630137
"1923","NEON.D05.STEI.DP1.00033",2023,98,0.34649,6.35650684931507,718.85,878.883333333333,5.2138698630137
"1924","NEON.D05.STEI.DP1.00033",2023,99,0.3464,6.35650684931507,718.85,878.883333333333,5.2138698630137
"1925","NEON.D05.STEI.DP1.00033",2023,100,0.34626,6.35650684931507,718.85,878.883333333333,5.2138698630137
"1926","NEON.D05.STEI.DP1.00033",2023,101,0.34619,6.35650684931507,718.85,878.883333333333,5.2138698630137
"1927","NEON.D05.STEI.DP1.00033",2023,102,0.34631,6.35650684931507,718.85,878.883333333333,5.2138698630137
"1928","NEON.D05.STEI.DP1.00033",2023,103,0.34654,6.35650684931507,718.85,878.883333333333,5.2138698630137
"1929","NEON.D05.STEI.DP1.00033",2023,104,0.34669,6.35650684931507,718.85,878.883333333333,5.2138698630137
"1930","NEON.D05.STEI.DP1.00033",2023,105,0.34677,6.35650684931507,718.85,878.883333333333,5.2138698630137
"1931","NEON.D05.STEI.DP1.00033",2023,106,0.34686,6.35650684931507,718.85,878.883333333333,5.2138698630137
"1932","NEON.D05.STEI.DP1.00033",2023,107,0.34691,6.35650684931507,718.85,878.883333333333,5.2138698630137
"1933","NEON.D05.STEI.DP1.00033",2023,108,0.34688,6.35650684931507,718.85,878.883333333333,5.2138698630137
"1934","NEON.D05.STEI.DP1.00033",2023,109,0.3468,6.35650684931507,718.85,878.883333333333,5.2138698630137
"1935","NEON.D05.STEI.DP1.00033",2023,110,0.34675,6.35650684931507,718.85,878.883333333333,5.2138698630137
"1936","NEON.D05.STEI.DP1.00033",2023,111,0.34666,6.35650684931507,718.85,878.883333333333,5.2138698630137
"1937","NEON.D05.STEI.DP1.00033",2023,112,0.34645,6.35650684931507,718.85,878.883333333333,5.2138698630137
"1938","NEON.D05.STEI.DP1.00033",2023,113,0.34623,6.35650684931507,718.85,878.883333333333,5.2138698630137
"1939","NEON.D05.STEI.DP1.00033",2023,114,0.34609,6.35650684931507,718.85,878.883333333333,5.2138698630137
"1940","NEON.D05.STEI.DP1.00033",2023,115,0.34614,6.35650684931507,718.85,878.883333333333,5.2138698630137
"1941","NEON.D05.STEI.DP1.00033",2023,116,0.34575,6.35650684931507,718.85,878.883333333333,5.2138698630137
"1942","NEON.D05.STEI.DP1.00033",2023,117,0.345,6.35650684931507,718.85,878.883333333333,5.2138698630137
"1943","NEON.D05.STEI.DP1.00033",2023,118,0.34506,6.35650684931507,718.85,878.883333333333,5.2138698630137
"1944","NEON.D05.STEI.DP1.00033",2023,119,0.34502,6.35650684931507,718.85,878.883333333333,5.2138698630137
"1945","NEON.D05.STEI.DP1.00033",2023,120,0.34453,6.35650684931507,718.85,878.883333333333,5.2138698630137
"1946","NEON.D05.STEI.DP1.00033",2023,121,0.34562,6.35650684931507,718.85,878.883333333333,5.2138698630137
"1947","NEON.D05.STEI.DP1.00033",2023,122,0.34811,6.35650684931507,718.85,878.883333333333,5.2138698630137
"1948","NEON.D05.STEI.DP1.00033",2023,123,0.35098,6.35650684931507,718.85,878.883333333333,5.2138698630137
"1949","NEON.D05.STEI.DP1.00033",2023,124,0.35504,6.35650684931507,718.85,878.883333333333,5.2138698630137
"1950","NEON.D05.STEI.DP1.00033",2023,125,0.36152,6.35650684931507,718.85,878.883333333333,5.2138698630137
"1951","NEON.D05.STEI.DP1.00033",2023,126,0.36967,6.35650684931507,718.85,878.883333333333,5.2138698630137
"1952","NEON.D05.STEI.DP1.00033",2023,127,0.37727,6.35650684931507,718.85,878.883333333333,5.2138698630137
"1953","NEON.D05.STEI.DP1.00033",2023,128,0.38602,6.35650684931507,718.85,878.883333333333,5.2138698630137
"1954","NEON.D05.STEI.DP1.00033",2023,129,0.39665,6.35650684931507,718.85,878.883333333333,5.2138698630137
"1955","NEON.D05.STEI.DP1.00033",2023,130,0.40551,6.35650684931507,718.85,878.883333333333,5.2138698630137
"1956","NEON.D05.STEI.DP1.00033",2023,131,0.41362,6.35650684931507,718.85,878.883333333333,5.2138698630137
"1957","NEON.D05.STEI.DP1.00033",2023,132,0.42264,6.35650684931507,718.85,878.883333333333,5.2138698630137
"1958","NEON.D05.STEI.DP1.00033",2023,133,0.42984,6.35650684931507,718.85,878.883333333333,5.2138698630137
"1959","NEON.D05.STEI.DP1.00033",2023,134,0.43473,6.35650684931507,718.85,878.883333333333,5.2138698630137
"1960","NEON.D05.STEI.DP1.00033",2023,135,0.43866,6.35650684931507,718.85,878.883333333333,5.2138698630137
"1961","NEON.D05.STEI.DP1.00033",2023,136,0.44172,6.35650684931507,718.85,878.883333333333,5.2138698630137
"1962","NEON.D05.STEI.DP1.00033",2023,137,0.44401,6.35650684931507,718.85,878.883333333333,5.2138698630137
"1963","NEON.D05.STEI.DP1.00033",2023,138,0.44562,6.35650684931507,718.85,878.883333333333,5.2138698630137
"1964","NEON.D05.STEI.DP1.00033",2023,139,0.4454,6.35650684931507,718.85,878.883333333333,5.2138698630137
"1965","NEON.D05.STEI.DP1.00033",2023,140,0.44356,6.35650684931507,718.85,878.883333333333,5.2138698630137
"1966","NEON.D05.STEI.DP1.00033",2023,141,0.44222,6.35650684931507,718.85,878.883333333333,5.2138698630137
"1967","NEON.D05.STEI.DP1.00033",2023,142,0.4411,6.35650684931507,718.85,878.883333333333,5.2138698630137
"1968","NEON.D05.STEI.DP1.00033",2023,143,0.43926,6.35650684931507,718.85,878.883333333333,5.2138698630137
"1969","NEON.D05.STEI.DP1.00033",2023,144,0.43779,6.35650684931507,718.85,878.883333333333,5.2138698630137
"1970","NEON.D05.STEI.DP1.00033",2023,145,0.43658,6.35650684931507,718.85,878.883333333333,5.2138698630137
"1971","NEON.D05.STEI.DP1.00033",2023,146,0.4351,6.35650684931507,718.85,878.883333333333,5.2138698630137
"1972","NEON.D05.STEI.DP1.00033",2023,147,0.43383,6.35650684931507,718.85,878.883333333333,5.2138698630137
"1973","NEON.D05.STEI.DP1.00033",2023,148,0.43268,6.35650684931507,718.85,878.883333333333,5.2138698630137
"1974","NEON.D05.STEI.DP1.00033",2023,149,0.43142,6.35650684931507,718.85,878.883333333333,5.2138698630137
"1975","NEON.D05.STEI.DP1.00033",2023,150,0.43028,6.35650684931507,718.85,878.883333333333,5.2138698630137
"1976","NEON.D05.STEI.DP1.00033",2023,151,0.42933,6.35650684931507,718.85,878.883333333333,5.2138698630137
"1977","NEON.D05.STEI.DP1.00033",2023,152,0.42845,6.35650684931507,718.85,878.883333333333,5.2138698630137
"1978","NEON.D05.STEI.DP1.00033",2023,153,0.42764,6.35650684931507,718.85,878.883333333333,5.2138698630137
"1979","NEON.D05.STEI.DP1.00033",2023,154,0.42699,6.35650684931507,718.85,878.883333333333,5.2138698630137
"1980","NEON.D05.STEI.DP1.00033",2023,155,0.42651,6.35650684931507,718.85,878.883333333333,5.2138698630137
"1981","NEON.D05.STEI.DP1.00033",2023,156,0.42598,6.35650684931507,718.85,878.883333333333,5.2138698630137
"1982","NEON.D05.STEI.DP1.00033",2023,157,0.42534,6.35650684931507,718.85,878.883333333333,5.2138698630137
"1983","NEON.D05.STEI.DP1.00033",2023,158,0.42469,6.35650684931507,718.85,878.883333333333,5.2138698630137
"1984","NEON.D05.STEI.DP1.00033",2023,159,0.42404,6.35650684931507,718.85,878.883333333333,5.2138698630137
"1985","NEON.D05.STEI.DP1.00033",2023,160,0.42341,6.35650684931507,718.85,878.883333333333,5.2138698630137
"1986","NEON.D05.STEI.DP1.00033",2023,161,0.42281,6.35650684931507,718.85,878.883333333333,5.2138698630137
"1987","NEON.D05.STEI.DP1.00033",2023,162,0.42222,6.35650684931507,718.85,878.883333333333,5.2138698630137
"1988","NEON.D05.STEI.DP1.00033",2023,163,0.42162,6.35650684931507,718.85,878.883333333333,5.2138698630137
"1989","NEON.D05.STEI.DP1.00033",2023,164,0.42111,6.35650684931507,718.85,878.883333333333,5.2138698630137
"1990","NEON.D05.STEI.DP1.00033",2023,165,0.42074,6.35650684931507,718.85,878.883333333333,5.2138698630137
"1991","NEON.D05.STEI.DP1.00033",2023,166,0.42047,6.35650684931507,718.85,878.883333333333,5.2138698630137
"1992","NEON.D05.STEI.DP1.00033",2023,167,0.42021,6.35650684931507,718.85,878.883333333333,5.2138698630137
"1993","NEON.D05.STEI.DP1.00033",2023,168,0.41997,6.35650684931507,718.85,878.883333333333,5.2138698630137
"1994","NEON.D05.STEI.DP1.00033",2023,169,0.41977,6.35650684931507,718.85,878.883333333333,5.2138698630137
"1995","NEON.D05.STEI.DP1.00033",2023,170,0.41957,6.35650684931507,718.85,878.883333333333,5.2138698630137
"1996","NEON.D05.STEI.DP1.00033",2023,171,0.4194,6.35650684931507,718.85,878.883333333333,5.2138698630137
"1997","NEON.D05.STEI.DP1.00033",2023,172,0.41929,6.35650684931507,718.85,878.883333333333,5.2138698630137
"1998","NEON.D05.STEI.DP1.00033",2023,173,0.41913,6.35650684931507,718.85,878.883333333333,5.2138698630137
"1999","NEON.D05.STEI.DP1.00033",2023,174,0.41901,6.35650684931507,718.85,878.883333333333,5.2138698630137
"2000","NEON.D05.STEI.DP1.00033",2023,175,0.41896,6.35650684931507,718.85,878.883333333333,5.2138698630137
"2001","NEON.D05.STEI.DP1.00033",2023,176,0.41884,6.35650684931507,718.85,878.883333333333,5.2138698630137
"2002","NEON.D05.STEI.DP1.00033",2023,177,0.41868,6.35650684931507,718.85,878.883333333333,5.2138698630137
"2003","NEON.D05.STEI.DP1.00033",2023,178,0.41855,6.35650684931507,718.85,878.883333333333,5.2138698630137
"2004","NEON.D05.STEI.DP1.00033",2023,179,0.41833,6.35650684931507,718.85,878.883333333333,5.2138698630137
"2005","NEON.D05.STEI.DP1.00033",2023,180,0.41798,6.35650684931507,718.85,878.883333333333,5.2138698630137
"2006","NEON.D05.STEI.DP1.00033",2023,181,0.41755,6.35650684931507,718.85,878.883333333333,5.2138698630137
"2007","NEON.D05.STEI.DP1.00033",2023,182,0.4171,6.35650684931507,718.85,878.883333333333,5.2138698630137
"2008","NEON.D05.STEI.DP1.00033",2023,183,0.41654,6.35650684931507,718.85,878.883333333333,5.2138698630137
"2009","NEON.D05.STEI.DP1.00033",2023,184,0.41587,6.35650684931507,718.85,878.883333333333,5.2138698630137
"2010","NEON.D05.STEI.DP1.00033",2023,185,0.41529,6.35650684931507,718.85,878.883333333333,5.2138698630137
"2011","NEON.D05.STEI.DP1.00033",2023,186,0.41476,6.35650684931507,718.85,878.883333333333,5.2138698630137
"2012","NEON.D05.STEI.DP1.00033",2023,187,0.41419,6.35650684931507,718.85,878.883333333333,5.2138698630137
"2013","NEON.D05.STEI.DP1.00033",2023,188,0.4137,6.35650684931507,718.85,878.883333333333,5.2138698630137
"2014","NEON.D05.STEI.DP1.00033",2023,189,0.4132,6.35650684931507,718.85,878.883333333333,5.2138698630137
"2015","NEON.D05.STEI.DP1.00033",2023,190,0.41266,6.35650684931507,718.85,878.883333333333,5.2138698630137
"2016","NEON.D05.STEI.DP1.00033",2023,191,0.41223,6.35650684931507,718.85,878.883333333333,5.2138698630137
"2017","NEON.D05.STEI.DP1.00033",2023,192,0.41193,6.35650684931507,718.85,878.883333333333,5.2138698630137
"2018","NEON.D05.STEI.DP1.00033",2023,193,0.41166,6.35650684931507,718.85,878.883333333333,5.2138698630137
"2019","NEON.D05.STEI.DP1.00033",2023,194,0.41144,6.35650684931507,718.85,878.883333333333,5.2138698630137
"2020","NEON.D05.STEI.DP1.00033",2023,195,0.41135,6.35650684931507,718.85,878.883333333333,5.2138698630137
"2021","NEON.D05.STEI.DP1.00033",2023,196,0.41138,6.35650684931507,718.85,878.883333333333,5.2138698630137
"2022","NEON.D05.STEI.DP1.00033",2023,197,0.41139,6.35650684931507,718.85,878.883333333333,5.2138698630137
"2023","NEON.D05.STEI.DP1.00033",2023,198,0.41145,6.35650684931507,718.85,878.883333333333,5.2138698630137
"2024","NEON.D05.STEI.DP1.00033",2023,199,0.41164,6.35650684931507,718.85,878.883333333333,5.2138698630137
"2025","NEON.D05.STEI.DP1.00033",2023,200,0.41173,6.35650684931507,718.85,878.883333333333,5.2138698630137
"2026","NEON.D05.STEI.DP1.00033",2023,201,0.41175,6.35650684931507,718.85,878.883333333333,5.2138698630137
"2027","NEON.D05.STEI.DP1.00033",2023,202,0.41181,6.35650684931507,718.85,878.883333333333,5.2138698630137
"2028","NEON.D05.STEI.DP1.00033",2023,203,0.41177,6.35650684931507,718.85,878.883333333333,5.2138698630137
"2029","NEON.D05.STEI.DP1.00033",2023,204,0.41161,6.35650684931507,718.85,878.883333333333,5.2138698630137
"2030","NEON.D05.STEI.DP1.00033",2023,205,0.4114,6.35650684931507,718.85,878.883333333333,5.2138698630137
"2031","NEON.D05.STEI.DP1.00033",2023,206,0.41114,6.35650684931507,718.85,878.883333333333,5.2138698630137
"2032","NEON.D05.STEI.DP1.00033",2023,207,0.41086,6.35650684931507,718.85,878.883333333333,5.2138698630137
"2033","NEON.D05.STEI.DP1.00033",2023,208,0.41058,6.35650684931507,718.85,878.883333333333,5.2138698630137
"2034","NEON.D05.STEI.DP1.00033",2023,209,0.41027,6.35650684931507,718.85,878.883333333333,5.2138698630137
"2035","NEON.D05.STEI.DP1.00033",2023,210,0.40992,6.35650684931507,718.85,878.883333333333,5.2138698630137
"2036","NEON.D05.STEI.DP1.00033",2023,211,0.40956,6.35650684931507,718.85,878.883333333333,5.2138698630137
"2037","NEON.D05.STEI.DP1.00033",2023,212,0.40913,6.35650684931507,718.85,878.883333333333,5.2138698630137
"2038","NEON.D05.STEI.DP1.00033",2023,213,0.40861,6.35650684931507,718.85,878.883333333333,5.2138698630137
"2039","NEON.D05.STEI.DP1.00033",2023,214,0.40817,6.35650684931507,718.85,878.883333333333,5.2138698630137
"2040","NEON.D05.STEI.DP1.00033",2023,215,0.4078,6.35650684931507,718.85,878.883333333333,5.2138698630137
"2041","NEON.D05.STEI.DP1.00033",2023,216,0.40744,6.35650684931507,718.85,878.883333333333,5.2138698630137
"2042","NEON.D05.STEI.DP1.00033",2023,217,0.4071,6.35650684931507,718.85,878.883333333333,5.2138698630137
"2043","NEON.D05.STEI.DP1.00033",2023,218,0.40685,6.35650684931507,718.85,878.883333333333,5.2138698630137
"2044","NEON.D05.STEI.DP1.00033",2023,219,0.40666,6.35650684931507,718.85,878.883333333333,5.2138698630137
"2045","NEON.D05.STEI.DP1.00033",2023,220,0.40645,6.35650684931507,718.85,878.883333333333,5.2138698630137
"2046","NEON.D05.STEI.DP1.00033",2023,221,0.40612,6.35650684931507,718.85,878.883333333333,5.2138698630137
"2047","NEON.D05.STEI.DP1.00033",2023,222,0.40575,6.35650684931507,718.85,878.883333333333,5.2138698630137
"2048","NEON.D05.STEI.DP1.00033",2023,223,0.40547,6.35650684931507,718.85,878.883333333333,5.2138698630137
"2049","NEON.D05.STEI.DP1.00033",2023,224,0.40525,6.35650684931507,718.85,878.883333333333,5.2138698630137
"2050","NEON.D05.STEI.DP1.00033",2023,225,0.40501,6.35650684931507,718.85,878.883333333333,5.2138698630137
"2051","NEON.D05.STEI.DP1.00033",2023,226,0.40488,6.35650684931507,718.85,878.883333333333,5.2138698630137
"2052","NEON.D05.STEI.DP1.00033",2023,227,0.405,6.35650684931507,718.85,878.883333333333,5.2138698630137
"2053","NEON.D05.STEI.DP1.00033",2023,228,0.40532,6.35650684931507,718.85,878.883333333333,5.2138698630137
"2054","NEON.D05.STEI.DP1.00033",2023,229,0.4057,6.35650684931507,718.85,878.883333333333,5.2138698630137
"2055","NEON.D05.STEI.DP1.00033",2023,230,0.406,6.35650684931507,718.85,878.883333333333,5.2138698630137
"2056","NEON.D05.STEI.DP1.00033",2023,231,0.40608,6.35650684931507,718.85,878.883333333333,5.2138698630137
"2057","NEON.D05.STEI.DP1.00033",2023,232,0.40618,6.35650684931507,718.85,878.883333333333,5.2138698630137
"2058","NEON.D05.STEI.DP1.00033",2023,233,0.40637,6.35650684931507,718.85,878.883333333333,5.2138698630137
"2059","NEON.D05.STEI.DP1.00033",2023,234,0.40626,6.35650684931507,718.85,878.883333333333,5.2138698630137
"2060","NEON.D05.STEI.DP1.00033",2023,235,0.40572,6.35650684931507,718.85,878.883333333333,5.2138698630137
"2061","NEON.D05.STEI.DP1.00033",2023,236,0.405,6.35650684931507,718.85,878.883333333333,5.2138698630137
"2062","NEON.D05.STEI.DP1.00033",2023,237,0.40426,6.35650684931507,718.85,878.883333333333,5.2138698630137
"2063","NEON.D05.STEI.DP1.00033",2023,238,0.40311,6.35650684931507,718.85,878.883333333333,5.2138698630137
"2064","NEON.D05.STEI.DP1.00033",2023,239,0.40156,6.35650684931507,718.85,878.883333333333,5.2138698630137
"2065","NEON.D05.STEI.DP1.00033",2023,240,0.40036,6.35650684931507,718.85,878.883333333333,5.2138698630137
"2066","NEON.D05.STEI.DP1.00033",2023,241,0.39938,6.35650684931507,718.85,878.883333333333,5.2138698630137
"2067","NEON.D05.STEI.DP1.00033",2023,242,0.39824,6.35650684931507,718.85,878.883333333333,5.2138698630137
"2068","NEON.D05.STEI.DP1.00033",2023,243,0.39735,6.35650684931507,718.85,878.883333333333,5.2138698630137
"2069","NEON.D05.STEI.DP1.00033",2023,244,0.39692,6.35650684931507,718.85,878.883333333333,5.2138698630137
"2070","NEON.D05.STEI.DP1.00033",2023,245,0.39669,6.35650684931507,718.85,878.883333333333,5.2138698630137
"2071","NEON.D05.STEI.DP1.00033",2023,246,0.39638,6.35650684931507,718.85,878.883333333333,5.2138698630137
"2072","NEON.D05.STEI.DP1.00033",2023,247,0.39628,6.35650684931507,718.85,878.883333333333,5.2138698630137
"2073","NEON.D05.STEI.DP1.00033",2023,248,0.3965,6.35650684931507,718.85,878.883333333333,5.2138698630137
"2074","NEON.D05.STEI.DP1.00033",2023,249,0.39643,6.35650684931507,718.85,878.883333333333,5.2138698630137
"2075","NEON.D05.STEI.DP1.00033",2023,250,0.39606,6.35650684931507,718.85,878.883333333333,5.2138698630137
"2076","NEON.D05.STEI.DP1.00033",2023,251,0.39572,6.35650684931507,718.85,878.883333333333,5.2138698630137
"2077","NEON.D05.STEI.DP1.00033",2023,252,0.39534,6.35650684931507,718.85,878.883333333333,5.2138698630137
"2078","NEON.D05.STEI.DP1.00033",2023,253,0.39483,6.35650684931507,718.85,878.883333333333,5.2138698630137
"2079","NEON.D05.STEI.DP1.00033",2023,254,0.39411,6.35650684931507,718.85,878.883333333333,5.2138698630137
"2080","NEON.D05.STEI.DP1.00033",2023,255,0.39311,6.35650684931507,718.85,878.883333333333,5.2138698630137
"2081","NEON.D05.STEI.DP1.00033",2023,256,0.3919,6.35650684931507,718.85,878.883333333333,5.2138698630137
"2082","NEON.D05.STEI.DP1.00033",2023,257,0.39066,6.35650684931507,718.85,878.883333333333,5.2138698630137
"2083","NEON.D05.STEI.DP1.00033",2023,258,0.38918,6.35650684931507,718.85,878.883333333333,5.2138698630137
"2084","NEON.D05.STEI.DP1.00033",2023,259,0.38745,6.35650684931507,718.85,878.883333333333,5.2138698630137
"2085","NEON.D05.STEI.DP1.00033",2023,260,0.3859,6.35650684931507,718.85,878.883333333333,5.2138698630137
"2086","NEON.D05.STEI.DP1.00033",2023,261,0.38436,6.35650684931507,718.85,878.883333333333,5.2138698630137
"2087","NEON.D05.STEI.DP1.00033",2023,262,0.38265,6.35650684931507,718.85,878.883333333333,5.2138698630137
"2088","NEON.D05.STEI.DP1.00033",2023,263,0.38124,6.35650684931507,718.85,878.883333333333,5.2138698630137
"2089","NEON.D05.STEI.DP1.00033",2023,264,0.38002,6.35650684931507,718.85,878.883333333333,5.2138698630137
"2090","NEON.D05.STEI.DP1.00033",2023,265,0.37877,6.35650684931507,718.85,878.883333333333,5.2138698630137
"2091","NEON.D05.STEI.DP1.00033",2023,266,0.37775,6.35650684931507,718.85,878.883333333333,5.2138698630137
"2092","NEON.D05.STEI.DP1.00033",2023,267,0.37702,6.35650684931507,718.85,878.883333333333,5.2138698630137
"2093","NEON.D05.STEI.DP1.00033",2023,268,0.37642,6.35650684931507,718.85,878.883333333333,5.2138698630137
"2094","NEON.D05.STEI.DP1.00033",2023,269,0.37593,6.35650684931507,718.85,878.883333333333,5.2138698630137
"2095","NEON.D05.STEI.DP1.00033",2023,270,0.37585,6.35650684931507,718.85,878.883333333333,5.2138698630137
"2096","NEON.D05.STEI.DP1.00033",2023,271,0.37613,6.35650684931507,718.85,878.883333333333,5.2138698630137
"2097","NEON.D05.STEI.DP1.00033",2023,272,0.37622,6.35650684931507,718.85,878.883333333333,5.2138698630137
"2098","NEON.D05.STEI.DP1.00033",2023,273,0.37629,6.35650684931507,718.85,878.883333333333,5.2138698630137
"2099","NEON.D05.STEI.DP1.00033",2023,274,0.37659,6.35650684931507,718.85,878.883333333333,5.2138698630137
"2100","NEON.D05.STEI.DP1.00033",2023,275,0.37667,6.35650684931507,718.85,878.883333333333,5.2138698630137
"2101","NEON.D05.STEI.DP1.00033",2023,276,0.37645,6.35650684931507,718.85,878.883333333333,5.2138698630137
"2102","NEON.D05.STEI.DP1.00033",2023,277,0.37617,6.35650684931507,718.85,878.883333333333,5.2138698630137
"2103","NEON.D05.STEI.DP1.00033",2023,278,0.37583,6.35650684931507,718.85,878.883333333333,5.2138698630137
"2104","NEON.D05.STEI.DP1.00033",2023,279,0.37555,6.35650684931507,718.85,878.883333333333,5.2138698630137
"2105","NEON.D05.STEI.DP1.00033",2023,280,0.37529,6.35650684931507,718.85,878.883333333333,5.2138698630137
"2106","NEON.D05.STEI.DP1.00033",2023,281,0.37479,6.35650684931507,718.85,878.883333333333,5.2138698630137
"2107","NEON.D05.STEI.DP1.00033",2023,282,0.37425,6.35650684931507,718.85,878.883333333333,5.2138698630137
"2108","NEON.D05.STEI.DP1.00033",2023,283,0.37377,6.35650684931507,718.85,878.883333333333,5.2138698630137
"2109","NEON.D05.STEI.DP1.00033",2023,284,0.37289,6.35650684931507,718.85,878.883333333333,5.2138698630137
"2110","NEON.D05.STEI.DP1.00033",2023,285,0.37147,6.35650684931507,718.85,878.883333333333,5.2138698630137
"2111","NEON.D05.STEI.DP1.00033",2023,286,0.36979,6.35650684931507,718.85,878.883333333333,5.2138698630137
"2112","NEON.D05.STEI.DP1.00033",2023,287,0.36802,6.35650684931507,718.85,878.883333333333,5.2138698630137
"2113","NEON.D05.STEI.DP1.00033",2023,288,0.36582,6.35650684931507,718.85,878.883333333333,5.2138698630137
"2114","NEON.D05.STEI.DP1.00033",2023,289,0.36318,6.35650684931507,718.85,878.883333333333,5.2138698630137
"2115","NEON.D05.STEI.DP1.00033",2023,290,0.36083,6.35650684931507,718.85,878.883333333333,5.2138698630137
"2116","NEON.D05.STEI.DP1.00033",2023,291,0.35834,6.35650684931507,718.85,878.883333333333,5.2138698630137
"2117","NEON.D05.STEI.DP1.00033",2023,292,0.35544,6.35650684931507,718.85,878.883333333333,5.2138698630137
"2118","NEON.D05.STEI.DP1.00033",2023,293,0.35304,6.35650684931507,718.85,878.883333333333,5.2138698630137
"2119","NEON.D05.STEI.DP1.00033",2023,294,0.351,6.35650684931507,718.85,878.883333333333,5.2138698630137
"2120","NEON.D05.STEI.DP1.00033",2023,295,0.34888,6.35650684931507,718.85,878.883333333333,5.2138698630137
"2121","NEON.D05.STEI.DP1.00033",2023,296,0.3472,6.35650684931507,718.85,878.883333333333,5.2138698630137
"2122","NEON.D05.STEI.DP1.00033",2023,297,0.34616,6.35650684931507,718.85,878.883333333333,5.2138698630137
"2123","NEON.D05.STEI.DP1.00033",2023,298,0.34557,6.35650684931507,718.85,878.883333333333,5.2138698630137
"2124","NEON.D05.STEI.DP1.00033",2023,299,0.34526,6.35650684931507,718.85,878.883333333333,5.2138698630137
"2125","NEON.D05.STEI.DP1.00033",2023,300,0.34506,6.35650684931507,718.85,878.883333333333,5.2138698630137
"2126","NEON.D05.STEI.DP1.00033",2023,301,0.34481,6.35650684931507,718.85,878.883333333333,5.2138698630137
"2127","NEON.D05.STEI.DP1.00033",2023,302,0.34476,6.35650684931507,718.85,878.883333333333,5.2138698630137
"2128","NEON.D05.STEI.DP1.00033",2023,303,0.345,6.35650684931507,718.85,878.883333333333,5.2138698630137
"2129","NEON.D05.STEI.DP1.00033",2023,304,0.3451,6.35650684931507,718.85,878.883333333333,5.2138698630137
"2130","NEON.D05.STEI.DP1.00033",2023,305,0.34508,6.35650684931507,718.85,878.883333333333,5.2138698630137
"2131","NEON.D05.STEI.DP1.00033",2023,306,0.34513,6.35650684931507,718.85,878.883333333333,5.2138698630137
"2132","NEON.D05.STEI.DP1.00033",2023,307,0.34514,6.35650684931507,718.85,878.883333333333,5.2138698630137
"2133","NEON.D05.STEI.DP1.00033",2023,308,0.34512,6.35650684931507,718.85,878.883333333333,5.2138698630137
"2134","NEON.D05.STEI.DP1.00033",2023,309,0.34512,6.35650684931507,718.85,878.883333333333,5.2138698630137
"2135","NEON.D05.STEI.DP1.00033",2023,310,0.3451,6.35650684931507,718.85,878.883333333333,5.2138698630137
"2136","NEON.D05.STEI.DP1.00033",2023,311,0.34502,6.35650684931507,718.85,878.883333333333,5.2138698630137
"2137","NEON.D05.STEI.DP1.00033",2023,312,0.34491,6.35650684931507,718.85,878.883333333333,5.2138698630137
"2138","NEON.D05.STEI.DP1.00033",2023,313,0.34483,6.35650684931507,718.85,878.883333333333,5.2138698630137
"2139","NEON.D05.STEI.DP1.00033",2023,314,0.34476,6.35650684931507,718.85,878.883333333333,5.2138698630137
"2140","NEON.D05.STEI.DP1.00033",2023,315,0.34469,6.35650684931507,718.85,878.883333333333,5.2138698630137
"2141","NEON.D05.STEI.DP1.00033",2023,316,0.34463,6.35650684931507,718.85,878.883333333333,5.2138698630137
"2142","NEON.D05.STEI.DP1.00033",2023,317,0.34458,6.35650684931507,718.85,878.883333333333,5.2138698630137
"2143","NEON.D05.STEI.DP1.00033",2023,318,0.34455,6.35650684931507,718.85,878.883333333333,5.2138698630137
"2144","NEON.D05.STEI.DP1.00033",2023,319,0.3445,6.35650684931507,718.85,878.883333333333,5.2138698630137
"2145","NEON.D05.STEI.DP1.00033",2023,320,0.34444,6.35650684931507,718.85,878.883333333333,5.2138698630137
"2146","NEON.D05.STEI.DP1.00033",2023,321,0.34436,6.35650684931507,718.85,878.883333333333,5.2138698630137
"2147","NEON.D05.STEI.DP1.00033",2023,322,0.34428,6.35650684931507,718.85,878.883333333333,5.2138698630137
"2148","NEON.D05.STEI.DP1.00033",2023,323,0.34421,6.35650684931507,718.85,878.883333333333,5.2138698630137
"2149","NEON.D05.STEI.DP1.00033",2023,324,0.34417,6.35650684931507,718.85,878.883333333333,5.2138698630137
"2150","NEON.D05.STEI.DP1.00033",2023,325,0.34414,6.35650684931507,718.85,878.883333333333,5.2138698630137
"2151","NEON.D05.STEI.DP1.00033",2023,326,0.34411,6.35650684931507,718.85,878.883333333333,5.2138698630137
"2152","NEON.D05.STEI.DP1.00033",2023,327,0.3441,6.35650684931507,718.85,878.883333333333,5.2138698630137
"2153","NEON.D05.STEI.DP1.00033",2023,328,0.34413,6.35650684931507,718.85,878.883333333333,5.2138698630137
"2154","NEON.D05.STEI.DP1.00033",2023,329,0.34419,6.35650684931507,718.85,878.883333333333,5.2138698630137
"2155","NEON.D05.STEI.DP1.00033",2023,330,0.34423,6.35650684931507,718.85,878.883333333333,5.2138698630137
"2156","NEON.D05.STEI.DP1.00033",2023,331,0.34432,6.35650684931507,718.85,878.883333333333,5.2138698630137
"2157","NEON.D05.STEI.DP1.00033",2023,332,0.34444,6.35650684931507,718.85,878.883333333333,5.2138698630137
"2158","NEON.D05.STEI.DP1.00033",2023,333,0.34452,6.35650684931507,718.85,878.883333333333,5.2138698630137
"2159","NEON.D05.STEI.DP1.00033",2023,334,0.34459,6.35650684931507,718.85,878.883333333333,5.2138698630137
"2160","NEON.D05.STEI.DP1.00033",2023,335,0.34468,6.35650684931507,718.85,878.883333333333,5.2138698630137
"2161","NEON.D05.STEI.DP1.00033",2023,336,0.34473,6.35650684931507,718.85,878.883333333333,5.2138698630137
"2162","NEON.D05.STEI.DP1.00033",2023,337,0.3447,6.35650684931507,718.85,878.883333333333,5.2138698630137
"2163","NEON.D05.STEI.DP1.00033",2023,338,0.34464,6.35650684931507,718.85,878.883333333333,5.2138698630137
"2164","NEON.D05.STEI.DP1.00033",2023,339,0.34458,6.35650684931507,718.85,878.883333333333,5.2138698630137
"2165","NEON.D05.STEI.DP1.00033",2023,340,0.3445,6.35650684931507,718.85,878.883333333333,5.2138698630137
"2166","NEON.D05.STEI.DP1.00033",2023,341,0.34438,6.35650684931507,718.85,878.883333333333,5.2138698630137
"2167","NEON.D05.STEI.DP1.00033",2023,342,0.3443,6.35650684931507,718.85,878.883333333333,5.2138698630137
"2168","NEON.D05.STEI.DP1.00033",2023,343,0.34424,6.35650684931507,718.85,878.883333333333,5.2138698630137
"2169","NEON.D05.STEI.DP1.00033",2023,344,0.34416,6.35650684931507,718.85,878.883333333333,5.2138698630137
"2170","NEON.D05.STEI.DP1.00033",2023,345,0.34409,6.35650684931507,718.85,878.883333333333,5.2138698630137
"2171","NEON.D05.STEI.DP1.00033",2023,346,0.34404,6.35650684931507,718.85,878.883333333333,5.2138698630137
"2172","NEON.D05.STEI.DP1.00033",2023,347,0.34403,6.35650684931507,718.85,878.883333333333,5.2138698630137
"2173","NEON.D05.STEI.DP1.00033",2023,348,0.3441,6.35650684931507,718.85,878.883333333333,5.2138698630137
"2174","NEON.D05.STEI.DP1.00033",2023,349,0.34422,6.35650684931507,718.85,878.883333333333,5.2138698630137
"2175","NEON.D05.STEI.DP1.00033",2023,350,0.3443,6.35650684931507,718.85,878.883333333333,5.2138698630137
"2176","NEON.D05.STEI.DP1.00033",2023,351,0.34437,6.35650684931507,718.85,878.883333333333,5.2138698630137
"2177","NEON.D05.STEI.DP1.00033",2023,352,0.34446,6.35650684931507,718.85,878.883333333333,5.2138698630137
"2178","NEON.D05.STEI.DP1.00033",2023,353,0.34452,6.35650684931507,718.85,878.883333333333,5.2138698630137
"2179","NEON.D05.STEI.DP1.00033",2023,354,0.34452,6.35650684931507,718.85,878.883333333333,5.2138698630137
"2180","NEON.D05.STEI.DP1.00033",2023,355,0.3445,6.35650684931507,718.85,878.883333333333,5.2138698630137
"2181","NEON.D05.STEI.DP1.00033",2023,356,0.34448,6.35650684931507,718.85,878.883333333333,5.2138698630137
"2182","NEON.D05.STEI.DP1.00033",2023,357,0.34443,6.35650684931507,718.85,878.883333333333,5.2138698630137
"2183","NEON.D05.STEI.DP1.00033",2023,358,0.34435,6.35650684931507,718.85,878.883333333333,5.2138698630137
"2184","NEON.D05.STEI.DP1.00033",2023,359,0.34428,6.35650684931507,718.85,878.883333333333,5.2138698630137
"2185","NEON.D05.STEI.DP1.00033",2023,360,0.34419,6.35650684931507,718.85,878.883333333333,5.2138698630137
"2186","NEON.D05.STEI.DP1.00033",2023,361,0.34405,6.35650684931507,718.85,878.883333333333,5.2138698630137
"2187","NEON.D05.STEI.DP1.00033",2023,362,0.34397,6.35650684931507,718.85,878.883333333333,5.2138698630137
"2188","NEON.D05.STEI.DP1.00033",2023,363,0.34395,6.35650684931507,718.85,878.883333333333,5.2138698630137
"2189","NEON.D05.STEI.DP1.00033",2023,364,0.34394,6.35650684931507,718.85,878.883333333333,5.2138698630137
"2190","NEON.D05.STEI.DP1.00033",2023,365,0.34395,6.35650684931507,718.85,878.883333333333,5.2138698630137
