"","site","year","doy","smooth_gcc_90","annual_temp","annual_precip","map","mat"
"1","robinson2",2018,1,0.35068,13.4017534246575,1814.53,1482.66333333333,13.5803264840183
"2","robinson2",2018,2,0.35066,13.4017534246575,1814.53,1482.66333333333,13.5803264840183
"3","robinson2",2018,3,0.3507,13.4017534246575,1814.53,1482.66333333333,13.5803264840183
"4","robinson2",2018,4,0.35084,13.4017534246575,1814.53,1482.66333333333,13.5803264840183
"5","robinson2",2018,5,0.35113,13.4017534246575,1814.53,1482.66333333333,13.5803264840183
"6","robinson2",2018,6,0.35159,13.4017534246575,1814.53,1482.66333333333,13.5803264840183
"7","robinson2",2018,7,0.35213,13.4017534246575,1814.53,1482.66333333333,13.5803264840183
"8","robinson2",2018,8,0.35268,13.4017534246575,1814.53,1482.66333333333,13.5803264840183
"9","robinson2",2018,9,0.35313,13.4017534246575,1814.53,1482.66333333333,13.5803264840183
"10","robinson2",2018,10,0.35342,13.4017534246575,1814.53,1482.66333333333,13.5803264840183
"11","robinson2",2018,11,0.35356,13.4017534246575,1814.53,1482.66333333333,13.5803264840183
"12","robinson2",2018,12,0.35361,13.4017534246575,1814.53,1482.66333333333,13.5803264840183
"13","robinson2",2018,13,0.35361,13.4017534246575,1814.53,1482.66333333333,13.5803264840183
"14","robinson2",2018,14,0.35356,13.4017534246575,1814.53,1482.66333333333,13.5803264840183
"15","robinson2",2018,15,0.35348,13.4017534246575,1814.53,1482.66333333333,13.5803264840183
"16","robinson2",2018,16,0.35339,13.4017534246575,1814.53,1482.66333333333,13.5803264840183
"17","robinson2",2018,17,0.35323,13.4017534246575,1814.53,1482.66333333333,13.5803264840183
"18","robinson2",2018,18,0.35296,13.4017534246575,1814.53,1482.66333333333,13.5803264840183
"19","robinson2",2018,19,0.35265,13.4017534246575,1814.53,1482.66333333333,13.5803264840183
"20","robinson2",2018,20,0.35235,13.4017534246575,1814.53,1482.66333333333,13.5803264840183
"21","robinson2",2018,21,0.35213,13.4017534246575,1814.53,1482.66333333333,13.5803264840183
"22","robinson2",2018,22,0.35204,13.4017534246575,1814.53,1482.66333333333,13.5803264840183
"23","robinson2",2018,23,0.35209,13.4017534246575,1814.53,1482.66333333333,13.5803264840183
"24","robinson2",2018,24,0.35224,13.4017534246575,1814.53,1482.66333333333,13.5803264840183
"25","robinson2",2018,25,0.35244,13.4017534246575,1814.53,1482.66333333333,13.5803264840183
"26","robinson2",2018,26,0.35266,13.4017534246575,1814.53,1482.66333333333,13.5803264840183
"27","robinson2",2018,27,0.35286,13.4017534246575,1814.53,1482.66333333333,13.5803264840183
"28","robinson2",2018,28,0.353,13.4017534246575,1814.53,1482.66333333333,13.5803264840183
"29","robinson2",2018,29,0.35309,13.4017534246575,1814.53,1482.66333333333,13.5803264840183
"30","robinson2",2018,30,0.35318,13.4017534246575,1814.53,1482.66333333333,13.5803264840183
"31","robinson2",2018,31,0.35326,13.4017534246575,1814.53,1482.66333333333,13.5803264840183
"32","robinson2",2018,32,0.35338,13.4017534246575,1814.53,1482.66333333333,13.5803264840183
"33","robinson2",2018,33,0.35347,13.4017534246575,1814.53,1482.66333333333,13.5803264840183
"34","robinson2",2018,34,0.35353,13.4017534246575,1814.53,1482.66333333333,13.5803264840183
"35","robinson2",2018,35,0.35364,13.4017534246575,1814.53,1482.66333333333,13.5803264840183
"36","robinson2",2018,36,0.35382,13.4017534246575,1814.53,1482.66333333333,13.5803264840183
"37","robinson2",2018,37,0.35403,13.4017534246575,1814.53,1482.66333333333,13.5803264840183
"38","robinson2",2018,38,0.35426,13.4017534246575,1814.53,1482.66333333333,13.5803264840183
"39","robinson2",2018,39,0.3545,13.4017534246575,1814.53,1482.66333333333,13.5803264840183
"40","robinson2",2018,40,0.35474,13.4017534246575,1814.53,1482.66333333333,13.5803264840183
"41","robinson2",2018,41,0.35497,13.4017534246575,1814.53,1482.66333333333,13.5803264840183
"42","robinson2",2018,42,0.35525,13.4017534246575,1814.53,1482.66333333333,13.5803264840183
"43","robinson2",2018,43,0.3556,13.4017534246575,1814.53,1482.66333333333,13.5803264840183
"44","robinson2",2018,44,0.35598,13.4017534246575,1814.53,1482.66333333333,13.5803264840183
"45","robinson2",2018,45,0.35634,13.4017534246575,1814.53,1482.66333333333,13.5803264840183
"46","robinson2",2018,46,0.35665,13.4017534246575,1814.53,1482.66333333333,13.5803264840183
"47","robinson2",2018,47,0.35686,13.4017534246575,1814.53,1482.66333333333,13.5803264840183
"48","robinson2",2018,48,0.35696,13.4017534246575,1814.53,1482.66333333333,13.5803264840183
"49","robinson2",2018,49,0.357,13.4017534246575,1814.53,1482.66333333333,13.5803264840183
"50","robinson2",2018,50,0.35698,13.4017534246575,1814.53,1482.66333333333,13.5803264840183
"51","robinson2",2018,51,0.35693,13.4017534246575,1814.53,1482.66333333333,13.5803264840183
"52","robinson2",2018,52,0.35686,13.4017534246575,1814.53,1482.66333333333,13.5803264840183
"53","robinson2",2018,53,0.3568,13.4017534246575,1814.53,1482.66333333333,13.5803264840183
"54","robinson2",2018,54,0.35674,13.4017534246575,1814.53,1482.66333333333,13.5803264840183
"55","robinson2",2018,55,0.35663,13.4017534246575,1814.53,1482.66333333333,13.5803264840183
"56","robinson2",2018,56,0.3565,13.4017534246575,1814.53,1482.66333333333,13.5803264840183
"57","robinson2",2018,57,0.35635,13.4017534246575,1814.53,1482.66333333333,13.5803264840183
"58","robinson2",2018,58,0.3562,13.4017534246575,1814.53,1482.66333333333,13.5803264840183
"59","robinson2",2018,59,0.35604,13.4017534246575,1814.53,1482.66333333333,13.5803264840183
"60","robinson2",2018,60,0.35586,13.4017534246575,1814.53,1482.66333333333,13.5803264840183
"61","robinson2",2018,61,0.35564,13.4017534246575,1814.53,1482.66333333333,13.5803264840183
"62","robinson2",2018,62,0.35541,13.4017534246575,1814.53,1482.66333333333,13.5803264840183
"63","robinson2",2018,63,0.35518,13.4017534246575,1814.53,1482.66333333333,13.5803264840183
"64","robinson2",2018,64,0.35497,13.4017534246575,1814.53,1482.66333333333,13.5803264840183
"65","robinson2",2018,65,0.35481,13.4017534246575,1814.53,1482.66333333333,13.5803264840183
"66","robinson2",2018,66,0.35468,13.4017534246575,1814.53,1482.66333333333,13.5803264840183
"67","robinson2",2018,67,0.35453,13.4017534246575,1814.53,1482.66333333333,13.5803264840183
"68","robinson2",2018,68,0.35438,13.4017534246575,1814.53,1482.66333333333,13.5803264840183
"69","robinson2",2018,69,0.35426,13.4017534246575,1814.53,1482.66333333333,13.5803264840183
"70","robinson2",2018,70,0.35416,13.4017534246575,1814.53,1482.66333333333,13.5803264840183
"71","robinson2",2018,71,0.3541,13.4017534246575,1814.53,1482.66333333333,13.5803264840183
"72","robinson2",2018,72,0.3541,13.4017534246575,1814.53,1482.66333333333,13.5803264840183
"73","robinson2",2018,73,0.35414,13.4017534246575,1814.53,1482.66333333333,13.5803264840183
"74","robinson2",2018,74,0.35422,13.4017534246575,1814.53,1482.66333333333,13.5803264840183
"75","robinson2",2018,75,0.35432,13.4017534246575,1814.53,1482.66333333333,13.5803264840183
"76","robinson2",2018,76,0.35444,13.4017534246575,1814.53,1482.66333333333,13.5803264840183
"77","robinson2",2018,77,0.35456,13.4017534246575,1814.53,1482.66333333333,13.5803264840183
"78","robinson2",2018,78,0.35471,13.4017534246575,1814.53,1482.66333333333,13.5803264840183
"79","robinson2",2018,79,0.35493,13.4017534246575,1814.53,1482.66333333333,13.5803264840183
"80","robinson2",2018,80,0.35516,13.4017534246575,1814.53,1482.66333333333,13.5803264840183
"81","robinson2",2018,81,0.3554,13.4017534246575,1814.53,1482.66333333333,13.5803264840183
"82","robinson2",2018,82,0.35561,13.4017534246575,1814.53,1482.66333333333,13.5803264840183
"83","robinson2",2018,83,0.35576,13.4017534246575,1814.53,1482.66333333333,13.5803264840183
"84","robinson2",2018,84,0.35587,13.4017534246575,1814.53,1482.66333333333,13.5803264840183
"85","robinson2",2018,85,0.35597,13.4017534246575,1814.53,1482.66333333333,13.5803264840183
"86","robinson2",2018,86,0.35606,13.4017534246575,1814.53,1482.66333333333,13.5803264840183
"87","robinson2",2018,87,0.35612,13.4017534246575,1814.53,1482.66333333333,13.5803264840183
"88","robinson2",2018,88,0.35615,13.4017534246575,1814.53,1482.66333333333,13.5803264840183
"89","robinson2",2018,89,0.35614,13.4017534246575,1814.53,1482.66333333333,13.5803264840183
"90","robinson2",2018,90,0.35602,13.4017534246575,1814.53,1482.66333333333,13.5803264840183
"91","robinson2",2018,91,0.35574,13.4017534246575,1814.53,1482.66333333333,13.5803264840183
"92","robinson2",2018,92,0.35539,13.4017534246575,1814.53,1482.66333333333,13.5803264840183
"93","robinson2",2018,93,0.35506,13.4017534246575,1814.53,1482.66333333333,13.5803264840183
"94","robinson2",2018,94,0.35483,13.4017534246575,1814.53,1482.66333333333,13.5803264840183
"95","robinson2",2018,95,0.35477,13.4017534246575,1814.53,1482.66333333333,13.5803264840183
"96","robinson2",2018,96,0.35487,13.4017534246575,1814.53,1482.66333333333,13.5803264840183
"97","robinson2",2018,97,0.35505,13.4017534246575,1814.53,1482.66333333333,13.5803264840183
"98","robinson2",2018,98,0.35531,13.4017534246575,1814.53,1482.66333333333,13.5803264840183
"99","robinson2",2018,99,0.35562,13.4017534246575,1814.53,1482.66333333333,13.5803264840183
"100","robinson2",2018,100,0.356,13.4017534246575,1814.53,1482.66333333333,13.5803264840183
"101","robinson2",2018,101,0.35644,13.4017534246575,1814.53,1482.66333333333,13.5803264840183
"102","robinson2",2018,102,0.3569,13.4017534246575,1814.53,1482.66333333333,13.5803264840183
"103","robinson2",2018,103,0.35737,13.4017534246575,1814.53,1482.66333333333,13.5803264840183
"104","robinson2",2018,104,0.35792,13.4017534246575,1814.53,1482.66333333333,13.5803264840183
"105","robinson2",2018,105,0.35859,13.4017534246575,1814.53,1482.66333333333,13.5803264840183
"106","robinson2",2018,106,0.35944,13.4017534246575,1814.53,1482.66333333333,13.5803264840183
"107","robinson2",2018,107,0.36051,13.4017534246575,1814.53,1482.66333333333,13.5803264840183
"108","robinson2",2018,108,0.36157,13.4017534246575,1814.53,1482.66333333333,13.5803264840183
"109","robinson2",2018,109,0.36245,13.4017534246575,1814.53,1482.66333333333,13.5803264840183
"110","robinson2",2018,110,0.36334,13.4017534246575,1814.53,1482.66333333333,13.5803264840183
"111","robinson2",2018,111,0.36445,13.4017534246575,1814.53,1482.66333333333,13.5803264840183
"112","robinson2",2018,112,0.36598,13.4017534246575,1814.53,1482.66333333333,13.5803264840183
"113","robinson2",2018,113,0.36811,13.4017534246575,1814.53,1482.66333333333,13.5803264840183
"114","robinson2",2018,114,0.37084,13.4017534246575,1814.53,1482.66333333333,13.5803264840183
"115","robinson2",2018,115,0.37402,13.4017534246575,1814.53,1482.66333333333,13.5803264840183
"116","robinson2",2018,116,0.37764,13.4017534246575,1814.53,1482.66333333333,13.5803264840183
"117","robinson2",2018,117,0.3817,13.4017534246575,1814.53,1482.66333333333,13.5803264840183
"118","robinson2",2018,118,0.38619,13.4017534246575,1814.53,1482.66333333333,13.5803264840183
"119","robinson2",2018,119,0.3911,13.4017534246575,1814.53,1482.66333333333,13.5803264840183
"120","robinson2",2018,120,0.39705,13.4017534246575,1814.53,1482.66333333333,13.5803264840183
"121","robinson2",2018,121,0.40427,13.4017534246575,1814.53,1482.66333333333,13.5803264840183
"122","robinson2",2018,122,0.41208,13.4017534246575,1814.53,1482.66333333333,13.5803264840183
"123","robinson2",2018,123,0.41986,13.4017534246575,1814.53,1482.66333333333,13.5803264840183
"124","robinson2",2018,124,0.42696,13.4017534246575,1814.53,1482.66333333333,13.5803264840183
"125","robinson2",2018,125,0.43271,13.4017534246575,1814.53,1482.66333333333,13.5803264840183
"126","robinson2",2018,126,0.43758,13.4017534246575,1814.53,1482.66333333333,13.5803264840183
"127","robinson2",2018,127,0.4423,13.4017534246575,1814.53,1482.66333333333,13.5803264840183
"128","robinson2",2018,128,0.44666,13.4017534246575,1814.53,1482.66333333333,13.5803264840183
"129","robinson2",2018,129,0.45045,13.4017534246575,1814.53,1482.66333333333,13.5803264840183
"130","robinson2",2018,130,0.45347,13.4017534246575,1814.53,1482.66333333333,13.5803264840183
"131","robinson2",2018,131,0.45551,13.4017534246575,1814.53,1482.66333333333,13.5803264840183
"132","robinson2",2018,132,0.45614,13.4017534246575,1814.53,1482.66333333333,13.5803264840183
"133","robinson2",2018,133,0.45542,13.4017534246575,1814.53,1482.66333333333,13.5803264840183
"134","robinson2",2018,134,0.45383,13.4017534246575,1814.53,1482.66333333333,13.5803264840183
"135","robinson2",2018,135,0.45184,13.4017534246575,1814.53,1482.66333333333,13.5803264840183
"136","robinson2",2018,136,0.44994,13.4017534246575,1814.53,1482.66333333333,13.5803264840183
"137","robinson2",2018,137,0.44862,13.4017534246575,1814.53,1482.66333333333,13.5803264840183
"138","robinson2",2018,138,0.44763,13.4017534246575,1814.53,1482.66333333333,13.5803264840183
"139","robinson2",2018,139,0.44646,13.4017534246575,1814.53,1482.66333333333,13.5803264840183
"140","robinson2",2018,140,0.44519,13.4017534246575,1814.53,1482.66333333333,13.5803264840183
"141","robinson2",2018,141,0.44391,13.4017534246575,1814.53,1482.66333333333,13.5803264840183
"142","robinson2",2018,142,0.44271,13.4017534246575,1814.53,1482.66333333333,13.5803264840183
"143","robinson2",2018,143,0.44169,13.4017534246575,1814.53,1482.66333333333,13.5803264840183
"144","robinson2",2018,144,0.44088,13.4017534246575,1814.53,1482.66333333333,13.5803264840183
"145","robinson2",2018,145,0.4402,13.4017534246575,1814.53,1482.66333333333,13.5803264840183
"146","robinson2",2018,146,0.43956,13.4017534246575,1814.53,1482.66333333333,13.5803264840183
"147","robinson2",2018,147,0.43886,13.4017534246575,1814.53,1482.66333333333,13.5803264840183
"148","robinson2",2018,148,0.43798,13.4017534246575,1814.53,1482.66333333333,13.5803264840183
"149","robinson2",2018,149,0.43684,13.4017534246575,1814.53,1482.66333333333,13.5803264840183
"150","robinson2",2018,150,0.43533,13.4017534246575,1814.53,1482.66333333333,13.5803264840183
"151","robinson2",2018,151,0.43352,13.4017534246575,1814.53,1482.66333333333,13.5803264840183
"152","robinson2",2018,152,0.43156,13.4017534246575,1814.53,1482.66333333333,13.5803264840183
"153","robinson2",2018,153,0.42961,13.4017534246575,1814.53,1482.66333333333,13.5803264840183
"154","robinson2",2018,154,0.42781,13.4017534246575,1814.53,1482.66333333333,13.5803264840183
"155","robinson2",2018,155,0.42632,13.4017534246575,1814.53,1482.66333333333,13.5803264840183
"156","robinson2",2018,156,0.42501,13.4017534246575,1814.53,1482.66333333333,13.5803264840183
"157","robinson2",2018,157,0.4237,13.4017534246575,1814.53,1482.66333333333,13.5803264840183
"158","robinson2",2018,158,0.42245,13.4017534246575,1814.53,1482.66333333333,13.5803264840183
"159","robinson2",2018,159,0.42131,13.4017534246575,1814.53,1482.66333333333,13.5803264840183
"160","robinson2",2018,160,0.42034,13.4017534246575,1814.53,1482.66333333333,13.5803264840183
"161","robinson2",2018,161,0.41961,13.4017534246575,1814.53,1482.66333333333,13.5803264840183
"162","robinson2",2018,162,0.41922,13.4017534246575,1814.53,1482.66333333333,13.5803264840183
"163","robinson2",2018,163,0.41913,13.4017534246575,1814.53,1482.66333333333,13.5803264840183
"164","robinson2",2018,164,0.41923,13.4017534246575,1814.53,1482.66333333333,13.5803264840183
"165","robinson2",2018,165,0.41943,13.4017534246575,1814.53,1482.66333333333,13.5803264840183
"166","robinson2",2018,166,0.4196,13.4017534246575,1814.53,1482.66333333333,13.5803264840183
"167","robinson2",2018,167,0.41962,13.4017534246575,1814.53,1482.66333333333,13.5803264840183
"168","robinson2",2018,168,0.41955,13.4017534246575,1814.53,1482.66333333333,13.5803264840183
"169","robinson2",2018,169,0.41949,13.4017534246575,1814.53,1482.66333333333,13.5803264840183
"170","robinson2",2018,170,0.41944,13.4017534246575,1814.53,1482.66333333333,13.5803264840183
"171","robinson2",2018,171,0.41939,13.4017534246575,1814.53,1482.66333333333,13.5803264840183
"172","robinson2",2018,172,0.41934,13.4017534246575,1814.53,1482.66333333333,13.5803264840183
"173","robinson2",2018,173,0.41927,13.4017534246575,1814.53,1482.66333333333,13.5803264840183
"174","robinson2",2018,174,0.41925,13.4017534246575,1814.53,1482.66333333333,13.5803264840183
"175","robinson2",2018,175,0.41931,13.4017534246575,1814.53,1482.66333333333,13.5803264840183
"176","robinson2",2018,176,0.41939,13.4017534246575,1814.53,1482.66333333333,13.5803264840183
"177","robinson2",2018,177,0.41944,13.4017534246575,1814.53,1482.66333333333,13.5803264840183
"178","robinson2",2018,178,0.41942,13.4017534246575,1814.53,1482.66333333333,13.5803264840183
"179","robinson2",2018,179,0.41928,13.4017534246575,1814.53,1482.66333333333,13.5803264840183
"180","robinson2",2018,180,0.41892,13.4017534246575,1814.53,1482.66333333333,13.5803264840183
"181","robinson2",2018,181,0.41838,13.4017534246575,1814.53,1482.66333333333,13.5803264840183
"182","robinson2",2018,182,0.41775,13.4017534246575,1814.53,1482.66333333333,13.5803264840183
"183","robinson2",2018,183,0.4171,13.4017534246575,1814.53,1482.66333333333,13.5803264840183
"184","robinson2",2018,184,0.41655,13.4017534246575,1814.53,1482.66333333333,13.5803264840183
"185","robinson2",2018,185,0.41617,13.4017534246575,1814.53,1482.66333333333,13.5803264840183
"186","robinson2",2018,186,0.41591,13.4017534246575,1814.53,1482.66333333333,13.5803264840183
"187","robinson2",2018,187,0.41568,13.4017534246575,1814.53,1482.66333333333,13.5803264840183
"188","robinson2",2018,188,0.41549,13.4017534246575,1814.53,1482.66333333333,13.5803264840183
"189","robinson2",2018,189,0.41538,13.4017534246575,1814.53,1482.66333333333,13.5803264840183
"190","robinson2",2018,190,0.41537,13.4017534246575,1814.53,1482.66333333333,13.5803264840183
"191","robinson2",2018,191,0.41549,13.4017534246575,1814.53,1482.66333333333,13.5803264840183
"192","robinson2",2018,192,0.41583,13.4017534246575,1814.53,1482.66333333333,13.5803264840183
"193","robinson2",2018,193,0.41637,13.4017534246575,1814.53,1482.66333333333,13.5803264840183
"194","robinson2",2018,194,0.41704,13.4017534246575,1814.53,1482.66333333333,13.5803264840183
"195","robinson2",2018,195,0.41776,13.4017534246575,1814.53,1482.66333333333,13.5803264840183
"196","robinson2",2018,196,0.41843,13.4017534246575,1814.53,1482.66333333333,13.5803264840183
"197","robinson2",2018,197,0.41898,13.4017534246575,1814.53,1482.66333333333,13.5803264840183
"198","robinson2",2018,198,0.41943,13.4017534246575,1814.53,1482.66333333333,13.5803264840183
"199","robinson2",2018,199,0.41987,13.4017534246575,1814.53,1482.66333333333,13.5803264840183
"200","robinson2",2018,200,0.42029,13.4017534246575,1814.53,1482.66333333333,13.5803264840183
"201","robinson2",2018,201,0.42065,13.4017534246575,1814.53,1482.66333333333,13.5803264840183
"202","robinson2",2018,202,0.42095,13.4017534246575,1814.53,1482.66333333333,13.5803264840183
"203","robinson2",2018,203,0.42117,13.4017534246575,1814.53,1482.66333333333,13.5803264840183
"204","robinson2",2018,204,0.4213,13.4017534246575,1814.53,1482.66333333333,13.5803264840183
"205","robinson2",2018,205,0.42133,13.4017534246575,1814.53,1482.66333333333,13.5803264840183
"206","robinson2",2018,206,0.42131,13.4017534246575,1814.53,1482.66333333333,13.5803264840183
"207","robinson2",2018,207,0.42127,13.4017534246575,1814.53,1482.66333333333,13.5803264840183
"208","robinson2",2018,208,0.42124,13.4017534246575,1814.53,1482.66333333333,13.5803264840183
"209","robinson2",2018,209,0.42127,13.4017534246575,1814.53,1482.66333333333,13.5803264840183
"210","robinson2",2018,210,0.42138,13.4017534246575,1814.53,1482.66333333333,13.5803264840183
"211","robinson2",2018,211,0.42153,13.4017534246575,1814.53,1482.66333333333,13.5803264840183
"212","robinson2",2018,212,0.42172,13.4017534246575,1814.53,1482.66333333333,13.5803264840183
"213","robinson2",2018,213,0.42191,13.4017534246575,1814.53,1482.66333333333,13.5803264840183
"214","robinson2",2018,214,0.42208,13.4017534246575,1814.53,1482.66333333333,13.5803264840183
"215","robinson2",2018,215,0.42219,13.4017534246575,1814.53,1482.66333333333,13.5803264840183
"216","robinson2",2018,216,0.42224,13.4017534246575,1814.53,1482.66333333333,13.5803264840183
"217","robinson2",2018,217,0.42225,13.4017534246575,1814.53,1482.66333333333,13.5803264840183
"218","robinson2",2018,218,0.42222,13.4017534246575,1814.53,1482.66333333333,13.5803264840183
"219","robinson2",2018,219,0.42215,13.4017534246575,1814.53,1482.66333333333,13.5803264840183
"220","robinson2",2018,220,0.42205,13.4017534246575,1814.53,1482.66333333333,13.5803264840183
"221","robinson2",2018,221,0.42191,13.4017534246575,1814.53,1482.66333333333,13.5803264840183
"222","robinson2",2018,222,0.42177,13.4017534246575,1814.53,1482.66333333333,13.5803264840183
"223","robinson2",2018,223,0.42165,13.4017534246575,1814.53,1482.66333333333,13.5803264840183
"224","robinson2",2018,224,0.42148,13.4017534246575,1814.53,1482.66333333333,13.5803264840183
"225","robinson2",2018,225,0.42123,13.4017534246575,1814.53,1482.66333333333,13.5803264840183
"226","robinson2",2018,226,0.42092,13.4017534246575,1814.53,1482.66333333333,13.5803264840183
"227","robinson2",2018,227,0.42059,13.4017534246575,1814.53,1482.66333333333,13.5803264840183
"228","robinson2",2018,228,0.42019,13.4017534246575,1814.53,1482.66333333333,13.5803264840183
"229","robinson2",2018,229,0.41967,13.4017534246575,1814.53,1482.66333333333,13.5803264840183
"230","robinson2",2018,230,0.41904,13.4017534246575,1814.53,1482.66333333333,13.5803264840183
"231","robinson2",2018,231,0.41835,13.4017534246575,1814.53,1482.66333333333,13.5803264840183
"232","robinson2",2018,232,0.41765,13.4017534246575,1814.53,1482.66333333333,13.5803264840183
"233","robinson2",2018,233,0.41701,13.4017534246575,1814.53,1482.66333333333,13.5803264840183
"234","robinson2",2018,234,0.41647,13.4017534246575,1814.53,1482.66333333333,13.5803264840183
"235","robinson2",2018,235,0.41594,13.4017534246575,1814.53,1482.66333333333,13.5803264840183
"236","robinson2",2018,236,0.41533,13.4017534246575,1814.53,1482.66333333333,13.5803264840183
"237","robinson2",2018,237,0.41468,13.4017534246575,1814.53,1482.66333333333,13.5803264840183
"238","robinson2",2018,238,0.41407,13.4017534246575,1814.53,1482.66333333333,13.5803264840183
"239","robinson2",2018,239,0.41354,13.4017534246575,1814.53,1482.66333333333,13.5803264840183
"240","robinson2",2018,240,0.41315,13.4017534246575,1814.53,1482.66333333333,13.5803264840183
"241","robinson2",2018,241,0.41297,13.4017534246575,1814.53,1482.66333333333,13.5803264840183
"242","robinson2",2018,242,0.41298,13.4017534246575,1814.53,1482.66333333333,13.5803264840183
"243","robinson2",2018,243,0.41311,13.4017534246575,1814.53,1482.66333333333,13.5803264840183
"244","robinson2",2018,244,0.41329,13.4017534246575,1814.53,1482.66333333333,13.5803264840183
"245","robinson2",2018,245,0.41344,13.4017534246575,1814.53,1482.66333333333,13.5803264840183
"246","robinson2",2018,246,0.41349,13.4017534246575,1814.53,1482.66333333333,13.5803264840183
"247","robinson2",2018,247,0.41351,13.4017534246575,1814.53,1482.66333333333,13.5803264840183
"248","robinson2",2018,248,0.4136,13.4017534246575,1814.53,1482.66333333333,13.5803264840183
"249","robinson2",2018,249,0.41369,13.4017534246575,1814.53,1482.66333333333,13.5803264840183
"250","robinson2",2018,250,0.41376,13.4017534246575,1814.53,1482.66333333333,13.5803264840183
"251","robinson2",2018,251,0.41374,13.4017534246575,1814.53,1482.66333333333,13.5803264840183
"252","robinson2",2018,252,0.4136,13.4017534246575,1814.53,1482.66333333333,13.5803264840183
"253","robinson2",2018,253,0.41327,13.4017534246575,1814.53,1482.66333333333,13.5803264840183
"254","robinson2",2018,254,0.4128,13.4017534246575,1814.53,1482.66333333333,13.5803264840183
"255","robinson2",2018,255,0.41224,13.4017534246575,1814.53,1482.66333333333,13.5803264840183
"256","robinson2",2018,256,0.41167,13.4017534246575,1814.53,1482.66333333333,13.5803264840183
"257","robinson2",2018,257,0.41116,13.4017534246575,1814.53,1482.66333333333,13.5803264840183
"258","robinson2",2018,258,0.41077,13.4017534246575,1814.53,1482.66333333333,13.5803264840183
"259","robinson2",2018,259,0.41055,13.4017534246575,1814.53,1482.66333333333,13.5803264840183
"260","robinson2",2018,260,0.41042,13.4017534246575,1814.53,1482.66333333333,13.5803264840183
"261","robinson2",2018,261,0.41034,13.4017534246575,1814.53,1482.66333333333,13.5803264840183
"262","robinson2",2018,262,0.41024,13.4017534246575,1814.53,1482.66333333333,13.5803264840183
"263","robinson2",2018,263,0.41008,13.4017534246575,1814.53,1482.66333333333,13.5803264840183
"264","robinson2",2018,264,0.4098,13.4017534246575,1814.53,1482.66333333333,13.5803264840183
"265","robinson2",2018,265,0.40938,13.4017534246575,1814.53,1482.66333333333,13.5803264840183
"266","robinson2",2018,266,0.40889,13.4017534246575,1814.53,1482.66333333333,13.5803264840183
"267","robinson2",2018,267,0.40834,13.4017534246575,1814.53,1482.66333333333,13.5803264840183
"268","robinson2",2018,268,0.40778,13.4017534246575,1814.53,1482.66333333333,13.5803264840183
"269","robinson2",2018,269,0.40721,13.4017534246575,1814.53,1482.66333333333,13.5803264840183
"270","robinson2",2018,270,0.40668,13.4017534246575,1814.53,1482.66333333333,13.5803264840183
"271","robinson2",2018,271,0.4061,13.4017534246575,1814.53,1482.66333333333,13.5803264840183
"272","robinson2",2018,272,0.40542,13.4017534246575,1814.53,1482.66333333333,13.5803264840183
"273","robinson2",2018,273,0.40469,13.4017534246575,1814.53,1482.66333333333,13.5803264840183
"274","robinson2",2018,274,0.40398,13.4017534246575,1814.53,1482.66333333333,13.5803264840183
"275","robinson2",2018,275,0.40334,13.4017534246575,1814.53,1482.66333333333,13.5803264840183
"276","robinson2",2018,276,0.40282,13.4017534246575,1814.53,1482.66333333333,13.5803264840183
"277","robinson2",2018,277,0.4026,13.4017534246575,1814.53,1482.66333333333,13.5803264840183
"278","robinson2",2018,278,0.40268,13.4017534246575,1814.53,1482.66333333333,13.5803264840183
"279","robinson2",2018,279,0.4029,13.4017534246575,1814.53,1482.66333333333,13.5803264840183
"280","robinson2",2018,280,0.40309,13.4017534246575,1814.53,1482.66333333333,13.5803264840183
"281","robinson2",2018,281,0.40307,13.4017534246575,1814.53,1482.66333333333,13.5803264840183
"282","robinson2",2018,282,0.40269,13.4017534246575,1814.53,1482.66333333333,13.5803264840183
"283","robinson2",2018,283,0.40196,13.4017534246575,1814.53,1482.66333333333,13.5803264840183
"284","robinson2",2018,284,0.40104,13.4017534246575,1814.53,1482.66333333333,13.5803264840183
"285","robinson2",2018,285,0.39995,13.4017534246575,1814.53,1482.66333333333,13.5803264840183
"286","robinson2",2018,286,0.39873,13.4017534246575,1814.53,1482.66333333333,13.5803264840183
"287","robinson2",2018,287,0.39741,13.4017534246575,1814.53,1482.66333333333,13.5803264840183
"288","robinson2",2018,288,0.396,13.4017534246575,1814.53,1482.66333333333,13.5803264840183
"289","robinson2",2018,289,0.39448,13.4017534246575,1814.53,1482.66333333333,13.5803264840183
"290","robinson2",2018,290,0.39281,13.4017534246575,1814.53,1482.66333333333,13.5803264840183
"291","robinson2",2018,291,0.39103,13.4017534246575,1814.53,1482.66333333333,13.5803264840183
"292","robinson2",2018,292,0.38917,13.4017534246575,1814.53,1482.66333333333,13.5803264840183
"293","robinson2",2018,293,0.38729,13.4017534246575,1814.53,1482.66333333333,13.5803264840183
"294","robinson2",2018,294,0.38542,13.4017534246575,1814.53,1482.66333333333,13.5803264840183
"295","robinson2",2018,295,0.38355,13.4017534246575,1814.53,1482.66333333333,13.5803264840183
"296","robinson2",2018,296,0.38164,13.4017534246575,1814.53,1482.66333333333,13.5803264840183
"297","robinson2",2018,297,0.37966,13.4017534246575,1814.53,1482.66333333333,13.5803264840183
"298","robinson2",2018,298,0.37759,13.4017534246575,1814.53,1482.66333333333,13.5803264840183
"299","robinson2",2018,299,0.3754,13.4017534246575,1814.53,1482.66333333333,13.5803264840183
"300","robinson2",2018,300,0.37305,13.4017534246575,1814.53,1482.66333333333,13.5803264840183
"301","robinson2",2018,301,0.37034,13.4017534246575,1814.53,1482.66333333333,13.5803264840183
"302","robinson2",2018,302,0.3672,13.4017534246575,1814.53,1482.66333333333,13.5803264840183
"303","robinson2",2018,303,0.36389,13.4017534246575,1814.53,1482.66333333333,13.5803264840183
"304","robinson2",2018,304,0.36064,13.4017534246575,1814.53,1482.66333333333,13.5803264840183
"305","robinson2",2018,305,0.35769,13.4017534246575,1814.53,1482.66333333333,13.5803264840183
"306","robinson2",2018,306,0.35528,13.4017534246575,1814.53,1482.66333333333,13.5803264840183
"307","robinson2",2018,307,0.3533,13.4017534246575,1814.53,1482.66333333333,13.5803264840183
"308","robinson2",2018,308,0.3515,13.4017534246575,1814.53,1482.66333333333,13.5803264840183
"309","robinson2",2018,309,0.3499,13.4017534246575,1814.53,1482.66333333333,13.5803264840183
"310","robinson2",2018,310,0.34854,13.4017534246575,1814.53,1482.66333333333,13.5803264840183
"311","robinson2",2018,311,0.34743,13.4017534246575,1814.53,1482.66333333333,13.5803264840183
"312","robinson2",2018,312,0.34661,13.4017534246575,1814.53,1482.66333333333,13.5803264840183
"313","robinson2",2018,313,0.3463,13.4017534246575,1814.53,1482.66333333333,13.5803264840183
"314","robinson2",2018,314,0.34653,13.4017534246575,1814.53,1482.66333333333,13.5803264840183
"315","robinson2",2018,315,0.34708,13.4017534246575,1814.53,1482.66333333333,13.5803264840183
"316","robinson2",2018,316,0.34773,13.4017534246575,1814.53,1482.66333333333,13.5803264840183
"317","robinson2",2018,317,0.34823,13.4017534246575,1814.53,1482.66333333333,13.5803264840183
"318","robinson2",2018,318,0.34838,13.4017534246575,1814.53,1482.66333333333,13.5803264840183
"319","robinson2",2018,319,0.34815,13.4017534246575,1814.53,1482.66333333333,13.5803264840183
"320","robinson2",2018,320,0.34775,13.4017534246575,1814.53,1482.66333333333,13.5803264840183
"321","robinson2",2018,321,0.34727,13.4017534246575,1814.53,1482.66333333333,13.5803264840183
"322","robinson2",2018,322,0.3468,13.4017534246575,1814.53,1482.66333333333,13.5803264840183
"323","robinson2",2018,323,0.34643,13.4017534246575,1814.53,1482.66333333333,13.5803264840183
"324","robinson2",2018,324,0.34625,13.4017534246575,1814.53,1482.66333333333,13.5803264840183
"325","robinson2",2018,325,0.34625,13.4017534246575,1814.53,1482.66333333333,13.5803264840183
"326","robinson2",2018,326,0.34634,13.4017534246575,1814.53,1482.66333333333,13.5803264840183
"327","robinson2",2018,327,0.3465,13.4017534246575,1814.53,1482.66333333333,13.5803264840183
"328","robinson2",2018,328,0.34673,13.4017534246575,1814.53,1482.66333333333,13.5803264840183
"329","robinson2",2018,329,0.34701,13.4017534246575,1814.53,1482.66333333333,13.5803264840183
"330","robinson2",2018,330,0.34734,13.4017534246575,1814.53,1482.66333333333,13.5803264840183
"331","robinson2",2018,331,0.3478,13.4017534246575,1814.53,1482.66333333333,13.5803264840183
"332","robinson2",2018,332,0.34846,13.4017534246575,1814.53,1482.66333333333,13.5803264840183
"333","robinson2",2018,333,0.34922,13.4017534246575,1814.53,1482.66333333333,13.5803264840183
"334","robinson2",2018,334,0.34998,13.4017534246575,1814.53,1482.66333333333,13.5803264840183
"335","robinson2",2018,335,0.35066,13.4017534246575,1814.53,1482.66333333333,13.5803264840183
"336","robinson2",2018,336,0.35115,13.4017534246575,1814.53,1482.66333333333,13.5803264840183
"337","robinson2",2018,337,0.35147,13.4017534246575,1814.53,1482.66333333333,13.5803264840183
"338","robinson2",2018,338,0.3517,13.4017534246575,1814.53,1482.66333333333,13.5803264840183
"339","robinson2",2018,339,0.35186,13.4017534246575,1814.53,1482.66333333333,13.5803264840183
"340","robinson2",2018,340,0.35196,13.4017534246575,1814.53,1482.66333333333,13.5803264840183
"341","robinson2",2018,341,0.35202,13.4017534246575,1814.53,1482.66333333333,13.5803264840183
"342","robinson2",2018,342,0.35206,13.4017534246575,1814.53,1482.66333333333,13.5803264840183
"343","robinson2",2018,343,0.35205,13.4017534246575,1814.53,1482.66333333333,13.5803264840183
"344","robinson2",2018,344,0.35199,13.4017534246575,1814.53,1482.66333333333,13.5803264840183
"345","robinson2",2018,345,0.35189,13.4017534246575,1814.53,1482.66333333333,13.5803264840183
"346","robinson2",2018,346,0.35177,13.4017534246575,1814.53,1482.66333333333,13.5803264840183
"347","robinson2",2018,347,0.35164,13.4017534246575,1814.53,1482.66333333333,13.5803264840183
"348","robinson2",2018,348,0.35153,13.4017534246575,1814.53,1482.66333333333,13.5803264840183
"349","robinson2",2018,349,0.35138,13.4017534246575,1814.53,1482.66333333333,13.5803264840183
"350","robinson2",2018,350,0.35115,13.4017534246575,1814.53,1482.66333333333,13.5803264840183
"351","robinson2",2018,351,0.35089,13.4017534246575,1814.53,1482.66333333333,13.5803264840183
"352","robinson2",2018,352,0.35064,13.4017534246575,1814.53,1482.66333333333,13.5803264840183
"353","robinson2",2018,353,0.35043,13.4017534246575,1814.53,1482.66333333333,13.5803264840183
"354","robinson2",2018,354,0.3503,13.4017534246575,1814.53,1482.66333333333,13.5803264840183
"355","robinson2",2018,355,0.35025,13.4017534246575,1814.53,1482.66333333333,13.5803264840183
"356","robinson2",2018,356,0.35024,13.4017534246575,1814.53,1482.66333333333,13.5803264840183
"357","robinson2",2018,357,0.35026,13.4017534246575,1814.53,1482.66333333333,13.5803264840183
"358","robinson2",2018,358,0.3503,13.4017534246575,1814.53,1482.66333333333,13.5803264840183
"359","robinson2",2018,359,0.35035,13.4017534246575,1814.53,1482.66333333333,13.5803264840183
"360","robinson2",2018,360,0.3504,13.4017534246575,1814.53,1482.66333333333,13.5803264840183
"361","robinson2",2018,361,0.35049,13.4017534246575,1814.53,1482.66333333333,13.5803264840183
"362","robinson2",2018,362,0.35064,13.4017534246575,1814.53,1482.66333333333,13.5803264840183
"363","robinson2",2018,363,0.35083,13.4017534246575,1814.53,1482.66333333333,13.5803264840183
"364","robinson2",2018,364,0.351,13.4017534246575,1814.53,1482.66333333333,13.5803264840183
"365","robinson2",2018,365,0.35114,13.4017534246575,1814.53,1482.66333333333,13.5803264840183
"366","robinson2",2019,1,0.3512,13.8313561643836,1561.89,1482.66333333333,13.5803264840183
"367","robinson2",2019,2,0.35117,13.8313561643836,1561.89,1482.66333333333,13.5803264840183
"368","robinson2",2019,3,0.35108,13.8313561643836,1561.89,1482.66333333333,13.5803264840183
"369","robinson2",2019,4,0.35095,13.8313561643836,1561.89,1482.66333333333,13.5803264840183
"370","robinson2",2019,5,0.35081,13.8313561643836,1561.89,1482.66333333333,13.5803264840183
"371","robinson2",2019,6,0.35067,13.8313561643836,1561.89,1482.66333333333,13.5803264840183
"372","robinson2",2019,7,0.35057,13.8313561643836,1561.89,1482.66333333333,13.5803264840183
"373","robinson2",2019,8,0.35048,13.8313561643836,1561.89,1482.66333333333,13.5803264840183
"374","robinson2",2019,9,0.35036,13.8313561643836,1561.89,1482.66333333333,13.5803264840183
"375","robinson2",2019,10,0.35024,13.8313561643836,1561.89,1482.66333333333,13.5803264840183
"376","robinson2",2019,11,0.35012,13.8313561643836,1561.89,1482.66333333333,13.5803264840183
"377","robinson2",2019,12,0.35004,13.8313561643836,1561.89,1482.66333333333,13.5803264840183
"378","robinson2",2019,13,0.34999,13.8313561643836,1561.89,1482.66333333333,13.5803264840183
"379","robinson2",2019,14,0.35002,13.8313561643836,1561.89,1482.66333333333,13.5803264840183
"380","robinson2",2019,15,0.35012,13.8313561643836,1561.89,1482.66333333333,13.5803264840183
"381","robinson2",2019,16,0.35025,13.8313561643836,1561.89,1482.66333333333,13.5803264840183
"382","robinson2",2019,17,0.35038,13.8313561643836,1561.89,1482.66333333333,13.5803264840183
"383","robinson2",2019,18,0.35049,13.8313561643836,1561.89,1482.66333333333,13.5803264840183
"384","robinson2",2019,19,0.35054,13.8313561643836,1561.89,1482.66333333333,13.5803264840183
"385","robinson2",2019,20,0.3505,13.8313561643836,1561.89,1482.66333333333,13.5803264840183
"386","robinson2",2019,21,0.35041,13.8313561643836,1561.89,1482.66333333333,13.5803264840183
"387","robinson2",2019,22,0.35029,13.8313561643836,1561.89,1482.66333333333,13.5803264840183
"388","robinson2",2019,23,0.35016,13.8313561643836,1561.89,1482.66333333333,13.5803264840183
"389","robinson2",2019,24,0.35006,13.8313561643836,1561.89,1482.66333333333,13.5803264840183
"390","robinson2",2019,25,0.35,13.8313561643836,1561.89,1482.66333333333,13.5803264840183
"391","robinson2",2019,26,0.34999,13.8313561643836,1561.89,1482.66333333333,13.5803264840183
"392","robinson2",2019,27,0.34998,13.8313561643836,1561.89,1482.66333333333,13.5803264840183
"393","robinson2",2019,28,0.34999,13.8313561643836,1561.89,1482.66333333333,13.5803264840183
"394","robinson2",2019,29,0.35001,13.8313561643836,1561.89,1482.66333333333,13.5803264840183
"395","robinson2",2019,30,0.35006,13.8313561643836,1561.89,1482.66333333333,13.5803264840183
"396","robinson2",2019,31,0.35013,13.8313561643836,1561.89,1482.66333333333,13.5803264840183
"397","robinson2",2019,32,0.35027,13.8313561643836,1561.89,1482.66333333333,13.5803264840183
"398","robinson2",2019,33,0.35048,13.8313561643836,1561.89,1482.66333333333,13.5803264840183
"399","robinson2",2019,34,0.35073,13.8313561643836,1561.89,1482.66333333333,13.5803264840183
"400","robinson2",2019,35,0.35097,13.8313561643836,1561.89,1482.66333333333,13.5803264840183
"401","robinson2",2019,36,0.35118,13.8313561643836,1561.89,1482.66333333333,13.5803264840183
"402","robinson2",2019,37,0.35132,13.8313561643836,1561.89,1482.66333333333,13.5803264840183
"403","robinson2",2019,38,0.35136,13.8313561643836,1561.89,1482.66333333333,13.5803264840183
"404","robinson2",2019,39,0.35134,13.8313561643836,1561.89,1482.66333333333,13.5803264840183
"405","robinson2",2019,40,0.35127,13.8313561643836,1561.89,1482.66333333333,13.5803264840183
"406","robinson2",2019,41,0.35119,13.8313561643836,1561.89,1482.66333333333,13.5803264840183
"407","robinson2",2019,42,0.35112,13.8313561643836,1561.89,1482.66333333333,13.5803264840183
"408","robinson2",2019,43,0.35109,13.8313561643836,1561.89,1482.66333333333,13.5803264840183
"409","robinson2",2019,44,0.35108,13.8313561643836,1561.89,1482.66333333333,13.5803264840183
"410","robinson2",2019,45,0.35107,13.8313561643836,1561.89,1482.66333333333,13.5803264840183
"411","robinson2",2019,46,0.35107,13.8313561643836,1561.89,1482.66333333333,13.5803264840183
"412","robinson2",2019,47,0.35109,13.8313561643836,1561.89,1482.66333333333,13.5803264840183
"413","robinson2",2019,48,0.35111,13.8313561643836,1561.89,1482.66333333333,13.5803264840183
"414","robinson2",2019,49,0.35114,13.8313561643836,1561.89,1482.66333333333,13.5803264840183
"415","robinson2",2019,50,0.35123,13.8313561643836,1561.89,1482.66333333333,13.5803264840183
"416","robinson2",2019,51,0.35138,13.8313561643836,1561.89,1482.66333333333,13.5803264840183
"417","robinson2",2019,52,0.35152,13.8313561643836,1561.89,1482.66333333333,13.5803264840183
"418","robinson2",2019,53,0.35158,13.8313561643836,1561.89,1482.66333333333,13.5803264840183
"419","robinson2",2019,54,0.35161,13.8313561643836,1561.89,1482.66333333333,13.5803264840183
"420","robinson2",2019,55,0.35163,13.8313561643836,1561.89,1482.66333333333,13.5803264840183
"421","robinson2",2019,56,0.35163,13.8313561643836,1561.89,1482.66333333333,13.5803264840183
"422","robinson2",2019,57,0.35155,13.8313561643836,1561.89,1482.66333333333,13.5803264840183
"423","robinson2",2019,58,0.35139,13.8313561643836,1561.89,1482.66333333333,13.5803264840183
"424","robinson2",2019,59,0.3512,13.8313561643836,1561.89,1482.66333333333,13.5803264840183
"425","robinson2",2019,60,0.35101,13.8313561643836,1561.89,1482.66333333333,13.5803264840183
"426","robinson2",2019,61,0.35086,13.8313561643836,1561.89,1482.66333333333,13.5803264840183
"427","robinson2",2019,62,0.35081,13.8313561643836,1561.89,1482.66333333333,13.5803264840183
"428","robinson2",2019,63,0.35085,13.8313561643836,1561.89,1482.66333333333,13.5803264840183
"429","robinson2",2019,64,0.35096,13.8313561643836,1561.89,1482.66333333333,13.5803264840183
"430","robinson2",2019,65,0.35111,13.8313561643836,1561.89,1482.66333333333,13.5803264840183
"431","robinson2",2019,66,0.35127,13.8313561643836,1561.89,1482.66333333333,13.5803264840183
"432","robinson2",2019,67,0.35141,13.8313561643836,1561.89,1482.66333333333,13.5803264840183
"433","robinson2",2019,68,0.3515,13.8313561643836,1561.89,1482.66333333333,13.5803264840183
"434","robinson2",2019,69,0.35157,13.8313561643836,1561.89,1482.66333333333,13.5803264840183
"435","robinson2",2019,70,0.35164,13.8313561643836,1561.89,1482.66333333333,13.5803264840183
"436","robinson2",2019,71,0.3517,13.8313561643836,1561.89,1482.66333333333,13.5803264840183
"437","robinson2",2019,72,0.35176,13.8313561643836,1561.89,1482.66333333333,13.5803264840183
"438","robinson2",2019,73,0.35179,13.8313561643836,1561.89,1482.66333333333,13.5803264840183
"439","robinson2",2019,74,0.35179,13.8313561643836,1561.89,1482.66333333333,13.5803264840183
"440","robinson2",2019,75,0.35174,13.8313561643836,1561.89,1482.66333333333,13.5803264840183
"441","robinson2",2019,76,0.35164,13.8313561643836,1561.89,1482.66333333333,13.5803264840183
"442","robinson2",2019,77,0.35151,13.8313561643836,1561.89,1482.66333333333,13.5803264840183
"443","robinson2",2019,78,0.35138,13.8313561643836,1561.89,1482.66333333333,13.5803264840183
"444","robinson2",2019,79,0.35128,13.8313561643836,1561.89,1482.66333333333,13.5803264840183
"445","robinson2",2019,80,0.35125,13.8313561643836,1561.89,1482.66333333333,13.5803264840183
"446","robinson2",2019,81,0.35128,13.8313561643836,1561.89,1482.66333333333,13.5803264840183
"447","robinson2",2019,82,0.35136,13.8313561643836,1561.89,1482.66333333333,13.5803264840183
"448","robinson2",2019,83,0.35145,13.8313561643836,1561.89,1482.66333333333,13.5803264840183
"449","robinson2",2019,84,0.35156,13.8313561643836,1561.89,1482.66333333333,13.5803264840183
"450","robinson2",2019,85,0.35166,13.8313561643836,1561.89,1482.66333333333,13.5803264840183
"451","robinson2",2019,86,0.35174,13.8313561643836,1561.89,1482.66333333333,13.5803264840183
"452","robinson2",2019,87,0.35172,13.8313561643836,1561.89,1482.66333333333,13.5803264840183
"453","robinson2",2019,88,0.35157,13.8313561643836,1561.89,1482.66333333333,13.5803264840183
"454","robinson2",2019,89,0.35138,13.8313561643836,1561.89,1482.66333333333,13.5803264840183
"455","robinson2",2019,90,0.35124,13.8313561643836,1561.89,1482.66333333333,13.5803264840183
"456","robinson2",2019,91,0.35124,13.8313561643836,1561.89,1482.66333333333,13.5803264840183
"457","robinson2",2019,92,0.35146,13.8313561643836,1561.89,1482.66333333333,13.5803264840183
"458","robinson2",2019,93,0.35171,13.8313561643836,1561.89,1482.66333333333,13.5803264840183
"459","robinson2",2019,94,0.35184,13.8313561643836,1561.89,1482.66333333333,13.5803264840183
"460","robinson2",2019,95,0.35202,13.8313561643836,1561.89,1482.66333333333,13.5803264840183
"461","robinson2",2019,96,0.3524,13.8313561643836,1561.89,1482.66333333333,13.5803264840183
"462","robinson2",2019,97,0.35313,13.8313561643836,1561.89,1482.66333333333,13.5803264840183
"463","robinson2",2019,98,0.35437,13.8313561643836,1561.89,1482.66333333333,13.5803264840183
"464","robinson2",2019,99,0.35607,13.8313561643836,1561.89,1482.66333333333,13.5803264840183
"465","robinson2",2019,100,0.35808,13.8313561643836,1561.89,1482.66333333333,13.5803264840183
"466","robinson2",2019,101,0.36039,13.8313561643836,1561.89,1482.66333333333,13.5803264840183
"467","robinson2",2019,102,0.36299,13.8313561643836,1561.89,1482.66333333333,13.5803264840183
"468","robinson2",2019,103,0.36586,13.8313561643836,1561.89,1482.66333333333,13.5803264840183
"469","robinson2",2019,104,0.36901,13.8313561643836,1561.89,1482.66333333333,13.5803264840183
"470","robinson2",2019,105,0.37266,13.8313561643836,1561.89,1482.66333333333,13.5803264840183
"471","robinson2",2019,106,0.3769,13.8313561643836,1561.89,1482.66333333333,13.5803264840183
"472","robinson2",2019,107,0.38153,13.8313561643836,1561.89,1482.66333333333,13.5803264840183
"473","robinson2",2019,108,0.38633,13.8313561643836,1561.89,1482.66333333333,13.5803264840183
"474","robinson2",2019,109,0.39109,13.8313561643836,1561.89,1482.66333333333,13.5803264840183
"475","robinson2",2019,110,0.39561,13.8313561643836,1561.89,1482.66333333333,13.5803264840183
"476","robinson2",2019,111,0.40025,13.8313561643836,1561.89,1482.66333333333,13.5803264840183
"477","robinson2",2019,112,0.40531,13.8313561643836,1561.89,1482.66333333333,13.5803264840183
"478","robinson2",2019,113,0.41051,13.8313561643836,1561.89,1482.66333333333,13.5803264840183
"479","robinson2",2019,114,0.41557,13.8313561643836,1561.89,1482.66333333333,13.5803264840183
"480","robinson2",2019,115,0.4202,13.8313561643836,1561.89,1482.66333333333,13.5803264840183
"481","robinson2",2019,116,0.42412,13.8313561643836,1561.89,1482.66333333333,13.5803264840183
"482","robinson2",2019,117,0.42747,13.8313561643836,1561.89,1482.66333333333,13.5803264840183
"483","robinson2",2019,118,0.43057,13.8313561643836,1561.89,1482.66333333333,13.5803264840183
"484","robinson2",2019,119,0.43338,13.8313561643836,1561.89,1482.66333333333,13.5803264840183
"485","robinson2",2019,120,0.43583,13.8313561643836,1561.89,1482.66333333333,13.5803264840183
"486","robinson2",2019,121,0.4379,13.8313561643836,1561.89,1482.66333333333,13.5803264840183
"487","robinson2",2019,122,0.43953,13.8313561643836,1561.89,1482.66333333333,13.5803264840183
"488","robinson2",2019,123,0.44058,13.8313561643836,1561.89,1482.66333333333,13.5803264840183
"489","robinson2",2019,124,0.44103,13.8313561643836,1561.89,1482.66333333333,13.5803264840183
"490","robinson2",2019,125,0.44105,13.8313561643836,1561.89,1482.66333333333,13.5803264840183
"491","robinson2",2019,126,0.44081,13.8313561643836,1561.89,1482.66333333333,13.5803264840183
"492","robinson2",2019,127,0.44047,13.8313561643836,1561.89,1482.66333333333,13.5803264840183
"493","robinson2",2019,128,0.44019,13.8313561643836,1561.89,1482.66333333333,13.5803264840183
"494","robinson2",2019,129,0.43981,13.8313561643836,1561.89,1482.66333333333,13.5803264840183
"495","robinson2",2019,130,0.43912,13.8313561643836,1561.89,1482.66333333333,13.5803264840183
"496","robinson2",2019,131,0.43823,13.8313561643836,1561.89,1482.66333333333,13.5803264840183
"497","robinson2",2019,132,0.43723,13.8313561643836,1561.89,1482.66333333333,13.5803264840183
"498","robinson2",2019,133,0.43622,13.8313561643836,1561.89,1482.66333333333,13.5803264840183
"499","robinson2",2019,134,0.4353,13.8313561643836,1561.89,1482.66333333333,13.5803264840183
"500","robinson2",2019,135,0.43435,13.8313561643836,1561.89,1482.66333333333,13.5803264840183
"501","robinson2",2019,136,0.43325,13.8313561643836,1561.89,1482.66333333333,13.5803264840183
"502","robinson2",2019,137,0.43207,13.8313561643836,1561.89,1482.66333333333,13.5803264840183
"503","robinson2",2019,138,0.43087,13.8313561643836,1561.89,1482.66333333333,13.5803264840183
"504","robinson2",2019,139,0.42972,13.8313561643836,1561.89,1482.66333333333,13.5803264840183
"505","robinson2",2019,140,0.4287,13.8313561643836,1561.89,1482.66333333333,13.5803264840183
"506","robinson2",2019,141,0.42774,13.8313561643836,1561.89,1482.66333333333,13.5803264840183
"507","robinson2",2019,142,0.42677,13.8313561643836,1561.89,1482.66333333333,13.5803264840183
"508","robinson2",2019,143,0.42582,13.8313561643836,1561.89,1482.66333333333,13.5803264840183
"509","robinson2",2019,144,0.42493,13.8313561643836,1561.89,1482.66333333333,13.5803264840183
"510","robinson2",2019,145,0.42413,13.8313561643836,1561.89,1482.66333333333,13.5803264840183
"511","robinson2",2019,146,0.42345,13.8313561643836,1561.89,1482.66333333333,13.5803264840183
"512","robinson2",2019,147,0.42287,13.8313561643836,1561.89,1482.66333333333,13.5803264840183
"513","robinson2",2019,148,0.42234,13.8313561643836,1561.89,1482.66333333333,13.5803264840183
"514","robinson2",2019,149,0.4219,13.8313561643836,1561.89,1482.66333333333,13.5803264840183
"515","robinson2",2019,150,0.42157,13.8313561643836,1561.89,1482.66333333333,13.5803264840183
"516","robinson2",2019,151,0.42152,13.8313561643836,1561.89,1482.66333333333,13.5803264840183
"517","robinson2",2019,152,0.42168,13.8313561643836,1561.89,1482.66333333333,13.5803264840183
"518","robinson2",2019,153,0.42171,13.8313561643836,1561.89,1482.66333333333,13.5803264840183
"519","robinson2",2019,154,0.42163,13.8313561643836,1561.89,1482.66333333333,13.5803264840183
"520","robinson2",2019,155,0.42161,13.8313561643836,1561.89,1482.66333333333,13.5803264840183
"521","robinson2",2019,156,0.42162,13.8313561643836,1561.89,1482.66333333333,13.5803264840183
"522","robinson2",2019,157,0.42161,13.8313561643836,1561.89,1482.66333333333,13.5803264840183
"523","robinson2",2019,158,0.42155,13.8313561643836,1561.89,1482.66333333333,13.5803264840183
"524","robinson2",2019,159,0.42139,13.8313561643836,1561.89,1482.66333333333,13.5803264840183
"525","robinson2",2019,160,0.42115,13.8313561643836,1561.89,1482.66333333333,13.5803264840183
"526","robinson2",2019,161,0.42089,13.8313561643836,1561.89,1482.66333333333,13.5803264840183
"527","robinson2",2019,162,0.4206,13.8313561643836,1561.89,1482.66333333333,13.5803264840183
"528","robinson2",2019,163,0.4203,13.8313561643836,1561.89,1482.66333333333,13.5803264840183
"529","robinson2",2019,164,0.41999,13.8313561643836,1561.89,1482.66333333333,13.5803264840183
"530","robinson2",2019,165,0.4197,13.8313561643836,1561.89,1482.66333333333,13.5803264840183
"531","robinson2",2019,166,0.4194,13.8313561643836,1561.89,1482.66333333333,13.5803264840183
"532","robinson2",2019,167,0.4191,13.8313561643836,1561.89,1482.66333333333,13.5803264840183
"533","robinson2",2019,168,0.41878,13.8313561643836,1561.89,1482.66333333333,13.5803264840183
"534","robinson2",2019,169,0.41843,13.8313561643836,1561.89,1482.66333333333,13.5803264840183
"535","robinson2",2019,170,0.41804,13.8313561643836,1561.89,1482.66333333333,13.5803264840183
"536","robinson2",2019,171,0.41761,13.8313561643836,1561.89,1482.66333333333,13.5803264840183
"537","robinson2",2019,172,0.41711,13.8313561643836,1561.89,1482.66333333333,13.5803264840183
"538","robinson2",2019,173,0.41655,13.8313561643836,1561.89,1482.66333333333,13.5803264840183
"539","robinson2",2019,174,0.41594,13.8313561643836,1561.89,1482.66333333333,13.5803264840183
"540","robinson2",2019,175,0.41531,13.8313561643836,1561.89,1482.66333333333,13.5803264840183
"541","robinson2",2019,176,0.4147,13.8313561643836,1561.89,1482.66333333333,13.5803264840183
"542","robinson2",2019,177,0.41413,13.8313561643836,1561.89,1482.66333333333,13.5803264840183
"543","robinson2",2019,178,0.41356,13.8313561643836,1561.89,1482.66333333333,13.5803264840183
"544","robinson2",2019,179,0.41298,13.8313561643836,1561.89,1482.66333333333,13.5803264840183
"545","robinson2",2019,180,0.41241,13.8313561643836,1561.89,1482.66333333333,13.5803264840183
"546","robinson2",2019,181,0.41188,13.8313561643836,1561.89,1482.66333333333,13.5803264840183
"547","robinson2",2019,182,0.41142,13.8313561643836,1561.89,1482.66333333333,13.5803264840183
"548","robinson2",2019,183,0.41106,13.8313561643836,1561.89,1482.66333333333,13.5803264840183
"549","robinson2",2019,184,0.41081,13.8313561643836,1561.89,1482.66333333333,13.5803264840183
"550","robinson2",2019,185,0.41063,13.8313561643836,1561.89,1482.66333333333,13.5803264840183
"551","robinson2",2019,186,0.4105,13.8313561643836,1561.89,1482.66333333333,13.5803264840183
"552","robinson2",2019,187,0.4104,13.8313561643836,1561.89,1482.66333333333,13.5803264840183
"553","robinson2",2019,188,0.41029,13.8313561643836,1561.89,1482.66333333333,13.5803264840183
"554","robinson2",2019,189,0.41016,13.8313561643836,1561.89,1482.66333333333,13.5803264840183
"555","robinson2",2019,190,0.41004,13.8313561643836,1561.89,1482.66333333333,13.5803264840183
"556","robinson2",2019,191,0.40997,13.8313561643836,1561.89,1482.66333333333,13.5803264840183
"557","robinson2",2019,192,0.40992,13.8313561643836,1561.89,1482.66333333333,13.5803264840183
"558","robinson2",2019,193,0.40991,13.8313561643836,1561.89,1482.66333333333,13.5803264840183
"559","robinson2",2019,194,0.4099,13.8313561643836,1561.89,1482.66333333333,13.5803264840183
"560","robinson2",2019,195,0.40989,13.8313561643836,1561.89,1482.66333333333,13.5803264840183
"561","robinson2",2019,196,0.40992,13.8313561643836,1561.89,1482.66333333333,13.5803264840183
"562","robinson2",2019,197,0.40998,13.8313561643836,1561.89,1482.66333333333,13.5803264840183
"563","robinson2",2019,198,0.41006,13.8313561643836,1561.89,1482.66333333333,13.5803264840183
"564","robinson2",2019,199,0.41011,13.8313561643836,1561.89,1482.66333333333,13.5803264840183
"565","robinson2",2019,200,0.4101,13.8313561643836,1561.89,1482.66333333333,13.5803264840183
"566","robinson2",2019,201,0.41,13.8313561643836,1561.89,1482.66333333333,13.5803264840183
"567","robinson2",2019,202,0.40977,13.8313561643836,1561.89,1482.66333333333,13.5803264840183
"568","robinson2",2019,203,0.40943,13.8313561643836,1561.89,1482.66333333333,13.5803264840183
"569","robinson2",2019,204,0.40904,13.8313561643836,1561.89,1482.66333333333,13.5803264840183
"570","robinson2",2019,205,0.40864,13.8313561643836,1561.89,1482.66333333333,13.5803264840183
"571","robinson2",2019,206,0.40827,13.8313561643836,1561.89,1482.66333333333,13.5803264840183
"572","robinson2",2019,207,0.40798,13.8313561643836,1561.89,1482.66333333333,13.5803264840183
"573","robinson2",2019,208,0.40773,13.8313561643836,1561.89,1482.66333333333,13.5803264840183
"574","robinson2",2019,209,0.40745,13.8313561643836,1561.89,1482.66333333333,13.5803264840183
"575","robinson2",2019,210,0.40717,13.8313561643836,1561.89,1482.66333333333,13.5803264840183
"576","robinson2",2019,211,0.40694,13.8313561643836,1561.89,1482.66333333333,13.5803264840183
"577","robinson2",2019,212,0.40679,13.8313561643836,1561.89,1482.66333333333,13.5803264840183
"578","robinson2",2019,213,0.40675,13.8313561643836,1561.89,1482.66333333333,13.5803264840183
"579","robinson2",2019,214,0.40691,13.8313561643836,1561.89,1482.66333333333,13.5803264840183
"580","robinson2",2019,215,0.40727,13.8313561643836,1561.89,1482.66333333333,13.5803264840183
"581","robinson2",2019,216,0.40774,13.8313561643836,1561.89,1482.66333333333,13.5803264840183
"582","robinson2",2019,217,0.40823,13.8313561643836,1561.89,1482.66333333333,13.5803264840183
"583","robinson2",2019,218,0.40864,13.8313561643836,1561.89,1482.66333333333,13.5803264840183
"584","robinson2",2019,219,0.4089,13.8313561643836,1561.89,1482.66333333333,13.5803264840183
"585","robinson2",2019,220,0.409,13.8313561643836,1561.89,1482.66333333333,13.5803264840183
"586","robinson2",2019,221,0.40906,13.8313561643836,1561.89,1482.66333333333,13.5803264840183
"587","robinson2",2019,222,0.40906,13.8313561643836,1561.89,1482.66333333333,13.5803264840183
"588","robinson2",2019,223,0.40904,13.8313561643836,1561.89,1482.66333333333,13.5803264840183
"589","robinson2",2019,224,0.40899,13.8313561643836,1561.89,1482.66333333333,13.5803264840183
"590","robinson2",2019,225,0.40894,13.8313561643836,1561.89,1482.66333333333,13.5803264840183
"591","robinson2",2019,226,0.40886,13.8313561643836,1561.89,1482.66333333333,13.5803264840183
"592","robinson2",2019,227,0.40874,13.8313561643836,1561.89,1482.66333333333,13.5803264840183
"593","robinson2",2019,228,0.40859,13.8313561643836,1561.89,1482.66333333333,13.5803264840183
"594","robinson2",2019,229,0.40842,13.8313561643836,1561.89,1482.66333333333,13.5803264840183
"595","robinson2",2019,230,0.40824,13.8313561643836,1561.89,1482.66333333333,13.5803264840183
"596","robinson2",2019,231,0.40804,13.8313561643836,1561.89,1482.66333333333,13.5803264840183
"597","robinson2",2019,232,0.40786,13.8313561643836,1561.89,1482.66333333333,13.5803264840183
"598","robinson2",2019,233,0.40768,13.8313561643836,1561.89,1482.66333333333,13.5803264840183
"599","robinson2",2019,234,0.40752,13.8313561643836,1561.89,1482.66333333333,13.5803264840183
"600","robinson2",2019,235,0.40734,13.8313561643836,1561.89,1482.66333333333,13.5803264840183
"601","robinson2",2019,236,0.40716,13.8313561643836,1561.89,1482.66333333333,13.5803264840183
"602","robinson2",2019,237,0.40695,13.8313561643836,1561.89,1482.66333333333,13.5803264840183
"603","robinson2",2019,238,0.40669,13.8313561643836,1561.89,1482.66333333333,13.5803264840183
"604","robinson2",2019,239,0.40638,13.8313561643836,1561.89,1482.66333333333,13.5803264840183
"605","robinson2",2019,240,0.40602,13.8313561643836,1561.89,1482.66333333333,13.5803264840183
"606","robinson2",2019,241,0.40565,13.8313561643836,1561.89,1482.66333333333,13.5803264840183
"607","robinson2",2019,242,0.40529,13.8313561643836,1561.89,1482.66333333333,13.5803264840183
"608","robinson2",2019,243,0.40495,13.8313561643836,1561.89,1482.66333333333,13.5803264840183
"609","robinson2",2019,244,0.40465,13.8313561643836,1561.89,1482.66333333333,13.5803264840183
"610","robinson2",2019,245,0.40438,13.8313561643836,1561.89,1482.66333333333,13.5803264840183
"611","robinson2",2019,246,0.4041,13.8313561643836,1561.89,1482.66333333333,13.5803264840183
"612","robinson2",2019,247,0.40381,13.8313561643836,1561.89,1482.66333333333,13.5803264840183
"613","robinson2",2019,248,0.40357,13.8313561643836,1561.89,1482.66333333333,13.5803264840183
"614","robinson2",2019,249,0.4034,13.8313561643836,1561.89,1482.66333333333,13.5803264840183
"615","robinson2",2019,250,0.40315,13.8313561643836,1561.89,1482.66333333333,13.5803264840183
"616","robinson2",2019,251,0.40276,13.8313561643836,1561.89,1482.66333333333,13.5803264840183
"617","robinson2",2019,252,0.4023,13.8313561643836,1561.89,1482.66333333333,13.5803264840183
"618","robinson2",2019,253,0.40179,13.8313561643836,1561.89,1482.66333333333,13.5803264840183
"619","robinson2",2019,254,0.40125,13.8313561643836,1561.89,1482.66333333333,13.5803264840183
"620","robinson2",2019,255,0.40071,13.8313561643836,1561.89,1482.66333333333,13.5803264840183
"621","robinson2",2019,256,0.4002,13.8313561643836,1561.89,1482.66333333333,13.5803264840183
"622","robinson2",2019,257,0.39968,13.8313561643836,1561.89,1482.66333333333,13.5803264840183
"623","robinson2",2019,258,0.39913,13.8313561643836,1561.89,1482.66333333333,13.5803264840183
"624","robinson2",2019,259,0.39857,13.8313561643836,1561.89,1482.66333333333,13.5803264840183
"625","robinson2",2019,260,0.39805,13.8313561643836,1561.89,1482.66333333333,13.5803264840183
"626","robinson2",2019,261,0.39759,13.8313561643836,1561.89,1482.66333333333,13.5803264840183
"627","robinson2",2019,262,0.39724,13.8313561643836,1561.89,1482.66333333333,13.5803264840183
"628","robinson2",2019,263,0.397,13.8313561643836,1561.89,1482.66333333333,13.5803264840183
"629","robinson2",2019,264,0.39682,13.8313561643836,1561.89,1482.66333333333,13.5803264840183
"630","robinson2",2019,265,0.39668,13.8313561643836,1561.89,1482.66333333333,13.5803264840183
"631","robinson2",2019,266,0.39655,13.8313561643836,1561.89,1482.66333333333,13.5803264840183
"632","robinson2",2019,267,0.39639,13.8313561643836,1561.89,1482.66333333333,13.5803264840183
"633","robinson2",2019,268,0.39619,13.8313561643836,1561.89,1482.66333333333,13.5803264840183
"634","robinson2",2019,269,0.39596,13.8313561643836,1561.89,1482.66333333333,13.5803264840183
"635","robinson2",2019,270,0.39577,13.8313561643836,1561.89,1482.66333333333,13.5803264840183
"636","robinson2",2019,271,0.39561,13.8313561643836,1561.89,1482.66333333333,13.5803264840183
"637","robinson2",2019,272,0.39548,13.8313561643836,1561.89,1482.66333333333,13.5803264840183
"638","robinson2",2019,273,0.39537,13.8313561643836,1561.89,1482.66333333333,13.5803264840183
"639","robinson2",2019,274,0.39528,13.8313561643836,1561.89,1482.66333333333,13.5803264840183
"640","robinson2",2019,275,0.39526,13.8313561643836,1561.89,1482.66333333333,13.5803264840183
"641","robinson2",2019,276,0.39532,13.8313561643836,1561.89,1482.66333333333,13.5803264840183
"642","robinson2",2019,277,0.3954,13.8313561643836,1561.89,1482.66333333333,13.5803264840183
"643","robinson2",2019,278,0.39543,13.8313561643836,1561.89,1482.66333333333,13.5803264840183
"644","robinson2",2019,279,0.39534,13.8313561643836,1561.89,1482.66333333333,13.5803264840183
"645","robinson2",2019,280,0.39507,13.8313561643836,1561.89,1482.66333333333,13.5803264840183
"646","robinson2",2019,281,0.39468,13.8313561643836,1561.89,1482.66333333333,13.5803264840183
"647","robinson2",2019,282,0.39423,13.8313561643836,1561.89,1482.66333333333,13.5803264840183
"648","robinson2",2019,283,0.39373,13.8313561643836,1561.89,1482.66333333333,13.5803264840183
"649","robinson2",2019,284,0.39313,13.8313561643836,1561.89,1482.66333333333,13.5803264840183
"650","robinson2",2019,285,0.39242,13.8313561643836,1561.89,1482.66333333333,13.5803264840183
"651","robinson2",2019,286,0.39157,13.8313561643836,1561.89,1482.66333333333,13.5803264840183
"652","robinson2",2019,287,0.39048,13.8313561643836,1561.89,1482.66333333333,13.5803264840183
"653","robinson2",2019,288,0.38913,13.8313561643836,1561.89,1482.66333333333,13.5803264840183
"654","robinson2",2019,289,0.38765,13.8313561643836,1561.89,1482.66333333333,13.5803264840183
"655","robinson2",2019,290,0.38613,13.8313561643836,1561.89,1482.66333333333,13.5803264840183
"656","robinson2",2019,291,0.38469,13.8313561643836,1561.89,1482.66333333333,13.5803264840183
"657","robinson2",2019,292,0.38343,13.8313561643836,1561.89,1482.66333333333,13.5803264840183
"658","robinson2",2019,293,0.38238,13.8313561643836,1561.89,1482.66333333333,13.5803264840183
"659","robinson2",2019,294,0.38141,13.8313561643836,1561.89,1482.66333333333,13.5803264840183
"660","robinson2",2019,295,0.38049,13.8313561643836,1561.89,1482.66333333333,13.5803264840183
"661","robinson2",2019,296,0.37955,13.8313561643836,1561.89,1482.66333333333,13.5803264840183
"662","robinson2",2019,297,0.37854,13.8313561643836,1561.89,1482.66333333333,13.5803264840183
"663","robinson2",2019,298,0.37741,13.8313561643836,1561.89,1482.66333333333,13.5803264840183
"664","robinson2",2019,299,0.37621,13.8313561643836,1561.89,1482.66333333333,13.5803264840183
"665","robinson2",2019,300,0.37501,13.8313561643836,1561.89,1482.66333333333,13.5803264840183
"666","robinson2",2019,301,0.3738,13.8313561643836,1561.89,1482.66333333333,13.5803264840183
"667","robinson2",2019,302,0.37254,13.8313561643836,1561.89,1482.66333333333,13.5803264840183
"668","robinson2",2019,303,0.37122,13.8313561643836,1561.89,1482.66333333333,13.5803264840183
"669","robinson2",2019,304,0.36982,13.8313561643836,1561.89,1482.66333333333,13.5803264840183
"670","robinson2",2019,305,0.36829,13.8313561643836,1561.89,1482.66333333333,13.5803264840183
"671","robinson2",2019,306,0.36661,13.8313561643836,1561.89,1482.66333333333,13.5803264840183
"672","robinson2",2019,307,0.36483,13.8313561643836,1561.89,1482.66333333333,13.5803264840183
"673","robinson2",2019,308,0.363,13.8313561643836,1561.89,1482.66333333333,13.5803264840183
"674","robinson2",2019,309,0.36117,13.8313561643836,1561.89,1482.66333333333,13.5803264840183
"675","robinson2",2019,310,0.35938,13.8313561643836,1561.89,1482.66333333333,13.5803264840183
"676","robinson2",2019,311,0.3575,13.8313561643836,1561.89,1482.66333333333,13.5803264840183
"677","robinson2",2019,312,0.35547,13.8313561643836,1561.89,1482.66333333333,13.5803264840183
"678","robinson2",2019,313,0.35338,13.8313561643836,1561.89,1482.66333333333,13.5803264840183
"679","robinson2",2019,314,0.35134,13.8313561643836,1561.89,1482.66333333333,13.5803264840183
"680","robinson2",2019,315,0.34947,13.8313561643836,1561.89,1482.66333333333,13.5803264840183
"681","robinson2",2019,316,0.34787,13.8313561643836,1561.89,1482.66333333333,13.5803264840183
"682","robinson2",2019,317,0.34643,13.8313561643836,1561.89,1482.66333333333,13.5803264840183
"683","robinson2",2019,318,0.34504,13.8313561643836,1561.89,1482.66333333333,13.5803264840183
"684","robinson2",2019,319,0.34374,13.8313561643836,1561.89,1482.66333333333,13.5803264840183
"685","robinson2",2019,320,0.3426,13.8313561643836,1561.89,1482.66333333333,13.5803264840183
"686","robinson2",2019,321,0.34166,13.8313561643836,1561.89,1482.66333333333,13.5803264840183
"687","robinson2",2019,322,0.34099,13.8313561643836,1561.89,1482.66333333333,13.5803264840183
"688","robinson2",2019,323,0.34064,13.8313561643836,1561.89,1482.66333333333,13.5803264840183
"689","robinson2",2019,324,0.3406,13.8313561643836,1561.89,1482.66333333333,13.5803264840183
"690","robinson2",2019,325,0.34078,13.8313561643836,1561.89,1482.66333333333,13.5803264840183
"691","robinson2",2019,326,0.34112,13.8313561643836,1561.89,1482.66333333333,13.5803264840183
"692","robinson2",2019,327,0.34154,13.8313561643836,1561.89,1482.66333333333,13.5803264840183
"693","robinson2",2019,328,0.34197,13.8313561643836,1561.89,1482.66333333333,13.5803264840183
"694","robinson2",2019,329,0.34252,13.8313561643836,1561.89,1482.66333333333,13.5803264840183
"695","robinson2",2019,330,0.34331,13.8313561643836,1561.89,1482.66333333333,13.5803264840183
"696","robinson2",2019,331,0.34422,13.8313561643836,1561.89,1482.66333333333,13.5803264840183
"697","robinson2",2019,332,0.34517,13.8313561643836,1561.89,1482.66333333333,13.5803264840183
"698","robinson2",2019,333,0.34604,13.8313561643836,1561.89,1482.66333333333,13.5803264840183
"699","robinson2",2019,334,0.34674,13.8313561643836,1561.89,1482.66333333333,13.5803264840183
"700","robinson2",2019,335,0.34733,13.8313561643836,1561.89,1482.66333333333,13.5803264840183
"701","robinson2",2019,336,0.34793,13.8313561643836,1561.89,1482.66333333333,13.5803264840183
"702","robinson2",2019,337,0.34852,13.8313561643836,1561.89,1482.66333333333,13.5803264840183
"703","robinson2",2019,338,0.34906,13.8313561643836,1561.89,1482.66333333333,13.5803264840183
"704","robinson2",2019,339,0.34953,13.8313561643836,1561.89,1482.66333333333,13.5803264840183
"705","robinson2",2019,340,0.3499,13.8313561643836,1561.89,1482.66333333333,13.5803264840183
"706","robinson2",2019,341,0.35014,13.8313561643836,1561.89,1482.66333333333,13.5803264840183
"707","robinson2",2019,342,0.35026,13.8313561643836,1561.89,1482.66333333333,13.5803264840183
"708","robinson2",2019,343,0.3503,13.8313561643836,1561.89,1482.66333333333,13.5803264840183
"709","robinson2",2019,344,0.35031,13.8313561643836,1561.89,1482.66333333333,13.5803264840183
"710","robinson2",2019,345,0.35031,13.8313561643836,1561.89,1482.66333333333,13.5803264840183
"711","robinson2",2019,346,0.35036,13.8313561643836,1561.89,1482.66333333333,13.5803264840183
"712","robinson2",2019,347,0.35041,13.8313561643836,1561.89,1482.66333333333,13.5803264840183
"713","robinson2",2019,348,0.35042,13.8313561643836,1561.89,1482.66333333333,13.5803264840183
"714","robinson2",2019,349,0.3504,13.8313561643836,1561.89,1482.66333333333,13.5803264840183
"715","robinson2",2019,350,0.35039,13.8313561643836,1561.89,1482.66333333333,13.5803264840183
"716","robinson2",2019,351,0.35039,13.8313561643836,1561.89,1482.66333333333,13.5803264840183
"717","robinson2",2019,352,0.35045,13.8313561643836,1561.89,1482.66333333333,13.5803264840183
"718","robinson2",2019,353,0.35057,13.8313561643836,1561.89,1482.66333333333,13.5803264840183
"719","robinson2",2019,354,0.35075,13.8313561643836,1561.89,1482.66333333333,13.5803264840183
"720","robinson2",2019,355,0.35094,13.8313561643836,1561.89,1482.66333333333,13.5803264840183
"721","robinson2",2019,356,0.35113,13.8313561643836,1561.89,1482.66333333333,13.5803264840183
"722","robinson2",2019,357,0.35129,13.8313561643836,1561.89,1482.66333333333,13.5803264840183
"723","robinson2",2019,358,0.3514,13.8313561643836,1561.89,1482.66333333333,13.5803264840183
"724","robinson2",2019,359,0.35146,13.8313561643836,1561.89,1482.66333333333,13.5803264840183
"725","robinson2",2019,360,0.3515,13.8313561643836,1561.89,1482.66333333333,13.5803264840183
"726","robinson2",2019,361,0.35152,13.8313561643836,1561.89,1482.66333333333,13.5803264840183
"727","robinson2",2019,362,0.35152,13.8313561643836,1561.89,1482.66333333333,13.5803264840183
"728","robinson2",2019,363,0.35151,13.8313561643836,1561.89,1482.66333333333,13.5803264840183
"729","robinson2",2019,364,0.35149,13.8313561643836,1561.89,1482.66333333333,13.5803264840183
"730","robinson2",2019,365,0.35141,13.8313561643836,1561.89,1482.66333333333,13.5803264840183
"731","robinson2",2020,1,0.35128,13.6242191780822,1637.75,1482.66333333333,13.5803264840183
"732","robinson2",2020,2,0.35111,13.6242191780822,1637.75,1482.66333333333,13.5803264840183
"733","robinson2",2020,3,0.35095,13.6242191780822,1637.75,1482.66333333333,13.5803264840183
"734","robinson2",2020,4,0.35084,13.6242191780822,1637.75,1482.66333333333,13.5803264840183
"735","robinson2",2020,5,0.35082,13.6242191780822,1637.75,1482.66333333333,13.5803264840183
"736","robinson2",2020,6,0.35092,13.6242191780822,1637.75,1482.66333333333,13.5803264840183
"737","robinson2",2020,7,0.35114,13.6242191780822,1637.75,1482.66333333333,13.5803264840183
"738","robinson2",2020,8,0.3514,13.6242191780822,1637.75,1482.66333333333,13.5803264840183
"739","robinson2",2020,9,0.35166,13.6242191780822,1637.75,1482.66333333333,13.5803264840183
"740","robinson2",2020,10,0.35185,13.6242191780822,1637.75,1482.66333333333,13.5803264840183
"741","robinson2",2020,11,0.35192,13.6242191780822,1637.75,1482.66333333333,13.5803264840183
"742","robinson2",2020,12,0.35186,13.6242191780822,1637.75,1482.66333333333,13.5803264840183
"743","robinson2",2020,13,0.35174,13.6242191780822,1637.75,1482.66333333333,13.5803264840183
"744","robinson2",2020,14,0.35158,13.6242191780822,1637.75,1482.66333333333,13.5803264840183
"745","robinson2",2020,15,0.35139,13.6242191780822,1637.75,1482.66333333333,13.5803264840183
"746","robinson2",2020,16,0.35121,13.6242191780822,1637.75,1482.66333333333,13.5803264840183
"747","robinson2",2020,17,0.35106,13.6242191780822,1637.75,1482.66333333333,13.5803264840183
"748","robinson2",2020,18,0.35087,13.6242191780822,1637.75,1482.66333333333,13.5803264840183
"749","robinson2",2020,19,0.35061,13.6242191780822,1637.75,1482.66333333333,13.5803264840183
"750","robinson2",2020,20,0.35032,13.6242191780822,1637.75,1482.66333333333,13.5803264840183
"751","robinson2",2020,21,0.35004,13.6242191780822,1637.75,1482.66333333333,13.5803264840183
"752","robinson2",2020,22,0.34981,13.6242191780822,1637.75,1482.66333333333,13.5803264840183
"753","robinson2",2020,23,0.34967,13.6242191780822,1637.75,1482.66333333333,13.5803264840183
"754","robinson2",2020,24,0.34963,13.6242191780822,1637.75,1482.66333333333,13.5803264840183
"755","robinson2",2020,25,0.34966,13.6242191780822,1637.75,1482.66333333333,13.5803264840183
"756","robinson2",2020,26,0.34975,13.6242191780822,1637.75,1482.66333333333,13.5803264840183
"757","robinson2",2020,27,0.34987,13.6242191780822,1637.75,1482.66333333333,13.5803264840183
"758","robinson2",2020,28,0.35001,13.6242191780822,1637.75,1482.66333333333,13.5803264840183
"759","robinson2",2020,29,0.35015,13.6242191780822,1637.75,1482.66333333333,13.5803264840183
"760","robinson2",2020,30,0.35032,13.6242191780822,1637.75,1482.66333333333,13.5803264840183
"761","robinson2",2020,31,0.35054,13.6242191780822,1637.75,1482.66333333333,13.5803264840183
"762","robinson2",2020,32,0.35078,13.6242191780822,1637.75,1482.66333333333,13.5803264840183
"763","robinson2",2020,33,0.35103,13.6242191780822,1637.75,1482.66333333333,13.5803264840183
"764","robinson2",2020,34,0.35125,13.6242191780822,1637.75,1482.66333333333,13.5803264840183
"765","robinson2",2020,35,0.35142,13.6242191780822,1637.75,1482.66333333333,13.5803264840183
"766","robinson2",2020,36,0.35156,13.6242191780822,1637.75,1482.66333333333,13.5803264840183
"767","robinson2",2020,37,0.35171,13.6242191780822,1637.75,1482.66333333333,13.5803264840183
"768","robinson2",2020,38,0.35185,13.6242191780822,1637.75,1482.66333333333,13.5803264840183
"769","robinson2",2020,39,0.35196,13.6242191780822,1637.75,1482.66333333333,13.5803264840183
"770","robinson2",2020,40,0.35205,13.6242191780822,1637.75,1482.66333333333,13.5803264840183
"771","robinson2",2020,41,0.35208,13.6242191780822,1637.75,1482.66333333333,13.5803264840183
"772","robinson2",2020,42,0.35204,13.6242191780822,1637.75,1482.66333333333,13.5803264840183
"773","robinson2",2020,43,0.35194,13.6242191780822,1637.75,1482.66333333333,13.5803264840183
"774","robinson2",2020,44,0.3518,13.6242191780822,1637.75,1482.66333333333,13.5803264840183
"775","robinson2",2020,45,0.35165,13.6242191780822,1637.75,1482.66333333333,13.5803264840183
"776","robinson2",2020,46,0.35151,13.6242191780822,1637.75,1482.66333333333,13.5803264840183
"777","robinson2",2020,47,0.35141,13.6242191780822,1637.75,1482.66333333333,13.5803264840183
"778","robinson2",2020,48,0.35132,13.6242191780822,1637.75,1482.66333333333,13.5803264840183
"779","robinson2",2020,49,0.35121,13.6242191780822,1637.75,1482.66333333333,13.5803264840183
"780","robinson2",2020,50,0.35109,13.6242191780822,1637.75,1482.66333333333,13.5803264840183
"781","robinson2",2020,51,0.35098,13.6242191780822,1637.75,1482.66333333333,13.5803264840183
"782","robinson2",2020,52,0.3509,13.6242191780822,1637.75,1482.66333333333,13.5803264840183
"783","robinson2",2020,53,0.35087,13.6242191780822,1637.75,1482.66333333333,13.5803264840183
"784","robinson2",2020,54,0.35088,13.6242191780822,1637.75,1482.66333333333,13.5803264840183
"785","robinson2",2020,55,0.35092,13.6242191780822,1637.75,1482.66333333333,13.5803264840183
"786","robinson2",2020,56,0.35098,13.6242191780822,1637.75,1482.66333333333,13.5803264840183
"787","robinson2",2020,57,0.35105,13.6242191780822,1637.75,1482.66333333333,13.5803264840183
"788","robinson2",2020,58,0.35112,13.6242191780822,1637.75,1482.66333333333,13.5803264840183
"789","robinson2",2020,59,0.35118,13.6242191780822,1637.75,1482.66333333333,13.5803264840183
"790","robinson2",2020,60,0.35125,13.6242191780822,1637.75,1482.66333333333,13.5803264840183
"791","robinson2",2020,61,0.35135,13.6242191780822,1637.75,1482.66333333333,13.5803264840183
"792","robinson2",2020,62,0.35145,13.6242191780822,1637.75,1482.66333333333,13.5803264840183
"793","robinson2",2020,63,0.35156,13.6242191780822,1637.75,1482.66333333333,13.5803264840183
"794","robinson2",2020,64,0.35165,13.6242191780822,1637.75,1482.66333333333,13.5803264840183
"795","robinson2",2020,65,0.35171,13.6242191780822,1637.75,1482.66333333333,13.5803264840183
"796","robinson2",2020,66,0.35172,13.6242191780822,1637.75,1482.66333333333,13.5803264840183
"797","robinson2",2020,67,0.35168,13.6242191780822,1637.75,1482.66333333333,13.5803264840183
"798","robinson2",2020,68,0.35163,13.6242191780822,1637.75,1482.66333333333,13.5803264840183
"799","robinson2",2020,69,0.35159,13.6242191780822,1637.75,1482.66333333333,13.5803264840183
"800","robinson2",2020,70,0.35158,13.6242191780822,1637.75,1482.66333333333,13.5803264840183
"801","robinson2",2020,71,0.35162,13.6242191780822,1637.75,1482.66333333333,13.5803264840183
"802","robinson2",2020,72,0.35173,13.6242191780822,1637.75,1482.66333333333,13.5803264840183
"803","robinson2",2020,73,0.35188,13.6242191780822,1637.75,1482.66333333333,13.5803264840183
"804","robinson2",2020,74,0.35204,13.6242191780822,1637.75,1482.66333333333,13.5803264840183
"805","robinson2",2020,75,0.35219,13.6242191780822,1637.75,1482.66333333333,13.5803264840183
"806","robinson2",2020,76,0.3523,13.6242191780822,1637.75,1482.66333333333,13.5803264840183
"807","robinson2",2020,77,0.35239,13.6242191780822,1637.75,1482.66333333333,13.5803264840183
"808","robinson2",2020,78,0.35253,13.6242191780822,1637.75,1482.66333333333,13.5803264840183
"809","robinson2",2020,79,0.35273,13.6242191780822,1637.75,1482.66333333333,13.5803264840183
"810","robinson2",2020,80,0.35294,13.6242191780822,1637.75,1482.66333333333,13.5803264840183
"811","robinson2",2020,81,0.35318,13.6242191780822,1637.75,1482.66333333333,13.5803264840183
"812","robinson2",2020,82,0.35344,13.6242191780822,1637.75,1482.66333333333,13.5803264840183
"813","robinson2",2020,83,0.35372,13.6242191780822,1637.75,1482.66333333333,13.5803264840183
"814","robinson2",2020,84,0.35405,13.6242191780822,1637.75,1482.66333333333,13.5803264840183
"815","robinson2",2020,85,0.35431,13.6242191780822,1637.75,1482.66333333333,13.5803264840183
"816","robinson2",2020,86,0.35449,13.6242191780822,1637.75,1482.66333333333,13.5803264840183
"817","robinson2",2020,87,0.35467,13.6242191780822,1637.75,1482.66333333333,13.5803264840183
"818","robinson2",2020,88,0.35494,13.6242191780822,1637.75,1482.66333333333,13.5803264840183
"819","robinson2",2020,89,0.35539,13.6242191780822,1637.75,1482.66333333333,13.5803264840183
"820","robinson2",2020,90,0.35609,13.6242191780822,1637.75,1482.66333333333,13.5803264840183
"821","robinson2",2020,91,0.35711,13.6242191780822,1637.75,1482.66333333333,13.5803264840183
"822","robinson2",2020,92,0.35839,13.6242191780822,1637.75,1482.66333333333,13.5803264840183
"823","robinson2",2020,93,0.35985,13.6242191780822,1637.75,1482.66333333333,13.5803264840183
"824","robinson2",2020,94,0.36138,13.6242191780822,1637.75,1482.66333333333,13.5803264840183
"825","robinson2",2020,95,0.3629,13.6242191780822,1637.75,1482.66333333333,13.5803264840183
"826","robinson2",2020,96,0.3643,13.6242191780822,1637.75,1482.66333333333,13.5803264840183
"827","robinson2",2020,97,0.36572,13.6242191780822,1637.75,1482.66333333333,13.5803264840183
"828","robinson2",2020,98,0.36727,13.6242191780822,1637.75,1482.66333333333,13.5803264840183
"829","robinson2",2020,99,0.36888,13.6242191780822,1637.75,1482.66333333333,13.5803264840183
"830","robinson2",2020,100,0.37044,13.6242191780822,1637.75,1482.66333333333,13.5803264840183
"831","robinson2",2020,101,0.37188,13.6242191780822,1637.75,1482.66333333333,13.5803264840183
"832","robinson2",2020,102,0.3731,13.6242191780822,1637.75,1482.66333333333,13.5803264840183
"833","robinson2",2020,103,0.37394,13.6242191780822,1637.75,1482.66333333333,13.5803264840183
"834","robinson2",2020,104,0.37442,13.6242191780822,1637.75,1482.66333333333,13.5803264840183
"835","robinson2",2020,105,0.37473,13.6242191780822,1637.75,1482.66333333333,13.5803264840183
"836","robinson2",2020,106,0.37507,13.6242191780822,1637.75,1482.66333333333,13.5803264840183
"837","robinson2",2020,107,0.37563,13.6242191780822,1637.75,1482.66333333333,13.5803264840183
"838","robinson2",2020,108,0.37661,13.6242191780822,1637.75,1482.66333333333,13.5803264840183
"839","robinson2",2020,109,0.37789,13.6242191780822,1637.75,1482.66333333333,13.5803264840183
"840","robinson2",2020,110,0.37924,13.6242191780822,1637.75,1482.66333333333,13.5803264840183
"841","robinson2",2020,111,0.38073,13.6242191780822,1637.75,1482.66333333333,13.5803264840183
"842","robinson2",2020,112,0.3824,13.6242191780822,1637.75,1482.66333333333,13.5803264840183
"843","robinson2",2020,113,0.38431,13.6242191780822,1637.75,1482.66333333333,13.5803264840183
"844","robinson2",2020,114,0.38653,13.6242191780822,1637.75,1482.66333333333,13.5803264840183
"845","robinson2",2020,115,0.38925,13.6242191780822,1637.75,1482.66333333333,13.5803264840183
"846","robinson2",2020,116,0.39253,13.6242191780822,1637.75,1482.66333333333,13.5803264840183
"847","robinson2",2020,117,0.39613,13.6242191780822,1637.75,1482.66333333333,13.5803264840183
"848","robinson2",2020,118,0.39983,13.6242191780822,1637.75,1482.66333333333,13.5803264840183
"849","robinson2",2020,119,0.40341,13.6242191780822,1637.75,1482.66333333333,13.5803264840183
"850","robinson2",2020,120,0.40665,13.6242191780822,1637.75,1482.66333333333,13.5803264840183
"851","robinson2",2020,121,0.40974,13.6242191780822,1637.75,1482.66333333333,13.5803264840183
"852","robinson2",2020,122,0.41296,13.6242191780822,1637.75,1482.66333333333,13.5803264840183
"853","robinson2",2020,123,0.41616,13.6242191780822,1637.75,1482.66333333333,13.5803264840183
"854","robinson2",2020,124,0.41921,13.6242191780822,1637.75,1482.66333333333,13.5803264840183
"855","robinson2",2020,125,0.42198,13.6242191780822,1637.75,1482.66333333333,13.5803264840183
"856","robinson2",2020,126,0.42433,13.6242191780822,1637.75,1482.66333333333,13.5803264840183
"857","robinson2",2020,127,0.42621,13.6242191780822,1637.75,1482.66333333333,13.5803264840183
"858","robinson2",2020,128,0.4277,13.6242191780822,1637.75,1482.66333333333,13.5803264840183
"859","robinson2",2020,129,0.42894,13.6242191780822,1637.75,1482.66333333333,13.5803264840183
"860","robinson2",2020,130,0.43003,13.6242191780822,1637.75,1482.66333333333,13.5803264840183
"861","robinson2",2020,131,0.43109,13.6242191780822,1637.75,1482.66333333333,13.5803264840183
"862","robinson2",2020,132,0.43225,13.6242191780822,1637.75,1482.66333333333,13.5803264840183
"863","robinson2",2020,133,0.43352,13.6242191780822,1637.75,1482.66333333333,13.5803264840183
"864","robinson2",2020,134,0.43479,13.6242191780822,1637.75,1482.66333333333,13.5803264840183
"865","robinson2",2020,135,0.43602,13.6242191780822,1637.75,1482.66333333333,13.5803264840183
"866","robinson2",2020,136,0.43718,13.6242191780822,1637.75,1482.66333333333,13.5803264840183
"867","robinson2",2020,137,0.43824,13.6242191780822,1637.75,1482.66333333333,13.5803264840183
"868","robinson2",2020,138,0.43916,13.6242191780822,1637.75,1482.66333333333,13.5803264840183
"869","robinson2",2020,139,0.44005,13.6242191780822,1637.75,1482.66333333333,13.5803264840183
"870","robinson2",2020,140,0.44098,13.6242191780822,1637.75,1482.66333333333,13.5803264840183
"871","robinson2",2020,141,0.44182,13.6242191780822,1637.75,1482.66333333333,13.5803264840183
"872","robinson2",2020,142,0.44242,13.6242191780822,1637.75,1482.66333333333,13.5803264840183
"873","robinson2",2020,143,0.44266,13.6242191780822,1637.75,1482.66333333333,13.5803264840183
"874","robinson2",2020,144,0.4424,13.6242191780822,1637.75,1482.66333333333,13.5803264840183
"875","robinson2",2020,145,0.44144,13.6242191780822,1637.75,1482.66333333333,13.5803264840183
"876","robinson2",2020,146,0.43984,13.6242191780822,1637.75,1482.66333333333,13.5803264840183
"877","robinson2",2020,147,0.43786,13.6242191780822,1637.75,1482.66333333333,13.5803264840183
"878","robinson2",2020,148,0.43575,13.6242191780822,1637.75,1482.66333333333,13.5803264840183
"879","robinson2",2020,149,0.43377,13.6242191780822,1637.75,1482.66333333333,13.5803264840183
"880","robinson2",2020,150,0.43218,13.6242191780822,1637.75,1482.66333333333,13.5803264840183
"881","robinson2",2020,151,0.43077,13.6242191780822,1637.75,1482.66333333333,13.5803264840183
"882","robinson2",2020,152,0.42923,13.6242191780822,1637.75,1482.66333333333,13.5803264840183
"883","robinson2",2020,153,0.42767,13.6242191780822,1637.75,1482.66333333333,13.5803264840183
"884","robinson2",2020,154,0.42618,13.6242191780822,1637.75,1482.66333333333,13.5803264840183
"885","robinson2",2020,155,0.42488,13.6242191780822,1637.75,1482.66333333333,13.5803264840183
"886","robinson2",2020,156,0.42386,13.6242191780822,1637.75,1482.66333333333,13.5803264840183
"887","robinson2",2020,157,0.42321,13.6242191780822,1637.75,1482.66333333333,13.5803264840183
"888","robinson2",2020,158,0.42287,13.6242191780822,1637.75,1482.66333333333,13.5803264840183
"889","robinson2",2020,159,0.42272,13.6242191780822,1637.75,1482.66333333333,13.5803264840183
"890","robinson2",2020,160,0.42265,13.6242191780822,1637.75,1482.66333333333,13.5803264840183
"891","robinson2",2020,161,0.42256,13.6242191780822,1637.75,1482.66333333333,13.5803264840183
"892","robinson2",2020,162,0.42234,13.6242191780822,1637.75,1482.66333333333,13.5803264840183
"893","robinson2",2020,163,0.42205,13.6242191780822,1637.75,1482.66333333333,13.5803264840183
"894","robinson2",2020,164,0.42179,13.6242191780822,1637.75,1482.66333333333,13.5803264840183
"895","robinson2",2020,165,0.42155,13.6242191780822,1637.75,1482.66333333333,13.5803264840183
"896","robinson2",2020,166,0.4213,13.6242191780822,1637.75,1482.66333333333,13.5803264840183
"897","robinson2",2020,167,0.42102,13.6242191780822,1637.75,1482.66333333333,13.5803264840183
"898","robinson2",2020,168,0.42067,13.6242191780822,1637.75,1482.66333333333,13.5803264840183
"899","robinson2",2020,169,0.42025,13.6242191780822,1637.75,1482.66333333333,13.5803264840183
"900","robinson2",2020,170,0.41978,13.6242191780822,1637.75,1482.66333333333,13.5803264840183
"901","robinson2",2020,171,0.41929,13.6242191780822,1637.75,1482.66333333333,13.5803264840183
"902","robinson2",2020,172,0.4188,13.6242191780822,1637.75,1482.66333333333,13.5803264840183
"903","robinson2",2020,173,0.41832,13.6242191780822,1637.75,1482.66333333333,13.5803264840183
"904","robinson2",2020,174,0.41788,13.6242191780822,1637.75,1482.66333333333,13.5803264840183
"905","robinson2",2020,175,0.41744,13.6242191780822,1637.75,1482.66333333333,13.5803264840183
"906","robinson2",2020,176,0.41696,13.6242191780822,1637.75,1482.66333333333,13.5803264840183
"907","robinson2",2020,177,0.41648,13.6242191780822,1637.75,1482.66333333333,13.5803264840183
"908","robinson2",2020,178,0.416,13.6242191780822,1637.75,1482.66333333333,13.5803264840183
"909","robinson2",2020,179,0.41556,13.6242191780822,1637.75,1482.66333333333,13.5803264840183
"910","robinson2",2020,180,0.41517,13.6242191780822,1637.75,1482.66333333333,13.5803264840183
"911","robinson2",2020,181,0.41483,13.6242191780822,1637.75,1482.66333333333,13.5803264840183
"912","robinson2",2020,182,0.41451,13.6242191780822,1637.75,1482.66333333333,13.5803264840183
"913","robinson2",2020,183,0.41422,13.6242191780822,1637.75,1482.66333333333,13.5803264840183
"914","robinson2",2020,184,0.41397,13.6242191780822,1637.75,1482.66333333333,13.5803264840183
"915","robinson2",2020,185,0.41378,13.6242191780822,1637.75,1482.66333333333,13.5803264840183
"916","robinson2",2020,186,0.41363,13.6242191780822,1637.75,1482.66333333333,13.5803264840183
"917","robinson2",2020,187,0.41358,13.6242191780822,1637.75,1482.66333333333,13.5803264840183
"918","robinson2",2020,188,0.41363,13.6242191780822,1637.75,1482.66333333333,13.5803264840183
"919","robinson2",2020,189,0.41373,13.6242191780822,1637.75,1482.66333333333,13.5803264840183
"920","robinson2",2020,190,0.41384,13.6242191780822,1637.75,1482.66333333333,13.5803264840183
"921","robinson2",2020,191,0.41391,13.6242191780822,1637.75,1482.66333333333,13.5803264840183
"922","robinson2",2020,192,0.41389,13.6242191780822,1637.75,1482.66333333333,13.5803264840183
"923","robinson2",2020,193,0.41378,13.6242191780822,1637.75,1482.66333333333,13.5803264840183
"924","robinson2",2020,194,0.4136,13.6242191780822,1637.75,1482.66333333333,13.5803264840183
"925","robinson2",2020,195,0.41339,13.6242191780822,1637.75,1482.66333333333,13.5803264840183
"926","robinson2",2020,196,0.41318,13.6242191780822,1637.75,1482.66333333333,13.5803264840183
"927","robinson2",2020,197,0.41299,13.6242191780822,1637.75,1482.66333333333,13.5803264840183
"928","robinson2",2020,198,0.41286,13.6242191780822,1637.75,1482.66333333333,13.5803264840183
"929","robinson2",2020,199,0.41276,13.6242191780822,1637.75,1482.66333333333,13.5803264840183
"930","robinson2",2020,200,0.41266,13.6242191780822,1637.75,1482.66333333333,13.5803264840183
"931","robinson2",2020,201,0.41257,13.6242191780822,1637.75,1482.66333333333,13.5803264840183
"932","robinson2",2020,202,0.41251,13.6242191780822,1637.75,1482.66333333333,13.5803264840183
"933","robinson2",2020,203,0.41249,13.6242191780822,1637.75,1482.66333333333,13.5803264840183
"934","robinson2",2020,204,0.41253,13.6242191780822,1637.75,1482.66333333333,13.5803264840183
"935","robinson2",2020,205,0.41271,13.6242191780822,1637.75,1482.66333333333,13.5803264840183
"936","robinson2",2020,206,0.41306,13.6242191780822,1637.75,1482.66333333333,13.5803264840183
"937","robinson2",2020,207,0.41348,13.6242191780822,1637.75,1482.66333333333,13.5803264840183
"938","robinson2",2020,208,0.41389,13.6242191780822,1637.75,1482.66333333333,13.5803264840183
"939","robinson2",2020,209,0.4142,13.6242191780822,1637.75,1482.66333333333,13.5803264840183
"940","robinson2",2020,210,0.41432,13.6242191780822,1637.75,1482.66333333333,13.5803264840183
"941","robinson2",2020,211,0.41419,13.6242191780822,1637.75,1482.66333333333,13.5803264840183
"942","robinson2",2020,212,0.41387,13.6242191780822,1637.75,1482.66333333333,13.5803264840183
"943","robinson2",2020,213,0.41345,13.6242191780822,1637.75,1482.66333333333,13.5803264840183
"944","robinson2",2020,214,0.413,13.6242191780822,1637.75,1482.66333333333,13.5803264840183
"945","robinson2",2020,215,0.4126,13.6242191780822,1637.75,1482.66333333333,13.5803264840183
"946","robinson2",2020,216,0.41234,13.6242191780822,1637.75,1482.66333333333,13.5803264840183
"947","robinson2",2020,217,0.41217,13.6242191780822,1637.75,1482.66333333333,13.5803264840183
"948","robinson2",2020,218,0.41201,13.6242191780822,1637.75,1482.66333333333,13.5803264840183
"949","robinson2",2020,219,0.41187,13.6242191780822,1637.75,1482.66333333333,13.5803264840183
"950","robinson2",2020,220,0.41176,13.6242191780822,1637.75,1482.66333333333,13.5803264840183
"951","robinson2",2020,221,0.41169,13.6242191780822,1637.75,1482.66333333333,13.5803264840183
"952","robinson2",2020,222,0.41168,13.6242191780822,1637.75,1482.66333333333,13.5803264840183
"953","robinson2",2020,223,0.41179,13.6242191780822,1637.75,1482.66333333333,13.5803264840183
"954","robinson2",2020,224,0.41204,13.6242191780822,1637.75,1482.66333333333,13.5803264840183
"955","robinson2",2020,225,0.41236,13.6242191780822,1637.75,1482.66333333333,13.5803264840183
"956","robinson2",2020,226,0.41269,13.6242191780822,1637.75,1482.66333333333,13.5803264840183
"957","robinson2",2020,227,0.41299,13.6242191780822,1637.75,1482.66333333333,13.5803264840183
"958","robinson2",2020,228,0.4132,13.6242191780822,1637.75,1482.66333333333,13.5803264840183
"959","robinson2",2020,229,0.4133,13.6242191780822,1637.75,1482.66333333333,13.5803264840183
"960","robinson2",2020,230,0.41333,13.6242191780822,1637.75,1482.66333333333,13.5803264840183
"961","robinson2",2020,231,0.41333,13.6242191780822,1637.75,1482.66333333333,13.5803264840183
"962","robinson2",2020,232,0.4133,13.6242191780822,1637.75,1482.66333333333,13.5803264840183
"963","robinson2",2020,233,0.41326,13.6242191780822,1637.75,1482.66333333333,13.5803264840183
"964","robinson2",2020,234,0.41324,13.6242191780822,1637.75,1482.66333333333,13.5803264840183
"965","robinson2",2020,235,0.41328,13.6242191780822,1637.75,1482.66333333333,13.5803264840183
"966","robinson2",2020,236,0.41339,13.6242191780822,1637.75,1482.66333333333,13.5803264840183
"967","robinson2",2020,237,0.41352,13.6242191780822,1637.75,1482.66333333333,13.5803264840183
"968","robinson2",2020,238,0.41361,13.6242191780822,1637.75,1482.66333333333,13.5803264840183
"969","robinson2",2020,239,0.41362,13.6242191780822,1637.75,1482.66333333333,13.5803264840183
"970","robinson2",2020,240,0.4135,13.6242191780822,1637.75,1482.66333333333,13.5803264840183
"971","robinson2",2020,241,0.41319,13.6242191780822,1637.75,1482.66333333333,13.5803264840183
"972","robinson2",2020,242,0.41273,13.6242191780822,1637.75,1482.66333333333,13.5803264840183
"973","robinson2",2020,243,0.41219,13.6242191780822,1637.75,1482.66333333333,13.5803264840183
"974","robinson2",2020,244,0.41163,13.6242191780822,1637.75,1482.66333333333,13.5803264840183
"975","robinson2",2020,245,0.41112,13.6242191780822,1637.75,1482.66333333333,13.5803264840183
"976","robinson2",2020,246,0.41073,13.6242191780822,1637.75,1482.66333333333,13.5803264840183
"977","robinson2",2020,247,0.41042,13.6242191780822,1637.75,1482.66333333333,13.5803264840183
"978","robinson2",2020,248,0.41011,13.6242191780822,1637.75,1482.66333333333,13.5803264840183
"979","robinson2",2020,249,0.40982,13.6242191780822,1637.75,1482.66333333333,13.5803264840183
"980","robinson2",2020,250,0.40955,13.6242191780822,1637.75,1482.66333333333,13.5803264840183
"981","robinson2",2020,251,0.40932,13.6242191780822,1637.75,1482.66333333333,13.5803264840183
"982","robinson2",2020,252,0.40914,13.6242191780822,1637.75,1482.66333333333,13.5803264840183
"983","robinson2",2020,253,0.40907,13.6242191780822,1637.75,1482.66333333333,13.5803264840183
"984","robinson2",2020,254,0.40911,13.6242191780822,1637.75,1482.66333333333,13.5803264840183
"985","robinson2",2020,255,0.40921,13.6242191780822,1637.75,1482.66333333333,13.5803264840183
"986","robinson2",2020,256,0.40929,13.6242191780822,1637.75,1482.66333333333,13.5803264840183
"987","robinson2",2020,257,0.40932,13.6242191780822,1637.75,1482.66333333333,13.5803264840183
"988","robinson2",2020,258,0.40922,13.6242191780822,1637.75,1482.66333333333,13.5803264840183
"989","robinson2",2020,259,0.409,13.6242191780822,1637.75,1482.66333333333,13.5803264840183
"990","robinson2",2020,260,0.40872,13.6242191780822,1637.75,1482.66333333333,13.5803264840183
"991","robinson2",2020,261,0.4084,13.6242191780822,1637.75,1482.66333333333,13.5803264840183
"992","robinson2",2020,262,0.40806,13.6242191780822,1637.75,1482.66333333333,13.5803264840183
"993","robinson2",2020,263,0.40771,13.6242191780822,1637.75,1482.66333333333,13.5803264840183
"994","robinson2",2020,264,0.40739,13.6242191780822,1637.75,1482.66333333333,13.5803264840183
"995","robinson2",2020,265,0.40719,13.6242191780822,1637.75,1482.66333333333,13.5803264840183
"996","robinson2",2020,266,0.40712,13.6242191780822,1637.75,1482.66333333333,13.5803264840183
"997","robinson2",2020,267,0.40699,13.6242191780822,1637.75,1482.66333333333,13.5803264840183
"998","robinson2",2020,268,0.40663,13.6242191780822,1637.75,1482.66333333333,13.5803264840183
"999","robinson2",2020,269,0.40628,13.6242191780822,1637.75,1482.66333333333,13.5803264840183
"1000","robinson2",2020,270,0.40604,13.6242191780822,1637.75,1482.66333333333,13.5803264840183
"1001","robinson2",2020,271,0.40551,13.6242191780822,1637.75,1482.66333333333,13.5803264840183
"1002","robinson2",2020,272,0.40454,13.6242191780822,1637.75,1482.66333333333,13.5803264840183
"1003","robinson2",2020,273,0.40331,13.6242191780822,1637.75,1482.66333333333,13.5803264840183
"1004","robinson2",2020,274,0.40189,13.6242191780822,1637.75,1482.66333333333,13.5803264840183
"1005","robinson2",2020,275,0.40036,13.6242191780822,1637.75,1482.66333333333,13.5803264840183
"1006","robinson2",2020,276,0.3988,13.6242191780822,1637.75,1482.66333333333,13.5803264840183
"1007","robinson2",2020,277,0.39728,13.6242191780822,1637.75,1482.66333333333,13.5803264840183
"1008","robinson2",2020,278,0.39576,13.6242191780822,1637.75,1482.66333333333,13.5803264840183
"1009","robinson2",2020,279,0.39413,13.6242191780822,1637.75,1482.66333333333,13.5803264840183
"1010","robinson2",2020,280,0.39245,13.6242191780822,1637.75,1482.66333333333,13.5803264840183
"1011","robinson2",2020,281,0.39075,13.6242191780822,1637.75,1482.66333333333,13.5803264840183
"1012","robinson2",2020,282,0.38909,13.6242191780822,1637.75,1482.66333333333,13.5803264840183
"1013","robinson2",2020,283,0.38751,13.6242191780822,1637.75,1482.66333333333,13.5803264840183
"1014","robinson2",2020,284,0.386,13.6242191780822,1637.75,1482.66333333333,13.5803264840183
"1015","robinson2",2020,285,0.38451,13.6242191780822,1637.75,1482.66333333333,13.5803264840183
"1016","robinson2",2020,286,0.38302,13.6242191780822,1637.75,1482.66333333333,13.5803264840183
"1017","robinson2",2020,287,0.38151,13.6242191780822,1637.75,1482.66333333333,13.5803264840183
"1018","robinson2",2020,288,0.37995,13.6242191780822,1637.75,1482.66333333333,13.5803264840183
"1019","robinson2",2020,289,0.37832,13.6242191780822,1637.75,1482.66333333333,13.5803264840183
"1020","robinson2",2020,290,0.37647,13.6242191780822,1637.75,1482.66333333333,13.5803264840183
"1021","robinson2",2020,291,0.37439,13.6242191780822,1637.75,1482.66333333333,13.5803264840183
"1022","robinson2",2020,292,0.37222,13.6242191780822,1637.75,1482.66333333333,13.5803264840183
"1023","robinson2",2020,293,0.37013,13.6242191780822,1637.75,1482.66333333333,13.5803264840183
"1024","robinson2",2020,294,0.36826,13.6242191780822,1637.75,1482.66333333333,13.5803264840183
"1025","robinson2",2020,295,0.36677,13.6242191780822,1637.75,1482.66333333333,13.5803264840183
"1026","robinson2",2020,296,0.36575,13.6242191780822,1637.75,1482.66333333333,13.5803264840183
"1027","robinson2",2020,297,0.36508,13.6242191780822,1637.75,1482.66333333333,13.5803264840183
"1028","robinson2",2020,298,0.36463,13.6242191780822,1637.75,1482.66333333333,13.5803264840183
"1029","robinson2",2020,299,0.36427,13.6242191780822,1637.75,1482.66333333333,13.5803264840183
"1030","robinson2",2020,300,0.36387,13.6242191780822,1637.75,1482.66333333333,13.5803264840183
"1031","robinson2",2020,301,0.3633,13.6242191780822,1637.75,1482.66333333333,13.5803264840183
"1032","robinson2",2020,302,0.36274,13.6242191780822,1637.75,1482.66333333333,13.5803264840183
"1033","robinson2",2020,303,0.36236,13.6242191780822,1637.75,1482.66333333333,13.5803264840183
"1034","robinson2",2020,304,0.36202,13.6242191780822,1637.75,1482.66333333333,13.5803264840183
"1035","robinson2",2020,305,0.36158,13.6242191780822,1637.75,1482.66333333333,13.5803264840183
"1036","robinson2",2020,306,0.36093,13.6242191780822,1637.75,1482.66333333333,13.5803264840183
"1037","robinson2",2020,307,0.35991,13.6242191780822,1637.75,1482.66333333333,13.5803264840183
"1038","robinson2",2020,308,0.35829,13.6242191780822,1637.75,1482.66333333333,13.5803264840183
"1039","robinson2",2020,309,0.35612,13.6242191780822,1637.75,1482.66333333333,13.5803264840183
"1040","robinson2",2020,310,0.35366,13.6242191780822,1637.75,1482.66333333333,13.5803264840183
"1041","robinson2",2020,311,0.35122,13.6242191780822,1637.75,1482.66333333333,13.5803264840183
"1042","robinson2",2020,312,0.34908,13.6242191780822,1637.75,1482.66333333333,13.5803264840183
"1043","robinson2",2020,313,0.34752,13.6242191780822,1637.75,1482.66333333333,13.5803264840183
"1044","robinson2",2020,314,0.34646,13.6242191780822,1637.75,1482.66333333333,13.5803264840183
"1045","robinson2",2020,315,0.34563,13.6242191780822,1637.75,1482.66333333333,13.5803264840183
"1046","robinson2",2020,316,0.34502,13.6242191780822,1637.75,1482.66333333333,13.5803264840183
"1047","robinson2",2020,317,0.34459,13.6242191780822,1637.75,1482.66333333333,13.5803264840183
"1048","robinson2",2020,318,0.34435,13.6242191780822,1637.75,1482.66333333333,13.5803264840183
"1049","robinson2",2020,319,0.34427,13.6242191780822,1637.75,1482.66333333333,13.5803264840183
"1050","robinson2",2020,320,0.34452,13.6242191780822,1637.75,1482.66333333333,13.5803264840183
"1051","robinson2",2020,321,0.34517,13.6242191780822,1637.75,1482.66333333333,13.5803264840183
"1052","robinson2",2020,322,0.34604,13.6242191780822,1637.75,1482.66333333333,13.5803264840183
"1053","robinson2",2020,323,0.34697,13.6242191780822,1637.75,1482.66333333333,13.5803264840183
"1054","robinson2",2020,324,0.34777,13.6242191780822,1637.75,1482.66333333333,13.5803264840183
"1055","robinson2",2020,325,0.34829,13.6242191780822,1637.75,1482.66333333333,13.5803264840183
"1056","robinson2",2020,326,0.34859,13.6242191780822,1637.75,1482.66333333333,13.5803264840183
"1057","robinson2",2020,327,0.34884,13.6242191780822,1637.75,1482.66333333333,13.5803264840183
"1058","robinson2",2020,328,0.34906,13.6242191780822,1637.75,1482.66333333333,13.5803264840183
"1059","robinson2",2020,329,0.34924,13.6242191780822,1637.75,1482.66333333333,13.5803264840183
"1060","robinson2",2020,330,0.3494,13.6242191780822,1637.75,1482.66333333333,13.5803264840183
"1061","robinson2",2020,331,0.34954,13.6242191780822,1637.75,1482.66333333333,13.5803264840183
"1062","robinson2",2020,332,0.34963,13.6242191780822,1637.75,1482.66333333333,13.5803264840183
"1063","robinson2",2020,333,0.34968,13.6242191780822,1637.75,1482.66333333333,13.5803264840183
"1064","robinson2",2020,334,0.3497,13.6242191780822,1637.75,1482.66333333333,13.5803264840183
"1065","robinson2",2020,335,0.34969,13.6242191780822,1637.75,1482.66333333333,13.5803264840183
"1066","robinson2",2020,336,0.34967,13.6242191780822,1637.75,1482.66333333333,13.5803264840183
"1067","robinson2",2020,337,0.34965,13.6242191780822,1637.75,1482.66333333333,13.5803264840183
"1068","robinson2",2020,338,0.34962,13.6242191780822,1637.75,1482.66333333333,13.5803264840183
"1069","robinson2",2020,339,0.34954,13.6242191780822,1637.75,1482.66333333333,13.5803264840183
"1070","robinson2",2020,340,0.34943,13.6242191780822,1637.75,1482.66333333333,13.5803264840183
"1071","robinson2",2020,341,0.34932,13.6242191780822,1637.75,1482.66333333333,13.5803264840183
"1072","robinson2",2020,342,0.34923,13.6242191780822,1637.75,1482.66333333333,13.5803264840183
"1073","robinson2",2020,343,0.34918,13.6242191780822,1637.75,1482.66333333333,13.5803264840183
"1074","robinson2",2020,344,0.34915,13.6242191780822,1637.75,1482.66333333333,13.5803264840183
"1075","robinson2",2020,345,0.34914,13.6242191780822,1637.75,1482.66333333333,13.5803264840183
"1076","robinson2",2020,346,0.34915,13.6242191780822,1637.75,1482.66333333333,13.5803264840183
"1077","robinson2",2020,347,0.34916,13.6242191780822,1637.75,1482.66333333333,13.5803264840183
"1078","robinson2",2020,348,0.34918,13.6242191780822,1637.75,1482.66333333333,13.5803264840183
"1079","robinson2",2020,349,0.34921,13.6242191780822,1637.75,1482.66333333333,13.5803264840183
"1080","robinson2",2020,350,0.34925,13.6242191780822,1637.75,1482.66333333333,13.5803264840183
"1081","robinson2",2020,351,0.34929,13.6242191780822,1637.75,1482.66333333333,13.5803264840183
"1082","robinson2",2020,352,0.34933,13.6242191780822,1637.75,1482.66333333333,13.5803264840183
"1083","robinson2",2020,353,0.34938,13.6242191780822,1637.75,1482.66333333333,13.5803264840183
"1084","robinson2",2020,354,0.34943,13.6242191780822,1637.75,1482.66333333333,13.5803264840183
"1085","robinson2",2020,355,0.34948,13.6242191780822,1637.75,1482.66333333333,13.5803264840183
"1086","robinson2",2020,356,0.34958,13.6242191780822,1637.75,1482.66333333333,13.5803264840183
"1087","robinson2",2020,357,0.34974,13.6242191780822,1637.75,1482.66333333333,13.5803264840183
"1088","robinson2",2020,358,0.34992,13.6242191780822,1637.75,1482.66333333333,13.5803264840183
"1089","robinson2",2020,359,0.3501,13.6242191780822,1637.75,1482.66333333333,13.5803264840183
"1090","robinson2",2020,360,0.35026,13.6242191780822,1637.75,1482.66333333333,13.5803264840183
"1091","robinson2",2020,361,0.35035,13.6242191780822,1637.75,1482.66333333333,13.5803264840183
"1092","robinson2",2020,362,0.35039,13.6242191780822,1637.75,1482.66333333333,13.5803264840183
"1093","robinson2",2020,363,0.3504,13.6242191780822,1637.75,1482.66333333333,13.5803264840183
"1094","robinson2",2020,364,0.35039,13.6242191780822,1637.75,1482.66333333333,13.5803264840183
"1095","robinson2",2020,365,0.35035,13.6242191780822,1637.75,1482.66333333333,13.5803264840183
"1096","robinson2",2021,1,0.35014,13.4835479452055,1305.84,1482.66333333333,13.5803264840183
"1097","robinson2",2021,2,0.34991,13.4835479452055,1305.84,1482.66333333333,13.5803264840183
"1098","robinson2",2021,3,0.34955,13.4835479452055,1305.84,1482.66333333333,13.5803264840183
"1099","robinson2",2021,4,0.34914,13.4835479452055,1305.84,1482.66333333333,13.5803264840183
"1100","robinson2",2021,5,0.34874,13.4835479452055,1305.84,1482.66333333333,13.5803264840183
"1101","robinson2",2021,6,0.34841,13.4835479452055,1305.84,1482.66333333333,13.5803264840183
"1102","robinson2",2021,7,0.34821,13.4835479452055,1305.84,1482.66333333333,13.5803264840183
"1103","robinson2",2021,8,0.34817,13.4835479452055,1305.84,1482.66333333333,13.5803264840183
"1104","robinson2",2021,9,0.34822,13.4835479452055,1305.84,1482.66333333333,13.5803264840183
"1105","robinson2",2021,10,0.34835,13.4835479452055,1305.84,1482.66333333333,13.5803264840183
"1106","robinson2",2021,11,0.34851,13.4835479452055,1305.84,1482.66333333333,13.5803264840183
"1107","robinson2",2021,12,0.34867,13.4835479452055,1305.84,1482.66333333333,13.5803264840183
"1108","robinson2",2021,13,0.3488,13.4835479452055,1305.84,1482.66333333333,13.5803264840183
"1109","robinson2",2021,14,0.34894,13.4835479452055,1305.84,1482.66333333333,13.5803264840183
"1110","robinson2",2021,15,0.34915,13.4835479452055,1305.84,1482.66333333333,13.5803264840183
"1111","robinson2",2021,16,0.34939,13.4835479452055,1305.84,1482.66333333333,13.5803264840183
"1112","robinson2",2021,17,0.34962,13.4835479452055,1305.84,1482.66333333333,13.5803264840183
"1113","robinson2",2021,18,0.34982,13.4835479452055,1305.84,1482.66333333333,13.5803264840183
"1114","robinson2",2021,19,0.34994,13.4835479452055,1305.84,1482.66333333333,13.5803264840183
"1115","robinson2",2021,20,0.34998,13.4835479452055,1305.84,1482.66333333333,13.5803264840183
"1116","robinson2",2021,21,0.34997,13.4835479452055,1305.84,1482.66333333333,13.5803264840183
"1117","robinson2",2021,22,0.34993,13.4835479452055,1305.84,1482.66333333333,13.5803264840183
"1118","robinson2",2021,23,0.34988,13.4835479452055,1305.84,1482.66333333333,13.5803264840183
"1119","robinson2",2021,24,0.34985,13.4835479452055,1305.84,1482.66333333333,13.5803264840183
"1120","robinson2",2021,25,0.34986,13.4835479452055,1305.84,1482.66333333333,13.5803264840183
"1121","robinson2",2021,26,0.34991,13.4835479452055,1305.84,1482.66333333333,13.5803264840183
"1122","robinson2",2021,27,0.35,13.4835479452055,1305.84,1482.66333333333,13.5803264840183
"1123","robinson2",2021,28,0.3501,13.4835479452055,1305.84,1482.66333333333,13.5803264840183
"1124","robinson2",2021,29,0.35019,13.4835479452055,1305.84,1482.66333333333,13.5803264840183
"1125","robinson2",2021,30,0.35027,13.4835479452055,1305.84,1482.66333333333,13.5803264840183
"1126","robinson2",2021,31,0.35032,13.4835479452055,1305.84,1482.66333333333,13.5803264840183
"1127","robinson2",2021,32,0.35034,13.4835479452055,1305.84,1482.66333333333,13.5803264840183
"1128","robinson2",2021,33,0.35034,13.4835479452055,1305.84,1482.66333333333,13.5803264840183
"1129","robinson2",2021,34,0.35034,13.4835479452055,1305.84,1482.66333333333,13.5803264840183
"1130","robinson2",2021,35,0.35032,13.4835479452055,1305.84,1482.66333333333,13.5803264840183
"1131","robinson2",2021,36,0.35029,13.4835479452055,1305.84,1482.66333333333,13.5803264840183
"1132","robinson2",2021,37,0.35024,13.4835479452055,1305.84,1482.66333333333,13.5803264840183
"1133","robinson2",2021,38,0.35019,13.4835479452055,1305.84,1482.66333333333,13.5803264840183
"1134","robinson2",2021,39,0.35015,13.4835479452055,1305.84,1482.66333333333,13.5803264840183
"1135","robinson2",2021,40,0.35015,13.4835479452055,1305.84,1482.66333333333,13.5803264840183
"1136","robinson2",2021,41,0.35018,13.4835479452055,1305.84,1482.66333333333,13.5803264840183
"1137","robinson2",2021,42,0.35027,13.4835479452055,1305.84,1482.66333333333,13.5803264840183
"1138","robinson2",2021,43,0.35042,13.4835479452055,1305.84,1482.66333333333,13.5803264840183
"1139","robinson2",2021,44,0.35056,13.4835479452055,1305.84,1482.66333333333,13.5803264840183
"1140","robinson2",2021,45,0.35062,13.4835479452055,1305.84,1482.66333333333,13.5803264840183
"1141","robinson2",2021,46,0.35062,13.4835479452055,1305.84,1482.66333333333,13.5803264840183
"1142","robinson2",2021,47,0.35062,13.4835479452055,1305.84,1482.66333333333,13.5803264840183
"1143","robinson2",2021,48,0.35064,13.4835479452055,1305.84,1482.66333333333,13.5803264840183
"1144","robinson2",2021,49,0.35071,13.4835479452055,1305.84,1482.66333333333,13.5803264840183
"1145","robinson2",2021,50,0.35085,13.4835479452055,1305.84,1482.66333333333,13.5803264840183
"1146","robinson2",2021,51,0.35101,13.4835479452055,1305.84,1482.66333333333,13.5803264840183
"1147","robinson2",2021,52,0.35118,13.4835479452055,1305.84,1482.66333333333,13.5803264840183
"1148","robinson2",2021,53,0.35133,13.4835479452055,1305.84,1482.66333333333,13.5803264840183
"1149","robinson2",2021,54,0.35143,13.4835479452055,1305.84,1482.66333333333,13.5803264840183
"1150","robinson2",2021,55,0.35145,13.4835479452055,1305.84,1482.66333333333,13.5803264840183
"1151","robinson2",2021,56,0.3514,13.4835479452055,1305.84,1482.66333333333,13.5803264840183
"1152","robinson2",2021,57,0.35131,13.4835479452055,1305.84,1482.66333333333,13.5803264840183
"1153","robinson2",2021,58,0.35121,13.4835479452055,1305.84,1482.66333333333,13.5803264840183
"1154","robinson2",2021,59,0.35111,13.4835479452055,1305.84,1482.66333333333,13.5803264840183
"1155","robinson2",2021,60,0.35102,13.4835479452055,1305.84,1482.66333333333,13.5803264840183
"1156","robinson2",2021,61,0.35097,13.4835479452055,1305.84,1482.66333333333,13.5803264840183
"1157","robinson2",2021,62,0.35094,13.4835479452055,1305.84,1482.66333333333,13.5803264840183
"1158","robinson2",2021,63,0.35092,13.4835479452055,1305.84,1482.66333333333,13.5803264840183
"1159","robinson2",2021,64,0.35092,13.4835479452055,1305.84,1482.66333333333,13.5803264840183
"1160","robinson2",2021,65,0.35091,13.4835479452055,1305.84,1482.66333333333,13.5803264840183
"1161","robinson2",2021,66,0.3509,13.4835479452055,1305.84,1482.66333333333,13.5803264840183
"1162","robinson2",2021,67,0.35089,13.4835479452055,1305.84,1482.66333333333,13.5803264840183
"1163","robinson2",2021,68,0.35087,13.4835479452055,1305.84,1482.66333333333,13.5803264840183
"1164","robinson2",2021,69,0.35085,13.4835479452055,1305.84,1482.66333333333,13.5803264840183
"1165","robinson2",2021,70,0.35083,13.4835479452055,1305.84,1482.66333333333,13.5803264840183
"1166","robinson2",2021,71,0.35082,13.4835479452055,1305.84,1482.66333333333,13.5803264840183
"1167","robinson2",2021,72,0.3508,13.4835479452055,1305.84,1482.66333333333,13.5803264840183
"1168","robinson2",2021,73,0.3508,13.4835479452055,1305.84,1482.66333333333,13.5803264840183
"1169","robinson2",2021,74,0.3508,13.4835479452055,1305.84,1482.66333333333,13.5803264840183
"1170","robinson2",2021,75,0.3508,13.4835479452055,1305.84,1482.66333333333,13.5803264840183
"1171","robinson2",2021,76,0.35079,13.4835479452055,1305.84,1482.66333333333,13.5803264840183
"1172","robinson2",2021,77,0.35079,13.4835479452055,1305.84,1482.66333333333,13.5803264840183
"1173","robinson2",2021,78,0.3508,13.4835479452055,1305.84,1482.66333333333,13.5803264840183
"1174","robinson2",2021,79,0.35084,13.4835479452055,1305.84,1482.66333333333,13.5803264840183
"1175","robinson2",2021,80,0.35089,13.4835479452055,1305.84,1482.66333333333,13.5803264840183
"1176","robinson2",2021,81,0.35094,13.4835479452055,1305.84,1482.66333333333,13.5803264840183
"1177","robinson2",2021,82,0.351,13.4835479452055,1305.84,1482.66333333333,13.5803264840183
"1178","robinson2",2021,83,0.35108,13.4835479452055,1305.84,1482.66333333333,13.5803264840183
"1179","robinson2",2021,84,0.35118,13.4835479452055,1305.84,1482.66333333333,13.5803264840183
"1180","robinson2",2021,85,0.35131,13.4835479452055,1305.84,1482.66333333333,13.5803264840183
"1181","robinson2",2021,86,0.35143,13.4835479452055,1305.84,1482.66333333333,13.5803264840183
"1182","robinson2",2021,87,0.35153,13.4835479452055,1305.84,1482.66333333333,13.5803264840183
"1183","robinson2",2021,88,0.35163,13.4835479452055,1305.84,1482.66333333333,13.5803264840183
"1184","robinson2",2021,89,0.35178,13.4835479452055,1305.84,1482.66333333333,13.5803264840183
"1185","robinson2",2021,90,0.35201,13.4835479452055,1305.84,1482.66333333333,13.5803264840183
"1186","robinson2",2021,91,0.35236,13.4835479452055,1305.84,1482.66333333333,13.5803264840183
"1187","robinson2",2021,92,0.35272,13.4835479452055,1305.84,1482.66333333333,13.5803264840183
"1188","robinson2",2021,93,0.35306,13.4835479452055,1305.84,1482.66333333333,13.5803264840183
"1189","robinson2",2021,94,0.35349,13.4835479452055,1305.84,1482.66333333333,13.5803264840183
"1190","robinson2",2021,95,0.35414,13.4835479452055,1305.84,1482.66333333333,13.5803264840183
"1191","robinson2",2021,96,0.35486,13.4835479452055,1305.84,1482.66333333333,13.5803264840183
"1192","robinson2",2021,97,0.3556,13.4835479452055,1305.84,1482.66333333333,13.5803264840183
"1193","robinson2",2021,98,0.35659,13.4835479452055,1305.84,1482.66333333333,13.5803264840183
"1194","robinson2",2021,99,0.35788,13.4835479452055,1305.84,1482.66333333333,13.5803264840183
"1195","robinson2",2021,100,0.35932,13.4835479452055,1305.84,1482.66333333333,13.5803264840183
"1196","robinson2",2021,101,0.36092,13.4835479452055,1305.84,1482.66333333333,13.5803264840183
"1197","robinson2",2021,102,0.3627,13.4835479452055,1305.84,1482.66333333333,13.5803264840183
"1198","robinson2",2021,103,0.36464,13.4835479452055,1305.84,1482.66333333333,13.5803264840183
"1199","robinson2",2021,104,0.36677,13.4835479452055,1305.84,1482.66333333333,13.5803264840183
"1200","robinson2",2021,105,0.36955,13.4835479452055,1305.84,1482.66333333333,13.5803264840183
"1201","robinson2",2021,106,0.3732,13.4835479452055,1305.84,1482.66333333333,13.5803264840183
"1202","robinson2",2021,107,0.37738,13.4835479452055,1305.84,1482.66333333333,13.5803264840183
"1203","robinson2",2021,108,0.38173,13.4835479452055,1305.84,1482.66333333333,13.5803264840183
"1204","robinson2",2021,109,0.38589,13.4835479452055,1305.84,1482.66333333333,13.5803264840183
"1205","robinson2",2021,110,0.38952,13.4835479452055,1305.84,1482.66333333333,13.5803264840183
"1206","robinson2",2021,111,0.39193,13.4835479452055,1305.84,1482.66333333333,13.5803264840183
"1207","robinson2",2021,112,0.39319,13.4835479452055,1305.84,1482.66333333333,13.5803264840183
"1208","robinson2",2021,113,0.39403,13.4835479452055,1305.84,1482.66333333333,13.5803264840183
"1209","robinson2",2021,114,0.39519,13.4835479452055,1305.84,1482.66333333333,13.5803264840183
"1210","robinson2",2021,115,0.3974,13.4835479452055,1305.84,1482.66333333333,13.5803264840183
"1211","robinson2",2021,116,0.40141,13.4835479452055,1305.84,1482.66333333333,13.5803264840183
"1212","robinson2",2021,117,0.4064,13.4835479452055,1305.84,1482.66333333333,13.5803264840183
"1213","robinson2",2021,118,0.41107,13.4835479452055,1305.84,1482.66333333333,13.5803264840183
"1214","robinson2",2021,119,0.41536,13.4835479452055,1305.84,1482.66333333333,13.5803264840183
"1215","robinson2",2021,120,0.41925,13.4835479452055,1305.84,1482.66333333333,13.5803264840183
"1216","robinson2",2021,121,0.4227,13.4835479452055,1305.84,1482.66333333333,13.5803264840183
"1217","robinson2",2021,122,0.42568,13.4835479452055,1305.84,1482.66333333333,13.5803264840183
"1218","robinson2",2021,123,0.42792,13.4835479452055,1305.84,1482.66333333333,13.5803264840183
"1219","robinson2",2021,124,0.42936,13.4835479452055,1305.84,1482.66333333333,13.5803264840183
"1220","robinson2",2021,125,0.43022,13.4835479452055,1305.84,1482.66333333333,13.5803264840183
"1221","robinson2",2021,126,0.43073,13.4835479452055,1305.84,1482.66333333333,13.5803264840183
"1222","robinson2",2021,127,0.43112,13.4835479452055,1305.84,1482.66333333333,13.5803264840183
"1223","robinson2",2021,128,0.43162,13.4835479452055,1305.84,1482.66333333333,13.5803264840183
"1224","robinson2",2021,129,0.43214,13.4835479452055,1305.84,1482.66333333333,13.5803264840183
"1225","robinson2",2021,130,0.43245,13.4835479452055,1305.84,1482.66333333333,13.5803264840183
"1226","robinson2",2021,131,0.4326,13.4835479452055,1305.84,1482.66333333333,13.5803264840183
"1227","robinson2",2021,132,0.43261,13.4835479452055,1305.84,1482.66333333333,13.5803264840183
"1228","robinson2",2021,133,0.43254,13.4835479452055,1305.84,1482.66333333333,13.5803264840183
"1229","robinson2",2021,134,0.43242,13.4835479452055,1305.84,1482.66333333333,13.5803264840183
"1230","robinson2",2021,135,0.43227,13.4835479452055,1305.84,1482.66333333333,13.5803264840183
"1231","robinson2",2021,136,0.43209,13.4835479452055,1305.84,1482.66333333333,13.5803264840183
"1232","robinson2",2021,137,0.43185,13.4835479452055,1305.84,1482.66333333333,13.5803264840183
"1233","robinson2",2021,138,0.4315,13.4835479452055,1305.84,1482.66333333333,13.5803264840183
"1234","robinson2",2021,139,0.43103,13.4835479452055,1305.84,1482.66333333333,13.5803264840183
"1235","robinson2",2021,140,0.43041,13.4835479452055,1305.84,1482.66333333333,13.5803264840183
"1236","robinson2",2021,141,0.42945,13.4835479452055,1305.84,1482.66333333333,13.5803264840183
"1237","robinson2",2021,142,0.42811,13.4835479452055,1305.84,1482.66333333333,13.5803264840183
"1238","robinson2",2021,143,0.42659,13.4835479452055,1305.84,1482.66333333333,13.5803264840183
"1239","robinson2",2021,144,0.42504,13.4835479452055,1305.84,1482.66333333333,13.5803264840183
"1240","robinson2",2021,145,0.42366,13.4835479452055,1305.84,1482.66333333333,13.5803264840183
"1241","robinson2",2021,146,0.42263,13.4835479452055,1305.84,1482.66333333333,13.5803264840183
"1242","robinson2",2021,147,0.42194,13.4835479452055,1305.84,1482.66333333333,13.5803264840183
"1243","robinson2",2021,148,0.42145,13.4835479452055,1305.84,1482.66333333333,13.5803264840183
"1244","robinson2",2021,149,0.42109,13.4835479452055,1305.84,1482.66333333333,13.5803264840183
"1245","robinson2",2021,150,0.42081,13.4835479452055,1305.84,1482.66333333333,13.5803264840183
"1246","robinson2",2021,151,0.42054,13.4835479452055,1305.84,1482.66333333333,13.5803264840183
"1247","robinson2",2021,152,0.42022,13.4835479452055,1305.84,1482.66333333333,13.5803264840183
"1248","robinson2",2021,153,0.41993,13.4835479452055,1305.84,1482.66333333333,13.5803264840183
"1249","robinson2",2021,154,0.41977,13.4835479452055,1305.84,1482.66333333333,13.5803264840183
"1250","robinson2",2021,155,0.41967,13.4835479452055,1305.84,1482.66333333333,13.5803264840183
"1251","robinson2",2021,156,0.41954,13.4835479452055,1305.84,1482.66333333333,13.5803264840183
"1252","robinson2",2021,157,0.41934,13.4835479452055,1305.84,1482.66333333333,13.5803264840183
"1253","robinson2",2021,158,0.41898,13.4835479452055,1305.84,1482.66333333333,13.5803264840183
"1254","robinson2",2021,159,0.41841,13.4835479452055,1305.84,1482.66333333333,13.5803264840183
"1255","robinson2",2021,160,0.41768,13.4835479452055,1305.84,1482.66333333333,13.5803264840183
"1256","robinson2",2021,161,0.41686,13.4835479452055,1305.84,1482.66333333333,13.5803264840183
"1257","robinson2",2021,162,0.41602,13.4835479452055,1305.84,1482.66333333333,13.5803264840183
"1258","robinson2",2021,163,0.41524,13.4835479452055,1305.84,1482.66333333333,13.5803264840183
"1259","robinson2",2021,164,0.41459,13.4835479452055,1305.84,1482.66333333333,13.5803264840183
"1260","robinson2",2021,165,0.41403,13.4835479452055,1305.84,1482.66333333333,13.5803264840183
"1261","robinson2",2021,166,0.41349,13.4835479452055,1305.84,1482.66333333333,13.5803264840183
"1262","robinson2",2021,167,0.41299,13.4835479452055,1305.84,1482.66333333333,13.5803264840183
"1263","robinson2",2021,168,0.41253,13.4835479452055,1305.84,1482.66333333333,13.5803264840183
"1264","robinson2",2021,169,0.41213,13.4835479452055,1305.84,1482.66333333333,13.5803264840183
"1265","robinson2",2021,170,0.41179,13.4835479452055,1305.84,1482.66333333333,13.5803264840183
"1266","robinson2",2021,171,0.41156,13.4835479452055,1305.84,1482.66333333333,13.5803264840183
"1267","robinson2",2021,172,0.41143,13.4835479452055,1305.84,1482.66333333333,13.5803264840183
"1268","robinson2",2021,173,0.41135,13.4835479452055,1305.84,1482.66333333333,13.5803264840183
"1269","robinson2",2021,174,0.41129,13.4835479452055,1305.84,1482.66333333333,13.5803264840183
"1270","robinson2",2021,175,0.41119,13.4835479452055,1305.84,1482.66333333333,13.5803264840183
"1271","robinson2",2021,176,0.41103,13.4835479452055,1305.84,1482.66333333333,13.5803264840183
"1272","robinson2",2021,177,0.41078,13.4835479452055,1305.84,1482.66333333333,13.5803264840183
"1273","robinson2",2021,178,0.4105,13.4835479452055,1305.84,1482.66333333333,13.5803264840183
"1274","robinson2",2021,179,0.4102,13.4835479452055,1305.84,1482.66333333333,13.5803264840183
"1275","robinson2",2021,180,0.40991,13.4835479452055,1305.84,1482.66333333333,13.5803264840183
"1276","robinson2",2021,181,0.40967,13.4835479452055,1305.84,1482.66333333333,13.5803264840183
"1277","robinson2",2021,182,0.40951,13.4835479452055,1305.84,1482.66333333333,13.5803264840183
"1278","robinson2",2021,183,0.40942,13.4835479452055,1305.84,1482.66333333333,13.5803264840183
"1279","robinson2",2021,184,0.40938,13.4835479452055,1305.84,1482.66333333333,13.5803264840183
"1280","robinson2",2021,185,0.40938,13.4835479452055,1305.84,1482.66333333333,13.5803264840183
"1281","robinson2",2021,186,0.4094,13.4835479452055,1305.84,1482.66333333333,13.5803264840183
"1282","robinson2",2021,187,0.40942,13.4835479452055,1305.84,1482.66333333333,13.5803264840183
"1283","robinson2",2021,188,0.40942,13.4835479452055,1305.84,1482.66333333333,13.5803264840183
"1284","robinson2",2021,189,0.40954,13.4835479452055,1305.84,1482.66333333333,13.5803264840183
"1285","robinson2",2021,190,0.40982,13.4835479452055,1305.84,1482.66333333333,13.5803264840183
"1286","robinson2",2021,191,0.41007,13.4835479452055,1305.84,1482.66333333333,13.5803264840183
"1287","robinson2",2021,192,0.41011,13.4835479452055,1305.84,1482.66333333333,13.5803264840183
"1288","robinson2",2021,193,0.40996,13.4835479452055,1305.84,1482.66333333333,13.5803264840183
"1289","robinson2",2021,194,0.40975,13.4835479452055,1305.84,1482.66333333333,13.5803264840183
"1290","robinson2",2021,195,0.40949,13.4835479452055,1305.84,1482.66333333333,13.5803264840183
"1291","robinson2",2021,196,0.40911,13.4835479452055,1305.84,1482.66333333333,13.5803264840183
"1292","robinson2",2021,197,0.40858,13.4835479452055,1305.84,1482.66333333333,13.5803264840183
"1293","robinson2",2021,198,0.40797,13.4835479452055,1305.84,1482.66333333333,13.5803264840183
"1294","robinson2",2021,199,0.40734,13.4835479452055,1305.84,1482.66333333333,13.5803264840183
"1295","robinson2",2021,200,0.40676,13.4835479452055,1305.84,1482.66333333333,13.5803264840183
"1296","robinson2",2021,201,0.40629,13.4835479452055,1305.84,1482.66333333333,13.5803264840183
"1297","robinson2",2021,202,0.4059,13.4835479452055,1305.84,1482.66333333333,13.5803264840183
"1298","robinson2",2021,203,0.40549,13.4835479452055,1305.84,1482.66333333333,13.5803264840183
"1299","robinson2",2021,204,0.40509,13.4835479452055,1305.84,1482.66333333333,13.5803264840183
"1300","robinson2",2021,205,0.40472,13.4835479452055,1305.84,1482.66333333333,13.5803264840183
"1301","robinson2",2021,206,0.40439,13.4835479452055,1305.84,1482.66333333333,13.5803264840183
"1302","robinson2",2021,207,0.40411,13.4835479452055,1305.84,1482.66333333333,13.5803264840183
"1303","robinson2",2021,208,0.40389,13.4835479452055,1305.84,1482.66333333333,13.5803264840183
"1304","robinson2",2021,209,0.40371,13.4835479452055,1305.84,1482.66333333333,13.5803264840183
"1305","robinson2",2021,210,0.40357,13.4835479452055,1305.84,1482.66333333333,13.5803264840183
"1306","robinson2",2021,211,0.40348,13.4835479452055,1305.84,1482.66333333333,13.5803264840183
"1307","robinson2",2021,212,0.40343,13.4835479452055,1305.84,1482.66333333333,13.5803264840183
"1308","robinson2",2021,213,0.40342,13.4835479452055,1305.84,1482.66333333333,13.5803264840183
"1309","robinson2",2021,214,0.40346,13.4835479452055,1305.84,1482.66333333333,13.5803264840183
"1310","robinson2",2021,215,0.40355,13.4835479452055,1305.84,1482.66333333333,13.5803264840183
"1311","robinson2",2021,216,0.40369,13.4835479452055,1305.84,1482.66333333333,13.5803264840183
"1312","robinson2",2021,217,0.40386,13.4835479452055,1305.84,1482.66333333333,13.5803264840183
"1313","robinson2",2021,218,0.40405,13.4835479452055,1305.84,1482.66333333333,13.5803264840183
"1314","robinson2",2021,219,0.40425,13.4835479452055,1305.84,1482.66333333333,13.5803264840183
"1315","robinson2",2021,220,0.40455,13.4835479452055,1305.84,1482.66333333333,13.5803264840183
"1316","robinson2",2021,221,0.40498,13.4835479452055,1305.84,1482.66333333333,13.5803264840183
"1317","robinson2",2021,222,0.40547,13.4835479452055,1305.84,1482.66333333333,13.5803264840183
"1318","robinson2",2021,223,0.40592,13.4835479452055,1305.84,1482.66333333333,13.5803264840183
"1319","robinson2",2021,224,0.40627,13.4835479452055,1305.84,1482.66333333333,13.5803264840183
"1320","robinson2",2021,225,0.40641,13.4835479452055,1305.84,1482.66333333333,13.5803264840183
"1321","robinson2",2021,226,0.40632,13.4835479452055,1305.84,1482.66333333333,13.5803264840183
"1322","robinson2",2021,227,0.40607,13.4835479452055,1305.84,1482.66333333333,13.5803264840183
"1323","robinson2",2021,228,0.40572,13.4835479452055,1305.84,1482.66333333333,13.5803264840183
"1324","robinson2",2021,229,0.40533,13.4835479452055,1305.84,1482.66333333333,13.5803264840183
"1325","robinson2",2021,230,0.40497,13.4835479452055,1305.84,1482.66333333333,13.5803264840183
"1326","robinson2",2021,231,0.4047,13.4835479452055,1305.84,1482.66333333333,13.5803264840183
"1327","robinson2",2021,232,0.40449,13.4835479452055,1305.84,1482.66333333333,13.5803264840183
"1328","robinson2",2021,233,0.40427,13.4835479452055,1305.84,1482.66333333333,13.5803264840183
"1329","robinson2",2021,234,0.40405,13.4835479452055,1305.84,1482.66333333333,13.5803264840183
"1330","robinson2",2021,235,0.40384,13.4835479452055,1305.84,1482.66333333333,13.5803264840183
"1331","robinson2",2021,236,0.40365,13.4835479452055,1305.84,1482.66333333333,13.5803264840183
"1332","robinson2",2021,237,0.40349,13.4835479452055,1305.84,1482.66333333333,13.5803264840183
"1333","robinson2",2021,238,0.40341,13.4835479452055,1305.84,1482.66333333333,13.5803264840183
"1334","robinson2",2021,239,0.40345,13.4835479452055,1305.84,1482.66333333333,13.5803264840183
"1335","robinson2",2021,240,0.40353,13.4835479452055,1305.84,1482.66333333333,13.5803264840183
"1336","robinson2",2021,241,0.40359,13.4835479452055,1305.84,1482.66333333333,13.5803264840183
"1337","robinson2",2021,242,0.40358,13.4835479452055,1305.84,1482.66333333333,13.5803264840183
"1338","robinson2",2021,243,0.40343,13.4835479452055,1305.84,1482.66333333333,13.5803264840183
"1339","robinson2",2021,244,0.40307,13.4835479452055,1305.84,1482.66333333333,13.5803264840183
"1340","robinson2",2021,245,0.40251,13.4835479452055,1305.84,1482.66333333333,13.5803264840183
"1341","robinson2",2021,246,0.40184,13.4835479452055,1305.84,1482.66333333333,13.5803264840183
"1342","robinson2",2021,247,0.40116,13.4835479452055,1305.84,1482.66333333333,13.5803264840183
"1343","robinson2",2021,248,0.40056,13.4835479452055,1305.84,1482.66333333333,13.5803264840183
"1344","robinson2",2021,249,0.40012,13.4835479452055,1305.84,1482.66333333333,13.5803264840183
"1345","robinson2",2021,250,0.39981,13.4835479452055,1305.84,1482.66333333333,13.5803264840183
"1346","robinson2",2021,251,0.39954,13.4835479452055,1305.84,1482.66333333333,13.5803264840183
"1347","robinson2",2021,252,0.39934,13.4835479452055,1305.84,1482.66333333333,13.5803264840183
"1348","robinson2",2021,253,0.39921,13.4835479452055,1305.84,1482.66333333333,13.5803264840183
"1349","robinson2",2021,254,0.3992,13.4835479452055,1305.84,1482.66333333333,13.5803264840183
"1350","robinson2",2021,255,0.3993,13.4835479452055,1305.84,1482.66333333333,13.5803264840183
"1351","robinson2",2021,256,0.3997,13.4835479452055,1305.84,1482.66333333333,13.5803264840183
"1352","robinson2",2021,257,0.40042,13.4835479452055,1305.84,1482.66333333333,13.5803264840183
"1353","robinson2",2021,258,0.40126,13.4835479452055,1305.84,1482.66333333333,13.5803264840183
"1354","robinson2",2021,259,0.40206,13.4835479452055,1305.84,1482.66333333333,13.5803264840183
"1355","robinson2",2021,260,0.40262,13.4835479452055,1305.84,1482.66333333333,13.5803264840183
"1356","robinson2",2021,261,0.40276,13.4835479452055,1305.84,1482.66333333333,13.5803264840183
"1357","robinson2",2021,262,0.40244,13.4835479452055,1305.84,1482.66333333333,13.5803264840183
"1358","robinson2",2021,263,0.40181,13.4835479452055,1305.84,1482.66333333333,13.5803264840183
"1359","robinson2",2021,264,0.40098,13.4835479452055,1305.84,1482.66333333333,13.5803264840183
"1360","robinson2",2021,265,0.40006,13.4835479452055,1305.84,1482.66333333333,13.5803264840183
"1361","robinson2",2021,266,0.39918,13.4835479452055,1305.84,1482.66333333333,13.5803264840183
"1362","robinson2",2021,267,0.39845,13.4835479452055,1305.84,1482.66333333333,13.5803264840183
"1363","robinson2",2021,268,0.39771,13.4835479452055,1305.84,1482.66333333333,13.5803264840183
"1364","robinson2",2021,269,0.3968,13.4835479452055,1305.84,1482.66333333333,13.5803264840183
"1365","robinson2",2021,270,0.39584,13.4835479452055,1305.84,1482.66333333333,13.5803264840183
"1366","robinson2",2021,271,0.39496,13.4835479452055,1305.84,1482.66333333333,13.5803264840183
"1367","robinson2",2021,272,0.39427,13.4835479452055,1305.84,1482.66333333333,13.5803264840183
"1368","robinson2",2021,273,0.3939,13.4835479452055,1305.84,1482.66333333333,13.5803264840183
"1369","robinson2",2021,274,0.39399,13.4835479452055,1305.84,1482.66333333333,13.5803264840183
"1370","robinson2",2021,275,0.39451,13.4835479452055,1305.84,1482.66333333333,13.5803264840183
"1371","robinson2",2021,276,0.39526,13.4835479452055,1305.84,1482.66333333333,13.5803264840183
"1372","robinson2",2021,277,0.39603,13.4835479452055,1305.84,1482.66333333333,13.5803264840183
"1373","robinson2",2021,278,0.39665,13.4835479452055,1305.84,1482.66333333333,13.5803264840183
"1374","robinson2",2021,279,0.39691,13.4835479452055,1305.84,1482.66333333333,13.5803264840183
"1375","robinson2",2021,280,0.39685,13.4835479452055,1305.84,1482.66333333333,13.5803264840183
"1376","robinson2",2021,281,0.39667,13.4835479452055,1305.84,1482.66333333333,13.5803264840183
"1377","robinson2",2021,282,0.39638,13.4835479452055,1305.84,1482.66333333333,13.5803264840183
"1378","robinson2",2021,283,0.39597,13.4835479452055,1305.84,1482.66333333333,13.5803264840183
"1379","robinson2",2021,284,0.39546,13.4835479452055,1305.84,1482.66333333333,13.5803264840183
"1380","robinson2",2021,285,0.39487,13.4835479452055,1305.84,1482.66333333333,13.5803264840183
"1381","robinson2",2021,286,0.39404,13.4835479452055,1305.84,1482.66333333333,13.5803264840183
"1382","robinson2",2021,287,0.39297,13.4835479452055,1305.84,1482.66333333333,13.5803264840183
"1383","robinson2",2021,288,0.39184,13.4835479452055,1305.84,1482.66333333333,13.5803264840183
"1384","robinson2",2021,289,0.39084,13.4835479452055,1305.84,1482.66333333333,13.5803264840183
"1385","robinson2",2021,290,0.39006,13.4835479452055,1305.84,1482.66333333333,13.5803264840183
"1386","robinson2",2021,291,0.38936,13.4835479452055,1305.84,1482.66333333333,13.5803264840183
"1387","robinson2",2021,292,0.3885,13.4835479452055,1305.84,1482.66333333333,13.5803264840183
"1388","robinson2",2021,293,0.38755,13.4835479452055,1305.84,1482.66333333333,13.5803264840183
"1389","robinson2",2021,294,0.38664,13.4835479452055,1305.84,1482.66333333333,13.5803264840183
"1390","robinson2",2021,295,0.38571,13.4835479452055,1305.84,1482.66333333333,13.5803264840183
"1391","robinson2",2021,296,0.38467,13.4835479452055,1305.84,1482.66333333333,13.5803264840183
"1392","robinson2",2021,297,0.38346,13.4835479452055,1305.84,1482.66333333333,13.5803264840183
"1393","robinson2",2021,298,0.38199,13.4835479452055,1305.84,1482.66333333333,13.5803264840183
"1394","robinson2",2021,299,0.38029,13.4835479452055,1305.84,1482.66333333333,13.5803264840183
"1395","robinson2",2021,300,0.37842,13.4835479452055,1305.84,1482.66333333333,13.5803264840183
"1396","robinson2",2021,301,0.3764,13.4835479452055,1305.84,1482.66333333333,13.5803264840183
"1397","robinson2",2021,302,0.37423,13.4835479452055,1305.84,1482.66333333333,13.5803264840183
"1398","robinson2",2021,303,0.37194,13.4835479452055,1305.84,1482.66333333333,13.5803264840183
"1399","robinson2",2021,304,0.36954,13.4835479452055,1305.84,1482.66333333333,13.5803264840183
"1400","robinson2",2021,305,0.36686,13.4835479452055,1305.84,1482.66333333333,13.5803264840183
"1401","robinson2",2021,306,0.36382,13.4835479452055,1305.84,1482.66333333333,13.5803264840183
"1402","robinson2",2021,307,0.36058,13.4835479452055,1305.84,1482.66333333333,13.5803264840183
"1403","robinson2",2021,308,0.35728,13.4835479452055,1305.84,1482.66333333333,13.5803264840183
"1404","robinson2",2021,309,0.3541,13.4835479452055,1305.84,1482.66333333333,13.5803264840183
"1405","robinson2",2021,310,0.35116,13.4835479452055,1305.84,1482.66333333333,13.5803264840183
"1406","robinson2",2021,311,0.34821,13.4835479452055,1305.84,1482.66333333333,13.5803264840183
"1407","robinson2",2021,312,0.345,13.4835479452055,1305.84,1482.66333333333,13.5803264840183
"1408","robinson2",2021,313,0.34178,13.4835479452055,1305.84,1482.66333333333,13.5803264840183
"1409","robinson2",2021,314,0.33877,13.4835479452055,1305.84,1482.66333333333,13.5803264840183
"1410","robinson2",2021,315,0.33619,13.4835479452055,1305.84,1482.66333333333,13.5803264840183
"1411","robinson2",2021,316,0.33428,13.4835479452055,1305.84,1482.66333333333,13.5803264840183
"1412","robinson2",2021,317,0.33303,13.4835479452055,1305.84,1482.66333333333,13.5803264840183
"1413","robinson2",2021,318,0.33224,13.4835479452055,1305.84,1482.66333333333,13.5803264840183
"1414","robinson2",2021,319,0.33182,13.4835479452055,1305.84,1482.66333333333,13.5803264840183
"1415","robinson2",2021,320,0.33171,13.4835479452055,1305.84,1482.66333333333,13.5803264840183
"1416","robinson2",2021,321,0.33183,13.4835479452055,1305.84,1482.66333333333,13.5803264840183
"1417","robinson2",2021,322,0.3321,13.4835479452055,1305.84,1482.66333333333,13.5803264840183
"1418","robinson2",2021,323,0.33277,13.4835479452055,1305.84,1482.66333333333,13.5803264840183
"1419","robinson2",2021,324,0.33397,13.4835479452055,1305.84,1482.66333333333,13.5803264840183
"1420","robinson2",2021,325,0.33549,13.4835479452055,1305.84,1482.66333333333,13.5803264840183
"1421","robinson2",2021,326,0.33711,13.4835479452055,1305.84,1482.66333333333,13.5803264840183
"1422","robinson2",2021,327,0.33863,13.4835479452055,1305.84,1482.66333333333,13.5803264840183
"1423","robinson2",2021,328,0.33983,13.4835479452055,1305.84,1482.66333333333,13.5803264840183
"1424","robinson2",2021,329,0.34083,13.4835479452055,1305.84,1482.66333333333,13.5803264840183
"1425","robinson2",2021,330,0.34187,13.4835479452055,1305.84,1482.66333333333,13.5803264840183
"1426","robinson2",2021,331,0.34291,13.4835479452055,1305.84,1482.66333333333,13.5803264840183
"1427","robinson2",2021,332,0.34391,13.4835479452055,1305.84,1482.66333333333,13.5803264840183
"1428","robinson2",2021,333,0.34484,13.4835479452055,1305.84,1482.66333333333,13.5803264840183
"1429","robinson2",2021,334,0.34566,13.4835479452055,1305.84,1482.66333333333,13.5803264840183
"1430","robinson2",2021,335,0.34638,13.4835479452055,1305.84,1482.66333333333,13.5803264840183
"1431","robinson2",2021,336,0.34705,13.4835479452055,1305.84,1482.66333333333,13.5803264840183
"1432","robinson2",2021,337,0.34766,13.4835479452055,1305.84,1482.66333333333,13.5803264840183
"1433","robinson2",2021,338,0.34821,13.4835479452055,1305.84,1482.66333333333,13.5803264840183
"1434","robinson2",2021,339,0.34869,13.4835479452055,1305.84,1482.66333333333,13.5803264840183
"1435","robinson2",2021,340,0.3491,13.4835479452055,1305.84,1482.66333333333,13.5803264840183
"1436","robinson2",2021,341,0.34941,13.4835479452055,1305.84,1482.66333333333,13.5803264840183
"1437","robinson2",2021,342,0.34963,13.4835479452055,1305.84,1482.66333333333,13.5803264840183
"1438","robinson2",2021,343,0.34979,13.4835479452055,1305.84,1482.66333333333,13.5803264840183
"1439","robinson2",2021,344,0.34991,13.4835479452055,1305.84,1482.66333333333,13.5803264840183
"1440","robinson2",2021,345,0.35,13.4835479452055,1305.84,1482.66333333333,13.5803264840183
"1441","robinson2",2021,346,0.35011,13.4835479452055,1305.84,1482.66333333333,13.5803264840183
"1442","robinson2",2021,347,0.35017,13.4835479452055,1305.84,1482.66333333333,13.5803264840183
"1443","robinson2",2021,348,0.35014,13.4835479452055,1305.84,1482.66333333333,13.5803264840183
"1444","robinson2",2021,349,0.35006,13.4835479452055,1305.84,1482.66333333333,13.5803264840183
"1445","robinson2",2021,350,0.34998,13.4835479452055,1305.84,1482.66333333333,13.5803264840183
"1446","robinson2",2021,351,0.34994,13.4835479452055,1305.84,1482.66333333333,13.5803264840183
"1447","robinson2",2021,352,0.34998,13.4835479452055,1305.84,1482.66333333333,13.5803264840183
"1448","robinson2",2021,353,0.35011,13.4835479452055,1305.84,1482.66333333333,13.5803264840183
"1449","robinson2",2021,354,0.35028,13.4835479452055,1305.84,1482.66333333333,13.5803264840183
"1450","robinson2",2021,355,0.35049,13.4835479452055,1305.84,1482.66333333333,13.5803264840183
"1451","robinson2",2021,356,0.35071,13.4835479452055,1305.84,1482.66333333333,13.5803264840183
"1452","robinson2",2021,357,0.35093,13.4835479452055,1305.84,1482.66333333333,13.5803264840183
"1453","robinson2",2021,358,0.35111,13.4835479452055,1305.84,1482.66333333333,13.5803264840183
"1454","robinson2",2021,359,0.3513,13.4835479452055,1305.84,1482.66333333333,13.5803264840183
"1455","robinson2",2021,360,0.35151,13.4835479452055,1305.84,1482.66333333333,13.5803264840183
"1456","robinson2",2021,361,0.35173,13.4835479452055,1305.84,1482.66333333333,13.5803264840183
"1457","robinson2",2021,362,0.35192,13.4835479452055,1305.84,1482.66333333333,13.5803264840183
"1458","robinson2",2021,363,0.35206,13.4835479452055,1305.84,1482.66333333333,13.5803264840183
"1459","robinson2",2021,364,0.35213,13.4835479452055,1305.84,1482.66333333333,13.5803264840183
"1460","robinson2",2021,365,0.35211,13.4835479452055,1305.84,1482.66333333333,13.5803264840183
"1461","robinson2",2022,1,0.35201,13.0800547945205,1436.7,1482.66333333333,13.5803264840183
"1462","robinson2",2022,2,0.35186,13.0800547945205,1436.7,1482.66333333333,13.5803264840183
"1463","robinson2",2022,3,0.35168,13.0800547945205,1436.7,1482.66333333333,13.5803264840183
"1464","robinson2",2022,4,0.35149,13.0800547945205,1436.7,1482.66333333333,13.5803264840183
"1465","robinson2",2022,5,0.35134,13.0800547945205,1436.7,1482.66333333333,13.5803264840183
"1466","robinson2",2022,6,0.35118,13.0800547945205,1436.7,1482.66333333333,13.5803264840183
"1467","robinson2",2022,7,0.35099,13.0800547945205,1436.7,1482.66333333333,13.5803264840183
"1468","robinson2",2022,8,0.35078,13.0800547945205,1436.7,1482.66333333333,13.5803264840183
"1469","robinson2",2022,9,0.35058,13.0800547945205,1436.7,1482.66333333333,13.5803264840183
"1470","robinson2",2022,10,0.3504,13.0800547945205,1436.7,1482.66333333333,13.5803264840183
"1471","robinson2",2022,11,0.35027,13.0800547945205,1436.7,1482.66333333333,13.5803264840183
"1472","robinson2",2022,12,0.35018,13.0800547945205,1436.7,1482.66333333333,13.5803264840183
"1473","robinson2",2022,13,0.35012,13.0800547945205,1436.7,1482.66333333333,13.5803264840183
"1474","robinson2",2022,14,0.35006,13.0800547945205,1436.7,1482.66333333333,13.5803264840183
"1475","robinson2",2022,15,0.35001,13.0800547945205,1436.7,1482.66333333333,13.5803264840183
"1476","robinson2",2022,16,0.34994,13.0800547945205,1436.7,1482.66333333333,13.5803264840183
"1477","robinson2",2022,17,0.34986,13.0800547945205,1436.7,1482.66333333333,13.5803264840183
"1478","robinson2",2022,18,0.34975,13.0800547945205,1436.7,1482.66333333333,13.5803264840183
"1479","robinson2",2022,19,0.34963,13.0800547945205,1436.7,1482.66333333333,13.5803264840183
"1480","robinson2",2022,20,0.34952,13.0800547945205,1436.7,1482.66333333333,13.5803264840183
"1481","robinson2",2022,21,0.34941,13.0800547945205,1436.7,1482.66333333333,13.5803264840183
"1482","robinson2",2022,22,0.34932,13.0800547945205,1436.7,1482.66333333333,13.5803264840183
"1483","robinson2",2022,23,0.34925,13.0800547945205,1436.7,1482.66333333333,13.5803264840183
"1484","robinson2",2022,24,0.34919,13.0800547945205,1436.7,1482.66333333333,13.5803264840183
"1485","robinson2",2022,25,0.34912,13.0800547945205,1436.7,1482.66333333333,13.5803264840183
"1486","robinson2",2022,26,0.34905,13.0800547945205,1436.7,1482.66333333333,13.5803264840183
"1487","robinson2",2022,27,0.34899,13.0800547945205,1436.7,1482.66333333333,13.5803264840183
"1488","robinson2",2022,28,0.34897,13.0800547945205,1436.7,1482.66333333333,13.5803264840183
"1489","robinson2",2022,29,0.34899,13.0800547945205,1436.7,1482.66333333333,13.5803264840183
"1490","robinson2",2022,30,0.34907,13.0800547945205,1436.7,1482.66333333333,13.5803264840183
"1491","robinson2",2022,31,0.34923,13.0800547945205,1436.7,1482.66333333333,13.5803264840183
"1492","robinson2",2022,32,0.34942,13.0800547945205,1436.7,1482.66333333333,13.5803264840183
"1493","robinson2",2022,33,0.34961,13.0800547945205,1436.7,1482.66333333333,13.5803264840183
"1494","robinson2",2022,34,0.34979,13.0800547945205,1436.7,1482.66333333333,13.5803264840183
"1495","robinson2",2022,35,0.34991,13.0800547945205,1436.7,1482.66333333333,13.5803264840183
"1496","robinson2",2022,36,0.34999,13.0800547945205,1436.7,1482.66333333333,13.5803264840183
"1497","robinson2",2022,37,0.35006,13.0800547945205,1436.7,1482.66333333333,13.5803264840183
"1498","robinson2",2022,38,0.35011,13.0800547945205,1436.7,1482.66333333333,13.5803264840183
"1499","robinson2",2022,39,0.35017,13.0800547945205,1436.7,1482.66333333333,13.5803264840183
"1500","robinson2",2022,40,0.35022,13.0800547945205,1436.7,1482.66333333333,13.5803264840183
"1501","robinson2",2022,41,0.35028,13.0800547945205,1436.7,1482.66333333333,13.5803264840183
"1502","robinson2",2022,42,0.35034,13.0800547945205,1436.7,1482.66333333333,13.5803264840183
"1503","robinson2",2022,43,0.35041,13.0800547945205,1436.7,1482.66333333333,13.5803264840183
"1504","robinson2",2022,44,0.35048,13.0800547945205,1436.7,1482.66333333333,13.5803264840183
"1505","robinson2",2022,45,0.35054,13.0800547945205,1436.7,1482.66333333333,13.5803264840183
"1506","robinson2",2022,46,0.35059,13.0800547945205,1436.7,1482.66333333333,13.5803264840183
"1507","robinson2",2022,47,0.35062,13.0800547945205,1436.7,1482.66333333333,13.5803264840183
"1508","robinson2",2022,48,0.35063,13.0800547945205,1436.7,1482.66333333333,13.5803264840183
"1509","robinson2",2022,49,0.35061,13.0800547945205,1436.7,1482.66333333333,13.5803264840183
"1510","robinson2",2022,50,0.35058,13.0800547945205,1436.7,1482.66333333333,13.5803264840183
"1511","robinson2",2022,51,0.35056,13.0800547945205,1436.7,1482.66333333333,13.5803264840183
"1512","robinson2",2022,52,0.35056,13.0800547945205,1436.7,1482.66333333333,13.5803264840183
"1513","robinson2",2022,53,0.35059,13.0800547945205,1436.7,1482.66333333333,13.5803264840183
"1514","robinson2",2022,54,0.35065,13.0800547945205,1436.7,1482.66333333333,13.5803264840183
"1515","robinson2",2022,55,0.35073,13.0800547945205,1436.7,1482.66333333333,13.5803264840183
"1516","robinson2",2022,56,0.35082,13.0800547945205,1436.7,1482.66333333333,13.5803264840183
"1517","robinson2",2022,57,0.35092,13.0800547945205,1436.7,1482.66333333333,13.5803264840183
"1518","robinson2",2022,58,0.351,13.0800547945205,1436.7,1482.66333333333,13.5803264840183
"1519","robinson2",2022,59,0.35107,13.0800547945205,1436.7,1482.66333333333,13.5803264840183
"1520","robinson2",2022,60,0.35119,13.0800547945205,1436.7,1482.66333333333,13.5803264840183
"1521","robinson2",2022,61,0.35136,13.0800547945205,1436.7,1482.66333333333,13.5803264840183
"1522","robinson2",2022,62,0.35156,13.0800547945205,1436.7,1482.66333333333,13.5803264840183
"1523","robinson2",2022,63,0.35173,13.0800547945205,1436.7,1482.66333333333,13.5803264840183
"1524","robinson2",2022,64,0.35182,13.0800547945205,1436.7,1482.66333333333,13.5803264840183
"1525","robinson2",2022,65,0.35178,13.0800547945205,1436.7,1482.66333333333,13.5803264840183
"1526","robinson2",2022,66,0.35163,13.0800547945205,1436.7,1482.66333333333,13.5803264840183
"1527","robinson2",2022,67,0.35143,13.0800547945205,1436.7,1482.66333333333,13.5803264840183
"1528","robinson2",2022,68,0.3512,13.0800547945205,1436.7,1482.66333333333,13.5803264840183
"1529","robinson2",2022,69,0.35098,13.0800547945205,1436.7,1482.66333333333,13.5803264840183
"1530","robinson2",2022,70,0.35081,13.0800547945205,1436.7,1482.66333333333,13.5803264840183
"1531","robinson2",2022,71,0.3507,13.0800547945205,1436.7,1482.66333333333,13.5803264840183
"1532","robinson2",2022,72,0.35068,13.0800547945205,1436.7,1482.66333333333,13.5803264840183
"1533","robinson2",2022,73,0.35073,13.0800547945205,1436.7,1482.66333333333,13.5803264840183
"1534","robinson2",2022,74,0.35081,13.0800547945205,1436.7,1482.66333333333,13.5803264840183
"1535","robinson2",2022,75,0.3509,13.0800547945205,1436.7,1482.66333333333,13.5803264840183
"1536","robinson2",2022,76,0.35097,13.0800547945205,1436.7,1482.66333333333,13.5803264840183
"1537","robinson2",2022,77,0.35099,13.0800547945205,1436.7,1482.66333333333,13.5803264840183
"1538","robinson2",2022,78,0.35097,13.0800547945205,1436.7,1482.66333333333,13.5803264840183
"1539","robinson2",2022,79,0.35094,13.0800547945205,1436.7,1482.66333333333,13.5803264840183
"1540","robinson2",2022,80,0.35089,13.0800547945205,1436.7,1482.66333333333,13.5803264840183
"1541","robinson2",2022,81,0.35085,13.0800547945205,1436.7,1482.66333333333,13.5803264840183
"1542","robinson2",2022,82,0.3508,13.0800547945205,1436.7,1482.66333333333,13.5803264840183
"1543","robinson2",2022,83,0.35075,13.0800547945205,1436.7,1482.66333333333,13.5803264840183
"1544","robinson2",2022,84,0.35069,13.0800547945205,1436.7,1482.66333333333,13.5803264840183
"1545","robinson2",2022,85,0.35061,13.0800547945205,1436.7,1482.66333333333,13.5803264840183
"1546","robinson2",2022,86,0.35052,13.0800547945205,1436.7,1482.66333333333,13.5803264840183
"1547","robinson2",2022,87,0.35045,13.0800547945205,1436.7,1482.66333333333,13.5803264840183
"1548","robinson2",2022,88,0.3504,13.0800547945205,1436.7,1482.66333333333,13.5803264840183
"1549","robinson2",2022,89,0.35039,13.0800547945205,1436.7,1482.66333333333,13.5803264840183
"1550","robinson2",2022,90,0.35043,13.0800547945205,1436.7,1482.66333333333,13.5803264840183
"1551","robinson2",2022,91,0.3505,13.0800547945205,1436.7,1482.66333333333,13.5803264840183
"1552","robinson2",2022,92,0.3506,13.0800547945205,1436.7,1482.66333333333,13.5803264840183
"1553","robinson2",2022,93,0.35074,13.0800547945205,1436.7,1482.66333333333,13.5803264840183
"1554","robinson2",2022,94,0.3509,13.0800547945205,1436.7,1482.66333333333,13.5803264840183
"1555","robinson2",2022,95,0.35109,13.0800547945205,1436.7,1482.66333333333,13.5803264840183
"1556","robinson2",2022,96,0.35127,13.0800547945205,1436.7,1482.66333333333,13.5803264840183
"1557","robinson2",2022,97,0.35144,13.0800547945205,1436.7,1482.66333333333,13.5803264840183
"1558","robinson2",2022,98,0.35162,13.0800547945205,1436.7,1482.66333333333,13.5803264840183
"1559","robinson2",2022,99,0.35182,13.0800547945205,1436.7,1482.66333333333,13.5803264840183
"1560","robinson2",2022,100,0.35207,13.0800547945205,1436.7,1482.66333333333,13.5803264840183
"1561","robinson2",2022,101,0.35238,13.0800547945205,1436.7,1482.66333333333,13.5803264840183
"1562","robinson2",2022,102,0.35256,13.0800547945205,1436.7,1482.66333333333,13.5803264840183
"1563","robinson2",2022,103,0.35251,13.0800547945205,1436.7,1482.66333333333,13.5803264840183
"1564","robinson2",2022,104,0.35244,13.0800547945205,1436.7,1482.66333333333,13.5803264840183
"1565","robinson2",2022,105,0.35255,13.0800547945205,1436.7,1482.66333333333,13.5803264840183
"1566","robinson2",2022,106,0.35304,13.0800547945205,1436.7,1482.66333333333,13.5803264840183
"1567","robinson2",2022,107,0.3541,13.0800547945205,1436.7,1482.66333333333,13.5803264840183
"1568","robinson2",2022,108,0.35554,13.0800547945205,1436.7,1482.66333333333,13.5803264840183
"1569","robinson2",2022,109,0.3571,13.0800547945205,1436.7,1482.66333333333,13.5803264840183
"1570","robinson2",2022,110,0.3589,13.0800547945205,1436.7,1482.66333333333,13.5803264840183
"1571","robinson2",2022,111,0.36106,13.0800547945205,1436.7,1482.66333333333,13.5803264840183
"1572","robinson2",2022,112,0.36371,13.0800547945205,1436.7,1482.66333333333,13.5803264840183
"1573","robinson2",2022,113,0.36696,13.0800547945205,1436.7,1482.66333333333,13.5803264840183
"1574","robinson2",2022,114,0.37121,13.0800547945205,1436.7,1482.66333333333,13.5803264840183
"1575","robinson2",2022,115,0.37639,13.0800547945205,1436.7,1482.66333333333,13.5803264840183
"1576","robinson2",2022,116,0.38188,13.0800547945205,1436.7,1482.66333333333,13.5803264840183
"1577","robinson2",2022,117,0.38704,13.0800547945205,1436.7,1482.66333333333,13.5803264840183
"1578","robinson2",2022,118,0.39291,13.0800547945205,1436.7,1482.66333333333,13.5803264840183
"1579","robinson2",2022,119,0.39969,13.0800547945205,1436.7,1482.66333333333,13.5803264840183
"1580","robinson2",2022,120,0.40557,13.0800547945205,1436.7,1482.66333333333,13.5803264840183
"1581","robinson2",2022,121,0.41068,13.0800547945205,1436.7,1482.66333333333,13.5803264840183
"1582","robinson2",2022,122,0.41613,13.0800547945205,1436.7,1482.66333333333,13.5803264840183
"1583","robinson2",2022,123,0.42156,13.0800547945205,1436.7,1482.66333333333,13.5803264840183
"1584","robinson2",2022,124,0.42665,13.0800547945205,1436.7,1482.66333333333,13.5803264840183
"1585","robinson2",2022,125,0.43105,13.0800547945205,1436.7,1482.66333333333,13.5803264840183
"1586","robinson2",2022,126,0.43441,13.0800547945205,1436.7,1482.66333333333,13.5803264840183
"1587","robinson2",2022,127,0.43669,13.0800547945205,1436.7,1482.66333333333,13.5803264840183
"1588","robinson2",2022,128,0.43818,13.0800547945205,1436.7,1482.66333333333,13.5803264840183
"1589","robinson2",2022,129,0.43902,13.0800547945205,1436.7,1482.66333333333,13.5803264840183
"1590","robinson2",2022,130,0.43938,13.0800547945205,1436.7,1482.66333333333,13.5803264840183
"1591","robinson2",2022,131,0.4394,13.0800547945205,1436.7,1482.66333333333,13.5803264840183
"1592","robinson2",2022,132,0.43925,13.0800547945205,1436.7,1482.66333333333,13.5803264840183
"1593","robinson2",2022,133,0.43862,13.0800547945205,1436.7,1482.66333333333,13.5803264840183
"1594","robinson2",2022,134,0.43726,13.0800547945205,1436.7,1482.66333333333,13.5803264840183
"1595","robinson2",2022,135,0.43547,13.0800547945205,1436.7,1482.66333333333,13.5803264840183
"1596","robinson2",2022,136,0.43355,13.0800547945205,1436.7,1482.66333333333,13.5803264840183
"1597","robinson2",2022,137,0.43178,13.0800547945205,1436.7,1482.66333333333,13.5803264840183
"1598","robinson2",2022,138,0.43045,13.0800547945205,1436.7,1482.66333333333,13.5803264840183
"1599","robinson2",2022,139,0.42943,13.0800547945205,1436.7,1482.66333333333,13.5803264840183
"1600","robinson2",2022,140,0.42838,13.0800547945205,1436.7,1482.66333333333,13.5803264840183
"1601","robinson2",2022,141,0.42734,13.0800547945205,1436.7,1482.66333333333,13.5803264840183
"1602","robinson2",2022,142,0.42632,13.0800547945205,1436.7,1482.66333333333,13.5803264840183
"1603","robinson2",2022,143,0.42536,13.0800547945205,1436.7,1482.66333333333,13.5803264840183
"1604","robinson2",2022,144,0.42447,13.0800547945205,1436.7,1482.66333333333,13.5803264840183
"1605","robinson2",2022,145,0.4237,13.0800547945205,1436.7,1482.66333333333,13.5803264840183
"1606","robinson2",2022,146,0.42303,13.0800547945205,1436.7,1482.66333333333,13.5803264840183
"1607","robinson2",2022,147,0.42243,13.0800547945205,1436.7,1482.66333333333,13.5803264840183
"1608","robinson2",2022,148,0.42184,13.0800547945205,1436.7,1482.66333333333,13.5803264840183
"1609","robinson2",2022,149,0.42122,13.0800547945205,1436.7,1482.66333333333,13.5803264840183
"1610","robinson2",2022,150,0.42053,13.0800547945205,1436.7,1482.66333333333,13.5803264840183
"1611","robinson2",2022,151,0.41972,13.0800547945205,1436.7,1482.66333333333,13.5803264840183
"1612","robinson2",2022,152,0.41881,13.0800547945205,1436.7,1482.66333333333,13.5803264840183
"1613","robinson2",2022,153,0.41787,13.0800547945205,1436.7,1482.66333333333,13.5803264840183
"1614","robinson2",2022,154,0.41694,13.0800547945205,1436.7,1482.66333333333,13.5803264840183
"1615","robinson2",2022,155,0.41607,13.0800547945205,1436.7,1482.66333333333,13.5803264840183
"1616","robinson2",2022,156,0.41533,13.0800547945205,1436.7,1482.66333333333,13.5803264840183
"1617","robinson2",2022,157,0.41469,13.0800547945205,1436.7,1482.66333333333,13.5803264840183
"1618","robinson2",2022,158,0.41411,13.0800547945205,1436.7,1482.66333333333,13.5803264840183
"1619","robinson2",2022,159,0.4136,13.0800547945205,1436.7,1482.66333333333,13.5803264840183
"1620","robinson2",2022,160,0.41314,13.0800547945205,1436.7,1482.66333333333,13.5803264840183
"1621","robinson2",2022,161,0.41274,13.0800547945205,1436.7,1482.66333333333,13.5803264840183
"1622","robinson2",2022,162,0.4124,13.0800547945205,1436.7,1482.66333333333,13.5803264840183
"1623","robinson2",2022,163,0.41217,13.0800547945205,1436.7,1482.66333333333,13.5803264840183
"1624","robinson2",2022,164,0.41207,13.0800547945205,1436.7,1482.66333333333,13.5803264840183
"1625","robinson2",2022,165,0.41204,13.0800547945205,1436.7,1482.66333333333,13.5803264840183
"1626","robinson2",2022,166,0.41203,13.0800547945205,1436.7,1482.66333333333,13.5803264840183
"1627","robinson2",2022,167,0.41197,13.0800547945205,1436.7,1482.66333333333,13.5803264840183
"1628","robinson2",2022,168,0.4118,13.0800547945205,1436.7,1482.66333333333,13.5803264840183
"1629","robinson2",2022,169,0.41153,13.0800547945205,1436.7,1482.66333333333,13.5803264840183
"1630","robinson2",2022,170,0.41119,13.0800547945205,1436.7,1482.66333333333,13.5803264840183
"1631","robinson2",2022,171,0.41083,13.0800547945205,1436.7,1482.66333333333,13.5803264840183
"1632","robinson2",2022,172,0.41049,13.0800547945205,1436.7,1482.66333333333,13.5803264840183
"1633","robinson2",2022,173,0.41018,13.0800547945205,1436.7,1482.66333333333,13.5803264840183
"1634","robinson2",2022,174,0.40996,13.0800547945205,1436.7,1482.66333333333,13.5803264840183
"1635","robinson2",2022,175,0.40981,13.0800547945205,1436.7,1482.66333333333,13.5803264840183
"1636","robinson2",2022,176,0.40967,13.0800547945205,1436.7,1482.66333333333,13.5803264840183
"1637","robinson2",2022,177,0.40957,13.0800547945205,1436.7,1482.66333333333,13.5803264840183
"1638","robinson2",2022,178,0.40949,13.0800547945205,1436.7,1482.66333333333,13.5803264840183
"1639","robinson2",2022,179,0.40945,13.0800547945205,1436.7,1482.66333333333,13.5803264840183
"1640","robinson2",2022,180,0.40944,13.0800547945205,1436.7,1482.66333333333,13.5803264840183
"1641","robinson2",2022,181,0.40954,13.0800547945205,1436.7,1482.66333333333,13.5803264840183
"1642","robinson2",2022,182,0.40979,13.0800547945205,1436.7,1482.66333333333,13.5803264840183
"1643","robinson2",2022,183,0.41011,13.0800547945205,1436.7,1482.66333333333,13.5803264840183
"1644","robinson2",2022,184,0.41042,13.0800547945205,1436.7,1482.66333333333,13.5803264840183
"1645","robinson2",2022,185,0.41065,13.0800547945205,1436.7,1482.66333333333,13.5803264840183
"1646","robinson2",2022,186,0.41071,13.0800547945205,1436.7,1482.66333333333,13.5803264840183
"1647","robinson2",2022,187,0.41061,13.0800547945205,1436.7,1482.66333333333,13.5803264840183
"1648","robinson2",2022,188,0.41041,13.0800547945205,1436.7,1482.66333333333,13.5803264840183
"1649","robinson2",2022,189,0.41012,13.0800547945205,1436.7,1482.66333333333,13.5803264840183
"1650","robinson2",2022,190,0.40978,13.0800547945205,1436.7,1482.66333333333,13.5803264840183
"1651","robinson2",2022,191,0.4094,13.0800547945205,1436.7,1482.66333333333,13.5803264840183
"1652","robinson2",2022,192,0.40901,13.0800547945205,1436.7,1482.66333333333,13.5803264840183
"1653","robinson2",2022,193,0.40854,13.0800547945205,1436.7,1482.66333333333,13.5803264840183
"1654","robinson2",2022,194,0.40794,13.0800547945205,1436.7,1482.66333333333,13.5803264840183
"1655","robinson2",2022,195,0.40728,13.0800547945205,1436.7,1482.66333333333,13.5803264840183
"1656","robinson2",2022,196,0.40664,13.0800547945205,1436.7,1482.66333333333,13.5803264840183
"1657","robinson2",2022,197,0.40609,13.0800547945205,1436.7,1482.66333333333,13.5803264840183
"1658","robinson2",2022,198,0.40571,13.0800547945205,1436.7,1482.66333333333,13.5803264840183
"1659","robinson2",2022,199,0.40539,13.0800547945205,1436.7,1482.66333333333,13.5803264840183
"1660","robinson2",2022,200,0.40505,13.0800547945205,1436.7,1482.66333333333,13.5803264840183
"1661","robinson2",2022,201,0.40474,13.0800547945205,1436.7,1482.66333333333,13.5803264840183
"1662","robinson2",2022,202,0.40456,13.0800547945205,1436.7,1482.66333333333,13.5803264840183
"1663","robinson2",2022,203,0.40456,13.0800547945205,1436.7,1482.66333333333,13.5803264840183
"1664","robinson2",2022,204,0.40484,13.0800547945205,1436.7,1482.66333333333,13.5803264840183
"1665","robinson2",2022,205,0.40531,13.0800547945205,1436.7,1482.66333333333,13.5803264840183
"1666","robinson2",2022,206,0.40581,13.0800547945205,1436.7,1482.66333333333,13.5803264840183
"1667","robinson2",2022,207,0.4063,13.0800547945205,1436.7,1482.66333333333,13.5803264840183
"1668","robinson2",2022,208,0.40674,13.0800547945205,1436.7,1482.66333333333,13.5803264840183
"1669","robinson2",2022,209,0.40708,13.0800547945205,1436.7,1482.66333333333,13.5803264840183
"1670","robinson2",2022,210,0.40727,13.0800547945205,1436.7,1482.66333333333,13.5803264840183
"1671","robinson2",2022,211,0.4074,13.0800547945205,1436.7,1482.66333333333,13.5803264840183
"1672","robinson2",2022,212,0.40754,13.0800547945205,1436.7,1482.66333333333,13.5803264840183
"1673","robinson2",2022,213,0.40764,13.0800547945205,1436.7,1482.66333333333,13.5803264840183
"1674","robinson2",2022,214,0.40767,13.0800547945205,1436.7,1482.66333333333,13.5803264840183
"1675","robinson2",2022,215,0.40759,13.0800547945205,1436.7,1482.66333333333,13.5803264840183
"1676","robinson2",2022,216,0.40736,13.0800547945205,1436.7,1482.66333333333,13.5803264840183
"1677","robinson2",2022,217,0.40695,13.0800547945205,1436.7,1482.66333333333,13.5803264840183
"1678","robinson2",2022,218,0.40639,13.0800547945205,1436.7,1482.66333333333,13.5803264840183
"1679","robinson2",2022,219,0.40571,13.0800547945205,1436.7,1482.66333333333,13.5803264840183
"1680","robinson2",2022,220,0.40497,13.0800547945205,1436.7,1482.66333333333,13.5803264840183
"1681","robinson2",2022,221,0.40422,13.0800547945205,1436.7,1482.66333333333,13.5803264840183
"1682","robinson2",2022,222,0.40352,13.0800547945205,1436.7,1482.66333333333,13.5803264840183
"1683","robinson2",2022,223,0.40296,13.0800547945205,1436.7,1482.66333333333,13.5803264840183
"1684","robinson2",2022,224,0.40258,13.0800547945205,1436.7,1482.66333333333,13.5803264840183
"1685","robinson2",2022,225,0.40233,13.0800547945205,1436.7,1482.66333333333,13.5803264840183
"1686","robinson2",2022,226,0.40216,13.0800547945205,1436.7,1482.66333333333,13.5803264840183
"1687","robinson2",2022,227,0.40201,13.0800547945205,1436.7,1482.66333333333,13.5803264840183
"1688","robinson2",2022,228,0.40183,13.0800547945205,1436.7,1482.66333333333,13.5803264840183
"1689","robinson2",2022,229,0.40168,13.0800547945205,1436.7,1482.66333333333,13.5803264840183
"1690","robinson2",2022,230,0.40164,13.0800547945205,1436.7,1482.66333333333,13.5803264840183
"1691","robinson2",2022,231,0.40166,13.0800547945205,1436.7,1482.66333333333,13.5803264840183
"1692","robinson2",2022,232,0.40171,13.0800547945205,1436.7,1482.66333333333,13.5803264840183
"1693","robinson2",2022,233,0.40173,13.0800547945205,1436.7,1482.66333333333,13.5803264840183
"1694","robinson2",2022,234,0.4017,13.0800547945205,1436.7,1482.66333333333,13.5803264840183
"1695","robinson2",2022,235,0.4016,13.0800547945205,1436.7,1482.66333333333,13.5803264840183
"1696","robinson2",2022,236,0.40148,13.0800547945205,1436.7,1482.66333333333,13.5803264840183
"1697","robinson2",2022,237,0.40133,13.0800547945205,1436.7,1482.66333333333,13.5803264840183
"1698","robinson2",2022,238,0.40118,13.0800547945205,1436.7,1482.66333333333,13.5803264840183
"1699","robinson2",2022,239,0.40105,13.0800547945205,1436.7,1482.66333333333,13.5803264840183
"1700","robinson2",2022,240,0.40096,13.0800547945205,1436.7,1482.66333333333,13.5803264840183
"1701","robinson2",2022,241,0.4009,13.0800547945205,1436.7,1482.66333333333,13.5803264840183
"1702","robinson2",2022,242,0.40088,13.0800547945205,1436.7,1482.66333333333,13.5803264840183
"1703","robinson2",2022,243,0.40087,13.0800547945205,1436.7,1482.66333333333,13.5803264840183
"1704","robinson2",2022,244,0.40086,13.0800547945205,1436.7,1482.66333333333,13.5803264840183
"1705","robinson2",2022,245,0.40084,13.0800547945205,1436.7,1482.66333333333,13.5803264840183
"1706","robinson2",2022,246,0.4008,13.0800547945205,1436.7,1482.66333333333,13.5803264840183
"1707","robinson2",2022,247,0.40076,13.0800547945205,1436.7,1482.66333333333,13.5803264840183
"1708","robinson2",2022,248,0.40076,13.0800547945205,1436.7,1482.66333333333,13.5803264840183
"1709","robinson2",2022,249,0.40077,13.0800547945205,1436.7,1482.66333333333,13.5803264840183
"1710","robinson2",2022,250,0.40075,13.0800547945205,1436.7,1482.66333333333,13.5803264840183
"1711","robinson2",2022,251,0.40068,13.0800547945205,1436.7,1482.66333333333,13.5803264840183
"1712","robinson2",2022,252,0.4005,13.0800547945205,1436.7,1482.66333333333,13.5803264840183
"1713","robinson2",2022,253,0.40019,13.0800547945205,1436.7,1482.66333333333,13.5803264840183
"1714","robinson2",2022,254,0.39976,13.0800547945205,1436.7,1482.66333333333,13.5803264840183
"1715","robinson2",2022,255,0.39925,13.0800547945205,1436.7,1482.66333333333,13.5803264840183
"1716","robinson2",2022,256,0.39873,13.0800547945205,1436.7,1482.66333333333,13.5803264840183
"1717","robinson2",2022,257,0.39824,13.0800547945205,1436.7,1482.66333333333,13.5803264840183
"1718","robinson2",2022,258,0.39784,13.0800547945205,1436.7,1482.66333333333,13.5803264840183
"1719","robinson2",2022,259,0.39754,13.0800547945205,1436.7,1482.66333333333,13.5803264840183
"1720","robinson2",2022,260,0.39729,13.0800547945205,1436.7,1482.66333333333,13.5803264840183
"1721","robinson2",2022,261,0.39705,13.0800547945205,1436.7,1482.66333333333,13.5803264840183
"1722","robinson2",2022,262,0.39682,13.0800547945205,1436.7,1482.66333333333,13.5803264840183
"1723","robinson2",2022,263,0.39655,13.0800547945205,1436.7,1482.66333333333,13.5803264840183
"1724","robinson2",2022,264,0.39622,13.0800547945205,1436.7,1482.66333333333,13.5803264840183
"1725","robinson2",2022,265,0.39589,13.0800547945205,1436.7,1482.66333333333,13.5803264840183
"1726","robinson2",2022,266,0.39563,13.0800547945205,1436.7,1482.66333333333,13.5803264840183
"1727","robinson2",2022,267,0.39538,13.0800547945205,1436.7,1482.66333333333,13.5803264840183
"1728","robinson2",2022,268,0.39509,13.0800547945205,1436.7,1482.66333333333,13.5803264840183
"1729","robinson2",2022,269,0.39473,13.0800547945205,1436.7,1482.66333333333,13.5803264840183
"1730","robinson2",2022,270,0.39424,13.0800547945205,1436.7,1482.66333333333,13.5803264840183
"1731","robinson2",2022,271,0.39366,13.0800547945205,1436.7,1482.66333333333,13.5803264840183
"1732","robinson2",2022,272,0.39303,13.0800547945205,1436.7,1482.66333333333,13.5803264840183
"1733","robinson2",2022,273,0.39232,13.0800547945205,1436.7,1482.66333333333,13.5803264840183
"1734","robinson2",2022,274,0.39152,13.0800547945205,1436.7,1482.66333333333,13.5803264840183
"1735","robinson2",2022,275,0.39058,13.0800547945205,1436.7,1482.66333333333,13.5803264840183
"1736","robinson2",2022,276,0.38949,13.0800547945205,1436.7,1482.66333333333,13.5803264840183
"1737","robinson2",2022,277,0.38827,13.0800547945205,1436.7,1482.66333333333,13.5803264840183
"1738","robinson2",2022,278,0.38698,13.0800547945205,1436.7,1482.66333333333,13.5803264840183
"1739","robinson2",2022,279,0.38559,13.0800547945205,1436.7,1482.66333333333,13.5803264840183
"1740","robinson2",2022,280,0.38408,13.0800547945205,1436.7,1482.66333333333,13.5803264840183
"1741","robinson2",2022,281,0.38242,13.0800547945205,1436.7,1482.66333333333,13.5803264840183
"1742","robinson2",2022,282,0.38061,13.0800547945205,1436.7,1482.66333333333,13.5803264840183
"1743","robinson2",2022,283,0.37863,13.0800547945205,1436.7,1482.66333333333,13.5803264840183
"1744","robinson2",2022,284,0.37651,13.0800547945205,1436.7,1482.66333333333,13.5803264840183
"1745","robinson2",2022,285,0.37426,13.0800547945205,1436.7,1482.66333333333,13.5803264840183
"1746","robinson2",2022,286,0.37188,13.0800547945205,1436.7,1482.66333333333,13.5803264840183
"1747","robinson2",2022,287,0.3694,13.0800547945205,1436.7,1482.66333333333,13.5803264840183
"1748","robinson2",2022,288,0.36682,13.0800547945205,1436.7,1482.66333333333,13.5803264840183
"1749","robinson2",2022,289,0.36399,13.0800547945205,1436.7,1482.66333333333,13.5803264840183
"1750","robinson2",2022,290,0.36083,13.0800547945205,1436.7,1482.66333333333,13.5803264840183
"1751","robinson2",2022,291,0.35749,13.0800547945205,1436.7,1482.66333333333,13.5803264840183
"1752","robinson2",2022,292,0.35412,13.0800547945205,1436.7,1482.66333333333,13.5803264840183
"1753","robinson2",2022,293,0.35085,13.0800547945205,1436.7,1482.66333333333,13.5803264840183
"1754","robinson2",2022,294,0.34784,13.0800547945205,1436.7,1482.66333333333,13.5803264840183
"1755","robinson2",2022,295,0.34473,13.0800547945205,1436.7,1482.66333333333,13.5803264840183
"1756","robinson2",2022,296,0.34127,13.0800547945205,1436.7,1482.66333333333,13.5803264840183
"1757","robinson2",2022,297,0.33777,13.0800547945205,1436.7,1482.66333333333,13.5803264840183
"1758","robinson2",2022,298,0.33452,13.0800547945205,1436.7,1482.66333333333,13.5803264840183
"1759","robinson2",2022,299,0.33183,13.0800547945205,1436.7,1482.66333333333,13.5803264840183
"1760","robinson2",2022,300,0.33,13.0800547945205,1436.7,1482.66333333333,13.5803264840183
"1761","robinson2",2022,301,0.32907,13.0800547945205,1436.7,1482.66333333333,13.5803264840183
"1762","robinson2",2022,302,0.32881,13.0800547945205,1436.7,1482.66333333333,13.5803264840183
"1763","robinson2",2022,303,0.32906,13.0800547945205,1436.7,1482.66333333333,13.5803264840183
"1764","robinson2",2022,304,0.32967,13.0800547945205,1436.7,1482.66333333333,13.5803264840183
"1765","robinson2",2022,305,0.3305,13.0800547945205,1436.7,1482.66333333333,13.5803264840183
"1766","robinson2",2022,306,0.3314,13.0800547945205,1436.7,1482.66333333333,13.5803264840183
"1767","robinson2",2022,307,0.33299,13.0800547945205,1436.7,1482.66333333333,13.5803264840183
"1768","robinson2",2022,308,0.33546,13.0800547945205,1436.7,1482.66333333333,13.5803264840183
"1769","robinson2",2022,309,0.33802,13.0800547945205,1436.7,1482.66333333333,13.5803264840183
"1770","robinson2",2022,310,0.3399,13.0800547945205,1436.7,1482.66333333333,13.5803264840183
"1771","robinson2",2022,311,0.34143,13.0800547945205,1436.7,1482.66333333333,13.5803264840183
"1772","robinson2",2022,312,0.34312,13.0800547945205,1436.7,1482.66333333333,13.5803264840183
"1773","robinson2",2022,313,0.34446,13.0800547945205,1436.7,1482.66333333333,13.5803264840183
"1774","robinson2",2022,314,0.34529,13.0800547945205,1436.7,1482.66333333333,13.5803264840183
"1775","robinson2",2022,315,0.34585,13.0800547945205,1436.7,1482.66333333333,13.5803264840183
"1776","robinson2",2022,316,0.34622,13.0800547945205,1436.7,1482.66333333333,13.5803264840183
"1777","robinson2",2022,317,0.34647,13.0800547945205,1436.7,1482.66333333333,13.5803264840183
"1778","robinson2",2022,318,0.34668,13.0800547945205,1436.7,1482.66333333333,13.5803264840183
"1779","robinson2",2022,319,0.34693,13.0800547945205,1436.7,1482.66333333333,13.5803264840183
"1780","robinson2",2022,320,0.34712,13.0800547945205,1436.7,1482.66333333333,13.5803264840183
"1781","robinson2",2022,321,0.34717,13.0800547945205,1436.7,1482.66333333333,13.5803264840183
"1782","robinson2",2022,322,0.34713,13.0800547945205,1436.7,1482.66333333333,13.5803264840183
"1783","robinson2",2022,323,0.34706,13.0800547945205,1436.7,1482.66333333333,13.5803264840183
"1784","robinson2",2022,324,0.34701,13.0800547945205,1436.7,1482.66333333333,13.5803264840183
"1785","robinson2",2022,325,0.34704,13.0800547945205,1436.7,1482.66333333333,13.5803264840183
"1786","robinson2",2022,326,0.34713,13.0800547945205,1436.7,1482.66333333333,13.5803264840183
"1787","robinson2",2022,327,0.34722,13.0800547945205,1436.7,1482.66333333333,13.5803264840183
"1788","robinson2",2022,328,0.34731,13.0800547945205,1436.7,1482.66333333333,13.5803264840183
"1789","robinson2",2022,329,0.3474,13.0800547945205,1436.7,1482.66333333333,13.5803264840183
"1790","robinson2",2022,330,0.3475,13.0800547945205,1436.7,1482.66333333333,13.5803264840183
"1791","robinson2",2022,331,0.3476,13.0800547945205,1436.7,1482.66333333333,13.5803264840183
"1792","robinson2",2022,332,0.34772,13.0800547945205,1436.7,1482.66333333333,13.5803264840183
"1793","robinson2",2022,333,0.34784,13.0800547945205,1436.7,1482.66333333333,13.5803264840183
"1794","robinson2",2022,334,0.34797,13.0800547945205,1436.7,1482.66333333333,13.5803264840183
"1795","robinson2",2022,335,0.34809,13.0800547945205,1436.7,1482.66333333333,13.5803264840183
"1796","robinson2",2022,336,0.34822,13.0800547945205,1436.7,1482.66333333333,13.5803264840183
"1797","robinson2",2022,337,0.34833,13.0800547945205,1436.7,1482.66333333333,13.5803264840183
"1798","robinson2",2022,338,0.34847,13.0800547945205,1436.7,1482.66333333333,13.5803264840183
"1799","robinson2",2022,339,0.34866,13.0800547945205,1436.7,1482.66333333333,13.5803264840183
"1800","robinson2",2022,340,0.34886,13.0800547945205,1436.7,1482.66333333333,13.5803264840183
"1801","robinson2",2022,341,0.34904,13.0800547945205,1436.7,1482.66333333333,13.5803264840183
"1802","robinson2",2022,342,0.34917,13.0800547945205,1436.7,1482.66333333333,13.5803264840183
"1803","robinson2",2022,343,0.34923,13.0800547945205,1436.7,1482.66333333333,13.5803264840183
"1804","robinson2",2022,344,0.34917,13.0800547945205,1436.7,1482.66333333333,13.5803264840183
"1805","robinson2",2022,345,0.34902,13.0800547945205,1436.7,1482.66333333333,13.5803264840183
"1806","robinson2",2022,346,0.34881,13.0800547945205,1436.7,1482.66333333333,13.5803264840183
"1807","robinson2",2022,347,0.34858,13.0800547945205,1436.7,1482.66333333333,13.5803264840183
"1808","robinson2",2022,348,0.34836,13.0800547945205,1436.7,1482.66333333333,13.5803264840183
"1809","robinson2",2022,349,0.34821,13.0800547945205,1436.7,1482.66333333333,13.5803264840183
"1810","robinson2",2022,350,0.34806,13.0800547945205,1436.7,1482.66333333333,13.5803264840183
"1811","robinson2",2022,351,0.34789,13.0800547945205,1436.7,1482.66333333333,13.5803264840183
"1812","robinson2",2022,352,0.34772,13.0800547945205,1436.7,1482.66333333333,13.5803264840183
"1813","robinson2",2022,353,0.34758,13.0800547945205,1436.7,1482.66333333333,13.5803264840183
"1814","robinson2",2022,354,0.34749,13.0800547945205,1436.7,1482.66333333333,13.5803264840183
"1815","robinson2",2022,355,0.34749,13.0800547945205,1436.7,1482.66333333333,13.5803264840183
"1816","robinson2",2022,356,0.3476,13.0800547945205,1436.7,1482.66333333333,13.5803264840183
"1817","robinson2",2022,357,0.34782,13.0800547945205,1436.7,1482.66333333333,13.5803264840183
"1818","robinson2",2022,358,0.34808,13.0800547945205,1436.7,1482.66333333333,13.5803264840183
"1819","robinson2",2022,359,0.34836,13.0800547945205,1436.7,1482.66333333333,13.5803264840183
"1820","robinson2",2022,360,0.34861,13.0800547945205,1436.7,1482.66333333333,13.5803264840183
"1821","robinson2",2022,361,0.34878,13.0800547945205,1436.7,1482.66333333333,13.5803264840183
"1822","robinson2",2022,362,0.34892,13.0800547945205,1436.7,1482.66333333333,13.5803264840183
"1823","robinson2",2022,363,0.34906,13.0800547945205,1436.7,1482.66333333333,13.5803264840183
"1824","robinson2",2022,364,0.34919,13.0800547945205,1436.7,1482.66333333333,13.5803264840183
"1825","robinson2",2022,365,0.3493,13.0800547945205,1436.7,1482.66333333333,13.5803264840183
"1826","robinson2",2023,1,0.34936,14.0610273972603,1139.27,1482.66333333333,13.5803264840183
"1827","robinson2",2023,2,0.34937,14.0610273972603,1139.27,1482.66333333333,13.5803264840183
"1828","robinson2",2023,3,0.34929,14.0610273972603,1139.27,1482.66333333333,13.5803264840183
"1829","robinson2",2023,4,0.3491,14.0610273972603,1139.27,1482.66333333333,13.5803264840183
"1830","robinson2",2023,5,0.34887,14.0610273972603,1139.27,1482.66333333333,13.5803264840183
"1831","robinson2",2023,6,0.34862,14.0610273972603,1139.27,1482.66333333333,13.5803264840183
"1832","robinson2",2023,7,0.3484,14.0610273972603,1139.27,1482.66333333333,13.5803264840183
"1833","robinson2",2023,8,0.34825,14.0610273972603,1139.27,1482.66333333333,13.5803264840183
"1834","robinson2",2023,9,0.34816,14.0610273972603,1139.27,1482.66333333333,13.5803264840183
"1835","robinson2",2023,10,0.34811,14.0610273972603,1139.27,1482.66333333333,13.5803264840183
"1836","robinson2",2023,11,0.34807,14.0610273972603,1139.27,1482.66333333333,13.5803264840183
"1837","robinson2",2023,12,0.34805,14.0610273972603,1139.27,1482.66333333333,13.5803264840183
"1838","robinson2",2023,13,0.34804,14.0610273972603,1139.27,1482.66333333333,13.5803264840183
"1839","robinson2",2023,14,0.34802,14.0610273972603,1139.27,1482.66333333333,13.5803264840183
"1840","robinson2",2023,15,0.34803,14.0610273972603,1139.27,1482.66333333333,13.5803264840183
"1841","robinson2",2023,16,0.34806,14.0610273972603,1139.27,1482.66333333333,13.5803264840183
"1842","robinson2",2023,17,0.3481,14.0610273972603,1139.27,1482.66333333333,13.5803264840183
"1843","robinson2",2023,18,0.34814,14.0610273972603,1139.27,1482.66333333333,13.5803264840183
"1844","robinson2",2023,19,0.34817,14.0610273972603,1139.27,1482.66333333333,13.5803264840183
"1845","robinson2",2023,20,0.34817,14.0610273972603,1139.27,1482.66333333333,13.5803264840183
"1846","robinson2",2023,21,0.34813,14.0610273972603,1139.27,1482.66333333333,13.5803264840183
"1847","robinson2",2023,22,0.34807,14.0610273972603,1139.27,1482.66333333333,13.5803264840183
"1848","robinson2",2023,23,0.34799,14.0610273972603,1139.27,1482.66333333333,13.5803264840183
"1849","robinson2",2023,24,0.3479,14.0610273972603,1139.27,1482.66333333333,13.5803264840183
"1850","robinson2",2023,25,0.34782,14.0610273972603,1139.27,1482.66333333333,13.5803264840183
"1851","robinson2",2023,26,0.34775,14.0610273972603,1139.27,1482.66333333333,13.5803264840183
"1852","robinson2",2023,27,0.34768,14.0610273972603,1139.27,1482.66333333333,13.5803264840183
"1853","robinson2",2023,28,0.34762,14.0610273972603,1139.27,1482.66333333333,13.5803264840183
"1854","robinson2",2023,29,0.34755,14.0610273972603,1139.27,1482.66333333333,13.5803264840183
"1855","robinson2",2023,30,0.34751,14.0610273972603,1139.27,1482.66333333333,13.5803264840183
"1856","robinson2",2023,31,0.34749,14.0610273972603,1139.27,1482.66333333333,13.5803264840183
"1857","robinson2",2023,32,0.34751,14.0610273972603,1139.27,1482.66333333333,13.5803264840183
"1858","robinson2",2023,33,0.34757,14.0610273972603,1139.27,1482.66333333333,13.5803264840183
"1859","robinson2",2023,34,0.34767,14.0610273972603,1139.27,1482.66333333333,13.5803264840183
"1860","robinson2",2023,35,0.34779,14.0610273972603,1139.27,1482.66333333333,13.5803264840183
"1861","robinson2",2023,36,0.34792,14.0610273972603,1139.27,1482.66333333333,13.5803264840183
"1862","robinson2",2023,37,0.34805,14.0610273972603,1139.27,1482.66333333333,13.5803264840183
"1863","robinson2",2023,38,0.34817,14.0610273972603,1139.27,1482.66333333333,13.5803264840183
"1864","robinson2",2023,39,0.34829,14.0610273972603,1139.27,1482.66333333333,13.5803264840183
"1865","robinson2",2023,40,0.34843,14.0610273972603,1139.27,1482.66333333333,13.5803264840183
"1866","robinson2",2023,41,0.34857,14.0610273972603,1139.27,1482.66333333333,13.5803264840183
"1867","robinson2",2023,42,0.34871,14.0610273972603,1139.27,1482.66333333333,13.5803264840183
"1868","robinson2",2023,43,0.34884,14.0610273972603,1139.27,1482.66333333333,13.5803264840183
"1869","robinson2",2023,44,0.34894,14.0610273972603,1139.27,1482.66333333333,13.5803264840183
"1870","robinson2",2023,45,0.34901,14.0610273972603,1139.27,1482.66333333333,13.5803264840183
"1871","robinson2",2023,46,0.34906,14.0610273972603,1139.27,1482.66333333333,13.5803264840183
"1872","robinson2",2023,47,0.34909,14.0610273972603,1139.27,1482.66333333333,13.5803264840183
"1873","robinson2",2023,48,0.34913,14.0610273972603,1139.27,1482.66333333333,13.5803264840183
"1874","robinson2",2023,49,0.34918,14.0610273972603,1139.27,1482.66333333333,13.5803264840183
"1875","robinson2",2023,50,0.34926,14.0610273972603,1139.27,1482.66333333333,13.5803264840183
"1876","robinson2",2023,51,0.34937,14.0610273972603,1139.27,1482.66333333333,13.5803264840183
"1877","robinson2",2023,52,0.34953,14.0610273972603,1139.27,1482.66333333333,13.5803264840183
"1878","robinson2",2023,53,0.34969,14.0610273972603,1139.27,1482.66333333333,13.5803264840183
"1879","robinson2",2023,54,0.34986,14.0610273972603,1139.27,1482.66333333333,13.5803264840183
"1880","robinson2",2023,55,0.35,14.0610273972603,1139.27,1482.66333333333,13.5803264840183
"1881","robinson2",2023,56,0.3501,14.0610273972603,1139.27,1482.66333333333,13.5803264840183
"1882","robinson2",2023,57,0.35017,14.0610273972603,1139.27,1482.66333333333,13.5803264840183
"1883","robinson2",2023,58,0.35025,14.0610273972603,1139.27,1482.66333333333,13.5803264840183
"1884","robinson2",2023,59,0.35031,14.0610273972603,1139.27,1482.66333333333,13.5803264840183
"1885","robinson2",2023,60,0.35034,14.0610273972603,1139.27,1482.66333333333,13.5803264840183
"1886","robinson2",2023,61,0.35034,14.0610273972603,1139.27,1482.66333333333,13.5803264840183
"1887","robinson2",2023,62,0.35028,14.0610273972603,1139.27,1482.66333333333,13.5803264840183
"1888","robinson2",2023,63,0.35012,14.0610273972603,1139.27,1482.66333333333,13.5803264840183
"1889","robinson2",2023,64,0.34988,14.0610273972603,1139.27,1482.66333333333,13.5803264840183
"1890","robinson2",2023,65,0.34959,14.0610273972603,1139.27,1482.66333333333,13.5803264840183
"1891","robinson2",2023,66,0.34929,14.0610273972603,1139.27,1482.66333333333,13.5803264840183
"1892","robinson2",2023,67,0.34902,14.0610273972603,1139.27,1482.66333333333,13.5803264840183
"1893","robinson2",2023,68,0.34883,14.0610273972603,1139.27,1482.66333333333,13.5803264840183
"1894","robinson2",2023,69,0.34867,14.0610273972603,1139.27,1482.66333333333,13.5803264840183
"1895","robinson2",2023,70,0.34849,14.0610273972603,1139.27,1482.66333333333,13.5803264840183
"1896","robinson2",2023,71,0.34833,14.0610273972603,1139.27,1482.66333333333,13.5803264840183
"1897","robinson2",2023,72,0.3482,14.0610273972603,1139.27,1482.66333333333,13.5803264840183
"1898","robinson2",2023,73,0.34814,14.0610273972603,1139.27,1482.66333333333,13.5803264840183
"1899","robinson2",2023,74,0.34818,14.0610273972603,1139.27,1482.66333333333,13.5803264840183
"1900","robinson2",2023,75,0.34834,14.0610273972603,1139.27,1482.66333333333,13.5803264840183
"1901","robinson2",2023,76,0.34863,14.0610273972603,1139.27,1482.66333333333,13.5803264840183
"1902","robinson2",2023,77,0.34898,14.0610273972603,1139.27,1482.66333333333,13.5803264840183
"1903","robinson2",2023,78,0.34935,14.0610273972603,1139.27,1482.66333333333,13.5803264840183
"1904","robinson2",2023,79,0.34969,14.0610273972603,1139.27,1482.66333333333,13.5803264840183
"1905","robinson2",2023,80,0.34994,14.0610273972603,1139.27,1482.66333333333,13.5803264840183
"1906","robinson2",2023,81,0.35011,14.0610273972603,1139.27,1482.66333333333,13.5803264840183
"1907","robinson2",2023,82,0.35024,14.0610273972603,1139.27,1482.66333333333,13.5803264840183
"1908","robinson2",2023,83,0.35037,14.0610273972603,1139.27,1482.66333333333,13.5803264840183
"1909","robinson2",2023,84,0.3505,14.0610273972603,1139.27,1482.66333333333,13.5803264840183
"1910","robinson2",2023,85,0.35066,14.0610273972603,1139.27,1482.66333333333,13.5803264840183
"1911","robinson2",2023,86,0.35089,14.0610273972603,1139.27,1482.66333333333,13.5803264840183
"1912","robinson2",2023,87,0.35107,14.0610273972603,1139.27,1482.66333333333,13.5803264840183
"1913","robinson2",2023,88,0.35114,14.0610273972603,1139.27,1482.66333333333,13.5803264840183
"1914","robinson2",2023,89,0.35118,14.0610273972603,1139.27,1482.66333333333,13.5803264840183
"1915","robinson2",2023,90,0.35127,14.0610273972603,1139.27,1482.66333333333,13.5803264840183
"1916","robinson2",2023,91,0.35147,14.0610273972603,1139.27,1482.66333333333,13.5803264840183
"1917","robinson2",2023,92,0.35187,14.0610273972603,1139.27,1482.66333333333,13.5803264840183
"1918","robinson2",2023,93,0.35227,14.0610273972603,1139.27,1482.66333333333,13.5803264840183
"1919","robinson2",2023,94,0.35254,14.0610273972603,1139.27,1482.66333333333,13.5803264840183
"1920","robinson2",2023,95,0.35286,14.0610273972603,1139.27,1482.66333333333,13.5803264840183
"1921","robinson2",2023,96,0.35341,14.0610273972603,1139.27,1482.66333333333,13.5803264840183
"1922","robinson2",2023,97,0.35435,14.0610273972603,1139.27,1482.66333333333,13.5803264840183
"1923","robinson2",2023,98,0.35587,14.0610273972603,1139.27,1482.66333333333,13.5803264840183
"1924","robinson2",2023,99,0.35795,14.0610273972603,1139.27,1482.66333333333,13.5803264840183
"1925","robinson2",2023,100,0.36043,14.0610273972603,1139.27,1482.66333333333,13.5803264840183
"1926","robinson2",2023,101,0.36326,14.0610273972603,1139.27,1482.66333333333,13.5803264840183
"1927","robinson2",2023,102,0.36639,14.0610273972603,1139.27,1482.66333333333,13.5803264840183
"1928","robinson2",2023,103,0.36976,14.0610273972603,1139.27,1482.66333333333,13.5803264840183
"1929","robinson2",2023,104,0.37331,14.0610273972603,1139.27,1482.66333333333,13.5803264840183
"1930","robinson2",2023,105,0.37742,14.0610273972603,1139.27,1482.66333333333,13.5803264840183
"1931","robinson2",2023,106,0.38225,14.0610273972603,1139.27,1482.66333333333,13.5803264840183
"1932","robinson2",2023,107,0.38745,14.0610273972603,1139.27,1482.66333333333,13.5803264840183
"1933","robinson2",2023,108,0.39269,14.0610273972603,1139.27,1482.66333333333,13.5803264840183
"1934","robinson2",2023,109,0.3976,14.0610273972603,1139.27,1482.66333333333,13.5803264840183
"1935","robinson2",2023,110,0.40186,14.0610273972603,1139.27,1482.66333333333,13.5803264840183
"1936","robinson2",2023,111,0.40569,14.0610273972603,1139.27,1482.66333333333,13.5803264840183
"1937","robinson2",2023,112,0.40947,14.0610273972603,1139.27,1482.66333333333,13.5803264840183
"1938","robinson2",2023,113,0.4131,14.0610273972603,1139.27,1482.66333333333,13.5803264840183
"1939","robinson2",2023,114,0.41644,14.0610273972603,1139.27,1482.66333333333,13.5803264840183
"1940","robinson2",2023,115,0.41939,14.0610273972603,1139.27,1482.66333333333,13.5803264840183
"1941","robinson2",2023,116,0.42183,14.0610273972603,1139.27,1482.66333333333,13.5803264840183
"1942","robinson2",2023,117,0.42369,14.0610273972603,1139.27,1482.66333333333,13.5803264840183
"1943","robinson2",2023,118,0.42504,14.0610273972603,1139.27,1482.66333333333,13.5803264840183
"1944","robinson2",2023,119,0.42602,14.0610273972603,1139.27,1482.66333333333,13.5803264840183
"1945","robinson2",2023,120,0.42675,14.0610273972603,1139.27,1482.66333333333,13.5803264840183
"1946","robinson2",2023,121,0.42737,14.0610273972603,1139.27,1482.66333333333,13.5803264840183
"1947","robinson2",2023,122,0.42799,14.0610273972603,1139.27,1482.66333333333,13.5803264840183
"1948","robinson2",2023,123,0.42855,14.0610273972603,1139.27,1482.66333333333,13.5803264840183
"1949","robinson2",2023,124,0.42889,14.0610273972603,1139.27,1482.66333333333,13.5803264840183
"1950","robinson2",2023,125,0.42903,14.0610273972603,1139.27,1482.66333333333,13.5803264840183
"1951","robinson2",2023,126,0.429,14.0610273972603,1139.27,1482.66333333333,13.5803264840183
"1952","robinson2",2023,127,0.4288,14.0610273972603,1139.27,1482.66333333333,13.5803264840183
"1953","robinson2",2023,128,0.42845,14.0610273972603,1139.27,1482.66333333333,13.5803264840183
"1954","robinson2",2023,129,0.42793,14.0610273972603,1139.27,1482.66333333333,13.5803264840183
"1955","robinson2",2023,130,0.4272,14.0610273972603,1139.27,1482.66333333333,13.5803264840183
"1956","robinson2",2023,131,0.42631,14.0610273972603,1139.27,1482.66333333333,13.5803264840183
"1957","robinson2",2023,132,0.42531,14.0610273972603,1139.27,1482.66333333333,13.5803264840183
"1958","robinson2",2023,133,0.42424,14.0610273972603,1139.27,1482.66333333333,13.5803264840183
"1959","robinson2",2023,134,0.42314,14.0610273972603,1139.27,1482.66333333333,13.5803264840183
"1960","robinson2",2023,135,0.42168,14.0610273972603,1139.27,1482.66333333333,13.5803264840183
"1961","robinson2",2023,136,0.41978,14.0610273972603,1139.27,1482.66333333333,13.5803264840183
"1962","robinson2",2023,137,0.41786,14.0610273972603,1139.27,1482.66333333333,13.5803264840183
"1963","robinson2",2023,138,0.41637,14.0610273972603,1139.27,1482.66333333333,13.5803264840183
"1964","robinson2",2023,139,0.41514,14.0610273972603,1139.27,1482.66333333333,13.5803264840183
"1965","robinson2",2023,140,0.41391,14.0610273972603,1139.27,1482.66333333333,13.5803264840183
"1966","robinson2",2023,141,0.4129,14.0610273972603,1139.27,1482.66333333333,13.5803264840183
"1967","robinson2",2023,142,0.41227,14.0610273972603,1139.27,1482.66333333333,13.5803264840183
"1968","robinson2",2023,143,0.41196,14.0610273972603,1139.27,1482.66333333333,13.5803264840183
"1969","robinson2",2023,144,0.41182,14.0610273972603,1139.27,1482.66333333333,13.5803264840183
"1970","robinson2",2023,145,0.41174,14.0610273972603,1139.27,1482.66333333333,13.5803264840183
"1971","robinson2",2023,146,0.41157,14.0610273972603,1139.27,1482.66333333333,13.5803264840183
"1972","robinson2",2023,147,0.41119,14.0610273972603,1139.27,1482.66333333333,13.5803264840183
"1973","robinson2",2023,148,0.41066,14.0610273972603,1139.27,1482.66333333333,13.5803264840183
"1974","robinson2",2023,149,0.4101,14.0610273972603,1139.27,1482.66333333333,13.5803264840183
"1975","robinson2",2023,150,0.40951,14.0610273972603,1139.27,1482.66333333333,13.5803264840183
"1976","robinson2",2023,151,0.40889,14.0610273972603,1139.27,1482.66333333333,13.5803264840183
"1977","robinson2",2023,152,0.40824,14.0610273972603,1139.27,1482.66333333333,13.5803264840183
"1978","robinson2",2023,153,0.40756,14.0610273972603,1139.27,1482.66333333333,13.5803264840183
"1979","robinson2",2023,154,0.40669,14.0610273972603,1139.27,1482.66333333333,13.5803264840183
"1980","robinson2",2023,155,0.40558,14.0610273972603,1139.27,1482.66333333333,13.5803264840183
"1981","robinson2",2023,156,0.40436,14.0610273972603,1139.27,1482.66333333333,13.5803264840183
"1982","robinson2",2023,157,0.40317,14.0610273972603,1139.27,1482.66333333333,13.5803264840183
"1983","robinson2",2023,158,0.40214,14.0610273972603,1139.27,1482.66333333333,13.5803264840183
"1984","robinson2",2023,159,0.4014,14.0610273972603,1139.27,1482.66333333333,13.5803264840183
"1985","robinson2",2023,160,0.40096,14.0610273972603,1139.27,1482.66333333333,13.5803264840183
"1986","robinson2",2023,161,0.40072,14.0610273972603,1139.27,1482.66333333333,13.5803264840183
"1987","robinson2",2023,162,0.40064,14.0610273972603,1139.27,1482.66333333333,13.5803264840183
"1988","robinson2",2023,163,0.40071,14.0610273972603,1139.27,1482.66333333333,13.5803264840183
"1989","robinson2",2023,164,0.4009,14.0610273972603,1139.27,1482.66333333333,13.5803264840183
"1990","robinson2",2023,165,0.40116,14.0610273972603,1139.27,1482.66333333333,13.5803264840183
"1991","robinson2",2023,166,0.40166,14.0610273972603,1139.27,1482.66333333333,13.5803264840183
"1992","robinson2",2023,167,0.40244,14.0610273972603,1139.27,1482.66333333333,13.5803264840183
"1993","robinson2",2023,168,0.40333,14.0610273972603,1139.27,1482.66333333333,13.5803264840183
"1994","robinson2",2023,169,0.40414,14.0610273972603,1139.27,1482.66333333333,13.5803264840183
"1995","robinson2",2023,170,0.4047,14.0610273972603,1139.27,1482.66333333333,13.5803264840183
"1996","robinson2",2023,171,0.40484,14.0610273972603,1139.27,1482.66333333333,13.5803264840183
"1997","robinson2",2023,172,0.40453,14.0610273972603,1139.27,1482.66333333333,13.5803264840183
"1998","robinson2",2023,173,0.40395,14.0610273972603,1139.27,1482.66333333333,13.5803264840183
"1999","robinson2",2023,174,0.40323,14.0610273972603,1139.27,1482.66333333333,13.5803264840183
"2000","robinson2",2023,175,0.40249,14.0610273972603,1139.27,1482.66333333333,13.5803264840183
"2001","robinson2",2023,176,0.40182,14.0610273972603,1139.27,1482.66333333333,13.5803264840183
"2002","robinson2",2023,177,0.40137,14.0610273972603,1139.27,1482.66333333333,13.5803264840183
"2003","robinson2",2023,178,0.40095,14.0610273972603,1139.27,1482.66333333333,13.5803264840183
"2004","robinson2",2023,179,0.40041,14.0610273972603,1139.27,1482.66333333333,13.5803264840183
"2005","robinson2",2023,180,0.39984,14.0610273972603,1139.27,1482.66333333333,13.5803264840183
"2006","robinson2",2023,181,0.39932,14.0610273972603,1139.27,1482.66333333333,13.5803264840183
"2007","robinson2",2023,182,0.39894,14.0610273972603,1139.27,1482.66333333333,13.5803264840183
"2008","robinson2",2023,183,0.39881,14.0610273972603,1139.27,1482.66333333333,13.5803264840183
"2009","robinson2",2023,184,0.39907,14.0610273972603,1139.27,1482.66333333333,13.5803264840183
"2010","robinson2",2023,185,0.3997,14.0610273972603,1139.27,1482.66333333333,13.5803264840183
"2011","robinson2",2023,186,0.40052,14.0610273972603,1139.27,1482.66333333333,13.5803264840183
"2012","robinson2",2023,187,0.40134,14.0610273972603,1139.27,1482.66333333333,13.5803264840183
"2013","robinson2",2023,188,0.40197,14.0610273972603,1139.27,1482.66333333333,13.5803264840183
"2014","robinson2",2023,189,0.40223,14.0610273972603,1139.27,1482.66333333333,13.5803264840183
"2015","robinson2",2023,190,0.40207,14.0610273972603,1139.27,1482.66333333333,13.5803264840183
"2016","robinson2",2023,191,0.40164,14.0610273972603,1139.27,1482.66333333333,13.5803264840183
"2017","robinson2",2023,192,0.40106,14.0610273972603,1139.27,1482.66333333333,13.5803264840183
"2018","robinson2",2023,193,0.40045,14.0610273972603,1139.27,1482.66333333333,13.5803264840183
"2019","robinson2",2023,194,0.39991,14.0610273972603,1139.27,1482.66333333333,13.5803264840183
"2020","robinson2",2023,195,0.39957,14.0610273972603,1139.27,1482.66333333333,13.5803264840183
"2021","robinson2",2023,196,0.39936,14.0610273972603,1139.27,1482.66333333333,13.5803264840183
"2022","robinson2",2023,197,0.39916,14.0610273972603,1139.27,1482.66333333333,13.5803264840183
"2023","robinson2",2023,198,0.39896,14.0610273972603,1139.27,1482.66333333333,13.5803264840183
"2024","robinson2",2023,199,0.39878,14.0610273972603,1139.27,1482.66333333333,13.5803264840183
"2025","robinson2",2023,200,0.39862,14.0610273972603,1139.27,1482.66333333333,13.5803264840183
"2026","robinson2",2023,201,0.39849,14.0610273972603,1139.27,1482.66333333333,13.5803264840183
"2027","robinson2",2023,202,0.3984,14.0610273972603,1139.27,1482.66333333333,13.5803264840183
"2028","robinson2",2023,203,0.39838,14.0610273972603,1139.27,1482.66333333333,13.5803264840183
"2029","robinson2",2023,204,0.39839,14.0610273972603,1139.27,1482.66333333333,13.5803264840183
"2030","robinson2",2023,205,0.39842,14.0610273972603,1139.27,1482.66333333333,13.5803264840183
"2031","robinson2",2023,206,0.39846,14.0610273972603,1139.27,1482.66333333333,13.5803264840183
"2032","robinson2",2023,207,0.39847,14.0610273972603,1139.27,1482.66333333333,13.5803264840183
"2033","robinson2",2023,208,0.39847,14.0610273972603,1139.27,1482.66333333333,13.5803264840183
"2034","robinson2",2023,209,0.39844,14.0610273972603,1139.27,1482.66333333333,13.5803264840183
"2035","robinson2",2023,210,0.39842,14.0610273972603,1139.27,1482.66333333333,13.5803264840183
"2036","robinson2",2023,211,0.3984,14.0610273972603,1139.27,1482.66333333333,13.5803264840183
"2037","robinson2",2023,212,0.39839,14.0610273972603,1139.27,1482.66333333333,13.5803264840183
"2038","robinson2",2023,213,0.3984,14.0610273972603,1139.27,1482.66333333333,13.5803264840183
"2039","robinson2",2023,214,0.39846,14.0610273972603,1139.27,1482.66333333333,13.5803264840183
"2040","robinson2",2023,215,0.39858,14.0610273972603,1139.27,1482.66333333333,13.5803264840183
"2041","robinson2",2023,216,0.39872,14.0610273972603,1139.27,1482.66333333333,13.5803264840183
"2042","robinson2",2023,217,0.39886,14.0610273972603,1139.27,1482.66333333333,13.5803264840183
"2043","robinson2",2023,218,0.39897,14.0610273972603,1139.27,1482.66333333333,13.5803264840183
"2044","robinson2",2023,219,0.39902,14.0610273972603,1139.27,1482.66333333333,13.5803264840183
"2045","robinson2",2023,220,0.39905,14.0610273972603,1139.27,1482.66333333333,13.5803264840183
"2046","robinson2",2023,221,0.39908,14.0610273972603,1139.27,1482.66333333333,13.5803264840183
"2047","robinson2",2023,222,0.39909,14.0610273972603,1139.27,1482.66333333333,13.5803264840183
"2048","robinson2",2023,223,0.39906,14.0610273972603,1139.27,1482.66333333333,13.5803264840183
"2049","robinson2",2023,224,0.39896,14.0610273972603,1139.27,1482.66333333333,13.5803264840183
"2050","robinson2",2023,225,0.39878,14.0610273972603,1139.27,1482.66333333333,13.5803264840183
"2051","robinson2",2023,226,0.39849,14.0610273972603,1139.27,1482.66333333333,13.5803264840183
"2052","robinson2",2023,227,0.3981,14.0610273972603,1139.27,1482.66333333333,13.5803264840183
"2053","robinson2",2023,228,0.39766,14.0610273972603,1139.27,1482.66333333333,13.5803264840183
"2054","robinson2",2023,229,0.39719,14.0610273972603,1139.27,1482.66333333333,13.5803264840183
"2055","robinson2",2023,230,0.39673,14.0610273972603,1139.27,1482.66333333333,13.5803264840183
"2056","robinson2",2023,231,0.3963,14.0610273972603,1139.27,1482.66333333333,13.5803264840183
"2057","robinson2",2023,232,0.39579,14.0610273972603,1139.27,1482.66333333333,13.5803264840183
"2058","robinson2",2023,233,0.39514,14.0610273972603,1139.27,1482.66333333333,13.5803264840183
"2059","robinson2",2023,234,0.39451,14.0610273972603,1139.27,1482.66333333333,13.5803264840183
"2060","robinson2",2023,235,0.39405,14.0610273972603,1139.27,1482.66333333333,13.5803264840183
"2061","robinson2",2023,236,0.39374,14.0610273972603,1139.27,1482.66333333333,13.5803264840183
"2062","robinson2",2023,237,0.39348,14.0610273972603,1139.27,1482.66333333333,13.5803264840183
"2063","robinson2",2023,238,0.39328,14.0610273972603,1139.27,1482.66333333333,13.5803264840183
"2064","robinson2",2023,239,0.3932,14.0610273972603,1139.27,1482.66333333333,13.5803264840183
"2065","robinson2",2023,240,0.39323,14.0610273972603,1139.27,1482.66333333333,13.5803264840183
"2066","robinson2",2023,241,0.39334,14.0610273972603,1139.27,1482.66333333333,13.5803264840183
"2067","robinson2",2023,242,0.39347,14.0610273972603,1139.27,1482.66333333333,13.5803264840183
"2068","robinson2",2023,243,0.3936,14.0610273972603,1139.27,1482.66333333333,13.5803264840183
"2069","robinson2",2023,244,0.39366,14.0610273972603,1139.27,1482.66333333333,13.5803264840183
"2070","robinson2",2023,245,0.39373,14.0610273972603,1139.27,1482.66333333333,13.5803264840183
"2071","robinson2",2023,246,0.39387,14.0610273972603,1139.27,1482.66333333333,13.5803264840183
"2072","robinson2",2023,247,0.39405,14.0610273972603,1139.27,1482.66333333333,13.5803264840183
"2073","robinson2",2023,248,0.3942,14.0610273972603,1139.27,1482.66333333333,13.5803264840183
"2074","robinson2",2023,249,0.39429,14.0610273972603,1139.27,1482.66333333333,13.5803264840183
"2075","robinson2",2023,250,0.39426,14.0610273972603,1139.27,1482.66333333333,13.5803264840183
"2076","robinson2",2023,251,0.39409,14.0610273972603,1139.27,1482.66333333333,13.5803264840183
"2077","robinson2",2023,252,0.39379,14.0610273972603,1139.27,1482.66333333333,13.5803264840183
"2078","robinson2",2023,253,0.39341,14.0610273972603,1139.27,1482.66333333333,13.5803264840183
"2079","robinson2",2023,254,0.393,14.0610273972603,1139.27,1482.66333333333,13.5803264840183
"2080","robinson2",2023,255,0.3926,14.0610273972603,1139.27,1482.66333333333,13.5803264840183
"2081","robinson2",2023,256,0.39227,14.0610273972603,1139.27,1482.66333333333,13.5803264840183
"2082","robinson2",2023,257,0.39197,14.0610273972603,1139.27,1482.66333333333,13.5803264840183
"2083","robinson2",2023,258,0.39165,14.0610273972603,1139.27,1482.66333333333,13.5803264840183
"2084","robinson2",2023,259,0.39133,14.0610273972603,1139.27,1482.66333333333,13.5803264840183
"2085","robinson2",2023,260,0.39103,14.0610273972603,1139.27,1482.66333333333,13.5803264840183
"2086","robinson2",2023,261,0.39076,14.0610273972603,1139.27,1482.66333333333,13.5803264840183
"2087","robinson2",2023,262,0.39054,14.0610273972603,1139.27,1482.66333333333,13.5803264840183
"2088","robinson2",2023,263,0.39039,14.0610273972603,1139.27,1482.66333333333,13.5803264840183
"2089","robinson2",2023,264,0.39028,14.0610273972603,1139.27,1482.66333333333,13.5803264840183
"2090","robinson2",2023,265,0.3902,14.0610273972603,1139.27,1482.66333333333,13.5803264840183
"2091","robinson2",2023,266,0.39011,14.0610273972603,1139.27,1482.66333333333,13.5803264840183
"2092","robinson2",2023,267,0.38999,14.0610273972603,1139.27,1482.66333333333,13.5803264840183
"2093","robinson2",2023,268,0.3898,14.0610273972603,1139.27,1482.66333333333,13.5803264840183
"2094","robinson2",2023,269,0.38957,14.0610273972603,1139.27,1482.66333333333,13.5803264840183
"2095","robinson2",2023,270,0.38932,14.0610273972603,1139.27,1482.66333333333,13.5803264840183
"2096","robinson2",2023,271,0.38906,14.0610273972603,1139.27,1482.66333333333,13.5803264840183
"2097","robinson2",2023,272,0.38878,14.0610273972603,1139.27,1482.66333333333,13.5803264840183
"2098","robinson2",2023,273,0.3885,14.0610273972603,1139.27,1482.66333333333,13.5803264840183
"2099","robinson2",2023,274,0.38822,14.0610273972603,1139.27,1482.66333333333,13.5803264840183
"2100","robinson2",2023,275,0.388,14.0610273972603,1139.27,1482.66333333333,13.5803264840183
"2101","robinson2",2023,276,0.38784,14.0610273972603,1139.27,1482.66333333333,13.5803264840183
"2102","robinson2",2023,277,0.3877,14.0610273972603,1139.27,1482.66333333333,13.5803264840183
"2103","robinson2",2023,278,0.38753,14.0610273972603,1139.27,1482.66333333333,13.5803264840183
"2104","robinson2",2023,279,0.38728,14.0610273972603,1139.27,1482.66333333333,13.5803264840183
"2105","robinson2",2023,280,0.38688,14.0610273972603,1139.27,1482.66333333333,13.5803264840183
"2106","robinson2",2023,281,0.38647,14.0610273972603,1139.27,1482.66333333333,13.5803264840183
"2107","robinson2",2023,282,0.3861,14.0610273972603,1139.27,1482.66333333333,13.5803264840183
"2108","robinson2",2023,283,0.3857,14.0610273972603,1139.27,1482.66333333333,13.5803264840183
"2109","robinson2",2023,284,0.38517,14.0610273972603,1139.27,1482.66333333333,13.5803264840183
"2110","robinson2",2023,285,0.3844,14.0610273972603,1139.27,1482.66333333333,13.5803264840183
"2111","robinson2",2023,286,0.38331,14.0610273972603,1139.27,1482.66333333333,13.5803264840183
"2112","robinson2",2023,287,0.38187,14.0610273972603,1139.27,1482.66333333333,13.5803264840183
"2113","robinson2",2023,288,0.38016,14.0610273972603,1139.27,1482.66333333333,13.5803264840183
"2114","robinson2",2023,289,0.37822,14.0610273972603,1139.27,1482.66333333333,13.5803264840183
"2115","robinson2",2023,290,0.37614,14.0610273972603,1139.27,1482.66333333333,13.5803264840183
"2116","robinson2",2023,291,0.37395,14.0610273972603,1139.27,1482.66333333333,13.5803264840183
"2117","robinson2",2023,292,0.37174,14.0610273972603,1139.27,1482.66333333333,13.5803264840183
"2118","robinson2",2023,293,0.36925,14.0610273972603,1139.27,1482.66333333333,13.5803264840183
"2119","robinson2",2023,294,0.36635,14.0610273972603,1139.27,1482.66333333333,13.5803264840183
"2120","robinson2",2023,295,0.36324,14.0610273972603,1139.27,1482.66333333333,13.5803264840183
"2121","robinson2",2023,296,0.36017,14.0610273972603,1139.27,1482.66333333333,13.5803264840183
"2122","robinson2",2023,297,0.35735,14.0610273972603,1139.27,1482.66333333333,13.5803264840183
"2123","robinson2",2023,298,0.355,14.0610273972603,1139.27,1482.66333333333,13.5803264840183
"2124","robinson2",2023,299,0.35315,14.0610273972603,1139.27,1482.66333333333,13.5803264840183
"2125","robinson2",2023,300,0.35158,14.0610273972603,1139.27,1482.66333333333,13.5803264840183
"2126","robinson2",2023,301,0.35021,14.0610273972603,1139.27,1482.66333333333,13.5803264840183
"2127","robinson2",2023,302,0.34895,14.0610273972603,1139.27,1482.66333333333,13.5803264840183
"2128","robinson2",2023,303,0.34769,14.0610273972603,1139.27,1482.66333333333,13.5803264840183
"2129","robinson2",2023,304,0.34635,14.0610273972603,1139.27,1482.66333333333,13.5803264840183
"2130","robinson2",2023,305,0.34495,14.0610273972603,1139.27,1482.66333333333,13.5803264840183
"2131","robinson2",2023,306,0.3436,14.0610273972603,1139.27,1482.66333333333,13.5803264840183
"2132","robinson2",2023,307,0.34228,14.0610273972603,1139.27,1482.66333333333,13.5803264840183
"2133","robinson2",2023,308,0.34102,14.0610273972603,1139.27,1482.66333333333,13.5803264840183
"2134","robinson2",2023,309,0.3398,14.0610273972603,1139.27,1482.66333333333,13.5803264840183
"2135","robinson2",2023,310,0.33864,14.0610273972603,1139.27,1482.66333333333,13.5803264840183
"2136","robinson2",2023,311,0.33733,14.0610273972603,1139.27,1482.66333333333,13.5803264840183
"2137","robinson2",2023,312,0.33581,14.0610273972603,1139.27,1482.66333333333,13.5803264840183
"2138","robinson2",2023,313,0.33426,14.0610273972603,1139.27,1482.66333333333,13.5803264840183
"2139","robinson2",2023,314,0.33287,14.0610273972603,1139.27,1482.66333333333,13.5803264840183
"2140","robinson2",2023,315,0.33184,14.0610273972603,1139.27,1482.66333333333,13.5803264840183
"2141","robinson2",2023,316,0.33136,14.0610273972603,1139.27,1482.66333333333,13.5803264840183
"2142","robinson2",2023,317,0.33156,14.0610273972603,1139.27,1482.66333333333,13.5803264840183
"2143","robinson2",2023,318,0.33236,14.0610273972603,1139.27,1482.66333333333,13.5803264840183
"2144","robinson2",2023,319,0.33354,14.0610273972603,1139.27,1482.66333333333,13.5803264840183
"2145","robinson2",2023,320,0.33489,14.0610273972603,1139.27,1482.66333333333,13.5803264840183
"2146","robinson2",2023,321,0.33621,14.0610273972603,1139.27,1482.66333333333,13.5803264840183
"2147","robinson2",2023,322,0.3373,14.0610273972603,1139.27,1482.66333333333,13.5803264840183
"2148","robinson2",2023,323,0.33833,14.0610273972603,1139.27,1482.66333333333,13.5803264840183
"2149","robinson2",2023,324,0.33953,14.0610273972603,1139.27,1482.66333333333,13.5803264840183
"2150","robinson2",2023,325,0.34078,14.0610273972603,1139.27,1482.66333333333,13.5803264840183
"2151","robinson2",2023,326,0.34199,14.0610273972603,1139.27,1482.66333333333,13.5803264840183
"2152","robinson2",2023,327,0.34305,14.0610273972603,1139.27,1482.66333333333,13.5803264840183
"2153","robinson2",2023,328,0.34385,14.0610273972603,1139.27,1482.66333333333,13.5803264840183
"2154","robinson2",2023,329,0.34434,14.0610273972603,1139.27,1482.66333333333,13.5803264840183
"2155","robinson2",2023,330,0.34462,14.0610273972603,1139.27,1482.66333333333,13.5803264840183
"2156","robinson2",2023,331,0.34482,14.0610273972603,1139.27,1482.66333333333,13.5803264840183
"2157","robinson2",2023,332,0.34508,14.0610273972603,1139.27,1482.66333333333,13.5803264840183
"2158","robinson2",2023,333,0.34534,14.0610273972603,1139.27,1482.66333333333,13.5803264840183
"2159","robinson2",2023,334,0.34552,14.0610273972603,1139.27,1482.66333333333,13.5803264840183
"2160","robinson2",2023,335,0.34569,14.0610273972603,1139.27,1482.66333333333,13.5803264840183
"2161","robinson2",2023,336,0.34588,14.0610273972603,1139.27,1482.66333333333,13.5803264840183
"2162","robinson2",2023,337,0.34604,14.0610273972603,1139.27,1482.66333333333,13.5803264840183
"2163","robinson2",2023,338,0.34618,14.0610273972603,1139.27,1482.66333333333,13.5803264840183
"2164","robinson2",2023,339,0.34629,14.0610273972603,1139.27,1482.66333333333,13.5803264840183
"2165","robinson2",2023,340,0.34637,14.0610273972603,1139.27,1482.66333333333,13.5803264840183
"2166","robinson2",2023,341,0.34643,14.0610273972603,1139.27,1482.66333333333,13.5803264840183
"2167","robinson2",2023,342,0.34643,14.0610273972603,1139.27,1482.66333333333,13.5803264840183
"2168","robinson2",2023,343,0.34635,14.0610273972603,1139.27,1482.66333333333,13.5803264840183
"2169","robinson2",2023,344,0.34624,14.0610273972603,1139.27,1482.66333333333,13.5803264840183
"2170","robinson2",2023,345,0.34611,14.0610273972603,1139.27,1482.66333333333,13.5803264840183
"2171","robinson2",2023,346,0.346,14.0610273972603,1139.27,1482.66333333333,13.5803264840183
"2172","robinson2",2023,347,0.34594,14.0610273972603,1139.27,1482.66333333333,13.5803264840183
"2173","robinson2",2023,348,0.34593,14.0610273972603,1139.27,1482.66333333333,13.5803264840183
"2174","robinson2",2023,349,0.34596,14.0610273972603,1139.27,1482.66333333333,13.5803264840183
"2175","robinson2",2023,350,0.346,14.0610273972603,1139.27,1482.66333333333,13.5803264840183
"2176","robinson2",2023,351,0.34605,14.0610273972603,1139.27,1482.66333333333,13.5803264840183
"2177","robinson2",2023,352,0.3461,14.0610273972603,1139.27,1482.66333333333,13.5803264840183
"2178","robinson2",2023,353,0.34613,14.0610273972603,1139.27,1482.66333333333,13.5803264840183
"2179","robinson2",2023,354,0.34617,14.0610273972603,1139.27,1482.66333333333,13.5803264840183
"2180","robinson2",2023,355,0.34623,14.0610273972603,1139.27,1482.66333333333,13.5803264840183
"2181","robinson2",2023,356,0.34629,14.0610273972603,1139.27,1482.66333333333,13.5803264840183
"2182","robinson2",2023,357,0.34634,14.0610273972603,1139.27,1482.66333333333,13.5803264840183
"2183","robinson2",2023,358,0.34634,14.0610273972603,1139.27,1482.66333333333,13.5803264840183
"2184","robinson2",2023,359,0.34629,14.0610273972603,1139.27,1482.66333333333,13.5803264840183
"2185","robinson2",2023,360,0.34614,14.0610273972603,1139.27,1482.66333333333,13.5803264840183
"2186","robinson2",2023,361,0.34593,14.0610273972603,1139.27,1482.66333333333,13.5803264840183
"2187","robinson2",2023,362,0.34568,14.0610273972603,1139.27,1482.66333333333,13.5803264840183
"2188","robinson2",2023,363,0.34543,14.0610273972603,1139.27,1482.66333333333,13.5803264840183
"2189","robinson2",2023,364,0.3452,14.0610273972603,1139.27,1482.66333333333,13.5803264840183
"2190","robinson2",2023,365,0.34505,14.0610273972603,1139.27,1482.66333333333,13.5803264840183
