"","site","year","doy","smooth_gcc_90","annual_temp","annual_precip","map","mat"
"1","segasoapcreek",2020,1,0.29724,16.343,69.67,157.0525,16.2247465753425
"2","segasoapcreek",2020,2,0.29732,16.343,69.67,157.0525,16.2247465753425
"3","segasoapcreek",2020,3,0.2973,16.343,69.67,157.0525,16.2247465753425
"4","segasoapcreek",2020,4,0.29721,16.343,69.67,157.0525,16.2247465753425
"5","segasoapcreek",2020,5,0.29657,16.343,69.67,157.0525,16.2247465753425
"6","segasoapcreek",2020,6,0.29545,16.343,69.67,157.0525,16.2247465753425
"7","segasoapcreek",2020,7,0.2948,16.343,69.67,157.0525,16.2247465753425
"8","segasoapcreek",2020,8,0.29498,16.343,69.67,157.0525,16.2247465753425
"9","segasoapcreek",2020,9,0.29523,16.343,69.67,157.0525,16.2247465753425
"10","segasoapcreek",2020,10,0.29566,16.343,69.67,157.0525,16.2247465753425
"11","segasoapcreek",2020,11,0.2965,16.343,69.67,157.0525,16.2247465753425
"12","segasoapcreek",2020,12,0.29728,16.343,69.67,157.0525,16.2247465753425
"13","segasoapcreek",2020,13,0.2975,16.343,69.67,157.0525,16.2247465753425
"14","segasoapcreek",2020,14,0.29678,16.343,69.67,157.0525,16.2247465753425
"15","segasoapcreek",2020,15,0.29559,16.343,69.67,157.0525,16.2247465753425
"16","segasoapcreek",2020,16,0.29474,16.343,69.67,157.0525,16.2247465753425
"17","segasoapcreek",2020,17,0.2937,16.343,69.67,157.0525,16.2247465753425
"18","segasoapcreek",2020,18,0.29274,16.343,69.67,157.0525,16.2247465753425
"19","segasoapcreek",2020,19,0.29269,16.343,69.67,157.0525,16.2247465753425
"20","segasoapcreek",2020,20,0.29293,16.343,69.67,157.0525,16.2247465753425
"21","segasoapcreek",2020,21,0.29332,16.343,69.67,157.0525,16.2247465753425
"22","segasoapcreek",2020,22,0.29372,16.343,69.67,157.0525,16.2247465753425
"23","segasoapcreek",2020,23,0.29449,16.343,69.67,157.0525,16.2247465753425
"24","segasoapcreek",2020,24,0.29564,16.343,69.67,157.0525,16.2247465753425
"25","segasoapcreek",2020,25,0.29652,16.343,69.67,157.0525,16.2247465753425
"26","segasoapcreek",2020,26,0.29717,16.343,69.67,157.0525,16.2247465753425
"27","segasoapcreek",2020,27,0.29772,16.343,69.67,157.0525,16.2247465753425
"28","segasoapcreek",2020,28,0.29784,16.343,69.67,157.0525,16.2247465753425
"29","segasoapcreek",2020,29,0.29767,16.343,69.67,157.0525,16.2247465753425
"30","segasoapcreek",2020,30,0.29741,16.343,69.67,157.0525,16.2247465753425
"31","segasoapcreek",2020,31,0.29724,16.343,69.67,157.0525,16.2247465753425
"32","segasoapcreek",2020,32,0.2972,16.343,69.67,157.0525,16.2247465753425
"33","segasoapcreek",2020,33,0.29717,16.343,69.67,157.0525,16.2247465753425
"34","segasoapcreek",2020,34,0.29712,16.343,69.67,157.0525,16.2247465753425
"35","segasoapcreek",2020,35,0.29684,16.343,69.67,157.0525,16.2247465753425
"36","segasoapcreek",2020,36,0.29659,16.343,69.67,157.0525,16.2247465753425
"37","segasoapcreek",2020,37,0.29661,16.343,69.67,157.0525,16.2247465753425
"38","segasoapcreek",2020,38,0.29667,16.343,69.67,157.0525,16.2247465753425
"39","segasoapcreek",2020,39,0.29671,16.343,69.67,157.0525,16.2247465753425
"40","segasoapcreek",2020,40,0.29689,16.343,69.67,157.0525,16.2247465753425
"41","segasoapcreek",2020,41,0.29708,16.343,69.67,157.0525,16.2247465753425
"42","segasoapcreek",2020,42,0.29715,16.343,69.67,157.0525,16.2247465753425
"43","segasoapcreek",2020,43,0.29726,16.343,69.67,157.0525,16.2247465753425
"44","segasoapcreek",2020,44,0.29734,16.343,69.67,157.0525,16.2247465753425
"45","segasoapcreek",2020,45,0.29745,16.343,69.67,157.0525,16.2247465753425
"46","segasoapcreek",2020,46,0.2975,16.343,69.67,157.0525,16.2247465753425
"47","segasoapcreek",2020,47,0.29725,16.343,69.67,157.0525,16.2247465753425
"48","segasoapcreek",2020,48,0.2968,16.343,69.67,157.0525,16.2247465753425
"49","segasoapcreek",2020,49,0.29635,16.343,69.67,157.0525,16.2247465753425
"50","segasoapcreek",2020,50,0.2961,16.343,69.67,157.0525,16.2247465753425
"51","segasoapcreek",2020,51,0.29626,16.343,69.67,157.0525,16.2247465753425
"52","segasoapcreek",2020,52,0.29663,16.343,69.67,157.0525,16.2247465753425
"53","segasoapcreek",2020,53,0.29677,16.343,69.67,157.0525,16.2247465753425
"54","segasoapcreek",2020,54,0.29641,16.343,69.67,157.0525,16.2247465753425
"55","segasoapcreek",2020,55,0.29601,16.343,69.67,157.0525,16.2247465753425
"56","segasoapcreek",2020,56,0.29583,16.343,69.67,157.0525,16.2247465753425
"57","segasoapcreek",2020,57,0.29566,16.343,69.67,157.0525,16.2247465753425
"58","segasoapcreek",2020,58,0.29554,16.343,69.67,157.0525,16.2247465753425
"59","segasoapcreek",2020,59,0.29549,16.343,69.67,157.0525,16.2247465753425
"60","segasoapcreek",2020,60,0.29549,16.343,69.67,157.0525,16.2247465753425
"61","segasoapcreek",2020,61,0.29546,16.343,69.67,157.0525,16.2247465753425
"62","segasoapcreek",2020,62,0.29537,16.343,69.67,157.0525,16.2247465753425
"63","segasoapcreek",2020,63,0.29532,16.343,69.67,157.0525,16.2247465753425
"64","segasoapcreek",2020,64,0.29526,16.343,69.67,157.0525,16.2247465753425
"65","segasoapcreek",2020,65,0.29511,16.343,69.67,157.0525,16.2247465753425
"66","segasoapcreek",2020,66,0.29495,16.343,69.67,157.0525,16.2247465753425
"67","segasoapcreek",2020,67,0.29475,16.343,69.67,157.0525,16.2247465753425
"68","segasoapcreek",2020,68,0.29449,16.343,69.67,157.0525,16.2247465753425
"69","segasoapcreek",2020,69,0.29399,16.343,69.67,157.0525,16.2247465753425
"70","segasoapcreek",2020,70,0.29331,16.343,69.67,157.0525,16.2247465753425
"71","segasoapcreek",2020,71,0.29282,16.343,69.67,157.0525,16.2247465753425
"72","segasoapcreek",2020,72,0.29283,16.343,69.67,157.0525,16.2247465753425
"73","segasoapcreek",2020,73,0.29289,16.343,69.67,157.0525,16.2247465753425
"74","segasoapcreek",2020,74,0.29265,16.343,69.67,157.0525,16.2247465753425
"75","segasoapcreek",2020,75,0.29238,16.343,69.67,157.0525,16.2247465753425
"76","segasoapcreek",2020,76,0.29222,16.343,69.67,157.0525,16.2247465753425
"77","segasoapcreek",2020,77,0.29208,16.343,69.67,157.0525,16.2247465753425
"78","segasoapcreek",2020,78,0.29203,16.343,69.67,157.0525,16.2247465753425
"79","segasoapcreek",2020,79,0.29221,16.343,69.67,157.0525,16.2247465753425
"80","segasoapcreek",2020,80,0.29249,16.343,69.67,157.0525,16.2247465753425
"81","segasoapcreek",2020,81,0.29279,16.343,69.67,157.0525,16.2247465753425
"82","segasoapcreek",2020,82,0.29309,16.343,69.67,157.0525,16.2247465753425
"83","segasoapcreek",2020,83,0.29345,16.343,69.67,157.0525,16.2247465753425
"84","segasoapcreek",2020,84,0.29401,16.343,69.67,157.0525,16.2247465753425
"85","segasoapcreek",2020,85,0.29478,16.343,69.67,157.0525,16.2247465753425
"86","segasoapcreek",2020,86,0.29558,16.343,69.67,157.0525,16.2247465753425
"87","segasoapcreek",2020,87,0.29624,16.343,69.67,157.0525,16.2247465753425
"88","segasoapcreek",2020,88,0.2967,16.343,69.67,157.0525,16.2247465753425
"89","segasoapcreek",2020,89,0.29707,16.343,69.67,157.0525,16.2247465753425
"90","segasoapcreek",2020,90,0.29742,16.343,69.67,157.0525,16.2247465753425
"91","segasoapcreek",2020,91,0.29776,16.343,69.67,157.0525,16.2247465753425
"92","segasoapcreek",2020,92,0.29807,16.343,69.67,157.0525,16.2247465753425
"93","segasoapcreek",2020,93,0.29836,16.343,69.67,157.0525,16.2247465753425
"94","segasoapcreek",2020,94,0.29865,16.343,69.67,157.0525,16.2247465753425
"95","segasoapcreek",2020,95,0.29889,16.343,69.67,157.0525,16.2247465753425
"96","segasoapcreek",2020,96,0.29903,16.343,69.67,157.0525,16.2247465753425
"97","segasoapcreek",2020,97,0.29905,16.343,69.67,157.0525,16.2247465753425
"98","segasoapcreek",2020,98,0.29899,16.343,69.67,157.0525,16.2247465753425
"99","segasoapcreek",2020,99,0.29892,16.343,69.67,157.0525,16.2247465753425
"100","segasoapcreek",2020,100,0.29903,16.343,69.67,157.0525,16.2247465753425
"101","segasoapcreek",2020,101,0.29907,16.343,69.67,157.0525,16.2247465753425
"102","segasoapcreek",2020,102,0.29873,16.343,69.67,157.0525,16.2247465753425
"103","segasoapcreek",2020,103,0.29818,16.343,69.67,157.0525,16.2247465753425
"104","segasoapcreek",2020,104,0.29756,16.343,69.67,157.0525,16.2247465753425
"105","segasoapcreek",2020,105,0.29701,16.343,69.67,157.0525,16.2247465753425
"106","segasoapcreek",2020,106,0.29629,16.343,69.67,157.0525,16.2247465753425
"107","segasoapcreek",2020,107,0.29539,16.343,69.67,157.0525,16.2247465753425
"108","segasoapcreek",2020,108,0.29488,16.343,69.67,157.0525,16.2247465753425
"109","segasoapcreek",2020,109,0.29491,16.343,69.67,157.0525,16.2247465753425
"110","segasoapcreek",2020,110,0.29505,16.343,69.67,157.0525,16.2247465753425
"111","segasoapcreek",2020,111,0.29533,16.343,69.67,157.0525,16.2247465753425
"112","segasoapcreek",2020,112,0.2958,16.343,69.67,157.0525,16.2247465753425
"113","segasoapcreek",2020,113,0.29632,16.343,69.67,157.0525,16.2247465753425
"114","segasoapcreek",2020,114,0.29718,16.343,69.67,157.0525,16.2247465753425
"115","segasoapcreek",2020,115,0.29813,16.343,69.67,157.0525,16.2247465753425
"116","segasoapcreek",2020,116,0.29898,16.343,69.67,157.0525,16.2247465753425
"117","segasoapcreek",2020,117,0.29993,16.343,69.67,157.0525,16.2247465753425
"118","segasoapcreek",2020,118,0.30071,16.343,69.67,157.0525,16.2247465753425
"119","segasoapcreek",2020,119,0.30131,16.343,69.67,157.0525,16.2247465753425
"120","segasoapcreek",2020,120,0.30178,16.343,69.67,157.0525,16.2247465753425
"121","segasoapcreek",2020,121,0.30224,16.343,69.67,157.0525,16.2247465753425
"122","segasoapcreek",2020,122,0.30275,16.343,69.67,157.0525,16.2247465753425
"123","segasoapcreek",2020,123,0.30315,16.343,69.67,157.0525,16.2247465753425
"124","segasoapcreek",2020,124,0.30324,16.343,69.67,157.0525,16.2247465753425
"125","segasoapcreek",2020,125,0.3027,16.343,69.67,157.0525,16.2247465753425
"126","segasoapcreek",2020,126,0.30172,16.343,69.67,157.0525,16.2247465753425
"127","segasoapcreek",2020,127,0.30097,16.343,69.67,157.0525,16.2247465753425
"128","segasoapcreek",2020,128,0.30023,16.343,69.67,157.0525,16.2247465753425
"129","segasoapcreek",2020,129,0.29951,16.343,69.67,157.0525,16.2247465753425
"130","segasoapcreek",2020,130,0.29918,16.343,69.67,157.0525,16.2247465753425
"131","segasoapcreek",2020,131,0.29894,16.343,69.67,157.0525,16.2247465753425
"132","segasoapcreek",2020,132,0.29877,16.343,69.67,157.0525,16.2247465753425
"133","segasoapcreek",2020,133,0.29865,16.343,69.67,157.0525,16.2247465753425
"134","segasoapcreek",2020,134,0.2987,16.343,69.67,157.0525,16.2247465753425
"135","segasoapcreek",2020,135,0.29892,16.343,69.67,157.0525,16.2247465753425
"136","segasoapcreek",2020,136,0.29904,16.343,69.67,157.0525,16.2247465753425
"137","segasoapcreek",2020,137,0.29906,16.343,69.67,157.0525,16.2247465753425
"138","segasoapcreek",2020,138,0.29907,16.343,69.67,157.0525,16.2247465753425
"139","segasoapcreek",2020,139,0.29907,16.343,69.67,157.0525,16.2247465753425
"140","segasoapcreek",2020,140,0.29907,16.343,69.67,157.0525,16.2247465753425
"141","segasoapcreek",2020,141,0.29901,16.343,69.67,157.0525,16.2247465753425
"142","segasoapcreek",2020,142,0.29885,16.343,69.67,157.0525,16.2247465753425
"143","segasoapcreek",2020,143,0.29865,16.343,69.67,157.0525,16.2247465753425
"144","segasoapcreek",2020,144,0.29844,16.343,69.67,157.0525,16.2247465753425
"145","segasoapcreek",2020,145,0.29807,16.343,69.67,157.0525,16.2247465753425
"146","segasoapcreek",2020,146,0.29733,16.343,69.67,157.0525,16.2247465753425
"147","segasoapcreek",2020,147,0.29652,16.343,69.67,157.0525,16.2247465753425
"148","segasoapcreek",2020,148,0.29566,16.343,69.67,157.0525,16.2247465753425
"149","segasoapcreek",2020,149,0.2946,16.343,69.67,157.0525,16.2247465753425
"150","segasoapcreek",2020,150,0.2938,16.343,69.67,157.0525,16.2247465753425
"151","segasoapcreek",2020,151,0.29297,16.343,69.67,157.0525,16.2247465753425
"152","segasoapcreek",2020,152,0.2923,16.343,69.67,157.0525,16.2247465753425
"153","segasoapcreek",2020,153,0.29236,16.343,69.67,157.0525,16.2247465753425
"154","segasoapcreek",2020,154,0.29274,16.343,69.67,157.0525,16.2247465753425
"155","segasoapcreek",2020,155,0.29314,16.343,69.67,157.0525,16.2247465753425
"156","segasoapcreek",2020,156,0.29411,16.343,69.67,157.0525,16.2247465753425
"157","segasoapcreek",2020,157,0.29509,16.343,69.67,157.0525,16.2247465753425
"158","segasoapcreek",2020,158,0.29547,16.343,69.67,157.0525,16.2247465753425
"159","segasoapcreek",2020,159,0.29587,16.343,69.67,157.0525,16.2247465753425
"160","segasoapcreek",2020,160,0.2962,16.343,69.67,157.0525,16.2247465753425
"161","segasoapcreek",2020,161,0.29636,16.343,69.67,157.0525,16.2247465753425
"162","segasoapcreek",2020,162,0.29647,16.343,69.67,157.0525,16.2247465753425
"163","segasoapcreek",2020,163,0.2965,16.343,69.67,157.0525,16.2247465753425
"164","segasoapcreek",2020,164,0.29621,16.343,69.67,157.0525,16.2247465753425
"165","segasoapcreek",2020,165,0.29534,16.343,69.67,157.0525,16.2247465753425
"166","segasoapcreek",2020,166,0.29429,16.343,69.67,157.0525,16.2247465753425
"167","segasoapcreek",2020,167,0.2931,16.343,69.67,157.0525,16.2247465753425
"168","segasoapcreek",2020,168,0.2916,16.343,69.67,157.0525,16.2247465753425
"169","segasoapcreek",2020,169,0.29011,16.343,69.67,157.0525,16.2247465753425
"170","segasoapcreek",2020,170,0.28898,16.343,69.67,157.0525,16.2247465753425
"171","segasoapcreek",2020,171,0.28789,16.343,69.67,157.0525,16.2247465753425
"172","segasoapcreek",2020,172,0.28665,16.343,69.67,157.0525,16.2247465753425
"173","segasoapcreek",2020,173,0.28582,16.343,69.67,157.0525,16.2247465753425
"174","segasoapcreek",2020,174,0.28539,16.343,69.67,157.0525,16.2247465753425
"175","segasoapcreek",2020,175,0.28521,16.343,69.67,157.0525,16.2247465753425
"176","segasoapcreek",2020,176,0.28574,16.343,69.67,157.0525,16.2247465753425
"177","segasoapcreek",2020,177,0.2869,16.343,69.67,157.0525,16.2247465753425
"178","segasoapcreek",2020,178,0.2882,16.343,69.67,157.0525,16.2247465753425
"179","segasoapcreek",2020,179,0.28914,16.343,69.67,157.0525,16.2247465753425
"180","segasoapcreek",2020,180,0.28962,16.343,69.67,157.0525,16.2247465753425
"181","segasoapcreek",2020,181,0.29,16.343,69.67,157.0525,16.2247465753425
"182","segasoapcreek",2020,182,0.29047,16.343,69.67,157.0525,16.2247465753425
"183","segasoapcreek",2020,183,0.2911,16.343,69.67,157.0525,16.2247465753425
"184","segasoapcreek",2020,184,0.29174,16.343,69.67,157.0525,16.2247465753425
"185","segasoapcreek",2020,185,0.29254,16.343,69.67,157.0525,16.2247465753425
"186","segasoapcreek",2020,186,0.29348,16.343,69.67,157.0525,16.2247465753425
"187","segasoapcreek",2020,187,0.29405,16.343,69.67,157.0525,16.2247465753425
"188","segasoapcreek",2020,188,0.29424,16.343,69.67,157.0525,16.2247465753425
"189","segasoapcreek",2020,189,0.29425,16.343,69.67,157.0525,16.2247465753425
"190","segasoapcreek",2020,190,0.29393,16.343,69.67,157.0525,16.2247465753425
"191","segasoapcreek",2020,191,0.2934,16.343,69.67,157.0525,16.2247465753425
"192","segasoapcreek",2020,192,0.29283,16.343,69.67,157.0525,16.2247465753425
"193","segasoapcreek",2020,193,0.29183,16.343,69.67,157.0525,16.2247465753425
"194","segasoapcreek",2020,194,0.29073,16.343,69.67,157.0525,16.2247465753425
"195","segasoapcreek",2020,195,0.28984,16.343,69.67,157.0525,16.2247465753425
"196","segasoapcreek",2020,196,0.28877,16.343,69.67,157.0525,16.2247465753425
"197","segasoapcreek",2020,197,0.28775,16.343,69.67,157.0525,16.2247465753425
"198","segasoapcreek",2020,198,0.28701,16.343,69.67,157.0525,16.2247465753425
"199","segasoapcreek",2020,199,0.28651,16.343,69.67,157.0525,16.2247465753425
"200","segasoapcreek",2020,200,0.28613,16.343,69.67,157.0525,16.2247465753425
"201","segasoapcreek",2020,201,0.28596,16.343,69.67,157.0525,16.2247465753425
"202","segasoapcreek",2020,202,0.28595,16.343,69.67,157.0525,16.2247465753425
"203","segasoapcreek",2020,203,0.28609,16.343,69.67,157.0525,16.2247465753425
"204","segasoapcreek",2020,204,0.28667,16.343,69.67,157.0525,16.2247465753425
"205","segasoapcreek",2020,205,0.28762,16.343,69.67,157.0525,16.2247465753425
"206","segasoapcreek",2020,206,0.28859,16.343,69.67,157.0525,16.2247465753425
"207","segasoapcreek",2020,207,0.28926,16.343,69.67,157.0525,16.2247465753425
"208","segasoapcreek",2020,208,0.28978,16.343,69.67,157.0525,16.2247465753425
"209","segasoapcreek",2020,209,0.29035,16.343,69.67,157.0525,16.2247465753425
"210","segasoapcreek",2020,210,0.29066,16.343,69.67,157.0525,16.2247465753425
"211","segasoapcreek",2020,211,0.29029,16.343,69.67,157.0525,16.2247465753425
"212","segasoapcreek",2020,212,0.28987,16.343,69.67,157.0525,16.2247465753425
"213","segasoapcreek",2020,213,0.2897,16.343,69.67,157.0525,16.2247465753425
"214","segasoapcreek",2020,214,0.28929,16.343,69.67,157.0525,16.2247465753425
"215","segasoapcreek",2020,215,0.28892,16.343,69.67,157.0525,16.2247465753425
"216","segasoapcreek",2020,216,0.28884,16.343,69.67,157.0525,16.2247465753425
"217","segasoapcreek",2020,217,0.28939,16.343,69.67,157.0525,16.2247465753425
"218","segasoapcreek",2020,218,0.29031,16.343,69.67,157.0525,16.2247465753425
"219","segasoapcreek",2020,219,0.29097,16.343,69.67,157.0525,16.2247465753425
"220","segasoapcreek",2020,220,0.29157,16.343,69.67,157.0525,16.2247465753425
"221","segasoapcreek",2020,221,0.29213,16.343,69.67,157.0525,16.2247465753425
"222","segasoapcreek",2020,222,0.29238,16.343,69.67,157.0525,16.2247465753425
"223","segasoapcreek",2020,223,0.29255,16.343,69.67,157.0525,16.2247465753425
"224","segasoapcreek",2020,224,0.29246,16.343,69.67,157.0525,16.2247465753425
"225","segasoapcreek",2020,225,0.29183,16.343,69.67,157.0525,16.2247465753425
"226","segasoapcreek",2020,226,0.29101,16.343,69.67,157.0525,16.2247465753425
"227","segasoapcreek",2020,227,0.29014,16.343,69.67,157.0525,16.2247465753425
"228","segasoapcreek",2020,228,0.28907,16.343,69.67,157.0525,16.2247465753425
"229","segasoapcreek",2020,229,0.28812,16.343,69.67,157.0525,16.2247465753425
"230","segasoapcreek",2020,230,0.28704,16.343,69.67,157.0525,16.2247465753425
"231","segasoapcreek",2020,231,0.28601,16.343,69.67,157.0525,16.2247465753425
"232","segasoapcreek",2020,232,0.28516,16.343,69.67,157.0525,16.2247465753425
"233","segasoapcreek",2020,233,0.28421,16.343,69.67,157.0525,16.2247465753425
"234","segasoapcreek",2020,234,0.28338,16.343,69.67,157.0525,16.2247465753425
"235","segasoapcreek",2020,235,0.28288,16.343,69.67,157.0525,16.2247465753425
"236","segasoapcreek",2020,236,0.28271,16.343,69.67,157.0525,16.2247465753425
"237","segasoapcreek",2020,237,0.28275,16.343,69.67,157.0525,16.2247465753425
"238","segasoapcreek",2020,238,0.28312,16.343,69.67,157.0525,16.2247465753425
"239","segasoapcreek",2020,239,0.28402,16.343,69.67,157.0525,16.2247465753425
"240","segasoapcreek",2020,240,0.28512,16.343,69.67,157.0525,16.2247465753425
"241","segasoapcreek",2020,241,0.28656,16.343,69.67,157.0525,16.2247465753425
"242","segasoapcreek",2020,242,0.28853,16.343,69.67,157.0525,16.2247465753425
"243","segasoapcreek",2020,243,0.29047,16.343,69.67,157.0525,16.2247465753425
"244","segasoapcreek",2020,244,0.29181,16.343,69.67,157.0525,16.2247465753425
"245","segasoapcreek",2020,245,0.29276,16.343,69.67,157.0525,16.2247465753425
"246","segasoapcreek",2020,246,0.29368,16.343,69.67,157.0525,16.2247465753425
"247","segasoapcreek",2020,247,0.29421,16.343,69.67,157.0525,16.2247465753425
"248","segasoapcreek",2020,248,0.29375,16.343,69.67,157.0525,16.2247465753425
"249","segasoapcreek",2020,249,0.2931,16.343,69.67,157.0525,16.2247465753425
"250","segasoapcreek",2020,250,0.29272,16.343,69.67,157.0525,16.2247465753425
"251","segasoapcreek",2020,251,0.29202,16.343,69.67,157.0525,16.2247465753425
"252","segasoapcreek",2020,252,0.29126,16.343,69.67,157.0525,16.2247465753425
"253","segasoapcreek",2020,253,0.29069,16.343,69.67,157.0525,16.2247465753425
"254","segasoapcreek",2020,254,0.29059,16.343,69.67,157.0525,16.2247465753425
"255","segasoapcreek",2020,255,0.29071,16.343,69.67,157.0525,16.2247465753425
"256","segasoapcreek",2020,256,0.29054,16.343,69.67,157.0525,16.2247465753425
"257","segasoapcreek",2020,257,0.29001,16.343,69.67,157.0525,16.2247465753425
"258","segasoapcreek",2020,258,0.28944,16.343,69.67,157.0525,16.2247465753425
"259","segasoapcreek",2020,259,0.28839,16.343,69.67,157.0525,16.2247465753425
"260","segasoapcreek",2020,260,0.28694,16.343,69.67,157.0525,16.2247465753425
"261","segasoapcreek",2020,261,0.28596,16.343,69.67,157.0525,16.2247465753425
"262","segasoapcreek",2020,262,0.28512,16.343,69.67,157.0525,16.2247465753425
"263","segasoapcreek",2020,263,0.28448,16.343,69.67,157.0525,16.2247465753425
"264","segasoapcreek",2020,264,0.2847,16.343,69.67,157.0525,16.2247465753425
"265","segasoapcreek",2020,265,0.28532,16.343,69.67,157.0525,16.2247465753425
"266","segasoapcreek",2020,266,0.28609,16.343,69.67,157.0525,16.2247465753425
"267","segasoapcreek",2020,267,0.2879,16.343,69.67,157.0525,16.2247465753425
"268","segasoapcreek",2020,268,0.28979,16.343,69.67,157.0525,16.2247465753425
"269","segasoapcreek",2020,269,0.29089,16.343,69.67,157.0525,16.2247465753425
"270","segasoapcreek",2020,270,0.29215,16.343,69.67,157.0525,16.2247465753425
"271","segasoapcreek",2020,271,0.29317,16.343,69.67,157.0525,16.2247465753425
"272","segasoapcreek",2020,272,0.29358,16.343,69.67,157.0525,16.2247465753425
"273","segasoapcreek",2020,273,0.29308,16.343,69.67,157.0525,16.2247465753425
"274","segasoapcreek",2020,274,0.29205,16.343,69.67,157.0525,16.2247465753425
"275","segasoapcreek",2020,275,0.29114,16.343,69.67,157.0525,16.2247465753425
"276","segasoapcreek",2020,276,0.28965,16.343,69.67,157.0525,16.2247465753425
"277","segasoapcreek",2020,277,0.28815,16.343,69.67,157.0525,16.2247465753425
"278","segasoapcreek",2020,278,0.28738,16.343,69.67,157.0525,16.2247465753425
"279","segasoapcreek",2020,279,0.28654,16.343,69.67,157.0525,16.2247465753425
"280","segasoapcreek",2020,280,0.2859,16.343,69.67,157.0525,16.2247465753425
"281","segasoapcreek",2020,281,0.28573,16.343,69.67,157.0525,16.2247465753425
"282","segasoapcreek",2020,282,0.28636,16.343,69.67,157.0525,16.2247465753425
"283","segasoapcreek",2020,283,0.28753,16.343,69.67,157.0525,16.2247465753425
"284","segasoapcreek",2020,284,0.28859,16.343,69.67,157.0525,16.2247465753425
"285","segasoapcreek",2020,285,0.2899,16.343,69.67,157.0525,16.2247465753425
"286","segasoapcreek",2020,286,0.29123,16.343,69.67,157.0525,16.2247465753425
"287","segasoapcreek",2020,287,0.2922,16.343,69.67,157.0525,16.2247465753425
"288","segasoapcreek",2020,288,0.29325,16.343,69.67,157.0525,16.2247465753425
"289","segasoapcreek",2020,289,0.29414,16.343,69.67,157.0525,16.2247465753425
"290","segasoapcreek",2020,290,0.29465,16.343,69.67,157.0525,16.2247465753425
"291","segasoapcreek",2020,291,0.29468,16.343,69.67,157.0525,16.2247465753425
"292","segasoapcreek",2020,292,0.29443,16.343,69.67,157.0525,16.2247465753425
"293","segasoapcreek",2020,293,0.29413,16.343,69.67,157.0525,16.2247465753425
"294","segasoapcreek",2020,294,0.2934,16.343,69.67,157.0525,16.2247465753425
"295","segasoapcreek",2020,295,0.29262,16.343,69.67,157.0525,16.2247465753425
"296","segasoapcreek",2020,296,0.29218,16.343,69.67,157.0525,16.2247465753425
"297","segasoapcreek",2020,297,0.29164,16.343,69.67,157.0525,16.2247465753425
"298","segasoapcreek",2020,298,0.29116,16.343,69.67,157.0525,16.2247465753425
"299","segasoapcreek",2020,299,0.29089,16.343,69.67,157.0525,16.2247465753425
"300","segasoapcreek",2020,300,0.29105,16.343,69.67,157.0525,16.2247465753425
"301","segasoapcreek",2020,301,0.29148,16.343,69.67,157.0525,16.2247465753425
"302","segasoapcreek",2020,302,0.29174,16.343,69.67,157.0525,16.2247465753425
"303","segasoapcreek",2020,303,0.29209,16.343,69.67,157.0525,16.2247465753425
"304","segasoapcreek",2020,304,0.29237,16.343,69.67,157.0525,16.2247465753425
"305","segasoapcreek",2020,305,0.29202,16.343,69.67,157.0525,16.2247465753425
"306","segasoapcreek",2020,306,0.29136,16.343,69.67,157.0525,16.2247465753425
"307","segasoapcreek",2020,307,0.29065,16.343,69.67,157.0525,16.2247465753425
"308","segasoapcreek",2020,308,0.29011,16.343,69.67,157.0525,16.2247465753425
"309","segasoapcreek",2020,309,0.28951,16.343,69.67,157.0525,16.2247465753425
"310","segasoapcreek",2020,310,0.28877,16.343,69.67,157.0525,16.2247465753425
"311","segasoapcreek",2020,311,0.28838,16.343,69.67,157.0525,16.2247465753425
"312","segasoapcreek",2020,312,0.28855,16.343,69.67,157.0525,16.2247465753425
"313","segasoapcreek",2020,313,0.28884,16.343,69.67,157.0525,16.2247465753425
"314","segasoapcreek",2020,314,0.28929,16.343,69.67,157.0525,16.2247465753425
"315","segasoapcreek",2020,315,0.29006,16.343,69.67,157.0525,16.2247465753425
"316","segasoapcreek",2020,316,0.29087,16.343,69.67,157.0525,16.2247465753425
"317","segasoapcreek",2020,317,0.29143,16.343,69.67,157.0525,16.2247465753425
"318","segasoapcreek",2020,318,0.29194,16.343,69.67,157.0525,16.2247465753425
"319","segasoapcreek",2020,319,0.29251,16.343,69.67,157.0525,16.2247465753425
"320","segasoapcreek",2020,320,0.29276,16.343,69.67,157.0525,16.2247465753425
"321","segasoapcreek",2020,321,0.29222,16.343,69.67,157.0525,16.2247465753425
"322","segasoapcreek",2020,322,0.29156,16.343,69.67,157.0525,16.2247465753425
"323","segasoapcreek",2020,323,0.29116,16.343,69.67,157.0525,16.2247465753425
"324","segasoapcreek",2020,324,0.2906,16.343,69.67,157.0525,16.2247465753425
"325","segasoapcreek",2020,325,0.29006,16.343,69.67,157.0525,16.2247465753425
"326","segasoapcreek",2020,326,0.28974,16.343,69.67,157.0525,16.2247465753425
"327","segasoapcreek",2020,327,0.28966,16.343,69.67,157.0525,16.2247465753425
"328","segasoapcreek",2020,328,0.28966,16.343,69.67,157.0525,16.2247465753425
"329","segasoapcreek",2020,329,0.28968,16.343,69.67,157.0525,16.2247465753425
"330","segasoapcreek",2020,330,0.28982,16.343,69.67,157.0525,16.2247465753425
"331","segasoapcreek",2020,331,0.29001,16.343,69.67,157.0525,16.2247465753425
"332","segasoapcreek",2020,332,0.29019,16.343,69.67,157.0525,16.2247465753425
"333","segasoapcreek",2020,333,0.29048,16.343,69.67,157.0525,16.2247465753425
"334","segasoapcreek",2020,334,0.29068,16.343,69.67,157.0525,16.2247465753425
"335","segasoapcreek",2020,335,0.2908,16.343,69.67,157.0525,16.2247465753425
"336","segasoapcreek",2020,336,0.29086,16.343,69.67,157.0525,16.2247465753425
"337","segasoapcreek",2020,337,0.291,16.343,69.67,157.0525,16.2247465753425
"338","segasoapcreek",2020,338,0.29122,16.343,69.67,157.0525,16.2247465753425
"339","segasoapcreek",2020,339,0.2911,16.343,69.67,157.0525,16.2247465753425
"340","segasoapcreek",2020,340,0.29053,16.343,69.67,157.0525,16.2247465753425
"341","segasoapcreek",2020,341,0.28984,16.343,69.67,157.0525,16.2247465753425
"342","segasoapcreek",2020,342,0.28882,16.343,69.67,157.0525,16.2247465753425
"343","segasoapcreek",2020,343,0.28738,16.343,69.67,157.0525,16.2247465753425
"344","segasoapcreek",2020,344,0.28596,16.343,69.67,157.0525,16.2247465753425
"345","segasoapcreek",2020,345,0.285,16.343,69.67,157.0525,16.2247465753425
"346","segasoapcreek",2020,346,0.28417,16.343,69.67,157.0525,16.2247465753425
"347","segasoapcreek",2020,347,0.28326,16.343,69.67,157.0525,16.2247465753425
"348","segasoapcreek",2020,348,0.2829,16.343,69.67,157.0525,16.2247465753425
"349","segasoapcreek",2020,349,0.28352,16.343,69.67,157.0525,16.2247465753425
"350","segasoapcreek",2020,350,0.2844,16.343,69.67,157.0525,16.2247465753425
"351","segasoapcreek",2020,351,0.28563,16.343,69.67,157.0525,16.2247465753425
"352","segasoapcreek",2020,352,0.28753,16.343,69.67,157.0525,16.2247465753425
"353","segasoapcreek",2020,353,0.28944,16.343,69.67,157.0525,16.2247465753425
"354","segasoapcreek",2020,354,0.29066,16.343,69.67,157.0525,16.2247465753425
"355","segasoapcreek",2020,355,0.29119,16.343,69.67,157.0525,16.2247465753425
"356","segasoapcreek",2020,356,0.29151,16.343,69.67,157.0525,16.2247465753425
"357","segasoapcreek",2020,357,0.29164,16.343,69.67,157.0525,16.2247465753425
"358","segasoapcreek",2020,358,0.29116,16.343,69.67,157.0525,16.2247465753425
"359","segasoapcreek",2020,359,0.29057,16.343,69.67,157.0525,16.2247465753425
"360","segasoapcreek",2020,360,0.29007,16.343,69.67,157.0525,16.2247465753425
"361","segasoapcreek",2020,361,0.28922,16.343,69.67,157.0525,16.2247465753425
"362","segasoapcreek",2020,362,0.28842,16.343,69.67,157.0525,16.2247465753425
"363","segasoapcreek",2020,363,0.28806,16.343,69.67,157.0525,16.2247465753425
"364","segasoapcreek",2020,364,0.28848,16.343,69.67,157.0525,16.2247465753425
"365","segasoapcreek",2020,365,0.28932,16.343,69.67,157.0525,16.2247465753425
"366","segasoapcreek",2021,1,0.2904,16.8201369863014,163.13,157.0525,16.2247465753425
"367","segasoapcreek",2021,2,0.29087,16.8201369863014,163.13,157.0525,16.2247465753425
"368","segasoapcreek",2021,3,0.29081,16.8201369863014,163.13,157.0525,16.2247465753425
"369","segasoapcreek",2021,4,0.2906,16.8201369863014,163.13,157.0525,16.2247465753425
"370","segasoapcreek",2021,5,0.29037,16.8201369863014,163.13,157.0525,16.2247465753425
"371","segasoapcreek",2021,6,0.28976,16.8201369863014,163.13,157.0525,16.2247465753425
"372","segasoapcreek",2021,7,0.2891,16.8201369863014,163.13,157.0525,16.2247465753425
"373","segasoapcreek",2021,8,0.28863,16.8201369863014,163.13,157.0525,16.2247465753425
"374","segasoapcreek",2021,9,0.28806,16.8201369863014,163.13,157.0525,16.2247465753425
"375","segasoapcreek",2021,10,0.2877,16.8201369863014,163.13,157.0525,16.2247465753425
"376","segasoapcreek",2021,11,0.28792,16.8201369863014,163.13,157.0525,16.2247465753425
"377","segasoapcreek",2021,12,0.28819,16.8201369863014,163.13,157.0525,16.2247465753425
"378","segasoapcreek",2021,13,0.2883,16.8201369863014,163.13,157.0525,16.2247465753425
"379","segasoapcreek",2021,14,0.28858,16.8201369863014,163.13,157.0525,16.2247465753425
"380","segasoapcreek",2021,15,0.2888,16.8201369863014,163.13,157.0525,16.2247465753425
"381","segasoapcreek",2021,16,0.28873,16.8201369863014,163.13,157.0525,16.2247465753425
"382","segasoapcreek",2021,17,0.28817,16.8201369863014,163.13,157.0525,16.2247465753425
"383","segasoapcreek",2021,18,0.28734,16.8201369863014,163.13,157.0525,16.2247465753425
"384","segasoapcreek",2021,19,0.28666,16.8201369863014,163.13,157.0525,16.2247465753425
"385","segasoapcreek",2021,20,0.28583,16.8201369863014,163.13,157.0525,16.2247465753425
"386","segasoapcreek",2021,21,0.28504,16.8201369863014,163.13,157.0525,16.2247465753425
"387","segasoapcreek",2021,22,0.28467,16.8201369863014,163.13,157.0525,16.2247465753425
"388","segasoapcreek",2021,23,0.28436,16.8201369863014,163.13,157.0525,16.2247465753425
"389","segasoapcreek",2021,24,0.28416,16.8201369863014,163.13,157.0525,16.2247465753425
"390","segasoapcreek",2021,25,0.28412,16.8201369863014,163.13,157.0525,16.2247465753425
"391","segasoapcreek",2021,26,0.28429,16.8201369863014,163.13,157.0525,16.2247465753425
"392","segasoapcreek",2021,27,0.28464,16.8201369863014,163.13,157.0525,16.2247465753425
"393","segasoapcreek",2021,28,0.28507,16.8201369863014,163.13,157.0525,16.2247465753425
"394","segasoapcreek",2021,29,0.28575,16.8201369863014,163.13,157.0525,16.2247465753425
"395","segasoapcreek",2021,30,0.28652,16.8201369863014,163.13,157.0525,16.2247465753425
"396","segasoapcreek",2021,31,0.2873,16.8201369863014,163.13,157.0525,16.2247465753425
"397","segasoapcreek",2021,32,0.28824,16.8201369863014,163.13,157.0525,16.2247465753425
"398","segasoapcreek",2021,33,0.28912,16.8201369863014,163.13,157.0525,16.2247465753425
"399","segasoapcreek",2021,34,0.28973,16.8201369863014,163.13,157.0525,16.2247465753425
"400","segasoapcreek",2021,35,0.29026,16.8201369863014,163.13,157.0525,16.2247465753425
"401","segasoapcreek",2021,36,0.29082,16.8201369863014,163.13,157.0525,16.2247465753425
"402","segasoapcreek",2021,37,0.2911,16.8201369863014,163.13,157.0525,16.2247465753425
"403","segasoapcreek",2021,38,0.29081,16.8201369863014,163.13,157.0525,16.2247465753425
"404","segasoapcreek",2021,39,0.2904,16.8201369863014,163.13,157.0525,16.2247465753425
"405","segasoapcreek",2021,40,0.28969,16.8201369863014,163.13,157.0525,16.2247465753425
"406","segasoapcreek",2021,41,0.28856,16.8201369863014,163.13,157.0525,16.2247465753425
"407","segasoapcreek",2021,42,0.2879,16.8201369863014,163.13,157.0525,16.2247465753425
"408","segasoapcreek",2021,43,0.28769,16.8201369863014,163.13,157.0525,16.2247465753425
"409","segasoapcreek",2021,44,0.28765,16.8201369863014,163.13,157.0525,16.2247465753425
"410","segasoapcreek",2021,45,0.28817,16.8201369863014,163.13,157.0525,16.2247465753425
"411","segasoapcreek",2021,46,0.28902,16.8201369863014,163.13,157.0525,16.2247465753425
"412","segasoapcreek",2021,47,0.28983,16.8201369863014,163.13,157.0525,16.2247465753425
"413","segasoapcreek",2021,48,0.29094,16.8201369863014,163.13,157.0525,16.2247465753425
"414","segasoapcreek",2021,49,0.29207,16.8201369863014,163.13,157.0525,16.2247465753425
"415","segasoapcreek",2021,50,0.29285,16.8201369863014,163.13,157.0525,16.2247465753425
"416","segasoapcreek",2021,51,0.29372,16.8201369863014,163.13,157.0525,16.2247465753425
"417","segasoapcreek",2021,52,0.29448,16.8201369863014,163.13,157.0525,16.2247465753425
"418","segasoapcreek",2021,53,0.29497,16.8201369863014,163.13,157.0525,16.2247465753425
"419","segasoapcreek",2021,54,0.29505,16.8201369863014,163.13,157.0525,16.2247465753425
"420","segasoapcreek",2021,55,0.29488,16.8201369863014,163.13,157.0525,16.2247465753425
"421","segasoapcreek",2021,56,0.29472,16.8201369863014,163.13,157.0525,16.2247465753425
"422","segasoapcreek",2021,57,0.29458,16.8201369863014,163.13,157.0525,16.2247465753425
"423","segasoapcreek",2021,58,0.29435,16.8201369863014,163.13,157.0525,16.2247465753425
"424","segasoapcreek",2021,59,0.29406,16.8201369863014,163.13,157.0525,16.2247465753425
"425","segasoapcreek",2021,60,0.29372,16.8201369863014,163.13,157.0525,16.2247465753425
"426","segasoapcreek",2021,61,0.29328,16.8201369863014,163.13,157.0525,16.2247465753425
"427","segasoapcreek",2021,62,0.29272,16.8201369863014,163.13,157.0525,16.2247465753425
"428","segasoapcreek",2021,63,0.29172,16.8201369863014,163.13,157.0525,16.2247465753425
"429","segasoapcreek",2021,64,0.29044,16.8201369863014,163.13,157.0525,16.2247465753425
"430","segasoapcreek",2021,65,0.28947,16.8201369863014,163.13,157.0525,16.2247465753425
"431","segasoapcreek",2021,66,0.2886,16.8201369863014,163.13,157.0525,16.2247465753425
"432","segasoapcreek",2021,67,0.28786,16.8201369863014,163.13,157.0525,16.2247465753425
"433","segasoapcreek",2021,68,0.28766,16.8201369863014,163.13,157.0525,16.2247465753425
"434","segasoapcreek",2021,69,0.28772,16.8201369863014,163.13,157.0525,16.2247465753425
"435","segasoapcreek",2021,70,0.28789,16.8201369863014,163.13,157.0525,16.2247465753425
"436","segasoapcreek",2021,71,0.28803,16.8201369863014,163.13,157.0525,16.2247465753425
"437","segasoapcreek",2021,72,0.28849,16.8201369863014,163.13,157.0525,16.2247465753425
"438","segasoapcreek",2021,73,0.28928,16.8201369863014,163.13,157.0525,16.2247465753425
"439","segasoapcreek",2021,74,0.28974,16.8201369863014,163.13,157.0525,16.2247465753425
"440","segasoapcreek",2021,75,0.28996,16.8201369863014,163.13,157.0525,16.2247465753425
"441","segasoapcreek",2021,76,0.29004,16.8201369863014,163.13,157.0525,16.2247465753425
"442","segasoapcreek",2021,77,0.28928,16.8201369863014,163.13,157.0525,16.2247465753425
"443","segasoapcreek",2021,78,0.28802,16.8201369863014,163.13,157.0525,16.2247465753425
"444","segasoapcreek",2021,79,0.2872,16.8201369863014,163.13,157.0525,16.2247465753425
"445","segasoapcreek",2021,80,0.28652,16.8201369863014,163.13,157.0525,16.2247465753425
"446","segasoapcreek",2021,81,0.28601,16.8201369863014,163.13,157.0525,16.2247465753425
"447","segasoapcreek",2021,82,0.28633,16.8201369863014,163.13,157.0525,16.2247465753425
"448","segasoapcreek",2021,83,0.28695,16.8201369863014,163.13,157.0525,16.2247465753425
"449","segasoapcreek",2021,84,0.28755,16.8201369863014,163.13,157.0525,16.2247465753425
"450","segasoapcreek",2021,85,0.28842,16.8201369863014,163.13,157.0525,16.2247465753425
"451","segasoapcreek",2021,86,0.28936,16.8201369863014,163.13,157.0525,16.2247465753425
"452","segasoapcreek",2021,87,0.2902,16.8201369863014,163.13,157.0525,16.2247465753425
"453","segasoapcreek",2021,88,0.29128,16.8201369863014,163.13,157.0525,16.2247465753425
"454","segasoapcreek",2021,89,0.29233,16.8201369863014,163.13,157.0525,16.2247465753425
"455","segasoapcreek",2021,90,0.29303,16.8201369863014,163.13,157.0525,16.2247465753425
"456","segasoapcreek",2021,91,0.2932,16.8201369863014,163.13,157.0525,16.2247465753425
"457","segasoapcreek",2021,92,0.29307,16.8201369863014,163.13,157.0525,16.2247465753425
"458","segasoapcreek",2021,93,0.29294,16.8201369863014,163.13,157.0525,16.2247465753425
"459","segasoapcreek",2021,94,0.29269,16.8201369863014,163.13,157.0525,16.2247465753425
"460","segasoapcreek",2021,95,0.29239,16.8201369863014,163.13,157.0525,16.2247465753425
"461","segasoapcreek",2021,96,0.29223,16.8201369863014,163.13,157.0525,16.2247465753425
"462","segasoapcreek",2021,97,0.29205,16.8201369863014,163.13,157.0525,16.2247465753425
"463","segasoapcreek",2021,98,0.29185,16.8201369863014,163.13,157.0525,16.2247465753425
"464","segasoapcreek",2021,99,0.29166,16.8201369863014,163.13,157.0525,16.2247465753425
"465","segasoapcreek",2021,100,0.29142,16.8201369863014,163.13,157.0525,16.2247465753425
"466","segasoapcreek",2021,101,0.29114,16.8201369863014,163.13,157.0525,16.2247465753425
"467","segasoapcreek",2021,102,0.29091,16.8201369863014,163.13,157.0525,16.2247465753425
"468","segasoapcreek",2021,103,0.29092,16.8201369863014,163.13,157.0525,16.2247465753425
"469","segasoapcreek",2021,104,0.2909,16.8201369863014,163.13,157.0525,16.2247465753425
"470","segasoapcreek",2021,105,0.29066,16.8201369863014,163.13,157.0525,16.2247465753425
"471","segasoapcreek",2021,106,0.2904,16.8201369863014,163.13,157.0525,16.2247465753425
"472","segasoapcreek",2021,107,0.2901,16.8201369863014,163.13,157.0525,16.2247465753425
"473","segasoapcreek",2021,108,0.28974,16.8201369863014,163.13,157.0525,16.2247465753425
"474","segasoapcreek",2021,109,0.28903,16.8201369863014,163.13,157.0525,16.2247465753425
"475","segasoapcreek",2021,110,0.28805,16.8201369863014,163.13,157.0525,16.2247465753425
"476","segasoapcreek",2021,111,0.28741,16.8201369863014,163.13,157.0525,16.2247465753425
"477","segasoapcreek",2021,112,0.28714,16.8201369863014,163.13,157.0525,16.2247465753425
"478","segasoapcreek",2021,113,0.28697,16.8201369863014,163.13,157.0525,16.2247465753425
"479","segasoapcreek",2021,114,0.28704,16.8201369863014,163.13,157.0525,16.2247465753425
"480","segasoapcreek",2021,115,0.28731,16.8201369863014,163.13,157.0525,16.2247465753425
"481","segasoapcreek",2021,116,0.28752,16.8201369863014,163.13,157.0525,16.2247465753425
"482","segasoapcreek",2021,117,0.28771,16.8201369863014,163.13,157.0525,16.2247465753425
"483","segasoapcreek",2021,118,0.28798,16.8201369863014,163.13,157.0525,16.2247465753425
"484","segasoapcreek",2021,119,0.28831,16.8201369863014,163.13,157.0525,16.2247465753425
"485","segasoapcreek",2021,120,0.28871,16.8201369863014,163.13,157.0525,16.2247465753425
"486","segasoapcreek",2021,121,0.2891,16.8201369863014,163.13,157.0525,16.2247465753425
"487","segasoapcreek",2021,122,0.28952,16.8201369863014,163.13,157.0525,16.2247465753425
"488","segasoapcreek",2021,123,0.28992,16.8201369863014,163.13,157.0525,16.2247465753425
"489","segasoapcreek",2021,124,0.29027,16.8201369863014,163.13,157.0525,16.2247465753425
"490","segasoapcreek",2021,125,0.29065,16.8201369863014,163.13,157.0525,16.2247465753425
"491","segasoapcreek",2021,126,0.29102,16.8201369863014,163.13,157.0525,16.2247465753425
"492","segasoapcreek",2021,127,0.29131,16.8201369863014,163.13,157.0525,16.2247465753425
"493","segasoapcreek",2021,128,0.29163,16.8201369863014,163.13,157.0525,16.2247465753425
"494","segasoapcreek",2021,129,0.29197,16.8201369863014,163.13,157.0525,16.2247465753425
"495","segasoapcreek",2021,130,0.2921,16.8201369863014,163.13,157.0525,16.2247465753425
"496","segasoapcreek",2021,131,0.2917,16.8201369863014,163.13,157.0525,16.2247465753425
"497","segasoapcreek",2021,132,0.2912,16.8201369863014,163.13,157.0525,16.2247465753425
"498","segasoapcreek",2021,133,0.29087,16.8201369863014,163.13,157.0525,16.2247465753425
"499","segasoapcreek",2021,134,0.29043,16.8201369863014,163.13,157.0525,16.2247465753425
"500","segasoapcreek",2021,135,0.28999,16.8201369863014,163.13,157.0525,16.2247465753425
"501","segasoapcreek",2021,136,0.28965,16.8201369863014,163.13,157.0525,16.2247465753425
"502","segasoapcreek",2021,137,0.28936,16.8201369863014,163.13,157.0525,16.2247465753425
"503","segasoapcreek",2021,138,0.28906,16.8201369863014,163.13,157.0525,16.2247465753425
"504","segasoapcreek",2021,139,0.28883,16.8201369863014,163.13,157.0525,16.2247465753425
"505","segasoapcreek",2021,140,0.28886,16.8201369863014,163.13,157.0525,16.2247465753425
"506","segasoapcreek",2021,141,0.28889,16.8201369863014,163.13,157.0525,16.2247465753425
"507","segasoapcreek",2021,142,0.28882,16.8201369863014,163.13,157.0525,16.2247465753425
"508","segasoapcreek",2021,143,0.28884,16.8201369863014,163.13,157.0525,16.2247465753425
"509","segasoapcreek",2021,144,0.28882,16.8201369863014,163.13,157.0525,16.2247465753425
"510","segasoapcreek",2021,145,0.28863,16.8201369863014,163.13,157.0525,16.2247465753425
"511","segasoapcreek",2021,146,0.28805,16.8201369863014,163.13,157.0525,16.2247465753425
"512","segasoapcreek",2021,147,0.28725,16.8201369863014,163.13,157.0525,16.2247465753425
"513","segasoapcreek",2021,148,0.28662,16.8201369863014,163.13,157.0525,16.2247465753425
"514","segasoapcreek",2021,149,0.28589,16.8201369863014,163.13,157.0525,16.2247465753425
"515","segasoapcreek",2021,150,0.28524,16.8201369863014,163.13,157.0525,16.2247465753425
"516","segasoapcreek",2021,151,0.28504,16.8201369863014,163.13,157.0525,16.2247465753425
"517","segasoapcreek",2021,152,0.28496,16.8201369863014,163.13,157.0525,16.2247465753425
"518","segasoapcreek",2021,153,0.28504,16.8201369863014,163.13,157.0525,16.2247465753425
"519","segasoapcreek",2021,154,0.28549,16.8201369863014,163.13,157.0525,16.2247465753425
"520","segasoapcreek",2021,155,0.28608,16.8201369863014,163.13,157.0525,16.2247465753425
"521","segasoapcreek",2021,156,0.28693,16.8201369863014,163.13,157.0525,16.2247465753425
"522","segasoapcreek",2021,157,0.28814,16.8201369863014,163.13,157.0525,16.2247465753425
"523","segasoapcreek",2021,158,0.28898,16.8201369863014,163.13,157.0525,16.2247465753425
"524","segasoapcreek",2021,159,0.28979,16.8201369863014,163.13,157.0525,16.2247465753425
"525","segasoapcreek",2021,160,0.29041,16.8201369863014,163.13,157.0525,16.2247465753425
"526","segasoapcreek",2021,161,0.2902,16.8201369863014,163.13,157.0525,16.2247465753425
"527","segasoapcreek",2021,162,0.28959,16.8201369863014,163.13,157.0525,16.2247465753425
"528","segasoapcreek",2021,163,0.28879,16.8201369863014,163.13,157.0525,16.2247465753425
"529","segasoapcreek",2021,164,0.28795,16.8201369863014,163.13,157.0525,16.2247465753425
"530","segasoapcreek",2021,165,0.28665,16.8201369863014,163.13,157.0525,16.2247465753425
"531","segasoapcreek",2021,166,0.2849,16.8201369863014,163.13,157.0525,16.2247465753425
"532","segasoapcreek",2021,167,0.28359,16.8201369863014,163.13,157.0525,16.2247465753425
"533","segasoapcreek",2021,168,0.28241,16.8201369863014,163.13,157.0525,16.2247465753425
"534","segasoapcreek",2021,169,0.28139,16.8201369863014,163.13,157.0525,16.2247465753425
"535","segasoapcreek",2021,170,0.28128,16.8201369863014,163.13,157.0525,16.2247465753425
"536","segasoapcreek",2021,171,0.28167,16.8201369863014,163.13,157.0525,16.2247465753425
"537","segasoapcreek",2021,172,0.28228,16.8201369863014,163.13,157.0525,16.2247465753425
"538","segasoapcreek",2021,173,0.28282,16.8201369863014,163.13,157.0525,16.2247465753425
"539","segasoapcreek",2021,174,0.28372,16.8201369863014,163.13,157.0525,16.2247465753425
"540","segasoapcreek",2021,175,0.28501,16.8201369863014,163.13,157.0525,16.2247465753425
"541","segasoapcreek",2021,176,0.28582,16.8201369863014,163.13,157.0525,16.2247465753425
"542","segasoapcreek",2021,177,0.28601,16.8201369863014,163.13,157.0525,16.2247465753425
"543","segasoapcreek",2021,178,0.28606,16.8201369863014,163.13,157.0525,16.2247465753425
"544","segasoapcreek",2021,179,0.28589,16.8201369863014,163.13,157.0525,16.2247465753425
"545","segasoapcreek",2021,180,0.28546,16.8201369863014,163.13,157.0525,16.2247465753425
"546","segasoapcreek",2021,181,0.28494,16.8201369863014,163.13,157.0525,16.2247465753425
"547","segasoapcreek",2021,182,0.28452,16.8201369863014,163.13,157.0525,16.2247465753425
"548","segasoapcreek",2021,183,0.28426,16.8201369863014,163.13,157.0525,16.2247465753425
"549","segasoapcreek",2021,184,0.28401,16.8201369863014,163.13,157.0525,16.2247465753425
"550","segasoapcreek",2021,185,0.28359,16.8201369863014,163.13,157.0525,16.2247465753425
"551","segasoapcreek",2021,186,0.28302,16.8201369863014,163.13,157.0525,16.2247465753425
"552","segasoapcreek",2021,187,0.28239,16.8201369863014,163.13,157.0525,16.2247465753425
"553","segasoapcreek",2021,188,0.28149,16.8201369863014,163.13,157.0525,16.2247465753425
"554","segasoapcreek",2021,189,0.28041,16.8201369863014,163.13,157.0525,16.2247465753425
"555","segasoapcreek",2021,190,0.27956,16.8201369863014,163.13,157.0525,16.2247465753425
"556","segasoapcreek",2021,191,0.27873,16.8201369863014,163.13,157.0525,16.2247465753425
"557","segasoapcreek",2021,192,0.27796,16.8201369863014,163.13,157.0525,16.2247465753425
"558","segasoapcreek",2021,193,0.27754,16.8201369863014,163.13,157.0525,16.2247465753425
"559","segasoapcreek",2021,194,0.27721,16.8201369863014,163.13,157.0525,16.2247465753425
"560","segasoapcreek",2021,195,0.27701,16.8201369863014,163.13,157.0525,16.2247465753425
"561","segasoapcreek",2021,196,0.27725,16.8201369863014,163.13,157.0525,16.2247465753425
"562","segasoapcreek",2021,197,0.27761,16.8201369863014,163.13,157.0525,16.2247465753425
"563","segasoapcreek",2021,198,0.2778,16.8201369863014,163.13,157.0525,16.2247465753425
"564","segasoapcreek",2021,199,0.27808,16.8201369863014,163.13,157.0525,16.2247465753425
"565","segasoapcreek",2021,200,0.27842,16.8201369863014,163.13,157.0525,16.2247465753425
"566","segasoapcreek",2021,201,0.27876,16.8201369863014,163.13,157.0525,16.2247465753425
"567","segasoapcreek",2021,202,0.27911,16.8201369863014,163.13,157.0525,16.2247465753425
"568","segasoapcreek",2021,203,0.27948,16.8201369863014,163.13,157.0525,16.2247465753425
"569","segasoapcreek",2021,204,0.27985,16.8201369863014,163.13,157.0525,16.2247465753425
"570","segasoapcreek",2021,205,0.28049,16.8201369863014,163.13,157.0525,16.2247465753425
"571","segasoapcreek",2021,206,0.28113,16.8201369863014,163.13,157.0525,16.2247465753425
"572","segasoapcreek",2021,207,0.28148,16.8201369863014,163.13,157.0525,16.2247465753425
"573","segasoapcreek",2021,208,0.28179,16.8201369863014,163.13,157.0525,16.2247465753425
"574","segasoapcreek",2021,209,0.28208,16.8201369863014,163.13,157.0525,16.2247465753425
"575","segasoapcreek",2021,210,0.28235,16.8201369863014,163.13,157.0525,16.2247465753425
"576","segasoapcreek",2021,211,0.28247,16.8201369863014,163.13,157.0525,16.2247465753425
"577","segasoapcreek",2021,212,0.28244,16.8201369863014,163.13,157.0525,16.2247465753425
"578","segasoapcreek",2021,213,0.28256,16.8201369863014,163.13,157.0525,16.2247465753425
"579","segasoapcreek",2021,214,0.28298,16.8201369863014,163.13,157.0525,16.2247465753425
"580","segasoapcreek",2021,215,0.28342,16.8201369863014,163.13,157.0525,16.2247465753425
"581","segasoapcreek",2021,216,0.28384,16.8201369863014,163.13,157.0525,16.2247465753425
"582","segasoapcreek",2021,217,0.28441,16.8201369863014,163.13,157.0525,16.2247465753425
"583","segasoapcreek",2021,218,0.28493,16.8201369863014,163.13,157.0525,16.2247465753425
"584","segasoapcreek",2021,219,0.28522,16.8201369863014,163.13,157.0525,16.2247465753425
"585","segasoapcreek",2021,220,0.28528,16.8201369863014,163.13,157.0525,16.2247465753425
"586","segasoapcreek",2021,221,0.28524,16.8201369863014,163.13,157.0525,16.2247465753425
"587","segasoapcreek",2021,222,0.28505,16.8201369863014,163.13,157.0525,16.2247465753425
"588","segasoapcreek",2021,223,0.28439,16.8201369863014,163.13,157.0525,16.2247465753425
"589","segasoapcreek",2021,224,0.28366,16.8201369863014,163.13,157.0525,16.2247465753425
"590","segasoapcreek",2021,225,0.28306,16.8201369863014,163.13,157.0525,16.2247465753425
"591","segasoapcreek",2021,226,0.28224,16.8201369863014,163.13,157.0525,16.2247465753425
"592","segasoapcreek",2021,227,0.28155,16.8201369863014,163.13,157.0525,16.2247465753425
"593","segasoapcreek",2021,228,0.28132,16.8201369863014,163.13,157.0525,16.2247465753425
"594","segasoapcreek",2021,229,0.28169,16.8201369863014,163.13,157.0525,16.2247465753425
"595","segasoapcreek",2021,230,0.28234,16.8201369863014,163.13,157.0525,16.2247465753425
"596","segasoapcreek",2021,231,0.28302,16.8201369863014,163.13,157.0525,16.2247465753425
"597","segasoapcreek",2021,232,0.28412,16.8201369863014,163.13,157.0525,16.2247465753425
"598","segasoapcreek",2021,233,0.28526,16.8201369863014,163.13,157.0525,16.2247465753425
"599","segasoapcreek",2021,234,0.28618,16.8201369863014,163.13,157.0525,16.2247465753425
"600","segasoapcreek",2021,235,0.28733,16.8201369863014,163.13,157.0525,16.2247465753425
"601","segasoapcreek",2021,236,0.28832,16.8201369863014,163.13,157.0525,16.2247465753425
"602","segasoapcreek",2021,237,0.28878,16.8201369863014,163.13,157.0525,16.2247465753425
"603","segasoapcreek",2021,238,0.28824,16.8201369863014,163.13,157.0525,16.2247465753425
"604","segasoapcreek",2021,239,0.28712,16.8201369863014,163.13,157.0525,16.2247465753425
"605","segasoapcreek",2021,240,0.28637,16.8201369863014,163.13,157.0525,16.2247465753425
"606","segasoapcreek",2021,241,0.28585,16.8201369863014,163.13,157.0525,16.2247465753425
"607","segasoapcreek",2021,242,0.28535,16.8201369863014,163.13,157.0525,16.2247465753425
"608","segasoapcreek",2021,243,0.28523,16.8201369863014,163.13,157.0525,16.2247465753425
"609","segasoapcreek",2021,244,0.28522,16.8201369863014,163.13,157.0525,16.2247465753425
"610","segasoapcreek",2021,245,0.28524,16.8201369863014,163.13,157.0525,16.2247465753425
"611","segasoapcreek",2021,246,0.28516,16.8201369863014,163.13,157.0525,16.2247465753425
"612","segasoapcreek",2021,247,0.28494,16.8201369863014,163.13,157.0525,16.2247465753425
"613","segasoapcreek",2021,248,0.28472,16.8201369863014,163.13,157.0525,16.2247465753425
"614","segasoapcreek",2021,249,0.28472,16.8201369863014,163.13,157.0525,16.2247465753425
"615","segasoapcreek",2021,250,0.2848,16.8201369863014,163.13,157.0525,16.2247465753425
"616","segasoapcreek",2021,251,0.28495,16.8201369863014,163.13,157.0525,16.2247465753425
"617","segasoapcreek",2021,252,0.28536,16.8201369863014,163.13,157.0525,16.2247465753425
"618","segasoapcreek",2021,253,0.28588,16.8201369863014,163.13,157.0525,16.2247465753425
"619","segasoapcreek",2021,254,0.28644,16.8201369863014,163.13,157.0525,16.2247465753425
"620","segasoapcreek",2021,255,0.28694,16.8201369863014,163.13,157.0525,16.2247465753425
"621","segasoapcreek",2021,256,0.28772,16.8201369863014,163.13,157.0525,16.2247465753425
"622","segasoapcreek",2021,257,0.28881,16.8201369863014,163.13,157.0525,16.2247465753425
"623","segasoapcreek",2021,258,0.28958,16.8201369863014,163.13,157.0525,16.2247465753425
"624","segasoapcreek",2021,259,0.29002,16.8201369863014,163.13,157.0525,16.2247465753425
"625","segasoapcreek",2021,260,0.29026,16.8201369863014,163.13,157.0525,16.2247465753425
"626","segasoapcreek",2021,261,0.29,16.8201369863014,163.13,157.0525,16.2247465753425
"627","segasoapcreek",2021,262,0.28942,16.8201369863014,163.13,157.0525,16.2247465753425
"628","segasoapcreek",2021,263,0.28878,16.8201369863014,163.13,157.0525,16.2247465753425
"629","segasoapcreek",2021,264,0.28793,16.8201369863014,163.13,157.0525,16.2247465753425
"630","segasoapcreek",2021,265,0.28703,16.8201369863014,163.13,157.0525,16.2247465753425
"631","segasoapcreek",2021,266,0.28597,16.8201369863014,163.13,157.0525,16.2247465753425
"632","segasoapcreek",2021,267,0.28465,16.8201369863014,163.13,157.0525,16.2247465753425
"633","segasoapcreek",2021,268,0.28372,16.8201369863014,163.13,157.0525,16.2247465753425
"634","segasoapcreek",2021,269,0.28308,16.8201369863014,163.13,157.0525,16.2247465753425
"635","segasoapcreek",2021,270,0.28253,16.8201369863014,163.13,157.0525,16.2247465753425
"636","segasoapcreek",2021,271,0.28256,16.8201369863014,163.13,157.0525,16.2247465753425
"637","segasoapcreek",2021,272,0.28303,16.8201369863014,163.13,157.0525,16.2247465753425
"638","segasoapcreek",2021,273,0.28356,16.8201369863014,163.13,157.0525,16.2247465753425
"639","segasoapcreek",2021,274,0.28377,16.8201369863014,163.13,157.0525,16.2247465753425
"640","segasoapcreek",2021,275,0.28365,16.8201369863014,163.13,157.0525,16.2247465753425
"641","segasoapcreek",2021,276,0.28349,16.8201369863014,163.13,157.0525,16.2247465753425
"642","segasoapcreek",2021,277,0.28333,16.8201369863014,163.13,157.0525,16.2247465753425
"643","segasoapcreek",2021,278,0.28268,16.8201369863014,163.13,157.0525,16.2247465753425
"644","segasoapcreek",2021,279,0.28204,16.8201369863014,163.13,157.0525,16.2247465753425
"645","segasoapcreek",2021,280,0.28191,16.8201369863014,163.13,157.0525,16.2247465753425
"646","segasoapcreek",2021,281,0.28183,16.8201369863014,163.13,157.0525,16.2247465753425
"647","segasoapcreek",2021,282,0.28185,16.8201369863014,163.13,157.0525,16.2247465753425
"648","segasoapcreek",2021,283,0.28207,16.8201369863014,163.13,157.0525,16.2247465753425
"649","segasoapcreek",2021,284,0.28291,16.8201369863014,163.13,157.0525,16.2247465753425
"650","segasoapcreek",2021,285,0.28419,16.8201369863014,163.13,157.0525,16.2247465753425
"651","segasoapcreek",2021,286,0.28506,16.8201369863014,163.13,157.0525,16.2247465753425
"652","segasoapcreek",2021,287,0.28559,16.8201369863014,163.13,157.0525,16.2247465753425
"653","segasoapcreek",2021,288,0.28598,16.8201369863014,163.13,157.0525,16.2247465753425
"654","segasoapcreek",2021,289,0.28574,16.8201369863014,163.13,157.0525,16.2247465753425
"655","segasoapcreek",2021,290,0.28504,16.8201369863014,163.13,157.0525,16.2247465753425
"656","segasoapcreek",2021,291,0.28428,16.8201369863014,163.13,157.0525,16.2247465753425
"657","segasoapcreek",2021,292,0.28384,16.8201369863014,163.13,157.0525,16.2247465753425
"658","segasoapcreek",2021,293,0.28348,16.8201369863014,163.13,157.0525,16.2247465753425
"659","segasoapcreek",2021,294,0.28302,16.8201369863014,163.13,157.0525,16.2247465753425
"660","segasoapcreek",2021,295,0.28292,16.8201369863014,163.13,157.0525,16.2247465753425
"661","segasoapcreek",2021,296,0.28367,16.8201369863014,163.13,157.0525,16.2247465753425
"662","segasoapcreek",2021,297,0.28452,16.8201369863014,163.13,157.0525,16.2247465753425
"663","segasoapcreek",2021,298,0.28523,16.8201369863014,163.13,157.0525,16.2247465753425
"664","segasoapcreek",2021,299,0.28618,16.8201369863014,163.13,157.0525,16.2247465753425
"665","segasoapcreek",2021,300,0.28687,16.8201369863014,163.13,157.0525,16.2247465753425
"666","segasoapcreek",2021,301,0.28735,16.8201369863014,163.13,157.0525,16.2247465753425
"667","segasoapcreek",2021,302,0.28777,16.8201369863014,163.13,157.0525,16.2247465753425
"668","segasoapcreek",2021,303,0.28794,16.8201369863014,163.13,157.0525,16.2247465753425
"669","segasoapcreek",2021,304,0.28794,16.8201369863014,163.13,157.0525,16.2247465753425
"670","segasoapcreek",2021,305,0.28785,16.8201369863014,163.13,157.0525,16.2247465753425
"671","segasoapcreek",2021,306,0.28734,16.8201369863014,163.13,157.0525,16.2247465753425
"672","segasoapcreek",2021,307,0.28677,16.8201369863014,163.13,157.0525,16.2247465753425
"673","segasoapcreek",2021,308,0.28661,16.8201369863014,163.13,157.0525,16.2247465753425
"674","segasoapcreek",2021,309,0.28651,16.8201369863014,163.13,157.0525,16.2247465753425
"675","segasoapcreek",2021,310,0.28648,16.8201369863014,163.13,157.0525,16.2247465753425
"676","segasoapcreek",2021,311,0.28652,16.8201369863014,163.13,157.0525,16.2247465753425
"677","segasoapcreek",2021,312,0.28665,16.8201369863014,163.13,157.0525,16.2247465753425
"678","segasoapcreek",2021,313,0.28682,16.8201369863014,163.13,157.0525,16.2247465753425
"679","segasoapcreek",2021,314,0.28694,16.8201369863014,163.13,157.0525,16.2247465753425
"680","segasoapcreek",2021,315,0.28715,16.8201369863014,163.13,157.0525,16.2247465753425
"681","segasoapcreek",2021,316,0.28733,16.8201369863014,163.13,157.0525,16.2247465753425
"682","segasoapcreek",2021,317,0.28724,16.8201369863014,163.13,157.0525,16.2247465753425
"683","segasoapcreek",2021,318,0.28709,16.8201369863014,163.13,157.0525,16.2247465753425
"684","segasoapcreek",2021,319,0.28693,16.8201369863014,163.13,157.0525,16.2247465753425
"685","segasoapcreek",2021,320,0.28683,16.8201369863014,163.13,157.0525,16.2247465753425
"686","segasoapcreek",2021,321,0.2866,16.8201369863014,163.13,157.0525,16.2247465753425
"687","segasoapcreek",2021,322,0.28623,16.8201369863014,163.13,157.0525,16.2247465753425
"688","segasoapcreek",2021,323,0.28604,16.8201369863014,163.13,157.0525,16.2247465753425
"689","segasoapcreek",2021,324,0.28629,16.8201369863014,163.13,157.0525,16.2247465753425
"690","segasoapcreek",2021,325,0.28658,16.8201369863014,163.13,157.0525,16.2247465753425
"691","segasoapcreek",2021,326,0.28685,16.8201369863014,163.13,157.0525,16.2247465753425
"692","segasoapcreek",2021,327,0.28731,16.8201369863014,163.13,157.0525,16.2247465753425
"693","segasoapcreek",2021,328,0.28774,16.8201369863014,163.13,157.0525,16.2247465753425
"694","segasoapcreek",2021,329,0.28792,16.8201369863014,163.13,157.0525,16.2247465753425
"695","segasoapcreek",2021,330,0.28778,16.8201369863014,163.13,157.0525,16.2247465753425
"696","segasoapcreek",2021,331,0.28747,16.8201369863014,163.13,157.0525,16.2247465753425
"697","segasoapcreek",2021,332,0.28709,16.8201369863014,163.13,157.0525,16.2247465753425
"698","segasoapcreek",2021,333,0.28647,16.8201369863014,163.13,157.0525,16.2247465753425
"699","segasoapcreek",2021,334,0.28577,16.8201369863014,163.13,157.0525,16.2247465753425
"700","segasoapcreek",2021,335,0.28502,16.8201369863014,163.13,157.0525,16.2247465753425
"701","segasoapcreek",2021,336,0.28411,16.8201369863014,163.13,157.0525,16.2247465753425
"702","segasoapcreek",2021,337,0.28342,16.8201369863014,163.13,157.0525,16.2247465753425
"703","segasoapcreek",2021,338,0.28293,16.8201369863014,163.13,157.0525,16.2247465753425
"704","segasoapcreek",2021,339,0.28253,16.8201369863014,163.13,157.0525,16.2247465753425
"705","segasoapcreek",2021,340,0.28229,16.8201369863014,163.13,157.0525,16.2247465753425
"706","segasoapcreek",2021,341,0.28213,16.8201369863014,163.13,157.0525,16.2247465753425
"707","segasoapcreek",2021,342,0.28203,16.8201369863014,163.13,157.0525,16.2247465753425
"708","segasoapcreek",2021,343,0.28202,16.8201369863014,163.13,157.0525,16.2247465753425
"709","segasoapcreek",2021,344,0.2821,16.8201369863014,163.13,157.0525,16.2247465753425
"710","segasoapcreek",2021,345,0.28238,16.8201369863014,163.13,157.0525,16.2247465753425
"711","segasoapcreek",2021,346,0.2829,16.8201369863014,163.13,157.0525,16.2247465753425
"712","segasoapcreek",2021,347,0.28344,16.8201369863014,163.13,157.0525,16.2247465753425
"713","segasoapcreek",2021,348,0.28383,16.8201369863014,163.13,157.0525,16.2247465753425
"714","segasoapcreek",2021,349,0.28397,16.8201369863014,163.13,157.0525,16.2247465753425
"715","segasoapcreek",2021,350,0.28399,16.8201369863014,163.13,157.0525,16.2247465753425
"716","segasoapcreek",2021,351,0.28407,16.8201369863014,163.13,157.0525,16.2247465753425
"717","segasoapcreek",2021,352,0.28426,16.8201369863014,163.13,157.0525,16.2247465753425
"718","segasoapcreek",2021,353,0.28447,16.8201369863014,163.13,157.0525,16.2247465753425
"719","segasoapcreek",2021,354,0.2846,16.8201369863014,163.13,157.0525,16.2247465753425
"720","segasoapcreek",2021,355,0.28467,16.8201369863014,163.13,157.0525,16.2247465753425
"721","segasoapcreek",2021,356,0.28472,16.8201369863014,163.13,157.0525,16.2247465753425
"722","segasoapcreek",2021,357,0.28475,16.8201369863014,163.13,157.0525,16.2247465753425
"723","segasoapcreek",2021,358,0.28467,16.8201369863014,163.13,157.0525,16.2247465753425
"724","segasoapcreek",2021,359,0.28452,16.8201369863014,163.13,157.0525,16.2247465753425
"725","segasoapcreek",2021,360,0.28457,16.8201369863014,163.13,157.0525,16.2247465753425
"726","segasoapcreek",2021,361,0.28501,16.8201369863014,163.13,157.0525,16.2247465753425
"727","segasoapcreek",2021,362,0.28549,16.8201369863014,163.13,157.0525,16.2247465753425
"728","segasoapcreek",2021,363,0.28581,16.8201369863014,163.13,157.0525,16.2247465753425
"729","segasoapcreek",2021,364,0.28613,16.8201369863014,163.13,157.0525,16.2247465753425
"730","segasoapcreek",2021,365,0.28649,16.8201369863014,163.13,157.0525,16.2247465753425
"731","segasoapcreek",2022,1,0.28688,16.1855616438356,170.74,157.0525,16.2247465753425
"732","segasoapcreek",2022,2,0.28754,16.1855616438356,170.74,157.0525,16.2247465753425
"733","segasoapcreek",2022,3,0.28841,16.1855616438356,170.74,157.0525,16.2247465753425
"734","segasoapcreek",2022,4,0.28906,16.1855616438356,170.74,157.0525,16.2247465753425
"735","segasoapcreek",2022,5,0.28953,16.1855616438356,170.74,157.0525,16.2247465753425
"736","segasoapcreek",2022,6,0.28986,16.1855616438356,170.74,157.0525,16.2247465753425
"737","segasoapcreek",2022,7,0.29005,16.1855616438356,170.74,157.0525,16.2247465753425
"738","segasoapcreek",2022,8,0.29018,16.1855616438356,170.74,157.0525,16.2247465753425
"739","segasoapcreek",2022,9,0.29006,16.1855616438356,170.74,157.0525,16.2247465753425
"740","segasoapcreek",2022,10,0.28946,16.1855616438356,170.74,157.0525,16.2247465753425
"741","segasoapcreek",2022,11,0.28875,16.1855616438356,170.74,157.0525,16.2247465753425
"742","segasoapcreek",2022,12,0.28785,16.1855616438356,170.74,157.0525,16.2247465753425
"743","segasoapcreek",2022,13,0.28659,16.1855616438356,170.74,157.0525,16.2247465753425
"744","segasoapcreek",2022,14,0.28567,16.1855616438356,170.74,157.0525,16.2247465753425
"745","segasoapcreek",2022,15,0.28495,16.1855616438356,170.74,157.0525,16.2247465753425
"746","segasoapcreek",2022,16,0.28435,16.1855616438356,170.74,157.0525,16.2247465753425
"747","segasoapcreek",2022,17,0.28422,16.1855616438356,170.74,157.0525,16.2247465753425
"748","segasoapcreek",2022,18,0.28435,16.1855616438356,170.74,157.0525,16.2247465753425
"749","segasoapcreek",2022,19,0.28463,16.1855616438356,170.74,157.0525,16.2247465753425
"750","segasoapcreek",2022,20,0.28495,16.1855616438356,170.74,157.0525,16.2247465753425
"751","segasoapcreek",2022,21,0.28555,16.1855616438356,170.74,157.0525,16.2247465753425
"752","segasoapcreek",2022,22,0.28644,16.1855616438356,170.74,157.0525,16.2247465753425
"753","segasoapcreek",2022,23,0.28713,16.1855616438356,170.74,157.0525,16.2247465753425
"754","segasoapcreek",2022,24,0.28784,16.1855616438356,170.74,157.0525,16.2247465753425
"755","segasoapcreek",2022,25,0.28844,16.1855616438356,170.74,157.0525,16.2247465753425
"756","segasoapcreek",2022,26,0.28842,16.1855616438356,170.74,157.0525,16.2247465753425
"757","segasoapcreek",2022,27,0.28815,16.1855616438356,170.74,157.0525,16.2247465753425
"758","segasoapcreek",2022,28,0.28782,16.1855616438356,170.74,157.0525,16.2247465753425
"759","segasoapcreek",2022,29,0.28766,16.1855616438356,170.74,157.0525,16.2247465753425
"760","segasoapcreek",2022,30,0.2875,16.1855616438356,170.74,157.0525,16.2247465753425
"761","segasoapcreek",2022,31,0.28723,16.1855616438356,170.74,157.0525,16.2247465753425
"762","segasoapcreek",2022,32,0.28716,16.1855616438356,170.74,157.0525,16.2247465753425
"763","segasoapcreek",2022,33,0.28729,16.1855616438356,170.74,157.0525,16.2247465753425
"764","segasoapcreek",2022,34,0.28746,16.1855616438356,170.74,157.0525,16.2247465753425
"765","segasoapcreek",2022,35,0.28799,16.1855616438356,170.74,157.0525,16.2247465753425
"766","segasoapcreek",2022,36,0.28889,16.1855616438356,170.74,157.0525,16.2247465753425
"767","segasoapcreek",2022,37,0.28979,16.1855616438356,170.74,157.0525,16.2247465753425
"768","segasoapcreek",2022,38,0.29033,16.1855616438356,170.74,157.0525,16.2247465753425
"769","segasoapcreek",2022,39,0.29027,16.1855616438356,170.74,157.0525,16.2247465753425
"770","segasoapcreek",2022,40,0.28993,16.1855616438356,170.74,157.0525,16.2247465753425
"771","segasoapcreek",2022,41,0.28971,16.1855616438356,170.74,157.0525,16.2247465753425
"772","segasoapcreek",2022,42,0.28914,16.1855616438356,170.74,157.0525,16.2247465753425
"773","segasoapcreek",2022,43,0.28861,16.1855616438356,170.74,157.0525,16.2247465753425
"774","segasoapcreek",2022,44,0.28895,16.1855616438356,170.74,157.0525,16.2247465753425
"775","segasoapcreek",2022,45,0.28954,16.1855616438356,170.74,157.0525,16.2247465753425
"776","segasoapcreek",2022,46,0.28986,16.1855616438356,170.74,157.0525,16.2247465753425
"777","segasoapcreek",2022,47,0.29014,16.1855616438356,170.74,157.0525,16.2247465753425
"778","segasoapcreek",2022,48,0.29034,16.1855616438356,170.74,157.0525,16.2247465753425
"779","segasoapcreek",2022,49,0.29012,16.1855616438356,170.74,157.0525,16.2247465753425
"780","segasoapcreek",2022,50,0.28983,16.1855616438356,170.74,157.0525,16.2247465753425
"781","segasoapcreek",2022,51,0.28942,16.1855616438356,170.74,157.0525,16.2247465753425
"782","segasoapcreek",2022,52,0.28853,16.1855616438356,170.74,157.0525,16.2247465753425
"783","segasoapcreek",2022,53,0.28755,16.1855616438356,170.74,157.0525,16.2247465753425
"784","segasoapcreek",2022,54,0.28667,16.1855616438356,170.74,157.0525,16.2247465753425
"785","segasoapcreek",2022,55,0.28552,16.1855616438356,170.74,157.0525,16.2247465753425
"786","segasoapcreek",2022,56,0.28439,16.1855616438356,170.74,157.0525,16.2247465753425
"787","segasoapcreek",2022,57,0.28357,16.1855616438356,170.74,157.0525,16.2247465753425
"788","segasoapcreek",2022,58,0.28333,16.1855616438356,170.74,157.0525,16.2247465753425
"789","segasoapcreek",2022,59,0.28342,16.1855616438356,170.74,157.0525,16.2247465753425
"790","segasoapcreek",2022,60,0.28338,16.1855616438356,170.74,157.0525,16.2247465753425
"791","segasoapcreek",2022,61,0.28292,16.1855616438356,170.74,157.0525,16.2247465753425
"792","segasoapcreek",2022,62,0.28251,16.1855616438356,170.74,157.0525,16.2247465753425
"793","segasoapcreek",2022,63,0.2823,16.1855616438356,170.74,157.0525,16.2247465753425
"794","segasoapcreek",2022,64,0.28207,16.1855616438356,170.74,157.0525,16.2247465753425
"795","segasoapcreek",2022,65,0.28199,16.1855616438356,170.74,157.0525,16.2247465753425
"796","segasoapcreek",2022,66,0.2822,16.1855616438356,170.74,157.0525,16.2247465753425
"797","segasoapcreek",2022,67,0.28313,16.1855616438356,170.74,157.0525,16.2247465753425
"798","segasoapcreek",2022,68,0.2845,16.1855616438356,170.74,157.0525,16.2247465753425
"799","segasoapcreek",2022,69,0.28545,16.1855616438356,170.74,157.0525,16.2247465753425
"800","segasoapcreek",2022,70,0.28631,16.1855616438356,170.74,157.0525,16.2247465753425
"801","segasoapcreek",2022,71,0.28705,16.1855616438356,170.74,157.0525,16.2247465753425
"802","segasoapcreek",2022,72,0.28696,16.1855616438356,170.74,157.0525,16.2247465753425
"803","segasoapcreek",2022,73,0.28647,16.1855616438356,170.74,157.0525,16.2247465753425
"804","segasoapcreek",2022,74,0.2859,16.1855616438356,170.74,157.0525,16.2247465753425
"805","segasoapcreek",2022,75,0.28559,16.1855616438356,170.74,157.0525,16.2247465753425
"806","segasoapcreek",2022,76,0.28535,16.1855616438356,170.74,157.0525,16.2247465753425
"807","segasoapcreek",2022,77,0.28497,16.1855616438356,170.74,157.0525,16.2247465753425
"808","segasoapcreek",2022,78,0.28477,16.1855616438356,170.74,157.0525,16.2247465753425
"809","segasoapcreek",2022,79,0.28523,16.1855616438356,170.74,157.0525,16.2247465753425
"810","segasoapcreek",2022,80,0.28571,16.1855616438356,170.74,157.0525,16.2247465753425
"811","segasoapcreek",2022,81,0.28592,16.1855616438356,170.74,157.0525,16.2247465753425
"812","segasoapcreek",2022,82,0.28628,16.1855616438356,170.74,157.0525,16.2247465753425
"813","segasoapcreek",2022,83,0.28646,16.1855616438356,170.74,157.0525,16.2247465753425
"814","segasoapcreek",2022,84,0.2862,16.1855616438356,170.74,157.0525,16.2247465753425
"815","segasoapcreek",2022,85,0.28587,16.1855616438356,170.74,157.0525,16.2247465753425
"816","segasoapcreek",2022,86,0.28531,16.1855616438356,170.74,157.0525,16.2247465753425
"817","segasoapcreek",2022,87,0.28441,16.1855616438356,170.74,157.0525,16.2247465753425
"818","segasoapcreek",2022,88,0.28383,16.1855616438356,170.74,157.0525,16.2247465753425
"819","segasoapcreek",2022,89,0.28357,16.1855616438356,170.74,157.0525,16.2247465753425
"820","segasoapcreek",2022,90,0.28345,16.1855616438356,170.74,157.0525,16.2247465753425
"821","segasoapcreek",2022,91,0.28392,16.1855616438356,170.74,157.0525,16.2247465753425
"822","segasoapcreek",2022,92,0.28488,16.1855616438356,170.74,157.0525,16.2247465753425
"823","segasoapcreek",2022,93,0.28583,16.1855616438356,170.74,157.0525,16.2247465753425
"824","segasoapcreek",2022,94,0.28631,16.1855616438356,170.74,157.0525,16.2247465753425
"825","segasoapcreek",2022,95,0.28615,16.1855616438356,170.74,157.0525,16.2247465753425
"826","segasoapcreek",2022,96,0.28573,16.1855616438356,170.74,157.0525,16.2247465753425
"827","segasoapcreek",2022,97,0.2854,16.1855616438356,170.74,157.0525,16.2247465753425
"828","segasoapcreek",2022,98,0.28508,16.1855616438356,170.74,157.0525,16.2247465753425
"829","segasoapcreek",2022,99,0.28474,16.1855616438356,170.74,157.0525,16.2247465753425
"830","segasoapcreek",2022,100,0.28445,16.1855616438356,170.74,157.0525,16.2247465753425
"831","segasoapcreek",2022,101,0.28402,16.1855616438356,170.74,157.0525,16.2247465753425
"832","segasoapcreek",2022,102,0.2836,16.1855616438356,170.74,157.0525,16.2247465753425
"833","segasoapcreek",2022,103,0.28335,16.1855616438356,170.74,157.0525,16.2247465753425
"834","segasoapcreek",2022,104,0.28344,16.1855616438356,170.74,157.0525,16.2247465753425
"835","segasoapcreek",2022,105,0.28378,16.1855616438356,170.74,157.0525,16.2247465753425
"836","segasoapcreek",2022,106,0.28404,16.1855616438356,170.74,157.0525,16.2247465753425
"837","segasoapcreek",2022,107,0.2844,16.1855616438356,170.74,157.0525,16.2247465753425
"838","segasoapcreek",2022,108,0.28473,16.1855616438356,170.74,157.0525,16.2247465753425
"839","segasoapcreek",2022,109,0.2847,16.1855616438356,170.74,157.0525,16.2247465753425
"840","segasoapcreek",2022,110,0.28453,16.1855616438356,170.74,157.0525,16.2247465753425
"841","segasoapcreek",2022,111,0.28432,16.1855616438356,170.74,157.0525,16.2247465753425
"842","segasoapcreek",2022,112,0.28414,16.1855616438356,170.74,157.0525,16.2247465753425
"843","segasoapcreek",2022,113,0.28396,16.1855616438356,170.74,157.0525,16.2247465753425
"844","segasoapcreek",2022,114,0.28374,16.1855616438356,170.74,157.0525,16.2247465753425
"845","segasoapcreek",2022,115,0.28355,16.1855616438356,170.74,157.0525,16.2247465753425
"846","segasoapcreek",2022,116,0.28322,16.1855616438356,170.74,157.0525,16.2247465753425
"847","segasoapcreek",2022,117,0.2829,16.1855616438356,170.74,157.0525,16.2247465753425
"848","segasoapcreek",2022,118,0.28288,16.1855616438356,170.74,157.0525,16.2247465753425
"849","segasoapcreek",2022,119,0.28296,16.1855616438356,170.74,157.0525,16.2247465753425
"850","segasoapcreek",2022,120,0.28299,16.1855616438356,170.74,157.0525,16.2247465753425
"851","segasoapcreek",2022,121,0.28313,16.1855616438356,170.74,157.0525,16.2247465753425
"852","segasoapcreek",2022,122,0.28326,16.1855616438356,170.74,157.0525,16.2247465753425
"853","segasoapcreek",2022,123,0.28307,16.1855616438356,170.74,157.0525,16.2247465753425
"854","segasoapcreek",2022,124,0.28276,16.1855616438356,170.74,157.0525,16.2247465753425
"855","segasoapcreek",2022,125,0.28261,16.1855616438356,170.74,157.0525,16.2247465753425
"856","segasoapcreek",2022,126,0.28254,16.1855616438356,170.74,157.0525,16.2247465753425
"857","segasoapcreek",2022,127,0.28253,16.1855616438356,170.74,157.0525,16.2247465753425
"858","segasoapcreek",2022,128,0.28274,16.1855616438356,170.74,157.0525,16.2247465753425
"859","segasoapcreek",2022,129,0.2831,16.1855616438356,170.74,157.0525,16.2247465753425
"860","segasoapcreek",2022,130,0.28345,16.1855616438356,170.74,157.0525,16.2247465753425
"861","segasoapcreek",2022,131,0.28368,16.1855616438356,170.74,157.0525,16.2247465753425
"862","segasoapcreek",2022,132,0.28395,16.1855616438356,170.74,157.0525,16.2247465753425
"863","segasoapcreek",2022,133,0.28432,16.1855616438356,170.74,157.0525,16.2247465753425
"864","segasoapcreek",2022,134,0.2845,16.1855616438356,170.74,157.0525,16.2247465753425
"865","segasoapcreek",2022,135,0.28421,16.1855616438356,170.74,157.0525,16.2247465753425
"866","segasoapcreek",2022,136,0.28387,16.1855616438356,170.74,157.0525,16.2247465753425
"867","segasoapcreek",2022,137,0.28362,16.1855616438356,170.74,157.0525,16.2247465753425
"868","segasoapcreek",2022,138,0.28322,16.1855616438356,170.74,157.0525,16.2247465753425
"869","segasoapcreek",2022,139,0.28282,16.1855616438356,170.74,157.0525,16.2247465753425
"870","segasoapcreek",2022,140,0.28258,16.1855616438356,170.74,157.0525,16.2247465753425
"871","segasoapcreek",2022,141,0.28251,16.1855616438356,170.74,157.0525,16.2247465753425
"872","segasoapcreek",2022,142,0.28252,16.1855616438356,170.74,157.0525,16.2247465753425
"873","segasoapcreek",2022,143,0.28259,16.1855616438356,170.74,157.0525,16.2247465753425
"874","segasoapcreek",2022,144,0.28282,16.1855616438356,170.74,157.0525,16.2247465753425
"875","segasoapcreek",2022,145,0.2831,16.1855616438356,170.74,157.0525,16.2247465753425
"876","segasoapcreek",2022,146,0.28332,16.1855616438356,170.74,157.0525,16.2247465753425
"877","segasoapcreek",2022,147,0.28356,16.1855616438356,170.74,157.0525,16.2247465753425
"878","segasoapcreek",2022,148,0.28376,16.1855616438356,170.74,157.0525,16.2247465753425
"879","segasoapcreek",2022,149,0.28385,16.1855616438356,170.74,157.0525,16.2247465753425
"880","segasoapcreek",2022,150,0.28382,16.1855616438356,170.74,157.0525,16.2247465753425
"881","segasoapcreek",2022,151,0.28375,16.1855616438356,170.74,157.0525,16.2247465753425
"882","segasoapcreek",2022,152,0.28375,16.1855616438356,170.74,157.0525,16.2247465753425
"883","segasoapcreek",2022,153,0.284,16.1855616438356,170.74,157.0525,16.2247465753425
"884","segasoapcreek",2022,154,0.28425,16.1855616438356,170.74,157.0525,16.2247465753425
"885","segasoapcreek",2022,155,0.2842,16.1855616438356,170.74,157.0525,16.2247465753425
"886","segasoapcreek",2022,156,0.284,16.1855616438356,170.74,157.0525,16.2247465753425
"887","segasoapcreek",2022,157,0.28379,16.1855616438356,170.74,157.0525,16.2247465753425
"888","segasoapcreek",2022,158,0.28373,16.1855616438356,170.74,157.0525,16.2247465753425
"889","segasoapcreek",2022,159,0.284,16.1855616438356,170.74,157.0525,16.2247465753425
"890","segasoapcreek",2022,160,0.28448,16.1855616438356,170.74,157.0525,16.2247465753425
"891","segasoapcreek",2022,161,0.2848,16.1855616438356,170.74,157.0525,16.2247465753425
"892","segasoapcreek",2022,162,0.28486,16.1855616438356,170.74,157.0525,16.2247465753425
"893","segasoapcreek",2022,163,0.28488,16.1855616438356,170.74,157.0525,16.2247465753425
"894","segasoapcreek",2022,164,0.28498,16.1855616438356,170.74,157.0525,16.2247465753425
"895","segasoapcreek",2022,165,0.28513,16.1855616438356,170.74,157.0525,16.2247465753425
"896","segasoapcreek",2022,166,0.28523,16.1855616438356,170.74,157.0525,16.2247465753425
"897","segasoapcreek",2022,167,0.28518,16.1855616438356,170.74,157.0525,16.2247465753425
"898","segasoapcreek",2022,168,0.28492,16.1855616438356,170.74,157.0525,16.2247465753425
"899","segasoapcreek",2022,169,0.28452,16.1855616438356,170.74,157.0525,16.2247465753425
"900","segasoapcreek",2022,170,0.28405,16.1855616438356,170.74,157.0525,16.2247465753425
"901","segasoapcreek",2022,171,0.28327,16.1855616438356,170.74,157.0525,16.2247465753425
"902","segasoapcreek",2022,172,0.28244,16.1855616438356,170.74,157.0525,16.2247465753425
"903","segasoapcreek",2022,173,0.2818,16.1855616438356,170.74,157.0525,16.2247465753425
"904","segasoapcreek",2022,174,0.28105,16.1855616438356,170.74,157.0525,16.2247465753425
"905","segasoapcreek",2022,175,0.28033,16.1855616438356,170.74,157.0525,16.2247465753425
"906","segasoapcreek",2022,176,0.27978,16.1855616438356,170.74,157.0525,16.2247465753425
"907","segasoapcreek",2022,177,0.27932,16.1855616438356,170.74,157.0525,16.2247465753425
"908","segasoapcreek",2022,178,0.2789,16.1855616438356,170.74,157.0525,16.2247465753425
"909","segasoapcreek",2022,179,0.27866,16.1855616438356,170.74,157.0525,16.2247465753425
"910","segasoapcreek",2022,180,0.27884,16.1855616438356,170.74,157.0525,16.2247465753425
"911","segasoapcreek",2022,181,0.27914,16.1855616438356,170.74,157.0525,16.2247465753425
"912","segasoapcreek",2022,182,0.27941,16.1855616438356,170.74,157.0525,16.2247465753425
"913","segasoapcreek",2022,183,0.27985,16.1855616438356,170.74,157.0525,16.2247465753425
"914","segasoapcreek",2022,184,0.28029,16.1855616438356,170.74,157.0525,16.2247465753425
"915","segasoapcreek",2022,185,0.28059,16.1855616438356,170.74,157.0525,16.2247465753425
"916","segasoapcreek",2022,186,0.28088,16.1855616438356,170.74,157.0525,16.2247465753425
"917","segasoapcreek",2022,187,0.28124,16.1855616438356,170.74,157.0525,16.2247465753425
"918","segasoapcreek",2022,188,0.28141,16.1855616438356,170.74,157.0525,16.2247465753425
"919","segasoapcreek",2022,189,0.28124,16.1855616438356,170.74,157.0525,16.2247465753425
"920","segasoapcreek",2022,190,0.28099,16.1855616438356,170.74,157.0525,16.2247465753425
"921","segasoapcreek",2022,191,0.2807,16.1855616438356,170.74,157.0525,16.2247465753425
"922","segasoapcreek",2022,192,0.28027,16.1855616438356,170.74,157.0525,16.2247465753425
"923","segasoapcreek",2022,193,0.27989,16.1855616438356,170.74,157.0525,16.2247465753425
"924","segasoapcreek",2022,194,0.27955,16.1855616438356,170.74,157.0525,16.2247465753425
"925","segasoapcreek",2022,195,0.2792,16.1855616438356,170.74,157.0525,16.2247465753425
"926","segasoapcreek",2022,196,0.27893,16.1855616438356,170.74,157.0525,16.2247465753425
"927","segasoapcreek",2022,197,0.27868,16.1855616438356,170.74,157.0525,16.2247465753425
"928","segasoapcreek",2022,198,0.27845,16.1855616438356,170.74,157.0525,16.2247465753425
"929","segasoapcreek",2022,199,0.27832,16.1855616438356,170.74,157.0525,16.2247465753425
"930","segasoapcreek",2022,200,0.27819,16.1855616438356,170.74,157.0525,16.2247465753425
"931","segasoapcreek",2022,201,0.27786,16.1855616438356,170.74,157.0525,16.2247465753425
"932","segasoapcreek",2022,202,0.2774,16.1855616438356,170.74,157.0525,16.2247465753425
"933","segasoapcreek",2022,203,0.27698,16.1855616438356,170.74,157.0525,16.2247465753425
"934","segasoapcreek",2022,204,0.27675,16.1855616438356,170.74,157.0525,16.2247465753425
"935","segasoapcreek",2022,205,0.27669,16.1855616438356,170.74,157.0525,16.2247465753425
"936","segasoapcreek",2022,206,0.2767,16.1855616438356,170.74,157.0525,16.2247465753425
"937","segasoapcreek",2022,207,0.27686,16.1855616438356,170.74,157.0525,16.2247465753425
"938","segasoapcreek",2022,208,0.27724,16.1855616438356,170.74,157.0525,16.2247465753425
"939","segasoapcreek",2022,209,0.27771,16.1855616438356,170.74,157.0525,16.2247465753425
"940","segasoapcreek",2022,210,0.2783,16.1855616438356,170.74,157.0525,16.2247465753425
"941","segasoapcreek",2022,211,0.27911,16.1855616438356,170.74,157.0525,16.2247465753425
"942","segasoapcreek",2022,212,0.27995,16.1855616438356,170.74,157.0525,16.2247465753425
"943","segasoapcreek",2022,213,0.28068,16.1855616438356,170.74,157.0525,16.2247465753425
"944","segasoapcreek",2022,214,0.28148,16.1855616438356,170.74,157.0525,16.2247465753425
"945","segasoapcreek",2022,215,0.2824,16.1855616438356,170.74,157.0525,16.2247465753425
"946","segasoapcreek",2022,216,0.283,16.1855616438356,170.74,157.0525,16.2247465753425
"947","segasoapcreek",2022,217,0.28329,16.1855616438356,170.74,157.0525,16.2247465753425
"948","segasoapcreek",2022,218,0.2834,16.1855616438356,170.74,157.0525,16.2247465753425
"949","segasoapcreek",2022,219,0.28329,16.1855616438356,170.74,157.0525,16.2247465753425
"950","segasoapcreek",2022,220,0.28303,16.1855616438356,170.74,157.0525,16.2247465753425
"951","segasoapcreek",2022,221,0.28242,16.1855616438356,170.74,157.0525,16.2247465753425
"952","segasoapcreek",2022,222,0.28132,16.1855616438356,170.74,157.0525,16.2247465753425
"953","segasoapcreek",2022,223,0.27996,16.1855616438356,170.74,157.0525,16.2247465753425
"954","segasoapcreek",2022,224,0.27861,16.1855616438356,170.74,157.0525,16.2247465753425
"955","segasoapcreek",2022,225,0.27712,16.1855616438356,170.74,157.0525,16.2247465753425
"956","segasoapcreek",2022,226,0.27776,16.1855616438356,170.74,157.0525,16.2247465753425
"957","segasoapcreek",2022,227,0.27936,16.1855616438356,170.74,157.0525,16.2247465753425
"958","segasoapcreek",2022,228,0.27975,16.1855616438356,170.74,157.0525,16.2247465753425
"959","segasoapcreek",2022,229,0.28035,16.1855616438356,170.74,157.0525,16.2247465753425
"960","segasoapcreek",2022,230,0.28113,16.1855616438356,170.74,157.0525,16.2247465753425
"961","segasoapcreek",2022,231,0.28351,16.1855616438356,170.74,157.0525,16.2247465753425
"962","segasoapcreek",2022,232,0.28571,16.1855616438356,170.74,157.0525,16.2247465753425
"963","segasoapcreek",2022,233,0.28611,16.1855616438356,170.74,157.0525,16.2247465753425
"964","segasoapcreek",2022,234,0.28639,16.1855616438356,170.74,157.0525,16.2247465753425
"965","segasoapcreek",2022,235,0.28666,16.1855616438356,170.74,157.0525,16.2247465753425
"966","segasoapcreek",2022,236,0.28712,16.1855616438356,170.74,157.0525,16.2247465753425
"967","segasoapcreek",2022,237,0.28759,16.1855616438356,170.74,157.0525,16.2247465753425
"968","segasoapcreek",2022,238,0.28786,16.1855616438356,170.74,157.0525,16.2247465753425
"969","segasoapcreek",2022,239,0.28807,16.1855616438356,170.74,157.0525,16.2247465753425
"970","segasoapcreek",2022,240,0.28827,16.1855616438356,170.74,157.0525,16.2247465753425
"971","segasoapcreek",2022,241,0.28849,16.1855616438356,170.74,157.0525,16.2247465753425
"972","segasoapcreek",2022,242,0.28873,16.1855616438356,170.74,157.0525,16.2247465753425
"973","segasoapcreek",2022,243,0.28897,16.1855616438356,170.74,157.0525,16.2247465753425
"974","segasoapcreek",2022,244,0.28913,16.1855616438356,170.74,157.0525,16.2247465753425
"975","segasoapcreek",2022,245,0.28929,16.1855616438356,170.74,157.0525,16.2247465753425
"976","segasoapcreek",2022,246,0.28943,16.1855616438356,170.74,157.0525,16.2247465753425
"977","segasoapcreek",2022,247,0.28942,16.1855616438356,170.74,157.0525,16.2247465753425
"978","segasoapcreek",2022,248,0.2893,16.1855616438356,170.74,157.0525,16.2247465753425
"979","segasoapcreek",2022,249,0.28919,16.1855616438356,170.74,157.0525,16.2247465753425
"980","segasoapcreek",2022,250,0.28918,16.1855616438356,170.74,157.0525,16.2247465753425
"981","segasoapcreek",2022,251,0.28926,16.1855616438356,170.74,157.0525,16.2247465753425
"982","segasoapcreek",2022,252,0.28935,16.1855616438356,170.74,157.0525,16.2247465753425
"983","segasoapcreek",2022,253,0.28943,16.1855616438356,170.74,157.0525,16.2247465753425
"984","segasoapcreek",2022,254,0.28963,16.1855616438356,170.74,157.0525,16.2247465753425
"985","segasoapcreek",2022,255,0.28983,16.1855616438356,170.74,157.0525,16.2247465753425
"986","segasoapcreek",2022,256,0.28998,16.1855616438356,170.74,157.0525,16.2247465753425
"987","segasoapcreek",2022,257,0.29018,16.1855616438356,170.74,157.0525,16.2247465753425
"988","segasoapcreek",2022,258,0.29034,16.1855616438356,170.74,157.0525,16.2247465753425
"989","segasoapcreek",2022,259,0.29035,16.1855616438356,170.74,157.0525,16.2247465753425
"990","segasoapcreek",2022,260,0.29004,16.1855616438356,170.74,157.0525,16.2247465753425
"991","segasoapcreek",2022,261,0.28951,16.1855616438356,170.74,157.0525,16.2247465753425
"992","segasoapcreek",2022,262,0.28912,16.1855616438356,170.74,157.0525,16.2247465753425
"993","segasoapcreek",2022,263,0.28879,16.1855616438356,170.74,157.0525,16.2247465753425
"994","segasoapcreek",2022,264,0.28849,16.1855616438356,170.74,157.0525,16.2247465753425
"995","segasoapcreek",2022,265,0.28842,16.1855616438356,170.74,157.0525,16.2247465753425
"996","segasoapcreek",2022,266,0.28842,16.1855616438356,170.74,157.0525,16.2247465753425
"997","segasoapcreek",2022,267,0.28848,16.1855616438356,170.74,157.0525,16.2247465753425
"998","segasoapcreek",2022,268,0.28873,16.1855616438356,170.74,157.0525,16.2247465753425
"999","segasoapcreek",2022,269,0.289,16.1855616438356,170.74,157.0525,16.2247465753425
"1000","segasoapcreek",2022,270,0.28927,16.1855616438356,170.74,157.0525,16.2247465753425
"1001","segasoapcreek",2022,271,0.28968,16.1855616438356,170.74,157.0525,16.2247465753425
"1002","segasoapcreek",2022,272,0.28988,16.1855616438356,170.74,157.0525,16.2247465753425
"1003","segasoapcreek",2022,273,0.28986,16.1855616438356,170.74,157.0525,16.2247465753425
"1004","segasoapcreek",2022,274,0.28975,16.1855616438356,170.74,157.0525,16.2247465753425
"1005","segasoapcreek",2022,275,0.28934,16.1855616438356,170.74,157.0525,16.2247465753425
"1006","segasoapcreek",2022,276,0.28867,16.1855616438356,170.74,157.0525,16.2247465753425
"1007","segasoapcreek",2022,277,0.28798,16.1855616438356,170.74,157.0525,16.2247465753425
"1008","segasoapcreek",2022,278,0.28749,16.1855616438356,170.74,157.0525,16.2247465753425
"1009","segasoapcreek",2022,279,0.28708,16.1855616438356,170.74,157.0525,16.2247465753425
"1010","segasoapcreek",2022,280,0.28663,16.1855616438356,170.74,157.0525,16.2247465753425
"1011","segasoapcreek",2022,281,0.28638,16.1855616438356,170.74,157.0525,16.2247465753425
"1012","segasoapcreek",2022,282,0.28653,16.1855616438356,170.74,157.0525,16.2247465753425
"1013","segasoapcreek",2022,283,0.28677,16.1855616438356,170.74,157.0525,16.2247465753425
"1014","segasoapcreek",2022,284,0.28707,16.1855616438356,170.74,157.0525,16.2247465753425
"1015","segasoapcreek",2022,285,0.28758,16.1855616438356,170.74,157.0525,16.2247465753425
"1016","segasoapcreek",2022,286,0.28811,16.1855616438356,170.74,157.0525,16.2247465753425
"1017","segasoapcreek",2022,287,0.28846,16.1855616438356,170.74,157.0525,16.2247465753425
"1018","segasoapcreek",2022,288,0.28862,16.1855616438356,170.74,157.0525,16.2247465753425
"1019","segasoapcreek",2022,289,0.28872,16.1855616438356,170.74,157.0525,16.2247465753425
"1020","segasoapcreek",2022,290,0.28879,16.1855616438356,170.74,157.0525,16.2247465753425
"1021","segasoapcreek",2022,291,0.28872,16.1855616438356,170.74,157.0525,16.2247465753425
"1022","segasoapcreek",2022,292,0.28862,16.1855616438356,170.74,157.0525,16.2247465753425
"1023","segasoapcreek",2022,293,0.28863,16.1855616438356,170.74,157.0525,16.2247465753425
"1024","segasoapcreek",2022,294,0.28863,16.1855616438356,170.74,157.0525,16.2247465753425
"1025","segasoapcreek",2022,295,0.28864,16.1855616438356,170.74,157.0525,16.2247465753425
"1026","segasoapcreek",2022,296,0.28868,16.1855616438356,170.74,157.0525,16.2247465753425
"1027","segasoapcreek",2022,297,0.28884,16.1855616438356,170.74,157.0525,16.2247465753425
"1028","segasoapcreek",2022,298,0.28907,16.1855616438356,170.74,157.0525,16.2247465753425
"1029","segasoapcreek",2022,299,0.28921,16.1855616438356,170.74,157.0525,16.2247465753425
"1030","segasoapcreek",2022,300,0.28927,16.1855616438356,170.74,157.0525,16.2247465753425
"1031","segasoapcreek",2022,301,0.2893,16.1855616438356,170.74,157.0525,16.2247465753425
"1032","segasoapcreek",2022,302,0.28924,16.1855616438356,170.74,157.0525,16.2247465753425
"1033","segasoapcreek",2022,303,0.28914,16.1855616438356,170.74,157.0525,16.2247465753425
"1034","segasoapcreek",2022,304,0.28899,16.1855616438356,170.74,157.0525,16.2247465753425
"1035","segasoapcreek",2022,305,0.2887,16.1855616438356,170.74,157.0525,16.2247465753425
"1036","segasoapcreek",2022,306,0.28838,16.1855616438356,170.74,157.0525,16.2247465753425
"1037","segasoapcreek",2022,307,0.28802,16.1855616438356,170.74,157.0525,16.2247465753425
"1038","segasoapcreek",2022,308,0.28756,16.1855616438356,170.74,157.0525,16.2247465753425
"1039","segasoapcreek",2022,309,0.28728,16.1855616438356,170.74,157.0525,16.2247465753425
"1040","segasoapcreek",2022,310,0.28721,16.1855616438356,170.74,157.0525,16.2247465753425
"1041","segasoapcreek",2022,311,0.28721,16.1855616438356,170.74,157.0525,16.2247465753425
"1042","segasoapcreek",2022,312,0.28738,16.1855616438356,170.74,157.0525,16.2247465753425
"1043","segasoapcreek",2022,313,0.28774,16.1855616438356,170.74,157.0525,16.2247465753425
"1044","segasoapcreek",2022,314,0.2881,16.1855616438356,170.74,157.0525,16.2247465753425
"1045","segasoapcreek",2022,315,0.28831,16.1855616438356,170.74,157.0525,16.2247465753425
"1046","segasoapcreek",2022,316,0.28843,16.1855616438356,170.74,157.0525,16.2247465753425
"1047","segasoapcreek",2022,317,0.28856,16.1855616438356,170.74,157.0525,16.2247465753425
"1048","segasoapcreek",2022,318,0.2886,16.1855616438356,170.74,157.0525,16.2247465753425
"1049","segasoapcreek",2022,319,0.28838,16.1855616438356,170.74,157.0525,16.2247465753425
"1050","segasoapcreek",2022,320,0.28811,16.1855616438356,170.74,157.0525,16.2247465753425
"1051","segasoapcreek",2022,321,0.2879,16.1855616438356,170.74,157.0525,16.2247465753425
"1052","segasoapcreek",2022,322,0.2876,16.1855616438356,170.74,157.0525,16.2247465753425
"1053","segasoapcreek",2022,323,0.28729,16.1855616438356,170.74,157.0525,16.2247465753425
"1054","segasoapcreek",2022,324,0.28705,16.1855616438356,170.74,157.0525,16.2247465753425
"1055","segasoapcreek",2022,325,0.28692,16.1855616438356,170.74,157.0525,16.2247465753425
"1056","segasoapcreek",2022,326,0.28685,16.1855616438356,170.74,157.0525,16.2247465753425
"1057","segasoapcreek",2022,327,0.28674,16.1855616438356,170.74,157.0525,16.2247465753425
"1058","segasoapcreek",2022,328,0.28668,16.1855616438356,170.74,157.0525,16.2247465753425
"1059","segasoapcreek",2022,329,0.28662,16.1855616438356,170.74,157.0525,16.2247465753425
"1060","segasoapcreek",2022,330,0.28641,16.1855616438356,170.74,157.0525,16.2247465753425
"1061","segasoapcreek",2022,331,0.28614,16.1855616438356,170.74,157.0525,16.2247465753425
"1062","segasoapcreek",2022,332,0.28585,16.1855616438356,170.74,157.0525,16.2247465753425
"1063","segasoapcreek",2022,333,0.2856,16.1855616438356,170.74,157.0525,16.2247465753425
"1064","segasoapcreek",2022,334,0.28537,16.1855616438356,170.74,157.0525,16.2247465753425
"1065","segasoapcreek",2022,335,0.28515,16.1855616438356,170.74,157.0525,16.2247465753425
"1066","segasoapcreek",2022,336,0.28498,16.1855616438356,170.74,157.0525,16.2247465753425
"1067","segasoapcreek",2022,337,0.28494,16.1855616438356,170.74,157.0525,16.2247465753425
"1068","segasoapcreek",2022,338,0.28493,16.1855616438356,170.74,157.0525,16.2247465753425
"1069","segasoapcreek",2022,339,0.2848,16.1855616438356,170.74,157.0525,16.2247465753425
"1070","segasoapcreek",2022,340,0.28465,16.1855616438356,170.74,157.0525,16.2247465753425
"1071","segasoapcreek",2022,341,0.28453,16.1855616438356,170.74,157.0525,16.2247465753425
"1072","segasoapcreek",2022,342,0.28427,16.1855616438356,170.74,157.0525,16.2247465753425
"1073","segasoapcreek",2022,343,0.28407,16.1855616438356,170.74,157.0525,16.2247465753425
"1074","segasoapcreek",2022,344,0.28415,16.1855616438356,170.74,157.0525,16.2247465753425
"1075","segasoapcreek",2022,345,0.28429,16.1855616438356,170.74,157.0525,16.2247465753425
"1076","segasoapcreek",2022,346,0.28452,16.1855616438356,170.74,157.0525,16.2247465753425
"1077","segasoapcreek",2022,347,0.28502,16.1855616438356,170.74,157.0525,16.2247465753425
"1078","segasoapcreek",2022,348,0.28554,16.1855616438356,170.74,157.0525,16.2247465753425
"1079","segasoapcreek",2022,349,0.28599,16.1855616438356,170.74,157.0525,16.2247465753425
"1080","segasoapcreek",2022,350,0.28656,16.1855616438356,170.74,157.0525,16.2247465753425
"1081","segasoapcreek",2022,351,0.28713,16.1855616438356,170.74,157.0525,16.2247465753425
"1082","segasoapcreek",2022,352,0.28756,16.1855616438356,170.74,157.0525,16.2247465753425
"1083","segasoapcreek",2022,353,0.28789,16.1855616438356,170.74,157.0525,16.2247465753425
"1084","segasoapcreek",2022,354,0.28818,16.1855616438356,170.74,157.0525,16.2247465753425
"1085","segasoapcreek",2022,355,0.28832,16.1855616438356,170.74,157.0525,16.2247465753425
"1086","segasoapcreek",2022,356,0.2879,16.1855616438356,170.74,157.0525,16.2247465753425
"1087","segasoapcreek",2022,357,0.28743,16.1855616438356,170.74,157.0525,16.2247465753425
"1088","segasoapcreek",2022,358,0.28731,16.1855616438356,170.74,157.0525,16.2247465753425
"1089","segasoapcreek",2022,359,0.28718,16.1855616438356,170.74,157.0525,16.2247465753425
"1090","segasoapcreek",2022,360,0.2871,16.1855616438356,170.74,157.0525,16.2247465753425
"1091","segasoapcreek",2022,361,0.28718,16.1855616438356,170.74,157.0525,16.2247465753425
"1092","segasoapcreek",2022,362,0.28751,16.1855616438356,170.74,157.0525,16.2247465753425
"1093","segasoapcreek",2022,363,0.28799,16.1855616438356,170.74,157.0525,16.2247465753425
"1094","segasoapcreek",2022,364,0.28836,16.1855616438356,170.74,157.0525,16.2247465753425
"1095","segasoapcreek",2022,365,0.28875,16.1855616438356,170.74,157.0525,16.2247465753425
"1096","segasoapcreek",2023,1,0.28911,15.5502876712329,224.67,157.0525,16.2247465753425
"1097","segasoapcreek",2023,2,0.28921,15.5502876712329,224.67,157.0525,16.2247465753425
"1098","segasoapcreek",2023,3,0.28922,15.5502876712329,224.67,157.0525,16.2247465753425
"1099","segasoapcreek",2023,4,0.28919,15.5502876712329,224.67,157.0525,16.2247465753425
"1100","segasoapcreek",2023,5,0.28917,15.5502876712329,224.67,157.0525,16.2247465753425
"1101","segasoapcreek",2023,6,0.28904,15.5502876712329,224.67,157.0525,16.2247465753425
"1102","segasoapcreek",2023,7,0.28878,15.5502876712329,224.67,157.0525,16.2247465753425
"1103","segasoapcreek",2023,8,0.28861,15.5502876712329,224.67,157.0525,16.2247465753425
"1104","segasoapcreek",2023,9,0.28873,15.5502876712329,224.67,157.0525,16.2247465753425
"1105","segasoapcreek",2023,10,0.28885,15.5502876712329,224.67,157.0525,16.2247465753425
"1106","segasoapcreek",2023,11,0.28893,15.5502876712329,224.67,157.0525,16.2247465753425
"1107","segasoapcreek",2023,12,0.2891,15.5502876712329,224.67,157.0525,16.2247465753425
"1108","segasoapcreek",2023,13,0.28911,15.5502876712329,224.67,157.0525,16.2247465753425
"1109","segasoapcreek",2023,14,0.28878,15.5502876712329,224.67,157.0525,16.2247465753425
"1110","segasoapcreek",2023,15,0.28841,15.5502876712329,224.67,157.0525,16.2247465753425
"1111","segasoapcreek",2023,16,0.28801,15.5502876712329,224.67,157.0525,16.2247465753425
"1112","segasoapcreek",2023,17,0.28745,15.5502876712329,224.67,157.0525,16.2247465753425
"1113","segasoapcreek",2023,18,0.28705,15.5502876712329,224.67,157.0525,16.2247465753425
"1114","segasoapcreek",2023,19,0.28679,15.5502876712329,224.67,157.0525,16.2247465753425
"1115","segasoapcreek",2023,20,0.28661,15.5502876712329,224.67,157.0525,16.2247465753425
"1116","segasoapcreek",2023,21,0.28664,15.5502876712329,224.67,157.0525,16.2247465753425
"1117","segasoapcreek",2023,22,0.28685,15.5502876712329,224.67,157.0525,16.2247465753425
"1118","segasoapcreek",2023,23,0.28712,15.5502876712329,224.67,157.0525,16.2247465753425
"1119","segasoapcreek",2023,24,0.28735,15.5502876712329,224.67,157.0525,16.2247465753425
"1120","segasoapcreek",2023,25,0.2876,15.5502876712329,224.67,157.0525,16.2247465753425
"1121","segasoapcreek",2023,26,0.2879,15.5502876712329,224.67,157.0525,16.2247465753425
"1122","segasoapcreek",2023,27,0.28813,15.5502876712329,224.67,157.0525,16.2247465753425
"1123","segasoapcreek",2023,28,0.2881,15.5502876712329,224.67,157.0525,16.2247465753425
"1124","segasoapcreek",2023,29,0.28807,15.5502876712329,224.67,157.0525,16.2247465753425
"1125","segasoapcreek",2023,30,0.28822,15.5502876712329,224.67,157.0525,16.2247465753425
"1126","segasoapcreek",2023,31,0.28841,15.5502876712329,224.67,157.0525,16.2247465753425
"1127","segasoapcreek",2023,32,0.28861,15.5502876712329,224.67,157.0525,16.2247465753425
"1128","segasoapcreek",2023,33,0.28877,15.5502876712329,224.67,157.0525,16.2247465753425
"1129","segasoapcreek",2023,34,0.28892,15.5502876712329,224.67,157.0525,16.2247465753425
"1130","segasoapcreek",2023,35,0.28908,15.5502876712329,224.67,157.0525,16.2247465753425
"1131","segasoapcreek",2023,36,0.28919,15.5502876712329,224.67,157.0525,16.2247465753425
"1132","segasoapcreek",2023,37,0.28945,15.5502876712329,224.67,157.0525,16.2247465753425
"1133","segasoapcreek",2023,38,0.28967,15.5502876712329,224.67,157.0525,16.2247465753425
"1134","segasoapcreek",2023,39,0.28949,15.5502876712329,224.67,157.0525,16.2247465753425
"1135","segasoapcreek",2023,40,0.28908,15.5502876712329,224.67,157.0525,16.2247465753425
"1136","segasoapcreek",2023,41,0.28866,15.5502876712329,224.67,157.0525,16.2247465753425
"1137","segasoapcreek",2023,42,0.28843,15.5502876712329,224.67,157.0525,16.2247465753425
"1138","segasoapcreek",2023,43,0.28839,15.5502876712329,224.67,157.0525,16.2247465753425
"1139","segasoapcreek",2023,44,0.2884,15.5502876712329,224.67,157.0525,16.2247465753425
"1140","segasoapcreek",2023,45,0.28848,15.5502876712329,224.67,157.0525,16.2247465753425
"1141","segasoapcreek",2023,46,0.28883,15.5502876712329,224.67,157.0525,16.2247465753425
"1142","segasoapcreek",2023,47,0.2892,15.5502876712329,224.67,157.0525,16.2247465753425
"1143","segasoapcreek",2023,48,0.2895,15.5502876712329,224.67,157.0525,16.2247465753425
"1144","segasoapcreek",2023,49,0.2899,15.5502876712329,224.67,157.0525,16.2247465753425
"1145","segasoapcreek",2023,50,0.2902,15.5502876712329,224.67,157.0525,16.2247465753425
"1146","segasoapcreek",2023,51,0.29059,15.5502876712329,224.67,157.0525,16.2247465753425
"1147","segasoapcreek",2023,52,0.29093,15.5502876712329,224.67,157.0525,16.2247465753425
"1148","segasoapcreek",2023,53,0.29089,15.5502876712329,224.67,157.0525,16.2247465753425
"1149","segasoapcreek",2023,54,0.29068,15.5502876712329,224.67,157.0525,16.2247465753425
"1150","segasoapcreek",2023,55,0.29045,15.5502876712329,224.67,157.0525,16.2247465753425
"1151","segasoapcreek",2023,56,0.29007,15.5502876712329,224.67,157.0525,16.2247465753425
"1152","segasoapcreek",2023,57,0.28966,15.5502876712329,224.67,157.0525,16.2247465753425
"1153","segasoapcreek",2023,58,0.28937,15.5502876712329,224.67,157.0525,16.2247465753425
"1154","segasoapcreek",2023,59,0.28907,15.5502876712329,224.67,157.0525,16.2247465753425
"1155","segasoapcreek",2023,60,0.28875,15.5502876712329,224.67,157.0525,16.2247465753425
"1156","segasoapcreek",2023,61,0.28842,15.5502876712329,224.67,157.0525,16.2247465753425
"1157","segasoapcreek",2023,62,0.28794,15.5502876712329,224.67,157.0525,16.2247465753425
"1158","segasoapcreek",2023,63,0.28736,15.5502876712329,224.67,157.0525,16.2247465753425
"1159","segasoapcreek",2023,64,0.28695,15.5502876712329,224.67,157.0525,16.2247465753425
"1160","segasoapcreek",2023,65,0.2868,15.5502876712329,224.67,157.0525,16.2247465753425
"1161","segasoapcreek",2023,66,0.28672,15.5502876712329,224.67,157.0525,16.2247465753425
"1162","segasoapcreek",2023,67,0.28673,15.5502876712329,224.67,157.0525,16.2247465753425
"1163","segasoapcreek",2023,68,0.28687,15.5502876712329,224.67,157.0525,16.2247465753425
"1164","segasoapcreek",2023,69,0.28702,15.5502876712329,224.67,157.0525,16.2247465753425
"1165","segasoapcreek",2023,70,0.28709,15.5502876712329,224.67,157.0525,16.2247465753425
"1166","segasoapcreek",2023,71,0.28713,15.5502876712329,224.67,157.0525,16.2247465753425
"1167","segasoapcreek",2023,72,0.28722,15.5502876712329,224.67,157.0525,16.2247465753425
"1168","segasoapcreek",2023,73,0.28723,15.5502876712329,224.67,157.0525,16.2247465753425
"1169","segasoapcreek",2023,74,0.287,15.5502876712329,224.67,157.0525,16.2247465753425
"1170","segasoapcreek",2023,75,0.28677,15.5502876712329,224.67,157.0525,16.2247465753425
"1171","segasoapcreek",2023,76,0.28664,15.5502876712329,224.67,157.0525,16.2247465753425
"1172","segasoapcreek",2023,77,0.28646,15.5502876712329,224.67,157.0525,16.2247465753425
"1173","segasoapcreek",2023,78,0.28631,15.5502876712329,224.67,157.0525,16.2247465753425
"1174","segasoapcreek",2023,79,0.28626,15.5502876712329,224.67,157.0525,16.2247465753425
"1175","segasoapcreek",2023,80,0.28638,15.5502876712329,224.67,157.0525,16.2247465753425
"1176","segasoapcreek",2023,81,0.2866,15.5502876712329,224.67,157.0525,16.2247465753425
"1177","segasoapcreek",2023,82,0.28679,15.5502876712329,224.67,157.0525,16.2247465753425
"1178","segasoapcreek",2023,83,0.28702,15.5502876712329,224.67,157.0525,16.2247465753425
"1179","segasoapcreek",2023,84,0.28725,15.5502876712329,224.67,157.0525,16.2247465753425
"1180","segasoapcreek",2023,85,0.28739,15.5502876712329,224.67,157.0525,16.2247465753425
"1181","segasoapcreek",2023,86,0.2875,15.5502876712329,224.67,157.0525,16.2247465753425
"1182","segasoapcreek",2023,87,0.28759,15.5502876712329,224.67,157.0525,16.2247465753425
"1183","segasoapcreek",2023,88,0.28768,15.5502876712329,224.67,157.0525,16.2247465753425
"1184","segasoapcreek",2023,89,0.28778,15.5502876712329,224.67,157.0525,16.2247465753425
"1185","segasoapcreek",2023,90,0.28787,15.5502876712329,224.67,157.0525,16.2247465753425
"1186","segasoapcreek",2023,91,0.28796,15.5502876712329,224.67,157.0525,16.2247465753425
"1187","segasoapcreek",2023,92,0.28815,15.5502876712329,224.67,157.0525,16.2247465753425
"1188","segasoapcreek",2023,93,0.28832,15.5502876712329,224.67,157.0525,16.2247465753425
"1189","segasoapcreek",2023,94,0.28833,15.5502876712329,224.67,157.0525,16.2247465753425
"1190","segasoapcreek",2023,95,0.28826,15.5502876712329,224.67,157.0525,16.2247465753425
"1191","segasoapcreek",2023,96,0.28818,15.5502876712329,224.67,157.0525,16.2247465753425
"1192","segasoapcreek",2023,97,0.2881,15.5502876712329,224.67,157.0525,16.2247465753425
"1193","segasoapcreek",2023,98,0.28801,15.5502876712329,224.67,157.0525,16.2247465753425
"1194","segasoapcreek",2023,99,0.28788,15.5502876712329,224.67,157.0525,16.2247465753425
"1195","segasoapcreek",2023,100,0.28778,15.5502876712329,224.67,157.0525,16.2247465753425
"1196","segasoapcreek",2023,101,0.28772,15.5502876712329,224.67,157.0525,16.2247465753425
"1197","segasoapcreek",2023,102,0.28766,15.5502876712329,224.67,157.0525,16.2247465753425
"1198","segasoapcreek",2023,103,0.28753,15.5502876712329,224.67,157.0525,16.2247465753425
"1199","segasoapcreek",2023,104,0.28738,15.5502876712329,224.67,157.0525,16.2247465753425
"1200","segasoapcreek",2023,105,0.28723,15.5502876712329,224.67,157.0525,16.2247465753425
"1201","segasoapcreek",2023,106,0.28712,15.5502876712329,224.67,157.0525,16.2247465753425
"1202","segasoapcreek",2023,107,0.28703,15.5502876712329,224.67,157.0525,16.2247465753425
"1203","segasoapcreek",2023,108,0.28694,15.5502876712329,224.67,157.0525,16.2247465753425
"1204","segasoapcreek",2023,109,0.28686,15.5502876712329,224.67,157.0525,16.2247465753425
"1205","segasoapcreek",2023,110,0.28672,15.5502876712329,224.67,157.0525,16.2247465753425
"1206","segasoapcreek",2023,111,0.2866,15.5502876712329,224.67,157.0525,16.2247465753425
"1207","segasoapcreek",2023,112,0.28656,15.5502876712329,224.67,157.0525,16.2247465753425
"1208","segasoapcreek",2023,113,0.28658,15.5502876712329,224.67,157.0525,16.2247465753425
"1209","segasoapcreek",2023,114,0.28662,15.5502876712329,224.67,157.0525,16.2247465753425
"1210","segasoapcreek",2023,115,0.28668,15.5502876712329,224.67,157.0525,16.2247465753425
"1211","segasoapcreek",2023,116,0.28678,15.5502876712329,224.67,157.0525,16.2247465753425
"1212","segasoapcreek",2023,117,0.2869,15.5502876712329,224.67,157.0525,16.2247465753425
"1213","segasoapcreek",2023,118,0.287,15.5502876712329,224.67,157.0525,16.2247465753425
"1214","segasoapcreek",2023,119,0.28701,15.5502876712329,224.67,157.0525,16.2247465753425
"1215","segasoapcreek",2023,120,0.28703,15.5502876712329,224.67,157.0525,16.2247465753425
"1216","segasoapcreek",2023,121,0.28718,15.5502876712329,224.67,157.0525,16.2247465753425
"1217","segasoapcreek",2023,122,0.28741,15.5502876712329,224.67,157.0525,16.2247465753425
"1218","segasoapcreek",2023,123,0.28757,15.5502876712329,224.67,157.0525,16.2247465753425
"1219","segasoapcreek",2023,124,0.28762,15.5502876712329,224.67,157.0525,16.2247465753425
"1220","segasoapcreek",2023,125,0.28763,15.5502876712329,224.67,157.0525,16.2247465753425
"1221","segasoapcreek",2023,126,0.28761,15.5502876712329,224.67,157.0525,16.2247465753425
"1222","segasoapcreek",2023,127,0.28754,15.5502876712329,224.67,157.0525,16.2247465753425
"1223","segasoapcreek",2023,128,0.28751,15.5502876712329,224.67,157.0525,16.2247465753425
"1224","segasoapcreek",2023,129,0.28761,15.5502876712329,224.67,157.0525,16.2247465753425
"1225","segasoapcreek",2023,130,0.2877,15.5502876712329,224.67,157.0525,16.2247465753425
"1226","segasoapcreek",2023,131,0.28766,15.5502876712329,224.67,157.0525,16.2247465753425
"1227","segasoapcreek",2023,132,0.28757,15.5502876712329,224.67,157.0525,16.2247465753425
"1228","segasoapcreek",2023,133,0.28747,15.5502876712329,224.67,157.0525,16.2247465753425
"1229","segasoapcreek",2023,134,0.28736,15.5502876712329,224.67,157.0525,16.2247465753425
"1230","segasoapcreek",2023,135,0.2872,15.5502876712329,224.67,157.0525,16.2247465753425
"1231","segasoapcreek",2023,136,0.287,15.5502876712329,224.67,157.0525,16.2247465753425
"1232","segasoapcreek",2023,137,0.28685,15.5502876712329,224.67,157.0525,16.2247465753425
"1233","segasoapcreek",2023,138,0.28676,15.5502876712329,224.67,157.0525,16.2247465753425
"1234","segasoapcreek",2023,139,0.28667,15.5502876712329,224.67,157.0525,16.2247465753425
"1235","segasoapcreek",2023,140,0.28661,15.5502876712329,224.67,157.0525,16.2247465753425
"1236","segasoapcreek",2023,141,0.28659,15.5502876712329,224.67,157.0525,16.2247465753425
"1237","segasoapcreek",2023,142,0.28657,15.5502876712329,224.67,157.0525,16.2247465753425
"1238","segasoapcreek",2023,143,0.2865,15.5502876712329,224.67,157.0525,16.2247465753425
"1239","segasoapcreek",2023,144,0.28641,15.5502876712329,224.67,157.0525,16.2247465753425
"1240","segasoapcreek",2023,145,0.28632,15.5502876712329,224.67,157.0525,16.2247465753425
"1241","segasoapcreek",2023,146,0.28618,15.5502876712329,224.67,157.0525,16.2247465753425
"1242","segasoapcreek",2023,147,0.28588,15.5502876712329,224.67,157.0525,16.2247465753425
"1243","segasoapcreek",2023,148,0.28555,15.5502876712329,224.67,157.0525,16.2247465753425
"1244","segasoapcreek",2023,149,0.28525,15.5502876712329,224.67,157.0525,16.2247465753425
"1245","segasoapcreek",2023,150,0.28488,15.5502876712329,224.67,157.0525,16.2247465753425
"1246","segasoapcreek",2023,151,0.28455,15.5502876712329,224.67,157.0525,16.2247465753425
"1247","segasoapcreek",2023,152,0.28439,15.5502876712329,224.67,157.0525,16.2247465753425
"1248","segasoapcreek",2023,153,0.28447,15.5502876712329,224.67,157.0525,16.2247465753425
"1249","segasoapcreek",2023,154,0.28466,15.5502876712329,224.67,157.0525,16.2247465753425
"1250","segasoapcreek",2023,155,0.28486,15.5502876712329,224.67,157.0525,16.2247465753425
"1251","segasoapcreek",2023,156,0.28519,15.5502876712329,224.67,157.0525,16.2247465753425
"1252","segasoapcreek",2023,157,0.28554,15.5502876712329,224.67,157.0525,16.2247465753425
"1253","segasoapcreek",2023,158,0.28586,15.5502876712329,224.67,157.0525,16.2247465753425
"1254","segasoapcreek",2023,159,0.28629,15.5502876712329,224.67,157.0525,16.2247465753425
"1255","segasoapcreek",2023,160,0.28657,15.5502876712329,224.67,157.0525,16.2247465753425
"1256","segasoapcreek",2023,161,0.28674,15.5502876712329,224.67,157.0525,16.2247465753425
"1257","segasoapcreek",2023,162,0.28683,15.5502876712329,224.67,157.0525,16.2247465753425
"1258","segasoapcreek",2023,163,0.28667,15.5502876712329,224.67,157.0525,16.2247465753425
"1259","segasoapcreek",2023,164,0.28637,15.5502876712329,224.67,157.0525,16.2247465753425
"1260","segasoapcreek",2023,165,0.28604,15.5502876712329,224.67,157.0525,16.2247465753425
"1261","segasoapcreek",2023,166,0.28557,15.5502876712329,224.67,157.0525,16.2247465753425
"1262","segasoapcreek",2023,167,0.28506,15.5502876712329,224.67,157.0525,16.2247465753425
"1263","segasoapcreek",2023,168,0.28453,15.5502876712329,224.67,157.0525,16.2247465753425
"1264","segasoapcreek",2023,169,0.28387,15.5502876712329,224.67,157.0525,16.2247465753425
"1265","segasoapcreek",2023,170,0.28323,15.5502876712329,224.67,157.0525,16.2247465753425
"1266","segasoapcreek",2023,171,0.28276,15.5502876712329,224.67,157.0525,16.2247465753425
"1267","segasoapcreek",2023,172,0.28241,15.5502876712329,224.67,157.0525,16.2247465753425
"1268","segasoapcreek",2023,173,0.2821,15.5502876712329,224.67,157.0525,16.2247465753425
"1269","segasoapcreek",2023,174,0.2819,15.5502876712329,224.67,157.0525,16.2247465753425
"1270","segasoapcreek",2023,175,0.28185,15.5502876712329,224.67,157.0525,16.2247465753425
"1271","segasoapcreek",2023,176,0.28188,15.5502876712329,224.67,157.0525,16.2247465753425
"1272","segasoapcreek",2023,177,0.28197,15.5502876712329,224.67,157.0525,16.2247465753425
"1273","segasoapcreek",2023,178,0.28218,15.5502876712329,224.67,157.0525,16.2247465753425
"1274","segasoapcreek",2023,179,0.28242,15.5502876712329,224.67,157.0525,16.2247465753425
"1275","segasoapcreek",2023,180,0.28265,15.5502876712329,224.67,157.0525,16.2247465753425
"1276","segasoapcreek",2023,181,0.28291,15.5502876712329,224.67,157.0525,16.2247465753425
"1277","segasoapcreek",2023,182,0.28324,15.5502876712329,224.67,157.0525,16.2247465753425
"1278","segasoapcreek",2023,183,0.2835,15.5502876712329,224.67,157.0525,16.2247465753425
"1279","segasoapcreek",2023,184,0.28381,15.5502876712329,224.67,157.0525,16.2247465753425
"1280","segasoapcreek",2023,185,0.28407,15.5502876712329,224.67,157.0525,16.2247465753425
"1281","segasoapcreek",2023,186,0.28411,15.5502876712329,224.67,157.0525,16.2247465753425
"1282","segasoapcreek",2023,187,0.28406,15.5502876712329,224.67,157.0525,16.2247465753425
"1283","segasoapcreek",2023,188,0.28396,15.5502876712329,224.67,157.0525,16.2247465753425
"1284","segasoapcreek",2023,189,0.28386,15.5502876712329,224.67,157.0525,16.2247465753425
"1285","segasoapcreek",2023,190,0.28366,15.5502876712329,224.67,157.0525,16.2247465753425
"1286","segasoapcreek",2023,191,0.28337,15.5502876712329,224.67,157.0525,16.2247465753425
"1287","segasoapcreek",2023,192,0.28316,15.5502876712329,224.67,157.0525,16.2247465753425
"1288","segasoapcreek",2023,193,0.28302,15.5502876712329,224.67,157.0525,16.2247465753425
"1289","segasoapcreek",2023,194,0.28289,15.5502876712329,224.67,157.0525,16.2247465753425
"1290","segasoapcreek",2023,195,0.28291,15.5502876712329,224.67,157.0525,16.2247465753425
"1291","segasoapcreek",2023,196,0.28302,15.5502876712329,224.67,157.0525,16.2247465753425
"1292","segasoapcreek",2023,197,0.28305,15.5502876712329,224.67,157.0525,16.2247465753425
"1293","segasoapcreek",2023,198,0.28306,15.5502876712329,224.67,157.0525,16.2247465753425
"1294","segasoapcreek",2023,199,0.28305,15.5502876712329,224.67,157.0525,16.2247465753425
"1295","segasoapcreek",2023,200,0.28281,15.5502876712329,224.67,157.0525,16.2247465753425
"1296","segasoapcreek",2023,201,0.28243,15.5502876712329,224.67,157.0525,16.2247465753425
"1297","segasoapcreek",2023,202,0.28223,15.5502876712329,224.67,157.0525,16.2247465753425
"1298","segasoapcreek",2023,203,0.28216,15.5502876712329,224.67,157.0525,16.2247465753425
"1299","segasoapcreek",2023,204,0.28214,15.5502876712329,224.67,157.0525,16.2247465753425
"1300","segasoapcreek",2023,205,0.28234,15.5502876712329,224.67,157.0525,16.2247465753425
"1301","segasoapcreek",2023,206,0.28269,15.5502876712329,224.67,157.0525,16.2247465753425
"1302","segasoapcreek",2023,207,0.28309,15.5502876712329,224.67,157.0525,16.2247465753425
"1303","segasoapcreek",2023,208,0.28339,15.5502876712329,224.67,157.0525,16.2247465753425
"1304","segasoapcreek",2023,209,0.28363,15.5502876712329,224.67,157.0525,16.2247465753425
"1305","segasoapcreek",2023,210,0.28389,15.5502876712329,224.67,157.0525,16.2247465753425
"1306","segasoapcreek",2023,211,0.28415,15.5502876712329,224.67,157.0525,16.2247465753425
"1307","segasoapcreek",2023,212,0.28434,15.5502876712329,224.67,157.0525,16.2247465753425
"1308","segasoapcreek",2023,213,0.28452,15.5502876712329,224.67,157.0525,16.2247465753425
"1309","segasoapcreek",2023,214,0.28479,15.5502876712329,224.67,157.0525,16.2247465753425
"1310","segasoapcreek",2023,215,0.28509,15.5502876712329,224.67,157.0525,16.2247465753425
"1311","segasoapcreek",2023,216,0.28536,15.5502876712329,224.67,157.0525,16.2247465753425
"1312","segasoapcreek",2023,217,0.28559,15.5502876712329,224.67,157.0525,16.2247465753425
"1313","segasoapcreek",2023,218,0.28585,15.5502876712329,224.67,157.0525,16.2247465753425
"1314","segasoapcreek",2023,219,0.28615,15.5502876712329,224.67,157.0525,16.2247465753425
"1315","segasoapcreek",2023,220,0.28636,15.5502876712329,224.67,157.0525,16.2247465753425
"1316","segasoapcreek",2023,221,0.28649,15.5502876712329,224.67,157.0525,16.2247465753425
"1317","segasoapcreek",2023,222,0.28657,15.5502876712329,224.67,157.0525,16.2247465753425
"1318","segasoapcreek",2023,223,0.2865,15.5502876712329,224.67,157.0525,16.2247465753425
"1319","segasoapcreek",2023,224,0.2863,15.5502876712329,224.67,157.0525,16.2247465753425
"1320","segasoapcreek",2023,225,0.28606,15.5502876712329,224.67,157.0525,16.2247465753425
"1321","segasoapcreek",2023,226,0.28586,15.5502876712329,224.67,157.0525,16.2247465753425
"1322","segasoapcreek",2023,227,0.28563,15.5502876712329,224.67,157.0525,16.2247465753425
"1323","segasoapcreek",2023,228,0.28536,15.5502876712329,224.67,157.0525,16.2247465753425
"1324","segasoapcreek",2023,229,0.28524,15.5502876712329,224.67,157.0525,16.2247465753425
"1325","segasoapcreek",2023,230,0.28517,15.5502876712329,224.67,157.0525,16.2247465753425
"1326","segasoapcreek",2023,231,0.28518,15.5502876712329,224.67,157.0525,16.2247465753425
"1327","segasoapcreek",2023,232,0.28544,15.5502876712329,224.67,157.0525,16.2247465753425
"1328","segasoapcreek",2023,233,0.28582,15.5502876712329,224.67,157.0525,16.2247465753425
"1329","segasoapcreek",2023,234,0.28617,15.5502876712329,224.67,157.0525,16.2247465753425
"1330","segasoapcreek",2023,235,0.28665,15.5502876712329,224.67,157.0525,16.2247465753425
"1331","segasoapcreek",2023,236,0.28715,15.5502876712329,224.67,157.0525,16.2247465753425
"1332","segasoapcreek",2023,237,0.28749,15.5502876712329,224.67,157.0525,16.2247465753425
"1333","segasoapcreek",2023,238,0.28783,15.5502876712329,224.67,157.0525,16.2247465753425
"1334","segasoapcreek",2023,239,0.28815,15.5502876712329,224.67,157.0525,16.2247465753425
"1335","segasoapcreek",2023,240,0.28833,15.5502876712329,224.67,157.0525,16.2247465753425
"1336","segasoapcreek",2023,241,0.28849,15.5502876712329,224.67,157.0525,16.2247465753425
"1337","segasoapcreek",2023,242,0.28873,15.5502876712329,224.67,157.0525,16.2247465753425
"1338","segasoapcreek",2023,243,0.28898,15.5502876712329,224.67,157.0525,16.2247465753425
"1339","segasoapcreek",2023,244,0.28918,15.5502876712329,224.67,157.0525,16.2247465753425
"1340","segasoapcreek",2023,245,0.28931,15.5502876712329,224.67,157.0525,16.2247465753425
"1341","segasoapcreek",2023,246,0.28935,15.5502876712329,224.67,157.0525,16.2247465753425
"1342","segasoapcreek",2023,247,0.28934,15.5502876712329,224.67,157.0525,16.2247465753425
"1343","segasoapcreek",2023,248,0.28936,15.5502876712329,224.67,157.0525,16.2247465753425
"1344","segasoapcreek",2023,249,0.28927,15.5502876712329,224.67,157.0525,16.2247465753425
"1345","segasoapcreek",2023,250,0.28918,15.5502876712329,224.67,157.0525,16.2247465753425
"1346","segasoapcreek",2023,251,0.28927,15.5502876712329,224.67,157.0525,16.2247465753425
"1347","segasoapcreek",2023,252,0.28939,15.5502876712329,224.67,157.0525,16.2247465753425
"1348","segasoapcreek",2023,253,0.28951,15.5502876712329,224.67,157.0525,16.2247465753425
"1349","segasoapcreek",2023,254,0.28961,15.5502876712329,224.67,157.0525,16.2247465753425
"1350","segasoapcreek",2023,255,0.28983,15.5502876712329,224.67,157.0525,16.2247465753425
"1351","segasoapcreek",2023,256,0.29017,15.5502876712329,224.67,157.0525,16.2247465753425
"1352","segasoapcreek",2023,257,0.29037,15.5502876712329,224.67,157.0525,16.2247465753425
"1353","segasoapcreek",2023,258,0.29039,15.5502876712329,224.67,157.0525,16.2247465753425
"1354","segasoapcreek",2023,259,0.29035,15.5502876712329,224.67,157.0525,16.2247465753425
"1355","segasoapcreek",2023,260,0.29008,15.5502876712329,224.67,157.0525,16.2247465753425
"1356","segasoapcreek",2023,261,0.28959,15.5502876712329,224.67,157.0525,16.2247465753425
"1357","segasoapcreek",2023,262,0.28908,15.5502876712329,224.67,157.0525,16.2247465753425
"1358","segasoapcreek",2023,263,0.28875,15.5502876712329,224.67,157.0525,16.2247465753425
"1359","segasoapcreek",2023,264,0.28857,15.5502876712329,224.67,157.0525,16.2247465753425
"1360","segasoapcreek",2023,265,0.28842,15.5502876712329,224.67,157.0525,16.2247465753425
"1361","segasoapcreek",2023,266,0.28837,15.5502876712329,224.67,157.0525,16.2247465753425
"1362","segasoapcreek",2023,267,0.28851,15.5502876712329,224.67,157.0525,16.2247465753425
"1363","segasoapcreek",2023,268,0.2887,15.5502876712329,224.67,157.0525,16.2247465753425
"1364","segasoapcreek",2023,269,0.28897,15.5502876712329,224.67,157.0525,16.2247465753425
"1365","segasoapcreek",2023,270,0.28938,15.5502876712329,224.67,157.0525,16.2247465753425
"1366","segasoapcreek",2023,271,0.28962,15.5502876712329,224.67,157.0525,16.2247465753425
"1367","segasoapcreek",2023,272,0.28982,15.5502876712329,224.67,157.0525,16.2247465753425
"1368","segasoapcreek",2023,273,0.28995,15.5502876712329,224.67,157.0525,16.2247465753425
"1369","segasoapcreek",2023,274,0.28966,15.5502876712329,224.67,157.0525,16.2247465753425
"1370","segasoapcreek",2023,275,0.28919,15.5502876712329,224.67,157.0525,16.2247465753425
"1371","segasoapcreek",2023,276,0.28877,15.5502876712329,224.67,157.0525,16.2247465753425
"1372","segasoapcreek",2023,277,0.28813,15.5502876712329,224.67,157.0525,16.2247465753425
"1373","segasoapcreek",2023,278,0.28749,15.5502876712329,224.67,157.0525,16.2247465753425
"1374","segasoapcreek",2023,279,0.28715,15.5502876712329,224.67,157.0525,16.2247465753425
"1375","segasoapcreek",2023,280,0.28681,15.5502876712329,224.67,157.0525,16.2247465753425
"1376","segasoapcreek",2023,281,0.28655,15.5502876712329,224.67,157.0525,16.2247465753425
"1377","segasoapcreek",2023,282,0.28647,15.5502876712329,224.67,157.0525,16.2247465753425
"1378","segasoapcreek",2023,283,0.28675,15.5502876712329,224.67,157.0525,16.2247465753425
"1379","segasoapcreek",2023,284,0.28727,15.5502876712329,224.67,157.0525,16.2247465753425
"1380","segasoapcreek",2023,285,0.28767,15.5502876712329,224.67,157.0525,16.2247465753425
"1381","segasoapcreek",2023,286,0.28807,15.5502876712329,224.67,157.0525,16.2247465753425
"1382","segasoapcreek",2023,287,0.28846,15.5502876712329,224.67,157.0525,16.2247465753425
"1383","segasoapcreek",2023,288,0.2886,15.5502876712329,224.67,157.0525,16.2247465753425
"1384","segasoapcreek",2023,289,0.28866,15.5502876712329,224.67,157.0525,16.2247465753425
"1385","segasoapcreek",2023,290,0.28867,15.5502876712329,224.67,157.0525,16.2247465753425
"1386","segasoapcreek",2023,291,0.28869,15.5502876712329,224.67,157.0525,16.2247465753425
"1387","segasoapcreek",2023,292,0.28866,15.5502876712329,224.67,157.0525,16.2247465753425
"1388","segasoapcreek",2023,293,0.28856,15.5502876712329,224.67,157.0525,16.2247465753425
"1389","segasoapcreek",2023,294,0.28853,15.5502876712329,224.67,157.0525,16.2247465753425
"1390","segasoapcreek",2023,295,0.2886,15.5502876712329,224.67,157.0525,16.2247465753425
"1391","segasoapcreek",2023,296,0.28868,15.5502876712329,224.67,157.0525,16.2247465753425
"1392","segasoapcreek",2023,297,0.28882,15.5502876712329,224.67,157.0525,16.2247465753425
"1393","segasoapcreek",2023,298,0.28902,15.5502876712329,224.67,157.0525,16.2247465753425
"1394","segasoapcreek",2023,299,0.2892,15.5502876712329,224.67,157.0525,16.2247465753425
"1395","segasoapcreek",2023,300,0.28929,15.5502876712329,224.67,157.0525,16.2247465753425
"1396","segasoapcreek",2023,301,0.28928,15.5502876712329,224.67,157.0525,16.2247465753425
"1397","segasoapcreek",2023,302,0.28924,15.5502876712329,224.67,157.0525,16.2247465753425
"1398","segasoapcreek",2023,303,0.28915,15.5502876712329,224.67,157.0525,16.2247465753425
"1399","segasoapcreek",2023,304,0.28897,15.5502876712329,224.67,157.0525,16.2247465753425
"1400","segasoapcreek",2023,305,0.28874,15.5502876712329,224.67,157.0525,16.2247465753425
"1401","segasoapcreek",2023,306,0.28838,15.5502876712329,224.67,157.0525,16.2247465753425
"1402","segasoapcreek",2023,307,0.28789,15.5502876712329,224.67,157.0525,16.2247465753425
"1403","segasoapcreek",2023,308,0.28756,15.5502876712329,224.67,157.0525,16.2247465753425
"1404","segasoapcreek",2023,309,0.28733,15.5502876712329,224.67,157.0525,16.2247465753425
"1405","segasoapcreek",2023,310,0.28717,15.5502876712329,224.67,157.0525,16.2247465753425
"1406","segasoapcreek",2023,311,0.28726,15.5502876712329,224.67,157.0525,16.2247465753425
"1407","segasoapcreek",2023,312,0.28749,15.5502876712329,224.67,157.0525,16.2247465753425
"1408","segasoapcreek",2023,313,0.28768,15.5502876712329,224.67,157.0525,16.2247465753425
"1409","segasoapcreek",2023,314,0.288,15.5502876712329,224.67,157.0525,16.2247465753425
"1410","segasoapcreek",2023,315,0.28831,15.5502876712329,224.67,157.0525,16.2247465753425
"1411","segasoapcreek",2023,316,0.28839,15.5502876712329,224.67,157.0525,16.2247465753425
"1412","segasoapcreek",2023,317,0.28845,15.5502876712329,224.67,157.0525,16.2247465753425
"1413","segasoapcreek",2023,318,0.28847,15.5502876712329,224.67,157.0525,16.2247465753425
"1414","segasoapcreek",2023,319,0.28843,15.5502876712329,224.67,157.0525,16.2247465753425
"1415","segasoapcreek",2023,320,0.28817,15.5502876712329,224.67,157.0525,16.2247465753425
"1416","segasoapcreek",2023,321,0.28776,15.5502876712329,224.67,157.0525,16.2247465753425
"1417","segasoapcreek",2023,322,0.28744,15.5502876712329,224.67,157.0525,16.2247465753425
"1418","segasoapcreek",2023,323,0.28725,15.5502876712329,224.67,157.0525,16.2247465753425
"1419","segasoapcreek",2023,324,0.28705,15.5502876712329,224.67,157.0525,16.2247465753425
"1420","segasoapcreek",2023,325,0.28692,15.5502876712329,224.67,157.0525,16.2247465753425
"1421","segasoapcreek",2023,326,0.28684,15.5502876712329,224.67,157.0525,16.2247465753425
"1422","segasoapcreek",2023,327,0.28678,15.5502876712329,224.67,157.0525,16.2247465753425
"1423","segasoapcreek",2023,328,0.28668,15.5502876712329,224.67,157.0525,16.2247465753425
"1424","segasoapcreek",2023,329,0.28654,15.5502876712329,224.67,157.0525,16.2247465753425
"1425","segasoapcreek",2023,330,0.28638,15.5502876712329,224.67,157.0525,16.2247465753425
"1426","segasoapcreek",2023,331,0.28621,15.5502876712329,224.67,157.0525,16.2247465753425
"1427","segasoapcreek",2023,332,0.28591,15.5502876712329,224.67,157.0525,16.2247465753425
"1428","segasoapcreek",2023,333,0.2856,15.5502876712329,224.67,157.0525,16.2247465753425
"1429","segasoapcreek",2023,334,0.28539,15.5502876712329,224.67,157.0525,16.2247465753425
"1430","segasoapcreek",2023,335,0.2852,15.5502876712329,224.67,157.0525,16.2247465753425
"1431","segasoapcreek",2023,336,0.28503,15.5502876712329,224.67,157.0525,16.2247465753425
"1432","segasoapcreek",2023,337,0.28491,15.5502876712329,224.67,157.0525,16.2247465753425
"1433","segasoapcreek",2023,338,0.28486,15.5502876712329,224.67,157.0525,16.2247465753425
"1434","segasoapcreek",2023,339,0.28486,15.5502876712329,224.67,157.0525,16.2247465753425
"1435","segasoapcreek",2023,340,0.2848,15.5502876712329,224.67,157.0525,16.2247465753425
"1436","segasoapcreek",2023,341,0.2845,15.5502876712329,224.67,157.0525,16.2247465753425
"1437","segasoapcreek",2023,342,0.28424,15.5502876712329,224.67,157.0525,16.2247465753425
"1438","segasoapcreek",2023,343,0.28417,15.5502876712329,224.67,157.0525,16.2247465753425
"1439","segasoapcreek",2023,344,0.28412,15.5502876712329,224.67,157.0525,16.2247465753425
"1440","segasoapcreek",2023,345,0.28421,15.5502876712329,224.67,157.0525,16.2247465753425
"1441","segasoapcreek",2023,346,0.28458,15.5502876712329,224.67,157.0525,16.2247465753425
"1442","segasoapcreek",2023,347,0.28499,15.5502876712329,224.67,157.0525,16.2247465753425
"1443","segasoapcreek",2023,348,0.28545,15.5502876712329,224.67,157.0525,16.2247465753425
"1444","segasoapcreek",2023,349,0.28604,15.5502876712329,224.67,157.0525,16.2247465753425
"1445","segasoapcreek",2023,350,0.28651,15.5502876712329,224.67,157.0525,16.2247465753425
"1446","segasoapcreek",2023,351,0.28705,15.5502876712329,224.67,157.0525,16.2247465753425
"1447","segasoapcreek",2023,352,0.28756,15.5502876712329,224.67,157.0525,16.2247465753425
"1448","segasoapcreek",2023,353,0.2878,15.5502876712329,224.67,157.0525,16.2247465753425
"1449","segasoapcreek",2023,354,0.28793,15.5502876712329,224.67,157.0525,16.2247465753425
"1450","segasoapcreek",2023,355,0.28796,15.5502876712329,224.67,157.0525,16.2247465753425
"1451","segasoapcreek",2023,356,0.28793,15.5502876712329,224.67,157.0525,16.2247465753425
"1452","segasoapcreek",2023,357,0.28763,15.5502876712329,224.67,157.0525,16.2247465753425
"1453","segasoapcreek",2023,358,0.28715,15.5502876712329,224.67,157.0525,16.2247465753425
"1454","segasoapcreek",2023,359,0.28692,15.5502876712329,224.67,157.0525,16.2247465753425
"1455","segasoapcreek",2023,360,0.28701,15.5502876712329,224.67,157.0525,16.2247465753425
"1456","segasoapcreek",2023,361,0.28718,15.5502876712329,224.67,157.0525,16.2247465753425
"1457","segasoapcreek",2023,362,0.28749,15.5502876712329,224.67,157.0525,16.2247465753425
"1458","segasoapcreek",2023,363,0.28797,15.5502876712329,224.67,157.0525,16.2247465753425
"1459","segasoapcreek",2023,364,0.28845,15.5502876712329,224.67,157.0525,16.2247465753425
"1460","segasoapcreek",2023,365,0.28877,15.5502876712329,224.67,157.0525,16.2247465753425
