"","site","year","doy","smooth_gcc_90","annual_temp","annual_precip","map","mat"
"1","segaarboretumforest",2020,1,0.33327,9.74767123287671,347.28,690.6575,9.06274315068493
"2","segaarboretumforest",2020,2,0.33317,9.74767123287671,347.28,690.6575,9.06274315068493
"3","segaarboretumforest",2020,3,0.33312,9.74767123287671,347.28,690.6575,9.06274315068493
"4","segaarboretumforest",2020,4,0.33304,9.74767123287671,347.28,690.6575,9.06274315068493
"5","segaarboretumforest",2020,5,0.33302,9.74767123287671,347.28,690.6575,9.06274315068493
"6","segaarboretumforest",2020,6,0.33297,9.74767123287671,347.28,690.6575,9.06274315068493
"7","segaarboretumforest",2020,7,0.33294,9.74767123287671,347.28,690.6575,9.06274315068493
"8","segaarboretumforest",2020,8,0.33293,9.74767123287671,347.28,690.6575,9.06274315068493
"9","segaarboretumforest",2020,9,0.33294,9.74767123287671,347.28,690.6575,9.06274315068493
"10","segaarboretumforest",2020,10,0.33295,9.74767123287671,347.28,690.6575,9.06274315068493
"11","segaarboretumforest",2020,11,0.33298,9.74767123287671,347.28,690.6575,9.06274315068493
"12","segaarboretumforest",2020,12,0.33301,9.74767123287671,347.28,690.6575,9.06274315068493
"13","segaarboretumforest",2020,13,0.33303,9.74767123287671,347.28,690.6575,9.06274315068493
"14","segaarboretumforest",2020,14,0.33307,9.74767123287671,347.28,690.6575,9.06274315068493
"15","segaarboretumforest",2020,15,0.33311,9.74767123287671,347.28,690.6575,9.06274315068493
"16","segaarboretumforest",2020,16,0.33313,9.74767123287671,347.28,690.6575,9.06274315068493
"17","segaarboretumforest",2020,17,0.33315,9.74767123287671,347.28,690.6575,9.06274315068493
"18","segaarboretumforest",2020,18,0.33316,9.74767123287671,347.28,690.6575,9.06274315068493
"19","segaarboretumforest",2020,19,0.33315,9.74767123287671,347.28,690.6575,9.06274315068493
"20","segaarboretumforest",2020,20,0.33314,9.74767123287671,347.28,690.6575,9.06274315068493
"21","segaarboretumforest",2020,21,0.33309,9.74767123287671,347.28,690.6575,9.06274315068493
"22","segaarboretumforest",2020,22,0.333,9.74767123287671,347.28,690.6575,9.06274315068493
"23","segaarboretumforest",2020,23,0.33288,9.74767123287671,347.28,690.6575,9.06274315068493
"24","segaarboretumforest",2020,24,0.33271,9.74767123287671,347.28,690.6575,9.06274315068493
"25","segaarboretumforest",2020,25,0.33252,9.74767123287671,347.28,690.6575,9.06274315068493
"26","segaarboretumforest",2020,26,0.33228,9.74767123287671,347.28,690.6575,9.06274315068493
"27","segaarboretumforest",2020,27,0.33197,9.74767123287671,347.28,690.6575,9.06274315068493
"28","segaarboretumforest",2020,28,0.33162,9.74767123287671,347.28,690.6575,9.06274315068493
"29","segaarboretumforest",2020,29,0.33122,9.74767123287671,347.28,690.6575,9.06274315068493
"30","segaarboretumforest",2020,30,0.33072,9.74767123287671,347.28,690.6575,9.06274315068493
"31","segaarboretumforest",2020,31,0.33021,9.74767123287671,347.28,690.6575,9.06274315068493
"32","segaarboretumforest",2020,32,0.32977,9.74767123287671,347.28,690.6575,9.06274315068493
"33","segaarboretumforest",2020,33,0.32935,9.74767123287671,347.28,690.6575,9.06274315068493
"34","segaarboretumforest",2020,34,0.32891,9.74767123287671,347.28,690.6575,9.06274315068493
"35","segaarboretumforest",2020,35,0.32854,9.74767123287671,347.28,690.6575,9.06274315068493
"36","segaarboretumforest",2020,36,0.32826,9.74767123287671,347.28,690.6575,9.06274315068493
"37","segaarboretumforest",2020,37,0.32801,9.74767123287671,347.28,690.6575,9.06274315068493
"38","segaarboretumforest",2020,38,0.32781,9.74767123287671,347.28,690.6575,9.06274315068493
"39","segaarboretumforest",2020,39,0.32765,9.74767123287671,347.28,690.6575,9.06274315068493
"40","segaarboretumforest",2020,40,0.32752,9.74767123287671,347.28,690.6575,9.06274315068493
"41","segaarboretumforest",2020,41,0.32743,9.74767123287671,347.28,690.6575,9.06274315068493
"42","segaarboretumforest",2020,42,0.32736,9.74767123287671,347.28,690.6575,9.06274315068493
"43","segaarboretumforest",2020,43,0.32723,9.74767123287671,347.28,690.6575,9.06274315068493
"44","segaarboretumforest",2020,44,0.32708,9.74767123287671,347.28,690.6575,9.06274315068493
"45","segaarboretumforest",2020,45,0.32701,9.74767123287671,347.28,690.6575,9.06274315068493
"46","segaarboretumforest",2020,46,0.327,9.74767123287671,347.28,690.6575,9.06274315068493
"47","segaarboretumforest",2020,47,0.32702,9.74767123287671,347.28,690.6575,9.06274315068493
"48","segaarboretumforest",2020,48,0.32723,9.74767123287671,347.28,690.6575,9.06274315068493
"49","segaarboretumforest",2020,49,0.32757,9.74767123287671,347.28,690.6575,9.06274315068493
"50","segaarboretumforest",2020,50,0.32791,9.74767123287671,347.28,690.6575,9.06274315068493
"51","segaarboretumforest",2020,51,0.32813,9.74767123287671,347.28,690.6575,9.06274315068493
"52","segaarboretumforest",2020,52,0.32826,9.74767123287671,347.28,690.6575,9.06274315068493
"53","segaarboretumforest",2020,53,0.32839,9.74767123287671,347.28,690.6575,9.06274315068493
"54","segaarboretumforest",2020,54,0.32847,9.74767123287671,347.28,690.6575,9.06274315068493
"55","segaarboretumforest",2020,55,0.3284,9.74767123287671,347.28,690.6575,9.06274315068493
"56","segaarboretumforest",2020,56,0.32831,9.74767123287671,347.28,690.6575,9.06274315068493
"57","segaarboretumforest",2020,57,0.32822,9.74767123287671,347.28,690.6575,9.06274315068493
"58","segaarboretumforest",2020,58,0.32806,9.74767123287671,347.28,690.6575,9.06274315068493
"59","segaarboretumforest",2020,59,0.32788,9.74767123287671,347.28,690.6575,9.06274315068493
"60","segaarboretumforest",2020,60,0.32773,9.74767123287671,347.28,690.6575,9.06274315068493
"61","segaarboretumforest",2020,61,0.32767,9.74767123287671,347.28,690.6575,9.06274315068493
"62","segaarboretumforest",2020,62,0.32765,9.74767123287671,347.28,690.6575,9.06274315068493
"63","segaarboretumforest",2020,63,0.32754,9.74767123287671,347.28,690.6575,9.06274315068493
"64","segaarboretumforest",2020,64,0.3272,9.74767123287671,347.28,690.6575,9.06274315068493
"65","segaarboretumforest",2020,65,0.32688,9.74767123287671,347.28,690.6575,9.06274315068493
"66","segaarboretumforest",2020,66,0.32659,9.74767123287671,347.28,690.6575,9.06274315068493
"67","segaarboretumforest",2020,67,0.32619,9.74767123287671,347.28,690.6575,9.06274315068493
"68","segaarboretumforest",2020,68,0.32584,9.74767123287671,347.28,690.6575,9.06274315068493
"69","segaarboretumforest",2020,69,0.32575,9.74767123287671,347.28,690.6575,9.06274315068493
"70","segaarboretumforest",2020,70,0.32584,9.74767123287671,347.28,690.6575,9.06274315068493
"71","segaarboretumforest",2020,71,0.32601,9.74767123287671,347.28,690.6575,9.06274315068493
"72","segaarboretumforest",2020,72,0.32632,9.74767123287671,347.28,690.6575,9.06274315068493
"73","segaarboretumforest",2020,73,0.32708,9.74767123287671,347.28,690.6575,9.06274315068493
"74","segaarboretumforest",2020,74,0.32794,9.74767123287671,347.28,690.6575,9.06274315068493
"75","segaarboretumforest",2020,75,0.32898,9.74767123287671,347.28,690.6575,9.06274315068493
"76","segaarboretumforest",2020,76,0.33038,9.74767123287671,347.28,690.6575,9.06274315068493
"77","segaarboretumforest",2020,77,0.33135,9.74767123287671,347.28,690.6575,9.06274315068493
"78","segaarboretumforest",2020,78,0.33196,9.74767123287671,347.28,690.6575,9.06274315068493
"79","segaarboretumforest",2020,79,0.33242,9.74767123287671,347.28,690.6575,9.06274315068493
"80","segaarboretumforest",2020,80,0.33236,9.74767123287671,347.28,690.6575,9.06274315068493
"81","segaarboretumforest",2020,81,0.33198,9.74767123287671,347.28,690.6575,9.06274315068493
"82","segaarboretumforest",2020,82,0.33164,9.74767123287671,347.28,690.6575,9.06274315068493
"83","segaarboretumforest",2020,83,0.33116,9.74767123287671,347.28,690.6575,9.06274315068493
"84","segaarboretumforest",2020,84,0.33062,9.74767123287671,347.28,690.6575,9.06274315068493
"85","segaarboretumforest",2020,85,0.33011,9.74767123287671,347.28,690.6575,9.06274315068493
"86","segaarboretumforest",2020,86,0.32939,9.74767123287671,347.28,690.6575,9.06274315068493
"87","segaarboretumforest",2020,87,0.32869,9.74767123287671,347.28,690.6575,9.06274315068493
"88","segaarboretumforest",2020,88,0.32822,9.74767123287671,347.28,690.6575,9.06274315068493
"89","segaarboretumforest",2020,89,0.32808,9.74767123287671,347.28,690.6575,9.06274315068493
"90","segaarboretumforest",2020,90,0.3281,9.74767123287671,347.28,690.6575,9.06274315068493
"91","segaarboretumforest",2020,91,0.3281,9.74767123287671,347.28,690.6575,9.06274315068493
"92","segaarboretumforest",2020,92,0.32825,9.74767123287671,347.28,690.6575,9.06274315068493
"93","segaarboretumforest",2020,93,0.32843,9.74767123287671,347.28,690.6575,9.06274315068493
"94","segaarboretumforest",2020,94,0.32844,9.74767123287671,347.28,690.6575,9.06274315068493
"95","segaarboretumforest",2020,95,0.32846,9.74767123287671,347.28,690.6575,9.06274315068493
"96","segaarboretumforest",2020,96,0.32845,9.74767123287671,347.28,690.6575,9.06274315068493
"97","segaarboretumforest",2020,97,0.32833,9.74767123287671,347.28,690.6575,9.06274315068493
"98","segaarboretumforest",2020,98,0.32822,9.74767123287671,347.28,690.6575,9.06274315068493
"99","segaarboretumforest",2020,99,0.32813,9.74767123287671,347.28,690.6575,9.06274315068493
"100","segaarboretumforest",2020,100,0.328,9.74767123287671,347.28,690.6575,9.06274315068493
"101","segaarboretumforest",2020,101,0.32792,9.74767123287671,347.28,690.6575,9.06274315068493
"102","segaarboretumforest",2020,102,0.3279,9.74767123287671,347.28,690.6575,9.06274315068493
"103","segaarboretumforest",2020,103,0.32789,9.74767123287671,347.28,690.6575,9.06274315068493
"104","segaarboretumforest",2020,104,0.32793,9.74767123287671,347.28,690.6575,9.06274315068493
"105","segaarboretumforest",2020,105,0.32801,9.74767123287671,347.28,690.6575,9.06274315068493
"106","segaarboretumforest",2020,106,0.32812,9.74767123287671,347.28,690.6575,9.06274315068493
"107","segaarboretumforest",2020,107,0.32821,9.74767123287671,347.28,690.6575,9.06274315068493
"108","segaarboretumforest",2020,108,0.32833,9.74767123287671,347.28,690.6575,9.06274315068493
"109","segaarboretumforest",2020,109,0.32848,9.74767123287671,347.28,690.6575,9.06274315068493
"110","segaarboretumforest",2020,110,0.32861,9.74767123287671,347.28,690.6575,9.06274315068493
"111","segaarboretumforest",2020,111,0.32868,9.74767123287671,347.28,690.6575,9.06274315068493
"112","segaarboretumforest",2020,112,0.32874,9.74767123287671,347.28,690.6575,9.06274315068493
"113","segaarboretumforest",2020,113,0.32877,9.74767123287671,347.28,690.6575,9.06274315068493
"114","segaarboretumforest",2020,114,0.32878,9.74767123287671,347.28,690.6575,9.06274315068493
"115","segaarboretumforest",2020,115,0.3288,9.74767123287671,347.28,690.6575,9.06274315068493
"116","segaarboretumforest",2020,116,0.32884,9.74767123287671,347.28,690.6575,9.06274315068493
"117","segaarboretumforest",2020,117,0.32889,9.74767123287671,347.28,690.6575,9.06274315068493
"118","segaarboretumforest",2020,118,0.32895,9.74767123287671,347.28,690.6575,9.06274315068493
"119","segaarboretumforest",2020,119,0.32902,9.74767123287671,347.28,690.6575,9.06274315068493
"120","segaarboretumforest",2020,120,0.3291,9.74767123287671,347.28,690.6575,9.06274315068493
"121","segaarboretumforest",2020,121,0.32921,9.74767123287671,347.28,690.6575,9.06274315068493
"122","segaarboretumforest",2020,122,0.32932,9.74767123287671,347.28,690.6575,9.06274315068493
"123","segaarboretumforest",2020,123,0.32942,9.74767123287671,347.28,690.6575,9.06274315068493
"124","segaarboretumforest",2020,124,0.32953,9.74767123287671,347.28,690.6575,9.06274315068493
"125","segaarboretumforest",2020,125,0.32964,9.74767123287671,347.28,690.6575,9.06274315068493
"126","segaarboretumforest",2020,126,0.32977,9.74767123287671,347.28,690.6575,9.06274315068493
"127","segaarboretumforest",2020,127,0.32989,9.74767123287671,347.28,690.6575,9.06274315068493
"128","segaarboretumforest",2020,128,0.33002,9.74767123287671,347.28,690.6575,9.06274315068493
"129","segaarboretumforest",2020,129,0.33017,9.74767123287671,347.28,690.6575,9.06274315068493
"130","segaarboretumforest",2020,130,0.33029,9.74767123287671,347.28,690.6575,9.06274315068493
"131","segaarboretumforest",2020,131,0.33043,9.74767123287671,347.28,690.6575,9.06274315068493
"132","segaarboretumforest",2020,132,0.33066,9.74767123287671,347.28,690.6575,9.06274315068493
"133","segaarboretumforest",2020,133,0.33093,9.74767123287671,347.28,690.6575,9.06274315068493
"134","segaarboretumforest",2020,134,0.33123,9.74767123287671,347.28,690.6575,9.06274315068493
"135","segaarboretumforest",2020,135,0.33149,9.74767123287671,347.28,690.6575,9.06274315068493
"136","segaarboretumforest",2020,136,0.33176,9.74767123287671,347.28,690.6575,9.06274315068493
"137","segaarboretumforest",2020,137,0.33204,9.74767123287671,347.28,690.6575,9.06274315068493
"138","segaarboretumforest",2020,138,0.3323,9.74767123287671,347.28,690.6575,9.06274315068493
"139","segaarboretumforest",2020,139,0.33249,9.74767123287671,347.28,690.6575,9.06274315068493
"140","segaarboretumforest",2020,140,0.33267,9.74767123287671,347.28,690.6575,9.06274315068493
"141","segaarboretumforest",2020,141,0.33288,9.74767123287671,347.28,690.6575,9.06274315068493
"142","segaarboretumforest",2020,142,0.33307,9.74767123287671,347.28,690.6575,9.06274315068493
"143","segaarboretumforest",2020,143,0.33326,9.74767123287671,347.28,690.6575,9.06274315068493
"144","segaarboretumforest",2020,144,0.33347,9.74767123287671,347.28,690.6575,9.06274315068493
"145","segaarboretumforest",2020,145,0.33371,9.74767123287671,347.28,690.6575,9.06274315068493
"146","segaarboretumforest",2020,146,0.33396,9.74767123287671,347.28,690.6575,9.06274315068493
"147","segaarboretumforest",2020,147,0.3342,9.74767123287671,347.28,690.6575,9.06274315068493
"148","segaarboretumforest",2020,148,0.33448,9.74767123287671,347.28,690.6575,9.06274315068493
"149","segaarboretumforest",2020,149,0.33476,9.74767123287671,347.28,690.6575,9.06274315068493
"150","segaarboretumforest",2020,150,0.33499,9.74767123287671,347.28,690.6575,9.06274315068493
"151","segaarboretumforest",2020,151,0.33522,9.74767123287671,347.28,690.6575,9.06274315068493
"152","segaarboretumforest",2020,152,0.33543,9.74767123287671,347.28,690.6575,9.06274315068493
"153","segaarboretumforest",2020,153,0.33558,9.74767123287671,347.28,690.6575,9.06274315068493
"154","segaarboretumforest",2020,154,0.33572,9.74767123287671,347.28,690.6575,9.06274315068493
"155","segaarboretumforest",2020,155,0.33586,9.74767123287671,347.28,690.6575,9.06274315068493
"156","segaarboretumforest",2020,156,0.33597,9.74767123287671,347.28,690.6575,9.06274315068493
"157","segaarboretumforest",2020,157,0.33611,9.74767123287671,347.28,690.6575,9.06274315068493
"158","segaarboretumforest",2020,158,0.33631,9.74767123287671,347.28,690.6575,9.06274315068493
"159","segaarboretumforest",2020,159,0.33651,9.74767123287671,347.28,690.6575,9.06274315068493
"160","segaarboretumforest",2020,160,0.33668,9.74767123287671,347.28,690.6575,9.06274315068493
"161","segaarboretumforest",2020,161,0.33686,9.74767123287671,347.28,690.6575,9.06274315068493
"162","segaarboretumforest",2020,162,0.33704,9.74767123287671,347.28,690.6575,9.06274315068493
"163","segaarboretumforest",2020,163,0.33723,9.74767123287671,347.28,690.6575,9.06274315068493
"164","segaarboretumforest",2020,164,0.3374,9.74767123287671,347.28,690.6575,9.06274315068493
"165","segaarboretumforest",2020,165,0.33756,9.74767123287671,347.28,690.6575,9.06274315068493
"166","segaarboretumforest",2020,166,0.33777,9.74767123287671,347.28,690.6575,9.06274315068493
"167","segaarboretumforest",2020,167,0.33806,9.74767123287671,347.28,690.6575,9.06274315068493
"168","segaarboretumforest",2020,168,0.33837,9.74767123287671,347.28,690.6575,9.06274315068493
"169","segaarboretumforest",2020,169,0.33871,9.74767123287671,347.28,690.6575,9.06274315068493
"170","segaarboretumforest",2020,170,0.33911,9.74767123287671,347.28,690.6575,9.06274315068493
"171","segaarboretumforest",2020,171,0.33943,9.74767123287671,347.28,690.6575,9.06274315068493
"172","segaarboretumforest",2020,172,0.33976,9.74767123287671,347.28,690.6575,9.06274315068493
"173","segaarboretumforest",2020,173,0.34005,9.74767123287671,347.28,690.6575,9.06274315068493
"174","segaarboretumforest",2020,174,0.34028,9.74767123287671,347.28,690.6575,9.06274315068493
"175","segaarboretumforest",2020,175,0.3405,9.74767123287671,347.28,690.6575,9.06274315068493
"176","segaarboretumforest",2020,176,0.34064,9.74767123287671,347.28,690.6575,9.06274315068493
"177","segaarboretumforest",2020,177,0.34059,9.74767123287671,347.28,690.6575,9.06274315068493
"178","segaarboretumforest",2020,178,0.34049,9.74767123287671,347.28,690.6575,9.06274315068493
"179","segaarboretumforest",2020,179,0.34039,9.74767123287671,347.28,690.6575,9.06274315068493
"180","segaarboretumforest",2020,180,0.3402,9.74767123287671,347.28,690.6575,9.06274315068493
"181","segaarboretumforest",2020,181,0.33999,9.74767123287671,347.28,690.6575,9.06274315068493
"182","segaarboretumforest",2020,182,0.33987,9.74767123287671,347.28,690.6575,9.06274315068493
"183","segaarboretumforest",2020,183,0.33983,9.74767123287671,347.28,690.6575,9.06274315068493
"184","segaarboretumforest",2020,184,0.33982,9.74767123287671,347.28,690.6575,9.06274315068493
"185","segaarboretumforest",2020,185,0.3398,9.74767123287671,347.28,690.6575,9.06274315068493
"186","segaarboretumforest",2020,186,0.33973,9.74767123287671,347.28,690.6575,9.06274315068493
"187","segaarboretumforest",2020,187,0.33966,9.74767123287671,347.28,690.6575,9.06274315068493
"188","segaarboretumforest",2020,188,0.33962,9.74767123287671,347.28,690.6575,9.06274315068493
"189","segaarboretumforest",2020,189,0.33959,9.74767123287671,347.28,690.6575,9.06274315068493
"190","segaarboretumforest",2020,190,0.33957,9.74767123287671,347.28,690.6575,9.06274315068493
"191","segaarboretumforest",2020,191,0.33959,9.74767123287671,347.28,690.6575,9.06274315068493
"192","segaarboretumforest",2020,192,0.33961,9.74767123287671,347.28,690.6575,9.06274315068493
"193","segaarboretumforest",2020,193,0.33955,9.74767123287671,347.28,690.6575,9.06274315068493
"194","segaarboretumforest",2020,194,0.33945,9.74767123287671,347.28,690.6575,9.06274315068493
"195","segaarboretumforest",2020,195,0.33937,9.74767123287671,347.28,690.6575,9.06274315068493
"196","segaarboretumforest",2020,196,0.33917,9.74767123287671,347.28,690.6575,9.06274315068493
"197","segaarboretumforest",2020,197,0.33902,9.74767123287671,347.28,690.6575,9.06274315068493
"198","segaarboretumforest",2020,198,0.33907,9.74767123287671,347.28,690.6575,9.06274315068493
"199","segaarboretumforest",2020,199,0.33916,9.74767123287671,347.28,690.6575,9.06274315068493
"200","segaarboretumforest",2020,200,0.33932,9.74767123287671,347.28,690.6575,9.06274315068493
"201","segaarboretumforest",2020,201,0.33957,9.74767123287671,347.28,690.6575,9.06274315068493
"202","segaarboretumforest",2020,202,0.34004,9.74767123287671,347.28,690.6575,9.06274315068493
"203","segaarboretumforest",2020,203,0.34065,9.74767123287671,347.28,690.6575,9.06274315068493
"204","segaarboretumforest",2020,204,0.34116,9.74767123287671,347.28,690.6575,9.06274315068493
"205","segaarboretumforest",2020,205,0.34169,9.74767123287671,347.28,690.6575,9.06274315068493
"206","segaarboretumforest",2020,206,0.34221,9.74767123287671,347.28,690.6575,9.06274315068493
"207","segaarboretumforest",2020,207,0.34257,9.74767123287671,347.28,690.6575,9.06274315068493
"208","segaarboretumforest",2020,208,0.34295,9.74767123287671,347.28,690.6575,9.06274315068493
"209","segaarboretumforest",2020,209,0.34328,9.74767123287671,347.28,690.6575,9.06274315068493
"210","segaarboretumforest",2020,210,0.34349,9.74767123287671,347.28,690.6575,9.06274315068493
"211","segaarboretumforest",2020,211,0.34347,9.74767123287671,347.28,690.6575,9.06274315068493
"212","segaarboretumforest",2020,212,0.34329,9.74767123287671,347.28,690.6575,9.06274315068493
"213","segaarboretumforest",2020,213,0.34313,9.74767123287671,347.28,690.6575,9.06274315068493
"214","segaarboretumforest",2020,214,0.34296,9.74767123287671,347.28,690.6575,9.06274315068493
"215","segaarboretumforest",2020,215,0.34278,9.74767123287671,347.28,690.6575,9.06274315068493
"216","segaarboretumforest",2020,216,0.34269,9.74767123287671,347.28,690.6575,9.06274315068493
"217","segaarboretumforest",2020,217,0.34262,9.74767123287671,347.28,690.6575,9.06274315068493
"218","segaarboretumforest",2020,218,0.34253,9.74767123287671,347.28,690.6575,9.06274315068493
"219","segaarboretumforest",2020,219,0.34241,9.74767123287671,347.28,690.6575,9.06274315068493
"220","segaarboretumforest",2020,220,0.34212,9.74767123287671,347.28,690.6575,9.06274315068493
"221","segaarboretumforest",2020,221,0.34173,9.74767123287671,347.28,690.6575,9.06274315068493
"222","segaarboretumforest",2020,222,0.34145,9.74767123287671,347.28,690.6575,9.06274315068493
"223","segaarboretumforest",2020,223,0.34127,9.74767123287671,347.28,690.6575,9.06274315068493
"224","segaarboretumforest",2020,224,0.34113,9.74767123287671,347.28,690.6575,9.06274315068493
"225","segaarboretumforest",2020,225,0.34112,9.74767123287671,347.28,690.6575,9.06274315068493
"226","segaarboretumforest",2020,226,0.34117,9.74767123287671,347.28,690.6575,9.06274315068493
"227","segaarboretumforest",2020,227,0.34122,9.74767123287671,347.28,690.6575,9.06274315068493
"228","segaarboretumforest",2020,228,0.3412,9.74767123287671,347.28,690.6575,9.06274315068493
"229","segaarboretumforest",2020,229,0.34121,9.74767123287671,347.28,690.6575,9.06274315068493
"230","segaarboretumforest",2020,230,0.34143,9.74767123287671,347.28,690.6575,9.06274315068493
"231","segaarboretumforest",2020,231,0.34175,9.74767123287671,347.28,690.6575,9.06274315068493
"232","segaarboretumforest",2020,232,0.34201,9.74767123287671,347.28,690.6575,9.06274315068493
"233","segaarboretumforest",2020,233,0.34245,9.74767123287671,347.28,690.6575,9.06274315068493
"234","segaarboretumforest",2020,234,0.34283,9.74767123287671,347.28,690.6575,9.06274315068493
"235","segaarboretumforest",2020,235,0.34286,9.74767123287671,347.28,690.6575,9.06274315068493
"236","segaarboretumforest",2020,236,0.34279,9.74767123287671,347.28,690.6575,9.06274315068493
"237","segaarboretumforest",2020,237,0.34265,9.74767123287671,347.28,690.6575,9.06274315068493
"238","segaarboretumforest",2020,238,0.34246,9.74767123287671,347.28,690.6575,9.06274315068493
"239","segaarboretumforest",2020,239,0.34216,9.74767123287671,347.28,690.6575,9.06274315068493
"240","segaarboretumforest",2020,240,0.34175,9.74767123287671,347.28,690.6575,9.06274315068493
"241","segaarboretumforest",2020,241,0.34137,9.74767123287671,347.28,690.6575,9.06274315068493
"242","segaarboretumforest",2020,242,0.34085,9.74767123287671,347.28,690.6575,9.06274315068493
"243","segaarboretumforest",2020,243,0.34031,9.74767123287671,347.28,690.6575,9.06274315068493
"244","segaarboretumforest",2020,244,0.33998,9.74767123287671,347.28,690.6575,9.06274315068493
"245","segaarboretumforest",2020,245,0.33969,9.74767123287671,347.28,690.6575,9.06274315068493
"246","segaarboretumforest",2020,246,0.33936,9.74767123287671,347.28,690.6575,9.06274315068493
"247","segaarboretumforest",2020,247,0.33925,9.74767123287671,347.28,690.6575,9.06274315068493
"248","segaarboretumforest",2020,248,0.3391,9.74767123287671,347.28,690.6575,9.06274315068493
"249","segaarboretumforest",2020,249,0.33862,9.74767123287671,347.28,690.6575,9.06274315068493
"250","segaarboretumforest",2020,250,0.33806,9.74767123287671,347.28,690.6575,9.06274315068493
"251","segaarboretumforest",2020,251,0.33749,9.74767123287671,347.28,690.6575,9.06274315068493
"252","segaarboretumforest",2020,252,0.33671,9.74767123287671,347.28,690.6575,9.06274315068493
"253","segaarboretumforest",2020,253,0.33591,9.74767123287671,347.28,690.6575,9.06274315068493
"254","segaarboretumforest",2020,254,0.33525,9.74767123287671,347.28,690.6575,9.06274315068493
"255","segaarboretumforest",2020,255,0.33454,9.74767123287671,347.28,690.6575,9.06274315068493
"256","segaarboretumforest",2020,256,0.33385,9.74767123287671,347.28,690.6575,9.06274315068493
"257","segaarboretumforest",2020,257,0.33326,9.74767123287671,347.28,690.6575,9.06274315068493
"258","segaarboretumforest",2020,258,0.3328,9.74767123287671,347.28,690.6575,9.06274315068493
"259","segaarboretumforest",2020,259,0.33242,9.74767123287671,347.28,690.6575,9.06274315068493
"260","segaarboretumforest",2020,260,0.33206,9.74767123287671,347.28,690.6575,9.06274315068493
"261","segaarboretumforest",2020,261,0.33188,9.74767123287671,347.28,690.6575,9.06274315068493
"262","segaarboretumforest",2020,262,0.33173,9.74767123287671,347.28,690.6575,9.06274315068493
"263","segaarboretumforest",2020,263,0.33144,9.74767123287671,347.28,690.6575,9.06274315068493
"264","segaarboretumforest",2020,264,0.33114,9.74767123287671,347.28,690.6575,9.06274315068493
"265","segaarboretumforest",2020,265,0.33082,9.74767123287671,347.28,690.6575,9.06274315068493
"266","segaarboretumforest",2020,266,0.33037,9.74767123287671,347.28,690.6575,9.06274315068493
"267","segaarboretumforest",2020,267,0.32992,9.74767123287671,347.28,690.6575,9.06274315068493
"268","segaarboretumforest",2020,268,0.32959,9.74767123287671,347.28,690.6575,9.06274315068493
"269","segaarboretumforest",2020,269,0.32928,9.74767123287671,347.28,690.6575,9.06274315068493
"270","segaarboretumforest",2020,270,0.32901,9.74767123287671,347.28,690.6575,9.06274315068493
"271","segaarboretumforest",2020,271,0.3288,9.74767123287671,347.28,690.6575,9.06274315068493
"272","segaarboretumforest",2020,272,0.32861,9.74767123287671,347.28,690.6575,9.06274315068493
"273","segaarboretumforest",2020,273,0.32845,9.74767123287671,347.28,690.6575,9.06274315068493
"274","segaarboretumforest",2020,274,0.32835,9.74767123287671,347.28,690.6575,9.06274315068493
"275","segaarboretumforest",2020,275,0.32825,9.74767123287671,347.28,690.6575,9.06274315068493
"276","segaarboretumforest",2020,276,0.32813,9.74767123287671,347.28,690.6575,9.06274315068493
"277","segaarboretumforest",2020,277,0.32802,9.74767123287671,347.28,690.6575,9.06274315068493
"278","segaarboretumforest",2020,278,0.32795,9.74767123287671,347.28,690.6575,9.06274315068493
"279","segaarboretumforest",2020,279,0.32783,9.74767123287671,347.28,690.6575,9.06274315068493
"280","segaarboretumforest",2020,280,0.32761,9.74767123287671,347.28,690.6575,9.06274315068493
"281","segaarboretumforest",2020,281,0.32738,9.74767123287671,347.28,690.6575,9.06274315068493
"282","segaarboretumforest",2020,282,0.32715,9.74767123287671,347.28,690.6575,9.06274315068493
"283","segaarboretumforest",2020,283,0.32686,9.74767123287671,347.28,690.6575,9.06274315068493
"284","segaarboretumforest",2020,284,0.32658,9.74767123287671,347.28,690.6575,9.06274315068493
"285","segaarboretumforest",2020,285,0.32636,9.74767123287671,347.28,690.6575,9.06274315068493
"286","segaarboretumforest",2020,286,0.32621,9.74767123287671,347.28,690.6575,9.06274315068493
"287","segaarboretumforest",2020,287,0.32611,9.74767123287671,347.28,690.6575,9.06274315068493
"288","segaarboretumforest",2020,288,0.32601,9.74767123287671,347.28,690.6575,9.06274315068493
"289","segaarboretumforest",2020,289,0.32599,9.74767123287671,347.28,690.6575,9.06274315068493
"290","segaarboretumforest",2020,290,0.32597,9.74767123287671,347.28,690.6575,9.06274315068493
"291","segaarboretumforest",2020,291,0.32586,9.74767123287671,347.28,690.6575,9.06274315068493
"292","segaarboretumforest",2020,292,0.32576,9.74767123287671,347.28,690.6575,9.06274315068493
"293","segaarboretumforest",2020,293,0.32565,9.74767123287671,347.28,690.6575,9.06274315068493
"294","segaarboretumforest",2020,294,0.3255,9.74767123287671,347.28,690.6575,9.06274315068493
"295","segaarboretumforest",2020,295,0.32528,9.74767123287671,347.28,690.6575,9.06274315068493
"296","segaarboretumforest",2020,296,0.32501,9.74767123287671,347.28,690.6575,9.06274315068493
"297","segaarboretumforest",2020,297,0.32479,9.74767123287671,347.28,690.6575,9.06274315068493
"298","segaarboretumforest",2020,298,0.32462,9.74767123287671,347.28,690.6575,9.06274315068493
"299","segaarboretumforest",2020,299,0.32445,9.74767123287671,347.28,690.6575,9.06274315068493
"300","segaarboretumforest",2020,300,0.32427,9.74767123287671,347.28,690.6575,9.06274315068493
"301","segaarboretumforest",2020,301,0.32409,9.74767123287671,347.28,690.6575,9.06274315068493
"302","segaarboretumforest",2020,302,0.32389,9.74767123287671,347.28,690.6575,9.06274315068493
"303","segaarboretumforest",2020,303,0.32353,9.74767123287671,347.28,690.6575,9.06274315068493
"304","segaarboretumforest",2020,304,0.32321,9.74767123287671,347.28,690.6575,9.06274315068493
"305","segaarboretumforest",2020,305,0.32287,9.74767123287671,347.28,690.6575,9.06274315068493
"306","segaarboretumforest",2020,306,0.32245,9.74767123287671,347.28,690.6575,9.06274315068493
"307","segaarboretumforest",2020,307,0.32233,9.74767123287671,347.28,690.6575,9.06274315068493
"308","segaarboretumforest",2020,308,0.32266,9.74767123287671,347.28,690.6575,9.06274315068493
"309","segaarboretumforest",2020,309,0.32306,9.74767123287671,347.28,690.6575,9.06274315068493
"310","segaarboretumforest",2020,310,0.32361,9.74767123287671,347.28,690.6575,9.06274315068493
"311","segaarboretumforest",2020,311,0.32444,9.74767123287671,347.28,690.6575,9.06274315068493
"312","segaarboretumforest",2020,312,0.32526,9.74767123287671,347.28,690.6575,9.06274315068493
"313","segaarboretumforest",2020,313,0.32578,9.74767123287671,347.28,690.6575,9.06274315068493
"314","segaarboretumforest",2020,314,0.32611,9.74767123287671,347.28,690.6575,9.06274315068493
"315","segaarboretumforest",2020,315,0.32646,9.74767123287671,347.28,690.6575,9.06274315068493
"316","segaarboretumforest",2020,316,0.32666,9.74767123287671,347.28,690.6575,9.06274315068493
"317","segaarboretumforest",2020,317,0.32651,9.74767123287671,347.28,690.6575,9.06274315068493
"318","segaarboretumforest",2020,318,0.32626,9.74767123287671,347.28,690.6575,9.06274315068493
"319","segaarboretumforest",2020,319,0.32572,9.74767123287671,347.28,690.6575,9.06274315068493
"320","segaarboretumforest",2020,320,0.32483,9.74767123287671,347.28,690.6575,9.06274315068493
"321","segaarboretumforest",2020,321,0.32419,9.74767123287671,347.28,690.6575,9.06274315068493
"322","segaarboretumforest",2020,322,0.32371,9.74767123287671,347.28,690.6575,9.06274315068493
"323","segaarboretumforest",2020,323,0.32329,9.74767123287671,347.28,690.6575,9.06274315068493
"324","segaarboretumforest",2020,324,0.32334,9.74767123287671,347.28,690.6575,9.06274315068493
"325","segaarboretumforest",2020,325,0.32363,9.74767123287671,347.28,690.6575,9.06274315068493
"326","segaarboretumforest",2020,326,0.32383,9.74767123287671,347.28,690.6575,9.06274315068493
"327","segaarboretumforest",2020,327,0.32397,9.74767123287671,347.28,690.6575,9.06274315068493
"328","segaarboretumforest",2020,328,0.32412,9.74767123287671,347.28,690.6575,9.06274315068493
"329","segaarboretumforest",2020,329,0.32419,9.74767123287671,347.28,690.6575,9.06274315068493
"330","segaarboretumforest",2020,330,0.32427,9.74767123287671,347.28,690.6575,9.06274315068493
"331","segaarboretumforest",2020,331,0.32436,9.74767123287671,347.28,690.6575,9.06274315068493
"332","segaarboretumforest",2020,332,0.32441,9.74767123287671,347.28,690.6575,9.06274315068493
"333","segaarboretumforest",2020,333,0.32445,9.74767123287671,347.28,690.6575,9.06274315068493
"334","segaarboretumforest",2020,334,0.32449,9.74767123287671,347.28,690.6575,9.06274315068493
"335","segaarboretumforest",2020,335,0.32451,9.74767123287671,347.28,690.6575,9.06274315068493
"336","segaarboretumforest",2020,336,0.32458,9.74767123287671,347.28,690.6575,9.06274315068493
"337","segaarboretumforest",2020,337,0.3246,9.74767123287671,347.28,690.6575,9.06274315068493
"338","segaarboretumforest",2020,338,0.3245,9.74767123287671,347.28,690.6575,9.06274315068493
"339","segaarboretumforest",2020,339,0.32436,9.74767123287671,347.28,690.6575,9.06274315068493
"340","segaarboretumforest",2020,340,0.32418,9.74767123287671,347.28,690.6575,9.06274315068493
"341","segaarboretumforest",2020,341,0.3239,9.74767123287671,347.28,690.6575,9.06274315068493
"342","segaarboretumforest",2020,342,0.32361,9.74767123287671,347.28,690.6575,9.06274315068493
"343","segaarboretumforest",2020,343,0.32332,9.74767123287671,347.28,690.6575,9.06274315068493
"344","segaarboretumforest",2020,344,0.32295,9.74767123287671,347.28,690.6575,9.06274315068493
"345","segaarboretumforest",2020,345,0.32266,9.74767123287671,347.28,690.6575,9.06274315068493
"346","segaarboretumforest",2020,346,0.32223,9.74767123287671,347.28,690.6575,9.06274315068493
"347","segaarboretumforest",2020,347,0.32184,9.74767123287671,347.28,690.6575,9.06274315068493
"348","segaarboretumforest",2020,348,0.32179,9.74767123287671,347.28,690.6575,9.06274315068493
"349","segaarboretumforest",2020,349,0.32186,9.74767123287671,347.28,690.6575,9.06274315068493
"350","segaarboretumforest",2020,350,0.32199,9.74767123287671,347.28,690.6575,9.06274315068493
"351","segaarboretumforest",2020,351,0.32214,9.74767123287671,347.28,690.6575,9.06274315068493
"352","segaarboretumforest",2020,352,0.32242,9.74767123287671,347.28,690.6575,9.06274315068493
"353","segaarboretumforest",2020,353,0.32284,9.74767123287671,347.28,690.6575,9.06274315068493
"354","segaarboretumforest",2020,354,0.32316,9.74767123287671,347.28,690.6575,9.06274315068493
"355","segaarboretumforest",2020,355,0.32303,9.74767123287671,347.28,690.6575,9.06274315068493
"356","segaarboretumforest",2020,356,0.32294,9.74767123287671,347.28,690.6575,9.06274315068493
"357","segaarboretumforest",2020,357,0.32316,9.74767123287671,347.28,690.6575,9.06274315068493
"358","segaarboretumforest",2020,358,0.32338,9.74767123287671,347.28,690.6575,9.06274315068493
"359","segaarboretumforest",2020,359,0.32379,9.74767123287671,347.28,690.6575,9.06274315068493
"360","segaarboretumforest",2020,360,0.32469,9.74767123287671,347.28,690.6575,9.06274315068493
"361","segaarboretumforest",2020,361,0.3256,9.74767123287671,347.28,690.6575,9.06274315068493
"362","segaarboretumforest",2020,362,0.3265,9.74767123287671,347.28,690.6575,9.06274315068493
"363","segaarboretumforest",2020,363,0.3276,9.74767123287671,347.28,690.6575,9.06274315068493
"364","segaarboretumforest",2020,364,0.32829,9.74767123287671,347.28,690.6575,9.06274315068493
"365","segaarboretumforest",2020,365,0.32877,9.74767123287671,347.28,690.6575,9.06274315068493
"366","segaarboretumforest",2021,1,0.32881,9.34130136986301,704.76,690.6575,9.06274315068493
"367","segaarboretumforest",2021,2,0.32808,9.34130136986301,704.76,690.6575,9.06274315068493
"368","segaarboretumforest",2021,3,0.32722,9.34130136986301,704.76,690.6575,9.06274315068493
"369","segaarboretumforest",2021,4,0.32655,9.34130136986301,704.76,690.6575,9.06274315068493
"370","segaarboretumforest",2021,5,0.32566,9.34130136986301,704.76,690.6575,9.06274315068493
"371","segaarboretumforest",2021,6,0.32444,9.34130136986301,704.76,690.6575,9.06274315068493
"372","segaarboretumforest",2021,7,0.3236,9.34130136986301,704.76,690.6575,9.06274315068493
"373","segaarboretumforest",2021,8,0.3233,9.34130136986301,704.76,690.6575,9.06274315068493
"374","segaarboretumforest",2021,9,0.32313,9.34130136986301,704.76,690.6575,9.06274315068493
"375","segaarboretumforest",2021,10,0.32308,9.34130136986301,704.76,690.6575,9.06274315068493
"376","segaarboretumforest",2021,11,0.32323,9.34130136986301,704.76,690.6575,9.06274315068493
"377","segaarboretumforest",2021,12,0.32349,9.34130136986301,704.76,690.6575,9.06274315068493
"378","segaarboretumforest",2021,13,0.32379,9.34130136986301,704.76,690.6575,9.06274315068493
"379","segaarboretumforest",2021,14,0.3242,9.34130136986301,704.76,690.6575,9.06274315068493
"380","segaarboretumforest",2021,15,0.32486,9.34130136986301,704.76,690.6575,9.06274315068493
"381","segaarboretumforest",2021,16,0.32569,9.34130136986301,704.76,690.6575,9.06274315068493
"382","segaarboretumforest",2021,17,0.3265,9.34130136986301,704.76,690.6575,9.06274315068493
"383","segaarboretumforest",2021,18,0.32754,9.34130136986301,704.76,690.6575,9.06274315068493
"384","segaarboretumforest",2021,19,0.32859,9.34130136986301,704.76,690.6575,9.06274315068493
"385","segaarboretumforest",2021,20,0.32953,9.34130136986301,704.76,690.6575,9.06274315068493
"386","segaarboretumforest",2021,21,0.33061,9.34130136986301,704.76,690.6575,9.06274315068493
"387","segaarboretumforest",2021,22,0.33165,9.34130136986301,704.76,690.6575,9.06274315068493
"388","segaarboretumforest",2021,23,0.33244,9.34130136986301,704.76,690.6575,9.06274315068493
"389","segaarboretumforest",2021,24,0.33292,9.34130136986301,704.76,690.6575,9.06274315068493
"390","segaarboretumforest",2021,25,0.33325,9.34130136986301,704.76,690.6575,9.06274315068493
"391","segaarboretumforest",2021,26,0.33352,9.34130136986301,704.76,690.6575,9.06274315068493
"392","segaarboretumforest",2021,27,0.33355,9.34130136986301,704.76,690.6575,9.06274315068493
"393","segaarboretumforest",2021,28,0.33349,9.34130136986301,704.76,690.6575,9.06274315068493
"394","segaarboretumforest",2021,29,0.33356,9.34130136986301,704.76,690.6575,9.06274315068493
"395","segaarboretumforest",2021,30,0.33356,9.34130136986301,704.76,690.6575,9.06274315068493
"396","segaarboretumforest",2021,31,0.33357,9.34130136986301,704.76,690.6575,9.06274315068493
"397","segaarboretumforest",2021,32,0.33354,9.34130136986301,704.76,690.6575,9.06274315068493
"398","segaarboretumforest",2021,33,0.3335,9.34130136986301,704.76,690.6575,9.06274315068493
"399","segaarboretumforest",2021,34,0.33338,9.34130136986301,704.76,690.6575,9.06274315068493
"400","segaarboretumforest",2021,35,0.33318,9.34130136986301,704.76,690.6575,9.06274315068493
"401","segaarboretumforest",2021,36,0.3331,9.34130136986301,704.76,690.6575,9.06274315068493
"402","segaarboretumforest",2021,37,0.33317,9.34130136986301,704.76,690.6575,9.06274315068493
"403","segaarboretumforest",2021,38,0.33326,9.34130136986301,704.76,690.6575,9.06274315068493
"404","segaarboretumforest",2021,39,0.33345,9.34130136986301,704.76,690.6575,9.06274315068493
"405","segaarboretumforest",2021,40,0.33375,9.34130136986301,704.76,690.6575,9.06274315068493
"406","segaarboretumforest",2021,41,0.33403,9.34130136986301,704.76,690.6575,9.06274315068493
"407","segaarboretumforest",2021,42,0.33418,9.34130136986301,704.76,690.6575,9.06274315068493
"408","segaarboretumforest",2021,43,0.3343,9.34130136986301,704.76,690.6575,9.06274315068493
"409","segaarboretumforest",2021,44,0.33444,9.34130136986301,704.76,690.6575,9.06274315068493
"410","segaarboretumforest",2021,45,0.33445,9.34130136986301,704.76,690.6575,9.06274315068493
"411","segaarboretumforest",2021,46,0.33434,9.34130136986301,704.76,690.6575,9.06274315068493
"412","segaarboretumforest",2021,47,0.33413,9.34130136986301,704.76,690.6575,9.06274315068493
"413","segaarboretumforest",2021,48,0.33371,9.34130136986301,704.76,690.6575,9.06274315068493
"414","segaarboretumforest",2021,49,0.33314,9.34130136986301,704.76,690.6575,9.06274315068493
"415","segaarboretumforest",2021,50,0.33253,9.34130136986301,704.76,690.6575,9.06274315068493
"416","segaarboretumforest",2021,51,0.33172,9.34130136986301,704.76,690.6575,9.06274315068493
"417","segaarboretumforest",2021,52,0.33086,9.34130136986301,704.76,690.6575,9.06274315068493
"418","segaarboretumforest",2021,53,0.33003,9.34130136986301,704.76,690.6575,9.06274315068493
"419","segaarboretumforest",2021,54,0.32909,9.34130136986301,704.76,690.6575,9.06274315068493
"420","segaarboretumforest",2021,55,0.32833,9.34130136986301,704.76,690.6575,9.06274315068493
"421","segaarboretumforest",2021,56,0.32767,9.34130136986301,704.76,690.6575,9.06274315068493
"422","segaarboretumforest",2021,57,0.32707,9.34130136986301,704.76,690.6575,9.06274315068493
"423","segaarboretumforest",2021,58,0.32661,9.34130136986301,704.76,690.6575,9.06274315068493
"424","segaarboretumforest",2021,59,0.3262,9.34130136986301,704.76,690.6575,9.06274315068493
"425","segaarboretumforest",2021,60,0.32587,9.34130136986301,704.76,690.6575,9.06274315068493
"426","segaarboretumforest",2021,61,0.32565,9.34130136986301,704.76,690.6575,9.06274315068493
"427","segaarboretumforest",2021,62,0.3255,9.34130136986301,704.76,690.6575,9.06274315068493
"428","segaarboretumforest",2021,63,0.32542,9.34130136986301,704.76,690.6575,9.06274315068493
"429","segaarboretumforest",2021,64,0.32554,9.34130136986301,704.76,690.6575,9.06274315068493
"430","segaarboretumforest",2021,65,0.32592,9.34130136986301,704.76,690.6575,9.06274315068493
"431","segaarboretumforest",2021,66,0.32641,9.34130136986301,704.76,690.6575,9.06274315068493
"432","segaarboretumforest",2021,67,0.32717,9.34130136986301,704.76,690.6575,9.06274315068493
"433","segaarboretumforest",2021,68,0.32827,9.34130136986301,704.76,690.6575,9.06274315068493
"434","segaarboretumforest",2021,69,0.32936,9.34130136986301,704.76,690.6575,9.06274315068493
"435","segaarboretumforest",2021,70,0.33009,9.34130136986301,704.76,690.6575,9.06274315068493
"436","segaarboretumforest",2021,71,0.33071,9.34130136986301,704.76,690.6575,9.06274315068493
"437","segaarboretumforest",2021,72,0.33141,9.34130136986301,704.76,690.6575,9.06274315068493
"438","segaarboretumforest",2021,73,0.3318,9.34130136986301,704.76,690.6575,9.06274315068493
"439","segaarboretumforest",2021,74,0.33156,9.34130136986301,704.76,690.6575,9.06274315068493
"440","segaarboretumforest",2021,75,0.3312,9.34130136986301,704.76,690.6575,9.06274315068493
"441","segaarboretumforest",2021,76,0.33077,9.34130136986301,704.76,690.6575,9.06274315068493
"442","segaarboretumforest",2021,77,0.32996,9.34130136986301,704.76,690.6575,9.06274315068493
"443","segaarboretumforest",2021,78,0.3291,9.34130136986301,704.76,690.6575,9.06274315068493
"444","segaarboretumforest",2021,79,0.3285,9.34130136986301,704.76,690.6575,9.06274315068493
"445","segaarboretumforest",2021,80,0.32816,9.34130136986301,704.76,690.6575,9.06274315068493
"446","segaarboretumforest",2021,81,0.32787,9.34130136986301,704.76,690.6575,9.06274315068493
"447","segaarboretumforest",2021,82,0.32762,9.34130136986301,704.76,690.6575,9.06274315068493
"448","segaarboretumforest",2021,83,0.3276,9.34130136986301,704.76,690.6575,9.06274315068493
"449","segaarboretumforest",2021,84,0.32763,9.34130136986301,704.76,690.6575,9.06274315068493
"450","segaarboretumforest",2021,85,0.32755,9.34130136986301,704.76,690.6575,9.06274315068493
"451","segaarboretumforest",2021,86,0.32753,9.34130136986301,704.76,690.6575,9.06274315068493
"452","segaarboretumforest",2021,87,0.32746,9.34130136986301,704.76,690.6575,9.06274315068493
"453","segaarboretumforest",2021,88,0.32706,9.34130136986301,704.76,690.6575,9.06274315068493
"454","segaarboretumforest",2021,89,0.32664,9.34130136986301,704.76,690.6575,9.06274315068493
"455","segaarboretumforest",2021,90,0.32643,9.34130136986301,704.76,690.6575,9.06274315068493
"456","segaarboretumforest",2021,91,0.32621,9.34130136986301,704.76,690.6575,9.06274315068493
"457","segaarboretumforest",2021,92,0.32608,9.34130136986301,704.76,690.6575,9.06274315068493
"458","segaarboretumforest",2021,93,0.32617,9.34130136986301,704.76,690.6575,9.06274315068493
"459","segaarboretumforest",2021,94,0.32631,9.34130136986301,704.76,690.6575,9.06274315068493
"460","segaarboretumforest",2021,95,0.32639,9.34130136986301,704.76,690.6575,9.06274315068493
"461","segaarboretumforest",2021,96,0.32654,9.34130136986301,704.76,690.6575,9.06274315068493
"462","segaarboretumforest",2021,97,0.32669,9.34130136986301,704.76,690.6575,9.06274315068493
"463","segaarboretumforest",2021,98,0.3268,9.34130136986301,704.76,690.6575,9.06274315068493
"464","segaarboretumforest",2021,99,0.32689,9.34130136986301,704.76,690.6575,9.06274315068493
"465","segaarboretumforest",2021,100,0.32697,9.34130136986301,704.76,690.6575,9.06274315068493
"466","segaarboretumforest",2021,101,0.32704,9.34130136986301,704.76,690.6575,9.06274315068493
"467","segaarboretumforest",2021,102,0.32708,9.34130136986301,704.76,690.6575,9.06274315068493
"468","segaarboretumforest",2021,103,0.32711,9.34130136986301,704.76,690.6575,9.06274315068493
"469","segaarboretumforest",2021,104,0.32714,9.34130136986301,704.76,690.6575,9.06274315068493
"470","segaarboretumforest",2021,105,0.32715,9.34130136986301,704.76,690.6575,9.06274315068493
"471","segaarboretumforest",2021,106,0.32717,9.34130136986301,704.76,690.6575,9.06274315068493
"472","segaarboretumforest",2021,107,0.32711,9.34130136986301,704.76,690.6575,9.06274315068493
"473","segaarboretumforest",2021,108,0.32706,9.34130136986301,704.76,690.6575,9.06274315068493
"474","segaarboretumforest",2021,109,0.32712,9.34130136986301,704.76,690.6575,9.06274315068493
"475","segaarboretumforest",2021,110,0.32719,9.34130136986301,704.76,690.6575,9.06274315068493
"476","segaarboretumforest",2021,111,0.3273,9.34130136986301,704.76,690.6575,9.06274315068493
"477","segaarboretumforest",2021,112,0.32758,9.34130136986301,704.76,690.6575,9.06274315068493
"478","segaarboretumforest",2021,113,0.32787,9.34130136986301,704.76,690.6575,9.06274315068493
"479","segaarboretumforest",2021,114,0.32801,9.34130136986301,704.76,690.6575,9.06274315068493
"480","segaarboretumforest",2021,115,0.32816,9.34130136986301,704.76,690.6575,9.06274315068493
"481","segaarboretumforest",2021,116,0.32829,9.34130136986301,704.76,690.6575,9.06274315068493
"482","segaarboretumforest",2021,117,0.32836,9.34130136986301,704.76,690.6575,9.06274315068493
"483","segaarboretumforest",2021,118,0.32836,9.34130136986301,704.76,690.6575,9.06274315068493
"484","segaarboretumforest",2021,119,0.32832,9.34130136986301,704.76,690.6575,9.06274315068493
"485","segaarboretumforest",2021,120,0.32828,9.34130136986301,704.76,690.6575,9.06274315068493
"486","segaarboretumforest",2021,121,0.32818,9.34130136986301,704.76,690.6575,9.06274315068493
"487","segaarboretumforest",2021,122,0.32806,9.34130136986301,704.76,690.6575,9.06274315068493
"488","segaarboretumforest",2021,123,0.32796,9.34130136986301,704.76,690.6575,9.06274315068493
"489","segaarboretumforest",2021,124,0.3278,9.34130136986301,704.76,690.6575,9.06274315068493
"490","segaarboretumforest",2021,125,0.32773,9.34130136986301,704.76,690.6575,9.06274315068493
"491","segaarboretumforest",2021,126,0.32784,9.34130136986301,704.76,690.6575,9.06274315068493
"492","segaarboretumforest",2021,127,0.32798,9.34130136986301,704.76,690.6575,9.06274315068493
"493","segaarboretumforest",2021,128,0.32813,9.34130136986301,704.76,690.6575,9.06274315068493
"494","segaarboretumforest",2021,129,0.32833,9.34130136986301,704.76,690.6575,9.06274315068493
"495","segaarboretumforest",2021,130,0.32849,9.34130136986301,704.76,690.6575,9.06274315068493
"496","segaarboretumforest",2021,131,0.32855,9.34130136986301,704.76,690.6575,9.06274315068493
"497","segaarboretumforest",2021,132,0.32862,9.34130136986301,704.76,690.6575,9.06274315068493
"498","segaarboretumforest",2021,133,0.32872,9.34130136986301,704.76,690.6575,9.06274315068493
"499","segaarboretumforest",2021,134,0.32884,9.34130136986301,704.76,690.6575,9.06274315068493
"500","segaarboretumforest",2021,135,0.32896,9.34130136986301,704.76,690.6575,9.06274315068493
"501","segaarboretumforest",2021,136,0.32904,9.34130136986301,704.76,690.6575,9.06274315068493
"502","segaarboretumforest",2021,137,0.32909,9.34130136986301,704.76,690.6575,9.06274315068493
"503","segaarboretumforest",2021,138,0.32911,9.34130136986301,704.76,690.6575,9.06274315068493
"504","segaarboretumforest",2021,139,0.32912,9.34130136986301,704.76,690.6575,9.06274315068493
"505","segaarboretumforest",2021,140,0.32906,9.34130136986301,704.76,690.6575,9.06274315068493
"506","segaarboretumforest",2021,141,0.32901,9.34130136986301,704.76,690.6575,9.06274315068493
"507","segaarboretumforest",2021,142,0.32902,9.34130136986301,704.76,690.6575,9.06274315068493
"508","segaarboretumforest",2021,143,0.32901,9.34130136986301,704.76,690.6575,9.06274315068493
"509","segaarboretumforest",2021,144,0.32902,9.34130136986301,704.76,690.6575,9.06274315068493
"510","segaarboretumforest",2021,145,0.32905,9.34130136986301,704.76,690.6575,9.06274315068493
"511","segaarboretumforest",2021,146,0.3291,9.34130136986301,704.76,690.6575,9.06274315068493
"512","segaarboretumforest",2021,147,0.32916,9.34130136986301,704.76,690.6575,9.06274315068493
"513","segaarboretumforest",2021,148,0.32924,9.34130136986301,704.76,690.6575,9.06274315068493
"514","segaarboretumforest",2021,149,0.32937,9.34130136986301,704.76,690.6575,9.06274315068493
"515","segaarboretumforest",2021,150,0.32952,9.34130136986301,704.76,690.6575,9.06274315068493
"516","segaarboretumforest",2021,151,0.32966,9.34130136986301,704.76,690.6575,9.06274315068493
"517","segaarboretumforest",2021,152,0.32983,9.34130136986301,704.76,690.6575,9.06274315068493
"518","segaarboretumforest",2021,153,0.32999,9.34130136986301,704.76,690.6575,9.06274315068493
"519","segaarboretumforest",2021,154,0.33011,9.34130136986301,704.76,690.6575,9.06274315068493
"520","segaarboretumforest",2021,155,0.33012,9.34130136986301,704.76,690.6575,9.06274315068493
"521","segaarboretumforest",2021,156,0.33006,9.34130136986301,704.76,690.6575,9.06274315068493
"522","segaarboretumforest",2021,157,0.33009,9.34130136986301,704.76,690.6575,9.06274315068493
"523","segaarboretumforest",2021,158,0.33016,9.34130136986301,704.76,690.6575,9.06274315068493
"524","segaarboretumforest",2021,159,0.33027,9.34130136986301,704.76,690.6575,9.06274315068493
"525","segaarboretumforest",2021,160,0.33049,9.34130136986301,704.76,690.6575,9.06274315068493
"526","segaarboretumforest",2021,161,0.33074,9.34130136986301,704.76,690.6575,9.06274315068493
"527","segaarboretumforest",2021,162,0.33104,9.34130136986301,704.76,690.6575,9.06274315068493
"528","segaarboretumforest",2021,163,0.33151,9.34130136986301,704.76,690.6575,9.06274315068493
"529","segaarboretumforest",2021,164,0.332,9.34130136986301,704.76,690.6575,9.06274315068493
"530","segaarboretumforest",2021,165,0.33252,9.34130136986301,704.76,690.6575,9.06274315068493
"531","segaarboretumforest",2021,166,0.33319,9.34130136986301,704.76,690.6575,9.06274315068493
"532","segaarboretumforest",2021,167,0.33361,9.34130136986301,704.76,690.6575,9.06274315068493
"533","segaarboretumforest",2021,168,0.33381,9.34130136986301,704.76,690.6575,9.06274315068493
"534","segaarboretumforest",2021,169,0.33393,9.34130136986301,704.76,690.6575,9.06274315068493
"535","segaarboretumforest",2021,170,0.33382,9.34130136986301,704.76,690.6575,9.06274315068493
"536","segaarboretumforest",2021,171,0.33354,9.34130136986301,704.76,690.6575,9.06274315068493
"537","segaarboretumforest",2021,172,0.33318,9.34130136986301,704.76,690.6575,9.06274315068493
"538","segaarboretumforest",2021,173,0.33285,9.34130136986301,704.76,690.6575,9.06274315068493
"539","segaarboretumforest",2021,174,0.33242,9.34130136986301,704.76,690.6575,9.06274315068493
"540","segaarboretumforest",2021,175,0.33182,9.34130136986301,704.76,690.6575,9.06274315068493
"541","segaarboretumforest",2021,176,0.33136,9.34130136986301,704.76,690.6575,9.06274315068493
"542","segaarboretumforest",2021,177,0.33097,9.34130136986301,704.76,690.6575,9.06274315068493
"543","segaarboretumforest",2021,178,0.33062,9.34130136986301,704.76,690.6575,9.06274315068493
"544","segaarboretumforest",2021,179,0.33044,9.34130136986301,704.76,690.6575,9.06274315068493
"545","segaarboretumforest",2021,180,0.33034,9.34130136986301,704.76,690.6575,9.06274315068493
"546","segaarboretumforest",2021,181,0.33032,9.34130136986301,704.76,690.6575,9.06274315068493
"547","segaarboretumforest",2021,182,0.33036,9.34130136986301,704.76,690.6575,9.06274315068493
"548","segaarboretumforest",2021,183,0.33048,9.34130136986301,704.76,690.6575,9.06274315068493
"549","segaarboretumforest",2021,184,0.33071,9.34130136986301,704.76,690.6575,9.06274315068493
"550","segaarboretumforest",2021,185,0.33105,9.34130136986301,704.76,690.6575,9.06274315068493
"551","segaarboretumforest",2021,186,0.33138,9.34130136986301,704.76,690.6575,9.06274315068493
"552","segaarboretumforest",2021,187,0.33186,9.34130136986301,704.76,690.6575,9.06274315068493
"553","segaarboretumforest",2021,188,0.33236,9.34130136986301,704.76,690.6575,9.06274315068493
"554","segaarboretumforest",2021,189,0.33265,9.34130136986301,704.76,690.6575,9.06274315068493
"555","segaarboretumforest",2021,190,0.33291,9.34130136986301,704.76,690.6575,9.06274315068493
"556","segaarboretumforest",2021,191,0.33317,9.34130136986301,704.76,690.6575,9.06274315068493
"557","segaarboretumforest",2021,192,0.3335,9.34130136986301,704.76,690.6575,9.06274315068493
"558","segaarboretumforest",2021,193,0.33377,9.34130136986301,704.76,690.6575,9.06274315068493
"559","segaarboretumforest",2021,194,0.33397,9.34130136986301,704.76,690.6575,9.06274315068493
"560","segaarboretumforest",2021,195,0.33435,9.34130136986301,704.76,690.6575,9.06274315068493
"561","segaarboretumforest",2021,196,0.33493,9.34130136986301,704.76,690.6575,9.06274315068493
"562","segaarboretumforest",2021,197,0.33558,9.34130136986301,704.76,690.6575,9.06274315068493
"563","segaarboretumforest",2021,198,0.3365,9.34130136986301,704.76,690.6575,9.06274315068493
"564","segaarboretumforest",2021,199,0.33764,9.34130136986301,704.76,690.6575,9.06274315068493
"565","segaarboretumforest",2021,200,0.33862,9.34130136986301,704.76,690.6575,9.06274315068493
"566","segaarboretumforest",2021,201,0.3397,9.34130136986301,704.76,690.6575,9.06274315068493
"567","segaarboretumforest",2021,202,0.34073,9.34130136986301,704.76,690.6575,9.06274315068493
"568","segaarboretumforest",2021,203,0.34137,9.34130136986301,704.76,690.6575,9.06274315068493
"569","segaarboretumforest",2021,204,0.34192,9.34130136986301,704.76,690.6575,9.06274315068493
"570","segaarboretumforest",2021,205,0.34244,9.34130136986301,704.76,690.6575,9.06274315068493
"571","segaarboretumforest",2021,206,0.34277,9.34130136986301,704.76,690.6575,9.06274315068493
"572","segaarboretumforest",2021,207,0.34305,9.34130136986301,704.76,690.6575,9.06274315068493
"573","segaarboretumforest",2021,208,0.34339,9.34130136986301,704.76,690.6575,9.06274315068493
"574","segaarboretumforest",2021,209,0.34365,9.34130136986301,704.76,690.6575,9.06274315068493
"575","segaarboretumforest",2021,210,0.34388,9.34130136986301,704.76,690.6575,9.06274315068493
"576","segaarboretumforest",2021,211,0.34414,9.34130136986301,704.76,690.6575,9.06274315068493
"577","segaarboretumforest",2021,212,0.3445,9.34130136986301,704.76,690.6575,9.06274315068493
"578","segaarboretumforest",2021,213,0.34493,9.34130136986301,704.76,690.6575,9.06274315068493
"579","segaarboretumforest",2021,214,0.34531,9.34130136986301,704.76,690.6575,9.06274315068493
"580","segaarboretumforest",2021,215,0.3457,9.34130136986301,704.76,690.6575,9.06274315068493
"581","segaarboretumforest",2021,216,0.34608,9.34130136986301,704.76,690.6575,9.06274315068493
"582","segaarboretumforest",2021,217,0.34622,9.34130136986301,704.76,690.6575,9.06274315068493
"583","segaarboretumforest",2021,218,0.34619,9.34130136986301,704.76,690.6575,9.06274315068493
"584","segaarboretumforest",2021,219,0.34618,9.34130136986301,704.76,690.6575,9.06274315068493
"585","segaarboretumforest",2021,220,0.34634,9.34130136986301,704.76,690.6575,9.06274315068493
"586","segaarboretumforest",2021,221,0.34669,9.34130136986301,704.76,690.6575,9.06274315068493
"587","segaarboretumforest",2021,222,0.34712,9.34130136986301,704.76,690.6575,9.06274315068493
"588","segaarboretumforest",2021,223,0.34757,9.34130136986301,704.76,690.6575,9.06274315068493
"589","segaarboretumforest",2021,224,0.34815,9.34130136986301,704.76,690.6575,9.06274315068493
"590","segaarboretumforest",2021,225,0.34876,9.34130136986301,704.76,690.6575,9.06274315068493
"591","segaarboretumforest",2021,226,0.34941,9.34130136986301,704.76,690.6575,9.06274315068493
"592","segaarboretumforest",2021,227,0.35022,9.34130136986301,704.76,690.6575,9.06274315068493
"593","segaarboretumforest",2021,228,0.351,9.34130136986301,704.76,690.6575,9.06274315068493
"594","segaarboretumforest",2021,229,0.35157,9.34130136986301,704.76,690.6575,9.06274315068493
"595","segaarboretumforest",2021,230,0.35208,9.34130136986301,704.76,690.6575,9.06274315068493
"596","segaarboretumforest",2021,231,0.35259,9.34130136986301,704.76,690.6575,9.06274315068493
"597","segaarboretumforest",2021,232,0.35287,9.34130136986301,704.76,690.6575,9.06274315068493
"598","segaarboretumforest",2021,233,0.35287,9.34130136986301,704.76,690.6575,9.06274315068493
"599","segaarboretumforest",2021,234,0.35272,9.34130136986301,704.76,690.6575,9.06274315068493
"600","segaarboretumforest",2021,235,0.35221,9.34130136986301,704.76,690.6575,9.06274315068493
"601","segaarboretumforest",2021,236,0.35138,9.34130136986301,704.76,690.6575,9.06274315068493
"602","segaarboretumforest",2021,237,0.35074,9.34130136986301,704.76,690.6575,9.06274315068493
"603","segaarboretumforest",2021,238,0.34994,9.34130136986301,704.76,690.6575,9.06274315068493
"604","segaarboretumforest",2021,239,0.34918,9.34130136986301,704.76,690.6575,9.06274315068493
"605","segaarboretumforest",2021,240,0.3488,9.34130136986301,704.76,690.6575,9.06274315068493
"606","segaarboretumforest",2021,241,0.34841,9.34130136986301,704.76,690.6575,9.06274315068493
"607","segaarboretumforest",2021,242,0.3482,9.34130136986301,704.76,690.6575,9.06274315068493
"608","segaarboretumforest",2021,243,0.34848,9.34130136986301,704.76,690.6575,9.06274315068493
"609","segaarboretumforest",2021,244,0.34884,9.34130136986301,704.76,690.6575,9.06274315068493
"610","segaarboretumforest",2021,245,0.34916,9.34130136986301,704.76,690.6575,9.06274315068493
"611","segaarboretumforest",2021,246,0.34975,9.34130136986301,704.76,690.6575,9.06274315068493
"612","segaarboretumforest",2021,247,0.35031,9.34130136986301,704.76,690.6575,9.06274315068493
"613","segaarboretumforest",2021,248,0.35054,9.34130136986301,704.76,690.6575,9.06274315068493
"614","segaarboretumforest",2021,249,0.35046,9.34130136986301,704.76,690.6575,9.06274315068493
"615","segaarboretumforest",2021,250,0.35027,9.34130136986301,704.76,690.6575,9.06274315068493
"616","segaarboretumforest",2021,251,0.34993,9.34130136986301,704.76,690.6575,9.06274315068493
"617","segaarboretumforest",2021,252,0.3491,9.34130136986301,704.76,690.6575,9.06274315068493
"618","segaarboretumforest",2021,253,0.34816,9.34130136986301,704.76,690.6575,9.06274315068493
"619","segaarboretumforest",2021,254,0.34741,9.34130136986301,704.76,690.6575,9.06274315068493
"620","segaarboretumforest",2021,255,0.34654,9.34130136986301,704.76,690.6575,9.06274315068493
"621","segaarboretumforest",2021,256,0.34574,9.34130136986301,704.76,690.6575,9.06274315068493
"622","segaarboretumforest",2021,257,0.34513,9.34130136986301,704.76,690.6575,9.06274315068493
"623","segaarboretumforest",2021,258,0.3445,9.34130136986301,704.76,690.6575,9.06274315068493
"624","segaarboretumforest",2021,259,0.34381,9.34130136986301,704.76,690.6575,9.06274315068493
"625","segaarboretumforest",2021,260,0.34314,9.34130136986301,704.76,690.6575,9.06274315068493
"626","segaarboretumforest",2021,261,0.3424,9.34130136986301,704.76,690.6575,9.06274315068493
"627","segaarboretumforest",2021,262,0.34148,9.34130136986301,704.76,690.6575,9.06274315068493
"628","segaarboretumforest",2021,263,0.34055,9.34130136986301,704.76,690.6575,9.06274315068493
"629","segaarboretumforest",2021,264,0.33961,9.34130136986301,704.76,690.6575,9.06274315068493
"630","segaarboretumforest",2021,265,0.33855,9.34130136986301,704.76,690.6575,9.06274315068493
"631","segaarboretumforest",2021,266,0.33754,9.34130136986301,704.76,690.6575,9.06274315068493
"632","segaarboretumforest",2021,267,0.33676,9.34130136986301,704.76,690.6575,9.06274315068493
"633","segaarboretumforest",2021,268,0.33618,9.34130136986301,704.76,690.6575,9.06274315068493
"634","segaarboretumforest",2021,269,0.33568,9.34130136986301,704.76,690.6575,9.06274315068493
"635","segaarboretumforest",2021,270,0.33527,9.34130136986301,704.76,690.6575,9.06274315068493
"636","segaarboretumforest",2021,271,0.33526,9.34130136986301,704.76,690.6575,9.06274315068493
"637","segaarboretumforest",2021,272,0.3353,9.34130136986301,704.76,690.6575,9.06274315068493
"638","segaarboretumforest",2021,273,0.33521,9.34130136986301,704.76,690.6575,9.06274315068493
"639","segaarboretumforest",2021,274,0.33525,9.34130136986301,704.76,690.6575,9.06274315068493
"640","segaarboretumforest",2021,275,0.33515,9.34130136986301,704.76,690.6575,9.06274315068493
"641","segaarboretumforest",2021,276,0.33483,9.34130136986301,704.76,690.6575,9.06274315068493
"642","segaarboretumforest",2021,277,0.33448,9.34130136986301,704.76,690.6575,9.06274315068493
"643","segaarboretumforest",2021,278,0.33407,9.34130136986301,704.76,690.6575,9.06274315068493
"644","segaarboretumforest",2021,279,0.33358,9.34130136986301,704.76,690.6575,9.06274315068493
"645","segaarboretumforest",2021,280,0.33312,9.34130136986301,704.76,690.6575,9.06274315068493
"646","segaarboretumforest",2021,281,0.33269,9.34130136986301,704.76,690.6575,9.06274315068493
"647","segaarboretumforest",2021,282,0.33224,9.34130136986301,704.76,690.6575,9.06274315068493
"648","segaarboretumforest",2021,283,0.33185,9.34130136986301,704.76,690.6575,9.06274315068493
"649","segaarboretumforest",2021,284,0.3315,9.34130136986301,704.76,690.6575,9.06274315068493
"650","segaarboretumforest",2021,285,0.33115,9.34130136986301,704.76,690.6575,9.06274315068493
"651","segaarboretumforest",2021,286,0.33076,9.34130136986301,704.76,690.6575,9.06274315068493
"652","segaarboretumforest",2021,287,0.33033,9.34130136986301,704.76,690.6575,9.06274315068493
"653","segaarboretumforest",2021,288,0.3299,9.34130136986301,704.76,690.6575,9.06274315068493
"654","segaarboretumforest",2021,289,0.32944,9.34130136986301,704.76,690.6575,9.06274315068493
"655","segaarboretumforest",2021,290,0.32882,9.34130136986301,704.76,690.6575,9.06274315068493
"656","segaarboretumforest",2021,291,0.32819,9.34130136986301,704.76,690.6575,9.06274315068493
"657","segaarboretumforest",2021,292,0.32768,9.34130136986301,704.76,690.6575,9.06274315068493
"658","segaarboretumforest",2021,293,0.32715,9.34130136986301,704.76,690.6575,9.06274315068493
"659","segaarboretumforest",2021,294,0.32665,9.34130136986301,704.76,690.6575,9.06274315068493
"660","segaarboretumforest",2021,295,0.32625,9.34130136986301,704.76,690.6575,9.06274315068493
"661","segaarboretumforest",2021,296,0.32594,9.34130136986301,704.76,690.6575,9.06274315068493
"662","segaarboretumforest",2021,297,0.32569,9.34130136986301,704.76,690.6575,9.06274315068493
"663","segaarboretumforest",2021,298,0.32547,9.34130136986301,704.76,690.6575,9.06274315068493
"664","segaarboretumforest",2021,299,0.32529,9.34130136986301,704.76,690.6575,9.06274315068493
"665","segaarboretumforest",2021,300,0.32514,9.34130136986301,704.76,690.6575,9.06274315068493
"666","segaarboretumforest",2021,301,0.32505,9.34130136986301,704.76,690.6575,9.06274315068493
"667","segaarboretumforest",2021,302,0.32501,9.34130136986301,704.76,690.6575,9.06274315068493
"668","segaarboretumforest",2021,303,0.325,9.34130136986301,704.76,690.6575,9.06274315068493
"669","segaarboretumforest",2021,304,0.325,9.34130136986301,704.76,690.6575,9.06274315068493
"670","segaarboretumforest",2021,305,0.32504,9.34130136986301,704.76,690.6575,9.06274315068493
"671","segaarboretumforest",2021,306,0.32512,9.34130136986301,704.76,690.6575,9.06274315068493
"672","segaarboretumforest",2021,307,0.32519,9.34130136986301,704.76,690.6575,9.06274315068493
"673","segaarboretumforest",2021,308,0.32528,9.34130136986301,704.76,690.6575,9.06274315068493
"674","segaarboretumforest",2021,309,0.32538,9.34130136986301,704.76,690.6575,9.06274315068493
"675","segaarboretumforest",2021,310,0.32548,9.34130136986301,704.76,690.6575,9.06274315068493
"676","segaarboretumforest",2021,311,0.32563,9.34130136986301,704.76,690.6575,9.06274315068493
"677","segaarboretumforest",2021,312,0.3257,9.34130136986301,704.76,690.6575,9.06274315068493
"678","segaarboretumforest",2021,313,0.3257,9.34130136986301,704.76,690.6575,9.06274315068493
"679","segaarboretumforest",2021,314,0.32568,9.34130136986301,704.76,690.6575,9.06274315068493
"680","segaarboretumforest",2021,315,0.32564,9.34130136986301,704.76,690.6575,9.06274315068493
"681","segaarboretumforest",2021,316,0.32557,9.34130136986301,704.76,690.6575,9.06274315068493
"682","segaarboretumforest",2021,317,0.3255,9.34130136986301,704.76,690.6575,9.06274315068493
"683","segaarboretumforest",2021,318,0.32553,9.34130136986301,704.76,690.6575,9.06274315068493
"684","segaarboretumforest",2021,319,0.32551,9.34130136986301,704.76,690.6575,9.06274315068493
"685","segaarboretumforest",2021,320,0.32529,9.34130136986301,704.76,690.6575,9.06274315068493
"686","segaarboretumforest",2021,321,0.32496,9.34130136986301,704.76,690.6575,9.06274315068493
"687","segaarboretumforest",2021,322,0.32463,9.34130136986301,704.76,690.6575,9.06274315068493
"688","segaarboretumforest",2021,323,0.32443,9.34130136986301,704.76,690.6575,9.06274315068493
"689","segaarboretumforest",2021,324,0.3243,9.34130136986301,704.76,690.6575,9.06274315068493
"690","segaarboretumforest",2021,325,0.32417,9.34130136986301,704.76,690.6575,9.06274315068493
"691","segaarboretumforest",2021,326,0.32416,9.34130136986301,704.76,690.6575,9.06274315068493
"692","segaarboretumforest",2021,327,0.32432,9.34130136986301,704.76,690.6575,9.06274315068493
"693","segaarboretumforest",2021,328,0.32452,9.34130136986301,704.76,690.6575,9.06274315068493
"694","segaarboretumforest",2021,329,0.32483,9.34130136986301,704.76,690.6575,9.06274315068493
"695","segaarboretumforest",2021,330,0.32528,9.34130136986301,704.76,690.6575,9.06274315068493
"696","segaarboretumforest",2021,331,0.3256,9.34130136986301,704.76,690.6575,9.06274315068493
"697","segaarboretumforest",2021,332,0.32619,9.34130136986301,704.76,690.6575,9.06274315068493
"698","segaarboretumforest",2021,333,0.32671,9.34130136986301,704.76,690.6575,9.06274315068493
"699","segaarboretumforest",2021,334,0.32658,9.34130136986301,704.76,690.6575,9.06274315068493
"700","segaarboretumforest",2021,335,0.32625,9.34130136986301,704.76,690.6575,9.06274315068493
"701","segaarboretumforest",2021,336,0.32598,9.34130136986301,704.76,690.6575,9.06274315068493
"702","segaarboretumforest",2021,337,0.32522,9.34130136986301,704.76,690.6575,9.06274315068493
"703","segaarboretumforest",2021,338,0.32448,9.34130136986301,704.76,690.6575,9.06274315068493
"704","segaarboretumforest",2021,339,0.32436,9.34130136986301,704.76,690.6575,9.06274315068493
"705","segaarboretumforest",2021,340,0.32427,9.34130136986301,704.76,690.6575,9.06274315068493
"706","segaarboretumforest",2021,341,0.32429,9.34130136986301,704.76,690.6575,9.06274315068493
"707","segaarboretumforest",2021,342,0.32449,9.34130136986301,704.76,690.6575,9.06274315068493
"708","segaarboretumforest",2021,343,0.32517,9.34130136986301,704.76,690.6575,9.06274315068493
"709","segaarboretumforest",2021,344,0.32617,9.34130136986301,704.76,690.6575,9.06274315068493
"710","segaarboretumforest",2021,345,0.32698,9.34130136986301,704.76,690.6575,9.06274315068493
"711","segaarboretumforest",2021,346,0.32816,9.34130136986301,704.76,690.6575,9.06274315068493
"712","segaarboretumforest",2021,347,0.32927,9.34130136986301,704.76,690.6575,9.06274315068493
"713","segaarboretumforest",2021,348,0.32959,9.34130136986301,704.76,690.6575,9.06274315068493
"714","segaarboretumforest",2021,349,0.32979,9.34130136986301,704.76,690.6575,9.06274315068493
"715","segaarboretumforest",2021,350,0.3298,9.34130136986301,704.76,690.6575,9.06274315068493
"716","segaarboretumforest",2021,351,0.32885,9.34130136986301,704.76,690.6575,9.06274315068493
"717","segaarboretumforest",2021,352,0.32786,9.34130136986301,704.76,690.6575,9.06274315068493
"718","segaarboretumforest",2021,353,0.32748,9.34130136986301,704.76,690.6575,9.06274315068493
"719","segaarboretumforest",2021,354,0.32696,9.34130136986301,704.76,690.6575,9.06274315068493
"720","segaarboretumforest",2021,355,0.32678,9.34130136986301,704.76,690.6575,9.06274315068493
"721","segaarboretumforest",2021,356,0.32708,9.34130136986301,704.76,690.6575,9.06274315068493
"722","segaarboretumforest",2021,357,0.3275,9.34130136986301,704.76,690.6575,9.06274315068493
"723","segaarboretumforest",2021,358,0.32825,9.34130136986301,704.76,690.6575,9.06274315068493
"724","segaarboretumforest",2021,359,0.32945,9.34130136986301,704.76,690.6575,9.06274315068493
"725","segaarboretumforest",2021,360,0.33071,9.34130136986301,704.76,690.6575,9.06274315068493
"726","segaarboretumforest",2021,361,0.33162,9.34130136986301,704.76,690.6575,9.06274315068493
"727","segaarboretumforest",2021,362,0.33234,9.34130136986301,704.76,690.6575,9.06274315068493
"728","segaarboretumforest",2021,363,0.33311,9.34130136986301,704.76,690.6575,9.06274315068493
"729","segaarboretumforest",2021,364,0.33365,9.34130136986301,704.76,690.6575,9.06274315068493
"730","segaarboretumforest",2021,365,0.3336,9.34130136986301,704.76,690.6575,9.06274315068493
"731","segaarboretumforest",2022,1,0.33343,8.95031506849315,745.85,690.6575,9.06274315068493
"732","segaarboretumforest",2022,2,0.33339,8.95031506849315,745.85,690.6575,9.06274315068493
"733","segaarboretumforest",2022,3,0.3332,8.95031506849315,745.85,690.6575,9.06274315068493
"734","segaarboretumforest",2022,4,0.33299,8.95031506849315,745.85,690.6575,9.06274315068493
"735","segaarboretumforest",2022,5,0.33287,8.95031506849315,745.85,690.6575,9.06274315068493
"736","segaarboretumforest",2022,6,0.33285,8.95031506849315,745.85,690.6575,9.06274315068493
"737","segaarboretumforest",2022,7,0.33285,8.95031506849315,745.85,690.6575,9.06274315068493
"738","segaarboretumforest",2022,8,0.33283,8.95031506849315,745.85,690.6575,9.06274315068493
"739","segaarboretumforest",2022,9,0.33281,8.95031506849315,745.85,690.6575,9.06274315068493
"740","segaarboretumforest",2022,10,0.33279,8.95031506849315,745.85,690.6575,9.06274315068493
"741","segaarboretumforest",2022,11,0.33276,8.95031506849315,745.85,690.6575,9.06274315068493
"742","segaarboretumforest",2022,12,0.33273,8.95031506849315,745.85,690.6575,9.06274315068493
"743","segaarboretumforest",2022,13,0.33269,8.95031506849315,745.85,690.6575,9.06274315068493
"744","segaarboretumforest",2022,14,0.33264,8.95031506849315,745.85,690.6575,9.06274315068493
"745","segaarboretumforest",2022,15,0.33262,8.95031506849315,745.85,690.6575,9.06274315068493
"746","segaarboretumforest",2022,16,0.33261,8.95031506849315,745.85,690.6575,9.06274315068493
"747","segaarboretumforest",2022,17,0.33255,8.95031506849315,745.85,690.6575,9.06274315068493
"748","segaarboretumforest",2022,18,0.33247,8.95031506849315,745.85,690.6575,9.06274315068493
"749","segaarboretumforest",2022,19,0.33236,8.95031506849315,745.85,690.6575,9.06274315068493
"750","segaarboretumforest",2022,20,0.33216,8.95031506849315,745.85,690.6575,9.06274315068493
"751","segaarboretumforest",2022,21,0.33194,8.95031506849315,745.85,690.6575,9.06274315068493
"752","segaarboretumforest",2022,22,0.33164,8.95031506849315,745.85,690.6575,9.06274315068493
"753","segaarboretumforest",2022,23,0.33122,8.95031506849315,745.85,690.6575,9.06274315068493
"754","segaarboretumforest",2022,24,0.33076,8.95031506849315,745.85,690.6575,9.06274315068493
"755","segaarboretumforest",2022,25,0.33018,8.95031506849315,745.85,690.6575,9.06274315068493
"756","segaarboretumforest",2022,26,0.32947,8.95031506849315,745.85,690.6575,9.06274315068493
"757","segaarboretumforest",2022,27,0.32887,8.95031506849315,745.85,690.6575,9.06274315068493
"758","segaarboretumforest",2022,28,0.32827,8.95031506849315,745.85,690.6575,9.06274315068493
"759","segaarboretumforest",2022,29,0.32771,8.95031506849315,745.85,690.6575,9.06274315068493
"760","segaarboretumforest",2022,30,0.32731,8.95031506849315,745.85,690.6575,9.06274315068493
"761","segaarboretumforest",2022,31,0.32694,8.95031506849315,745.85,690.6575,9.06274315068493
"762","segaarboretumforest",2022,32,0.32663,8.95031506849315,745.85,690.6575,9.06274315068493
"763","segaarboretumforest",2022,33,0.32636,8.95031506849315,745.85,690.6575,9.06274315068493
"764","segaarboretumforest",2022,34,0.3262,8.95031506849315,745.85,690.6575,9.06274315068493
"765","segaarboretumforest",2022,35,0.32613,8.95031506849315,745.85,690.6575,9.06274315068493
"766","segaarboretumforest",2022,36,0.32605,8.95031506849315,745.85,690.6575,9.06274315068493
"767","segaarboretumforest",2022,37,0.32594,8.95031506849315,745.85,690.6575,9.06274315068493
"768","segaarboretumforest",2022,38,0.32587,8.95031506849315,745.85,690.6575,9.06274315068493
"769","segaarboretumforest",2022,39,0.32583,8.95031506849315,745.85,690.6575,9.06274315068493
"770","segaarboretumforest",2022,40,0.32581,8.95031506849315,745.85,690.6575,9.06274315068493
"771","segaarboretumforest",2022,41,0.32586,8.95031506849315,745.85,690.6575,9.06274315068493
"772","segaarboretumforest",2022,42,0.32601,8.95031506849315,745.85,690.6575,9.06274315068493
"773","segaarboretumforest",2022,43,0.32619,8.95031506849315,745.85,690.6575,9.06274315068493
"774","segaarboretumforest",2022,44,0.32633,8.95031506849315,745.85,690.6575,9.06274315068493
"775","segaarboretumforest",2022,45,0.32648,8.95031506849315,745.85,690.6575,9.06274315068493
"776","segaarboretumforest",2022,46,0.3267,8.95031506849315,745.85,690.6575,9.06274315068493
"777","segaarboretumforest",2022,47,0.32699,8.95031506849315,745.85,690.6575,9.06274315068493
"778","segaarboretumforest",2022,48,0.32733,8.95031506849315,745.85,690.6575,9.06274315068493
"779","segaarboretumforest",2022,49,0.32786,8.95031506849315,745.85,690.6575,9.06274315068493
"780","segaarboretumforest",2022,50,0.32853,8.95031506849315,745.85,690.6575,9.06274315068493
"781","segaarboretumforest",2022,51,0.32922,8.95031506849315,745.85,690.6575,9.06274315068493
"782","segaarboretumforest",2022,52,0.32978,8.95031506849315,745.85,690.6575,9.06274315068493
"783","segaarboretumforest",2022,53,0.33032,8.95031506849315,745.85,690.6575,9.06274315068493
"784","segaarboretumforest",2022,54,0.33089,8.95031506849315,745.85,690.6575,9.06274315068493
"785","segaarboretumforest",2022,55,0.33132,8.95031506849315,745.85,690.6575,9.06274315068493
"786","segaarboretumforest",2022,56,0.33156,8.95031506849315,745.85,690.6575,9.06274315068493
"787","segaarboretumforest",2022,57,0.33177,8.95031506849315,745.85,690.6575,9.06274315068493
"788","segaarboretumforest",2022,58,0.33184,8.95031506849315,745.85,690.6575,9.06274315068493
"789","segaarboretumforest",2022,59,0.33178,8.95031506849315,745.85,690.6575,9.06274315068493
"790","segaarboretumforest",2022,60,0.33176,8.95031506849315,745.85,690.6575,9.06274315068493
"791","segaarboretumforest",2022,61,0.33177,8.95031506849315,745.85,690.6575,9.06274315068493
"792","segaarboretumforest",2022,62,0.33171,8.95031506849315,745.85,690.6575,9.06274315068493
"793","segaarboretumforest",2022,63,0.33176,8.95031506849315,745.85,690.6575,9.06274315068493
"794","segaarboretumforest",2022,64,0.33187,8.95031506849315,745.85,690.6575,9.06274315068493
"795","segaarboretumforest",2022,65,0.33178,8.95031506849315,745.85,690.6575,9.06274315068493
"796","segaarboretumforest",2022,66,0.33154,8.95031506849315,745.85,690.6575,9.06274315068493
"797","segaarboretumforest",2022,67,0.33123,8.95031506849315,745.85,690.6575,9.06274315068493
"798","segaarboretumforest",2022,68,0.33059,8.95031506849315,745.85,690.6575,9.06274315068493
"799","segaarboretumforest",2022,69,0.32965,8.95031506849315,745.85,690.6575,9.06274315068493
"800","segaarboretumforest",2022,70,0.32869,8.95031506849315,745.85,690.6575,9.06274315068493
"801","segaarboretumforest",2022,71,0.32796,8.95031506849315,745.85,690.6575,9.06274315068493
"802","segaarboretumforest",2022,72,0.32725,8.95031506849315,745.85,690.6575,9.06274315068493
"803","segaarboretumforest",2022,73,0.32643,8.95031506849315,745.85,690.6575,9.06274315068493
"804","segaarboretumforest",2022,74,0.32588,8.95031506849315,745.85,690.6575,9.06274315068493
"805","segaarboretumforest",2022,75,0.32582,8.95031506849315,745.85,690.6575,9.06274315068493
"806","segaarboretumforest",2022,76,0.32586,8.95031506849315,745.85,690.6575,9.06274315068493
"807","segaarboretumforest",2022,77,0.32596,8.95031506849315,745.85,690.6575,9.06274315068493
"808","segaarboretumforest",2022,78,0.32632,8.95031506849315,745.85,690.6575,9.06274315068493
"809","segaarboretumforest",2022,79,0.32674,8.95031506849315,745.85,690.6575,9.06274315068493
"810","segaarboretumforest",2022,80,0.32701,8.95031506849315,745.85,690.6575,9.06274315068493
"811","segaarboretumforest",2022,81,0.32714,8.95031506849315,745.85,690.6575,9.06274315068493
"812","segaarboretumforest",2022,82,0.32726,8.95031506849315,745.85,690.6575,9.06274315068493
"813","segaarboretumforest",2022,83,0.32734,8.95031506849315,745.85,690.6575,9.06274315068493
"814","segaarboretumforest",2022,84,0.32732,8.95031506849315,745.85,690.6575,9.06274315068493
"815","segaarboretumforest",2022,85,0.32726,8.95031506849315,745.85,690.6575,9.06274315068493
"816","segaarboretumforest",2022,86,0.3272,8.95031506849315,745.85,690.6575,9.06274315068493
"817","segaarboretumforest",2022,87,0.32709,8.95031506849315,745.85,690.6575,9.06274315068493
"818","segaarboretumforest",2022,88,0.32699,8.95031506849315,745.85,690.6575,9.06274315068493
"819","segaarboretumforest",2022,89,0.32693,8.95031506849315,745.85,690.6575,9.06274315068493
"820","segaarboretumforest",2022,90,0.32695,8.95031506849315,745.85,690.6575,9.06274315068493
"821","segaarboretumforest",2022,91,0.32699,8.95031506849315,745.85,690.6575,9.06274315068493
"822","segaarboretumforest",2022,92,0.32701,8.95031506849315,745.85,690.6575,9.06274315068493
"823","segaarboretumforest",2022,93,0.32695,8.95031506849315,745.85,690.6575,9.06274315068493
"824","segaarboretumforest",2022,94,0.32688,8.95031506849315,745.85,690.6575,9.06274315068493
"825","segaarboretumforest",2022,95,0.32687,8.95031506849315,745.85,690.6575,9.06274315068493
"826","segaarboretumforest",2022,96,0.32686,8.95031506849315,745.85,690.6575,9.06274315068493
"827","segaarboretumforest",2022,97,0.32688,8.95031506849315,745.85,690.6575,9.06274315068493
"828","segaarboretumforest",2022,98,0.32702,8.95031506849315,745.85,690.6575,9.06274315068493
"829","segaarboretumforest",2022,99,0.32717,8.95031506849315,745.85,690.6575,9.06274315068493
"830","segaarboretumforest",2022,100,0.32723,8.95031506849315,745.85,690.6575,9.06274315068493
"831","segaarboretumforest",2022,101,0.32727,8.95031506849315,745.85,690.6575,9.06274315068493
"832","segaarboretumforest",2022,102,0.32729,8.95031506849315,745.85,690.6575,9.06274315068493
"833","segaarboretumforest",2022,103,0.32724,8.95031506849315,745.85,690.6575,9.06274315068493
"834","segaarboretumforest",2022,104,0.32718,8.95031506849315,745.85,690.6575,9.06274315068493
"835","segaarboretumforest",2022,105,0.32715,8.95031506849315,745.85,690.6575,9.06274315068493
"836","segaarboretumforest",2022,106,0.32712,8.95031506849315,745.85,690.6575,9.06274315068493
"837","segaarboretumforest",2022,107,0.32708,8.95031506849315,745.85,690.6575,9.06274315068493
"838","segaarboretumforest",2022,108,0.32704,8.95031506849315,745.85,690.6575,9.06274315068493
"839","segaarboretumforest",2022,109,0.32693,8.95031506849315,745.85,690.6575,9.06274315068493
"840","segaarboretumforest",2022,110,0.32678,8.95031506849315,745.85,690.6575,9.06274315068493
"841","segaarboretumforest",2022,111,0.32668,8.95031506849315,745.85,690.6575,9.06274315068493
"842","segaarboretumforest",2022,112,0.32663,8.95031506849315,745.85,690.6575,9.06274315068493
"843","segaarboretumforest",2022,113,0.3266,8.95031506849315,745.85,690.6575,9.06274315068493
"844","segaarboretumforest",2022,114,0.32666,8.95031506849315,745.85,690.6575,9.06274315068493
"845","segaarboretumforest",2022,115,0.32675,8.95031506849315,745.85,690.6575,9.06274315068493
"846","segaarboretumforest",2022,116,0.32685,8.95031506849315,745.85,690.6575,9.06274315068493
"847","segaarboretumforest",2022,117,0.32695,8.95031506849315,745.85,690.6575,9.06274315068493
"848","segaarboretumforest",2022,118,0.32706,8.95031506849315,745.85,690.6575,9.06274315068493
"849","segaarboretumforest",2022,119,0.32719,8.95031506849315,745.85,690.6575,9.06274315068493
"850","segaarboretumforest",2022,120,0.32735,8.95031506849315,745.85,690.6575,9.06274315068493
"851","segaarboretumforest",2022,121,0.32749,8.95031506849315,745.85,690.6575,9.06274315068493
"852","segaarboretumforest",2022,122,0.32764,8.95031506849315,745.85,690.6575,9.06274315068493
"853","segaarboretumforest",2022,123,0.32779,8.95031506849315,745.85,690.6575,9.06274315068493
"854","segaarboretumforest",2022,124,0.32785,8.95031506849315,745.85,690.6575,9.06274315068493
"855","segaarboretumforest",2022,125,0.32788,8.95031506849315,745.85,690.6575,9.06274315068493
"856","segaarboretumforest",2022,126,0.32789,8.95031506849315,745.85,690.6575,9.06274315068493
"857","segaarboretumforest",2022,127,0.32791,8.95031506849315,745.85,690.6575,9.06274315068493
"858","segaarboretumforest",2022,128,0.3279,8.95031506849315,745.85,690.6575,9.06274315068493
"859","segaarboretumforest",2022,129,0.32786,8.95031506849315,745.85,690.6575,9.06274315068493
"860","segaarboretumforest",2022,130,0.32787,8.95031506849315,745.85,690.6575,9.06274315068493
"861","segaarboretumforest",2022,131,0.32791,8.95031506849315,745.85,690.6575,9.06274315068493
"862","segaarboretumforest",2022,132,0.32796,8.95031506849315,745.85,690.6575,9.06274315068493
"863","segaarboretumforest",2022,133,0.32807,8.95031506849315,745.85,690.6575,9.06274315068493
"864","segaarboretumforest",2022,134,0.32821,8.95031506849315,745.85,690.6575,9.06274315068493
"865","segaarboretumforest",2022,135,0.32833,8.95031506849315,745.85,690.6575,9.06274315068493
"866","segaarboretumforest",2022,136,0.32845,8.95031506849315,745.85,690.6575,9.06274315068493
"867","segaarboretumforest",2022,137,0.32858,8.95031506849315,745.85,690.6575,9.06274315068493
"868","segaarboretumforest",2022,138,0.32872,8.95031506849315,745.85,690.6575,9.06274315068493
"869","segaarboretumforest",2022,139,0.32889,8.95031506849315,745.85,690.6575,9.06274315068493
"870","segaarboretumforest",2022,140,0.32901,8.95031506849315,745.85,690.6575,9.06274315068493
"871","segaarboretumforest",2022,141,0.3291,8.95031506849315,745.85,690.6575,9.06274315068493
"872","segaarboretumforest",2022,142,0.32917,8.95031506849315,745.85,690.6575,9.06274315068493
"873","segaarboretumforest",2022,143,0.32919,8.95031506849315,745.85,690.6575,9.06274315068493
"874","segaarboretumforest",2022,144,0.32916,8.95031506849315,745.85,690.6575,9.06274315068493
"875","segaarboretumforest",2022,145,0.32912,8.95031506849315,745.85,690.6575,9.06274315068493
"876","segaarboretumforest",2022,146,0.3291,8.95031506849315,745.85,690.6575,9.06274315068493
"877","segaarboretumforest",2022,147,0.32906,8.95031506849315,745.85,690.6575,9.06274315068493
"878","segaarboretumforest",2022,148,0.32899,8.95031506849315,745.85,690.6575,9.06274315068493
"879","segaarboretumforest",2022,149,0.32896,8.95031506849315,745.85,690.6575,9.06274315068493
"880","segaarboretumforest",2022,150,0.3289,8.95031506849315,745.85,690.6575,9.06274315068493
"881","segaarboretumforest",2022,151,0.32886,8.95031506849315,745.85,690.6575,9.06274315068493
"882","segaarboretumforest",2022,152,0.32895,8.95031506849315,745.85,690.6575,9.06274315068493
"883","segaarboretumforest",2022,153,0.32908,8.95031506849315,745.85,690.6575,9.06274315068493
"884","segaarboretumforest",2022,154,0.32925,8.95031506849315,745.85,690.6575,9.06274315068493
"885","segaarboretumforest",2022,155,0.32944,8.95031506849315,745.85,690.6575,9.06274315068493
"886","segaarboretumforest",2022,156,0.32971,8.95031506849315,745.85,690.6575,9.06274315068493
"887","segaarboretumforest",2022,157,0.33006,8.95031506849315,745.85,690.6575,9.06274315068493
"888","segaarboretumforest",2022,158,0.33035,8.95031506849315,745.85,690.6575,9.06274315068493
"889","segaarboretumforest",2022,159,0.33068,8.95031506849315,745.85,690.6575,9.06274315068493
"890","segaarboretumforest",2022,160,0.33099,8.95031506849315,745.85,690.6575,9.06274315068493
"891","segaarboretumforest",2022,161,0.33126,8.95031506849315,745.85,690.6575,9.06274315068493
"892","segaarboretumforest",2022,162,0.33157,8.95031506849315,745.85,690.6575,9.06274315068493
"893","segaarboretumforest",2022,163,0.33182,8.95031506849315,745.85,690.6575,9.06274315068493
"894","segaarboretumforest",2022,164,0.3319,8.95031506849315,745.85,690.6575,9.06274315068493
"895","segaarboretumforest",2022,165,0.33176,8.95031506849315,745.85,690.6575,9.06274315068493
"896","segaarboretumforest",2022,166,0.3315,8.95031506849315,745.85,690.6575,9.06274315068493
"897","segaarboretumforest",2022,167,0.33123,8.95031506849315,745.85,690.6575,9.06274315068493
"898","segaarboretumforest",2022,168,0.33079,8.95031506849315,745.85,690.6575,9.06274315068493
"899","segaarboretumforest",2022,169,0.33032,8.95031506849315,745.85,690.6575,9.06274315068493
"900","segaarboretumforest",2022,170,0.32987,8.95031506849315,745.85,690.6575,9.06274315068493
"901","segaarboretumforest",2022,171,0.3293,8.95031506849315,745.85,690.6575,9.06274315068493
"902","segaarboretumforest",2022,172,0.32889,8.95031506849315,745.85,690.6575,9.06274315068493
"903","segaarboretumforest",2022,173,0.32856,8.95031506849315,745.85,690.6575,9.06274315068493
"904","segaarboretumforest",2022,174,0.32828,8.95031506849315,745.85,690.6575,9.06274315068493
"905","segaarboretumforest",2022,175,0.32824,8.95031506849315,745.85,690.6575,9.06274315068493
"906","segaarboretumforest",2022,176,0.32832,8.95031506849315,745.85,690.6575,9.06274315068493
"907","segaarboretumforest",2022,177,0.32845,8.95031506849315,745.85,690.6575,9.06274315068493
"908","segaarboretumforest",2022,178,0.32879,8.95031506849315,745.85,690.6575,9.06274315068493
"909","segaarboretumforest",2022,179,0.32919,8.95031506849315,745.85,690.6575,9.06274315068493
"910","segaarboretumforest",2022,180,0.32956,8.95031506849315,745.85,690.6575,9.06274315068493
"911","segaarboretumforest",2022,181,0.33005,8.95031506849315,745.85,690.6575,9.06274315068493
"912","segaarboretumforest",2022,182,0.33053,8.95031506849315,745.85,690.6575,9.06274315068493
"913","segaarboretumforest",2022,183,0.33087,8.95031506849315,745.85,690.6575,9.06274315068493
"914","segaarboretumforest",2022,184,0.33108,8.95031506849315,745.85,690.6575,9.06274315068493
"915","segaarboretumforest",2022,185,0.33126,8.95031506849315,745.85,690.6575,9.06274315068493
"916","segaarboretumforest",2022,186,0.33138,8.95031506849315,745.85,690.6575,9.06274315068493
"917","segaarboretumforest",2022,187,0.33141,8.95031506849315,745.85,690.6575,9.06274315068493
"918","segaarboretumforest",2022,188,0.3314,8.95031506849315,745.85,690.6575,9.06274315068493
"919","segaarboretumforest",2022,189,0.33134,8.95031506849315,745.85,690.6575,9.06274315068493
"920","segaarboretumforest",2022,190,0.33119,8.95031506849315,745.85,690.6575,9.06274315068493
"921","segaarboretumforest",2022,191,0.33108,8.95031506849315,745.85,690.6575,9.06274315068493
"922","segaarboretumforest",2022,192,0.33092,8.95031506849315,745.85,690.6575,9.06274315068493
"923","segaarboretumforest",2022,193,0.33078,8.95031506849315,745.85,690.6575,9.06274315068493
"924","segaarboretumforest",2022,194,0.33069,8.95031506849315,745.85,690.6575,9.06274315068493
"925","segaarboretumforest",2022,195,0.3306,8.95031506849315,745.85,690.6575,9.06274315068493
"926","segaarboretumforest",2022,196,0.33064,8.95031506849315,745.85,690.6575,9.06274315068493
"927","segaarboretumforest",2022,197,0.33081,8.95031506849315,745.85,690.6575,9.06274315068493
"928","segaarboretumforest",2022,198,0.33105,8.95031506849315,745.85,690.6575,9.06274315068493
"929","segaarboretumforest",2022,199,0.33151,8.95031506849315,745.85,690.6575,9.06274315068493
"930","segaarboretumforest",2022,200,0.33215,8.95031506849315,745.85,690.6575,9.06274315068493
"931","segaarboretumforest",2022,201,0.33282,8.95031506849315,745.85,690.6575,9.06274315068493
"932","segaarboretumforest",2022,202,0.33337,8.95031506849315,745.85,690.6575,9.06274315068493
"933","segaarboretumforest",2022,203,0.33392,8.95031506849315,745.85,690.6575,9.06274315068493
"934","segaarboretumforest",2022,204,0.33455,8.95031506849315,745.85,690.6575,9.06274315068493
"935","segaarboretumforest",2022,205,0.33504,8.95031506849315,745.85,690.6575,9.06274315068493
"936","segaarboretumforest",2022,206,0.33552,8.95031506849315,745.85,690.6575,9.06274315068493
"937","segaarboretumforest",2022,207,0.33586,8.95031506849315,745.85,690.6575,9.06274315068493
"938","segaarboretumforest",2022,208,0.3358,8.95031506849315,745.85,690.6575,9.06274315068493
"939","segaarboretumforest",2022,209,0.33545,8.95031506849315,745.85,690.6575,9.06274315068493
"940","segaarboretumforest",2022,210,0.33469,8.95031506849315,745.85,690.6575,9.06274315068493
"941","segaarboretumforest",2022,211,0.33443,8.95031506849315,745.85,690.6575,9.06274315068493
"942","segaarboretumforest",2022,212,0.33443,8.95031506849315,745.85,690.6575,9.06274315068493
"943","segaarboretumforest",2022,213,0.33516,8.95031506849315,745.85,690.6575,9.06274315068493
"944","segaarboretumforest",2022,214,0.33727,8.95031506849315,745.85,690.6575,9.06274315068493
"945","segaarboretumforest",2022,215,0.33922,8.95031506849315,745.85,690.6575,9.06274315068493
"946","segaarboretumforest",2022,216,0.34029,8.95031506849315,745.85,690.6575,9.06274315068493
"947","segaarboretumforest",2022,217,0.34135,8.95031506849315,745.85,690.6575,9.06274315068493
"948","segaarboretumforest",2022,218,0.34333,8.95031506849315,745.85,690.6575,9.06274315068493
"949","segaarboretumforest",2022,219,0.34599,8.95031506849315,745.85,690.6575,9.06274315068493
"950","segaarboretumforest",2022,220,0.34842,8.95031506849315,745.85,690.6575,9.06274315068493
"951","segaarboretumforest",2022,221,0.34971,8.95031506849315,745.85,690.6575,9.06274315068493
"952","segaarboretumforest",2022,222,0.34968,8.95031506849315,745.85,690.6575,9.06274315068493
"953","segaarboretumforest",2022,223,0.34925,8.95031506849315,745.85,690.6575,9.06274315068493
"954","segaarboretumforest",2022,224,0.34905,8.95031506849315,745.85,690.6575,9.06274315068493
"955","segaarboretumforest",2022,225,0.34925,8.95031506849315,745.85,690.6575,9.06274315068493
"956","segaarboretumforest",2022,226,0.34944,8.95031506849315,745.85,690.6575,9.06274315068493
"957","segaarboretumforest",2022,227,0.34957,8.95031506849315,745.85,690.6575,9.06274315068493
"958","segaarboretumforest",2022,228,0.34971,8.95031506849315,745.85,690.6575,9.06274315068493
"959","segaarboretumforest",2022,229,0.34977,8.95031506849315,745.85,690.6575,9.06274315068493
"960","segaarboretumforest",2022,230,0.34969,8.95031506849315,745.85,690.6575,9.06274315068493
"961","segaarboretumforest",2022,231,0.34957,8.95031506849315,745.85,690.6575,9.06274315068493
"962","segaarboretumforest",2022,232,0.34942,8.95031506849315,745.85,690.6575,9.06274315068493
"963","segaarboretumforest",2022,233,0.34922,8.95031506849315,745.85,690.6575,9.06274315068493
"964","segaarboretumforest",2022,234,0.34899,8.95031506849315,745.85,690.6575,9.06274315068493
"965","segaarboretumforest",2022,235,0.34872,8.95031506849315,745.85,690.6575,9.06274315068493
"966","segaarboretumforest",2022,236,0.3484,8.95031506849315,745.85,690.6575,9.06274315068493
"967","segaarboretumforest",2022,237,0.348,8.95031506849315,745.85,690.6575,9.06274315068493
"968","segaarboretumforest",2022,238,0.3475,8.95031506849315,745.85,690.6575,9.06274315068493
"969","segaarboretumforest",2022,239,0.347,8.95031506849315,745.85,690.6575,9.06274315068493
"970","segaarboretumforest",2022,240,0.34661,8.95031506849315,745.85,690.6575,9.06274315068493
"971","segaarboretumforest",2022,241,0.34629,8.95031506849315,745.85,690.6575,9.06274315068493
"972","segaarboretumforest",2022,242,0.34599,8.95031506849315,745.85,690.6575,9.06274315068493
"973","segaarboretumforest",2022,243,0.34575,8.95031506849315,745.85,690.6575,9.06274315068493
"974","segaarboretumforest",2022,244,0.34571,8.95031506849315,745.85,690.6575,9.06274315068493
"975","segaarboretumforest",2022,245,0.34568,8.95031506849315,745.85,690.6575,9.06274315068493
"976","segaarboretumforest",2022,246,0.34525,8.95031506849315,745.85,690.6575,9.06274315068493
"977","segaarboretumforest",2022,247,0.34456,8.95031506849315,745.85,690.6575,9.06274315068493
"978","segaarboretumforest",2022,248,0.34406,8.95031506849315,745.85,690.6575,9.06274315068493
"979","segaarboretumforest",2022,249,0.34303,8.95031506849315,745.85,690.6575,9.06274315068493
"980","segaarboretumforest",2022,250,0.342,8.95031506849315,745.85,690.6575,9.06274315068493
"981","segaarboretumforest",2022,251,0.34234,8.95031506849315,745.85,690.6575,9.06274315068493
"982","segaarboretumforest",2022,252,0.34336,8.95031506849315,745.85,690.6575,9.06274315068493
"983","segaarboretumforest",2022,253,0.34434,8.95031506849315,745.85,690.6575,9.06274315068493
"984","segaarboretumforest",2022,254,0.3451,8.95031506849315,745.85,690.6575,9.06274315068493
"985","segaarboretumforest",2022,255,0.34566,8.95031506849315,745.85,690.6575,9.06274315068493
"986","segaarboretumforest",2022,256,0.34593,8.95031506849315,745.85,690.6575,9.06274315068493
"987","segaarboretumforest",2022,257,0.3461,8.95031506849315,745.85,690.6575,9.06274315068493
"988","segaarboretumforest",2022,258,0.34615,8.95031506849315,745.85,690.6575,9.06274315068493
"989","segaarboretumforest",2022,259,0.34605,8.95031506849315,745.85,690.6575,9.06274315068493
"990","segaarboretumforest",2022,260,0.34586,8.95031506849315,745.85,690.6575,9.06274315068493
"991","segaarboretumforest",2022,261,0.34568,8.95031506849315,745.85,690.6575,9.06274315068493
"992","segaarboretumforest",2022,262,0.3455,8.95031506849315,745.85,690.6575,9.06274315068493
"993","segaarboretumforest",2022,263,0.34538,8.95031506849315,745.85,690.6575,9.06274315068493
"994","segaarboretumforest",2022,264,0.34528,8.95031506849315,745.85,690.6575,9.06274315068493
"995","segaarboretumforest",2022,265,0.34513,8.95031506849315,745.85,690.6575,9.06274315068493
"996","segaarboretumforest",2022,266,0.345,8.95031506849315,745.85,690.6575,9.06274315068493
"997","segaarboretumforest",2022,267,0.34485,8.95031506849315,745.85,690.6575,9.06274315068493
"998","segaarboretumforest",2022,268,0.34473,8.95031506849315,745.85,690.6575,9.06274315068493
"999","segaarboretumforest",2022,269,0.3446,8.95031506849315,745.85,690.6575,9.06274315068493
"1000","segaarboretumforest",2022,270,0.34447,8.95031506849315,745.85,690.6575,9.06274315068493
"1001","segaarboretumforest",2022,271,0.34436,8.95031506849315,745.85,690.6575,9.06274315068493
"1002","segaarboretumforest",2022,272,0.34413,8.95031506849315,745.85,690.6575,9.06274315068493
"1003","segaarboretumforest",2022,273,0.34382,8.95031506849315,745.85,690.6575,9.06274315068493
"1004","segaarboretumforest",2022,274,0.34344,8.95031506849315,745.85,690.6575,9.06274315068493
"1005","segaarboretumforest",2022,275,0.34295,8.95031506849315,745.85,690.6575,9.06274315068493
"1006","segaarboretumforest",2022,276,0.34236,8.95031506849315,745.85,690.6575,9.06274315068493
"1007","segaarboretumforest",2022,277,0.34173,8.95031506849315,745.85,690.6575,9.06274315068493
"1008","segaarboretumforest",2022,278,0.34109,8.95031506849315,745.85,690.6575,9.06274315068493
"1009","segaarboretumforest",2022,279,0.34038,8.95031506849315,745.85,690.6575,9.06274315068493
"1010","segaarboretumforest",2022,280,0.33957,8.95031506849315,745.85,690.6575,9.06274315068493
"1011","segaarboretumforest",2022,281,0.33881,8.95031506849315,745.85,690.6575,9.06274315068493
"1012","segaarboretumforest",2022,282,0.33797,8.95031506849315,745.85,690.6575,9.06274315068493
"1013","segaarboretumforest",2022,283,0.33714,8.95031506849315,745.85,690.6575,9.06274315068493
"1014","segaarboretumforest",2022,284,0.33647,8.95031506849315,745.85,690.6575,9.06274315068493
"1015","segaarboretumforest",2022,285,0.33584,8.95031506849315,745.85,690.6575,9.06274315068493
"1016","segaarboretumforest",2022,286,0.33522,8.95031506849315,745.85,690.6575,9.06274315068493
"1017","segaarboretumforest",2022,287,0.33468,8.95031506849315,745.85,690.6575,9.06274315068493
"1018","segaarboretumforest",2022,288,0.33416,8.95031506849315,745.85,690.6575,9.06274315068493
"1019","segaarboretumforest",2022,289,0.33352,8.95031506849315,745.85,690.6575,9.06274315068493
"1020","segaarboretumforest",2022,290,0.33287,8.95031506849315,745.85,690.6575,9.06274315068493
"1021","segaarboretumforest",2022,291,0.33224,8.95031506849315,745.85,690.6575,9.06274315068493
"1022","segaarboretumforest",2022,292,0.33157,8.95031506849315,745.85,690.6575,9.06274315068493
"1023","segaarboretumforest",2022,293,0.33093,8.95031506849315,745.85,690.6575,9.06274315068493
"1024","segaarboretumforest",2022,294,0.33037,8.95031506849315,745.85,690.6575,9.06274315068493
"1025","segaarboretumforest",2022,295,0.32981,8.95031506849315,745.85,690.6575,9.06274315068493
"1026","segaarboretumforest",2022,296,0.32928,8.95031506849315,745.85,690.6575,9.06274315068493
"1027","segaarboretumforest",2022,297,0.32879,8.95031506849315,745.85,690.6575,9.06274315068493
"1028","segaarboretumforest",2022,298,0.32831,8.95031506849315,745.85,690.6575,9.06274315068493
"1029","segaarboretumforest",2022,299,0.32783,8.95031506849315,745.85,690.6575,9.06274315068493
"1030","segaarboretumforest",2022,300,0.32746,8.95031506849315,745.85,690.6575,9.06274315068493
"1031","segaarboretumforest",2022,301,0.32736,8.95031506849315,745.85,690.6575,9.06274315068493
"1032","segaarboretumforest",2022,302,0.3273,8.95031506849315,745.85,690.6575,9.06274315068493
"1033","segaarboretumforest",2022,303,0.32721,8.95031506849315,745.85,690.6575,9.06274315068493
"1034","segaarboretumforest",2022,304,0.32723,8.95031506849315,745.85,690.6575,9.06274315068493
"1035","segaarboretumforest",2022,305,0.32722,8.95031506849315,745.85,690.6575,9.06274315068493
"1036","segaarboretumforest",2022,306,0.32706,8.95031506849315,745.85,690.6575,9.06274315068493
"1037","segaarboretumforest",2022,307,0.32664,8.95031506849315,745.85,690.6575,9.06274315068493
"1038","segaarboretumforest",2022,308,0.32612,8.95031506849315,745.85,690.6575,9.06274315068493
"1039","segaarboretumforest",2022,309,0.32571,8.95031506849315,745.85,690.6575,9.06274315068493
"1040","segaarboretumforest",2022,310,0.32531,8.95031506849315,745.85,690.6575,9.06274315068493
"1041","segaarboretumforest",2022,311,0.32493,8.95031506849315,745.85,690.6575,9.06274315068493
"1042","segaarboretumforest",2022,312,0.3247,8.95031506849315,745.85,690.6575,9.06274315068493
"1043","segaarboretumforest",2022,313,0.32445,8.95031506849315,745.85,690.6575,9.06274315068493
"1044","segaarboretumforest",2022,314,0.32424,8.95031506849315,745.85,690.6575,9.06274315068493
"1045","segaarboretumforest",2022,315,0.32412,8.95031506849315,745.85,690.6575,9.06274315068493
"1046","segaarboretumforest",2022,316,0.32424,8.95031506849315,745.85,690.6575,9.06274315068493
"1047","segaarboretumforest",2022,317,0.32456,8.95031506849315,745.85,690.6575,9.06274315068493
"1048","segaarboretumforest",2022,318,0.32478,8.95031506849315,745.85,690.6575,9.06274315068493
"1049","segaarboretumforest",2022,319,0.32494,8.95031506849315,745.85,690.6575,9.06274315068493
"1050","segaarboretumforest",2022,320,0.32511,8.95031506849315,745.85,690.6575,9.06274315068493
"1051","segaarboretumforest",2022,321,0.3251,8.95031506849315,745.85,690.6575,9.06274315068493
"1052","segaarboretumforest",2022,322,0.32502,8.95031506849315,745.85,690.6575,9.06274315068493
"1053","segaarboretumforest",2022,323,0.32497,8.95031506849315,745.85,690.6575,9.06274315068493
"1054","segaarboretumforest",2022,324,0.32493,8.95031506849315,745.85,690.6575,9.06274315068493
"1055","segaarboretumforest",2022,325,0.32489,8.95031506849315,745.85,690.6575,9.06274315068493
"1056","segaarboretumforest",2022,326,0.32511,8.95031506849315,745.85,690.6575,9.06274315068493
"1057","segaarboretumforest",2022,327,0.32547,8.95031506849315,745.85,690.6575,9.06274315068493
"1058","segaarboretumforest",2022,328,0.32562,8.95031506849315,745.85,690.6575,9.06274315068493
"1059","segaarboretumforest",2022,329,0.32568,8.95031506849315,745.85,690.6575,9.06274315068493
"1060","segaarboretumforest",2022,330,0.32564,8.95031506849315,745.85,690.6575,9.06274315068493
"1061","segaarboretumforest",2022,331,0.32509,8.95031506849315,745.85,690.6575,9.06274315068493
"1062","segaarboretumforest",2022,332,0.32422,8.95031506849315,745.85,690.6575,9.06274315068493
"1063","segaarboretumforest",2022,333,0.32334,8.95031506849315,745.85,690.6575,9.06274315068493
"1064","segaarboretumforest",2022,334,0.32276,8.95031506849315,745.85,690.6575,9.06274315068493
"1065","segaarboretumforest",2022,335,0.32219,8.95031506849315,745.85,690.6575,9.06274315068493
"1066","segaarboretumforest",2022,336,0.32148,8.95031506849315,745.85,690.6575,9.06274315068493
"1067","segaarboretumforest",2022,337,0.32113,8.95031506849315,745.85,690.6575,9.06274315068493
"1068","segaarboretumforest",2022,338,0.32104,8.95031506849315,745.85,690.6575,9.06274315068493
"1069","segaarboretumforest",2022,339,0.32115,8.95031506849315,745.85,690.6575,9.06274315068493
"1070","segaarboretumforest",2022,340,0.32181,8.95031506849315,745.85,690.6575,9.06274315068493
"1071","segaarboretumforest",2022,341,0.32283,8.95031506849315,745.85,690.6575,9.06274315068493
"1072","segaarboretumforest",2022,342,0.32384,8.95031506849315,745.85,690.6575,9.06274315068493
"1073","segaarboretumforest",2022,343,0.32536,8.95031506849315,745.85,690.6575,9.06274315068493
"1074","segaarboretumforest",2022,344,0.32694,8.95031506849315,745.85,690.6575,9.06274315068493
"1075","segaarboretumforest",2022,345,0.32813,8.95031506849315,745.85,690.6575,9.06274315068493
"1076","segaarboretumforest",2022,346,0.32944,8.95031506849315,745.85,690.6575,9.06274315068493
"1077","segaarboretumforest",2022,347,0.33049,8.95031506849315,745.85,690.6575,9.06274315068493
"1078","segaarboretumforest",2022,348,0.33123,8.95031506849315,745.85,690.6575,9.06274315068493
"1079","segaarboretumforest",2022,349,0.33186,8.95031506849315,745.85,690.6575,9.06274315068493
"1080","segaarboretumforest",2022,350,0.33236,8.95031506849315,745.85,690.6575,9.06274315068493
"1081","segaarboretumforest",2022,351,0.33274,8.95031506849315,745.85,690.6575,9.06274315068493
"1082","segaarboretumforest",2022,352,0.33298,8.95031506849315,745.85,690.6575,9.06274315068493
"1083","segaarboretumforest",2022,353,0.33306,8.95031506849315,745.85,690.6575,9.06274315068493
"1084","segaarboretumforest",2022,354,0.33269,8.95031506849315,745.85,690.6575,9.06274315068493
"1085","segaarboretumforest",2022,355,0.33198,8.95031506849315,745.85,690.6575,9.06274315068493
"1086","segaarboretumforest",2022,356,0.33151,8.95031506849315,745.85,690.6575,9.06274315068493
"1087","segaarboretumforest",2022,357,0.33117,8.95031506849315,745.85,690.6575,9.06274315068493
"1088","segaarboretumforest",2022,358,0.33088,8.95031506849315,745.85,690.6575,9.06274315068493
"1089","segaarboretumforest",2022,359,0.33085,8.95031506849315,745.85,690.6575,9.06274315068493
"1090","segaarboretumforest",2022,360,0.33088,8.95031506849315,745.85,690.6575,9.06274315068493
"1091","segaarboretumforest",2022,361,0.33095,8.95031506849315,745.85,690.6575,9.06274315068493
"1092","segaarboretumforest",2022,362,0.33118,8.95031506849315,745.85,690.6575,9.06274315068493
"1093","segaarboretumforest",2022,363,0.33144,8.95031506849315,745.85,690.6575,9.06274315068493
"1094","segaarboretumforest",2022,364,0.33177,8.95031506849315,745.85,690.6575,9.06274315068493
"1095","segaarboretumforest",2022,365,0.33225,8.95031506849315,745.85,690.6575,9.06274315068493
"1096","segaarboretumforest",2023,1,0.33261,8.21168493150685,964.74,690.6575,9.06274315068493
"1097","segaarboretumforest",2023,2,0.33291,8.21168493150685,964.74,690.6575,9.06274315068493
"1098","segaarboretumforest",2023,3,0.33317,8.21168493150685,964.74,690.6575,9.06274315068493
"1099","segaarboretumforest",2023,4,0.33319,8.21168493150685,964.74,690.6575,9.06274315068493
"1100","segaarboretumforest",2023,5,0.33304,8.21168493150685,964.74,690.6575,9.06274315068493
"1101","segaarboretumforest",2023,6,0.33285,8.21168493150685,964.74,690.6575,9.06274315068493
"1102","segaarboretumforest",2023,7,0.33274,8.21168493150685,964.74,690.6575,9.06274315068493
"1103","segaarboretumforest",2023,8,0.33273,8.21168493150685,964.74,690.6575,9.06274315068493
"1104","segaarboretumforest",2023,9,0.33275,8.21168493150685,964.74,690.6575,9.06274315068493
"1105","segaarboretumforest",2023,10,0.33274,8.21168493150685,964.74,690.6575,9.06274315068493
"1106","segaarboretumforest",2023,11,0.33271,8.21168493150685,964.74,690.6575,9.06274315068493
"1107","segaarboretumforest",2023,12,0.33267,8.21168493150685,964.74,690.6575,9.06274315068493
"1108","segaarboretumforest",2023,13,0.33258,8.21168493150685,964.74,690.6575,9.06274315068493
"1109","segaarboretumforest",2023,14,0.33247,8.21168493150685,964.74,690.6575,9.06274315068493
"1110","segaarboretumforest",2023,15,0.33234,8.21168493150685,964.74,690.6575,9.06274315068493
"1111","segaarboretumforest",2023,16,0.33224,8.21168493150685,964.74,690.6575,9.06274315068493
"1112","segaarboretumforest",2023,17,0.33214,8.21168493150685,964.74,690.6575,9.06274315068493
"1113","segaarboretumforest",2023,18,0.33203,8.21168493150685,964.74,690.6575,9.06274315068493
"1114","segaarboretumforest",2023,19,0.33193,8.21168493150685,964.74,690.6575,9.06274315068493
"1115","segaarboretumforest",2023,20,0.3318,8.21168493150685,964.74,690.6575,9.06274315068493
"1116","segaarboretumforest",2023,21,0.33169,8.21168493150685,964.74,690.6575,9.06274315068493
"1117","segaarboretumforest",2023,22,0.33163,8.21168493150685,964.74,690.6575,9.06274315068493
"1118","segaarboretumforest",2023,23,0.33159,8.21168493150685,964.74,690.6575,9.06274315068493
"1119","segaarboretumforest",2023,24,0.33157,8.21168493150685,964.74,690.6575,9.06274315068493
"1120","segaarboretumforest",2023,25,0.33157,8.21168493150685,964.74,690.6575,9.06274315068493
"1121","segaarboretumforest",2023,26,0.33159,8.21168493150685,964.74,690.6575,9.06274315068493
"1122","segaarboretumforest",2023,27,0.33164,8.21168493150685,964.74,690.6575,9.06274315068493
"1123","segaarboretumforest",2023,28,0.33169,8.21168493150685,964.74,690.6575,9.06274315068493
"1124","segaarboretumforest",2023,29,0.33177,8.21168493150685,964.74,690.6575,9.06274315068493
"1125","segaarboretumforest",2023,30,0.33185,8.21168493150685,964.74,690.6575,9.06274315068493
"1126","segaarboretumforest",2023,31,0.33191,8.21168493150685,964.74,690.6575,9.06274315068493
"1127","segaarboretumforest",2023,32,0.33197,8.21168493150685,964.74,690.6575,9.06274315068493
"1128","segaarboretumforest",2023,33,0.33202,8.21168493150685,964.74,690.6575,9.06274315068493
"1129","segaarboretumforest",2023,34,0.33203,8.21168493150685,964.74,690.6575,9.06274315068493
"1130","segaarboretumforest",2023,35,0.33204,8.21168493150685,964.74,690.6575,9.06274315068493
"1131","segaarboretumforest",2023,36,0.33208,8.21168493150685,964.74,690.6575,9.06274315068493
"1132","segaarboretumforest",2023,37,0.33213,8.21168493150685,964.74,690.6575,9.06274315068493
"1133","segaarboretumforest",2023,38,0.33218,8.21168493150685,964.74,690.6575,9.06274315068493
"1134","segaarboretumforest",2023,39,0.33225,8.21168493150685,964.74,690.6575,9.06274315068493
"1135","segaarboretumforest",2023,40,0.33233,8.21168493150685,964.74,690.6575,9.06274315068493
"1136","segaarboretumforest",2023,41,0.33238,8.21168493150685,964.74,690.6575,9.06274315068493
"1137","segaarboretumforest",2023,42,0.33244,8.21168493150685,964.74,690.6575,9.06274315068493
"1138","segaarboretumforest",2023,43,0.3325,8.21168493150685,964.74,690.6575,9.06274315068493
"1139","segaarboretumforest",2023,44,0.33255,8.21168493150685,964.74,690.6575,9.06274315068493
"1140","segaarboretumforest",2023,45,0.33262,8.21168493150685,964.74,690.6575,9.06274315068493
"1141","segaarboretumforest",2023,46,0.33269,8.21168493150685,964.74,690.6575,9.06274315068493
"1142","segaarboretumforest",2023,47,0.33274,8.21168493150685,964.74,690.6575,9.06274315068493
"1143","segaarboretumforest",2023,48,0.33275,8.21168493150685,964.74,690.6575,9.06274315068493
"1144","segaarboretumforest",2023,49,0.33276,8.21168493150685,964.74,690.6575,9.06274315068493
"1145","segaarboretumforest",2023,50,0.33278,8.21168493150685,964.74,690.6575,9.06274315068493
"1146","segaarboretumforest",2023,51,0.33281,8.21168493150685,964.74,690.6575,9.06274315068493
"1147","segaarboretumforest",2023,52,0.33282,8.21168493150685,964.74,690.6575,9.06274315068493
"1148","segaarboretumforest",2023,53,0.33283,8.21168493150685,964.74,690.6575,9.06274315068493
"1149","segaarboretumforest",2023,54,0.33283,8.21168493150685,964.74,690.6575,9.06274315068493
"1150","segaarboretumforest",2023,55,0.33278,8.21168493150685,964.74,690.6575,9.06274315068493
"1151","segaarboretumforest",2023,56,0.33269,8.21168493150685,964.74,690.6575,9.06274315068493
"1152","segaarboretumforest",2023,57,0.33263,8.21168493150685,964.74,690.6575,9.06274315068493
"1153","segaarboretumforest",2023,58,0.33259,8.21168493150685,964.74,690.6575,9.06274315068493
"1154","segaarboretumforest",2023,59,0.33255,8.21168493150685,964.74,690.6575,9.06274315068493
"1155","segaarboretumforest",2023,60,0.33257,8.21168493150685,964.74,690.6575,9.06274315068493
"1156","segaarboretumforest",2023,61,0.33262,8.21168493150685,964.74,690.6575,9.06274315068493
"1157","segaarboretumforest",2023,62,0.33268,8.21168493150685,964.74,690.6575,9.06274315068493
"1158","segaarboretumforest",2023,63,0.33274,8.21168493150685,964.74,690.6575,9.06274315068493
"1159","segaarboretumforest",2023,64,0.33283,8.21168493150685,964.74,690.6575,9.06274315068493
"1160","segaarboretumforest",2023,65,0.33296,8.21168493150685,964.74,690.6575,9.06274315068493
"1161","segaarboretumforest",2023,66,0.33305,8.21168493150685,964.74,690.6575,9.06274315068493
"1162","segaarboretumforest",2023,67,0.33314,8.21168493150685,964.74,690.6575,9.06274315068493
"1163","segaarboretumforest",2023,68,0.33323,8.21168493150685,964.74,690.6575,9.06274315068493
"1164","segaarboretumforest",2023,69,0.33323,8.21168493150685,964.74,690.6575,9.06274315068493
"1165","segaarboretumforest",2023,70,0.33321,8.21168493150685,964.74,690.6575,9.06274315068493
"1166","segaarboretumforest",2023,71,0.33319,8.21168493150685,964.74,690.6575,9.06274315068493
"1167","segaarboretumforest",2023,72,0.33314,8.21168493150685,964.74,690.6575,9.06274315068493
"1168","segaarboretumforest",2023,73,0.33309,8.21168493150685,964.74,690.6575,9.06274315068493
"1169","segaarboretumforest",2023,74,0.33308,8.21168493150685,964.74,690.6575,9.06274315068493
"1170","segaarboretumforest",2023,75,0.33306,8.21168493150685,964.74,690.6575,9.06274315068493
"1171","segaarboretumforest",2023,76,0.33304,8.21168493150685,964.74,690.6575,9.06274315068493
"1172","segaarboretumforest",2023,77,0.33304,8.21168493150685,964.74,690.6575,9.06274315068493
"1173","segaarboretumforest",2023,78,0.33304,8.21168493150685,964.74,690.6575,9.06274315068493
"1174","segaarboretumforest",2023,79,0.33303,8.21168493150685,964.74,690.6575,9.06274315068493
"1175","segaarboretumforest",2023,80,0.33303,8.21168493150685,964.74,690.6575,9.06274315068493
"1176","segaarboretumforest",2023,81,0.33303,8.21168493150685,964.74,690.6575,9.06274315068493
"1177","segaarboretumforest",2023,82,0.33301,8.21168493150685,964.74,690.6575,9.06274315068493
"1178","segaarboretumforest",2023,83,0.33297,8.21168493150685,964.74,690.6575,9.06274315068493
"1179","segaarboretumforest",2023,84,0.33291,8.21168493150685,964.74,690.6575,9.06274315068493
"1180","segaarboretumforest",2023,85,0.33285,8.21168493150685,964.74,690.6575,9.06274315068493
"1181","segaarboretumforest",2023,86,0.33277,8.21168493150685,964.74,690.6575,9.06274315068493
"1182","segaarboretumforest",2023,87,0.33269,8.21168493150685,964.74,690.6575,9.06274315068493
"1183","segaarboretumforest",2023,88,0.33272,8.21168493150685,964.74,690.6575,9.06274315068493
"1184","segaarboretumforest",2023,89,0.33287,8.21168493150685,964.74,690.6575,9.06274315068493
"1185","segaarboretumforest",2023,90,0.33297,8.21168493150685,964.74,690.6575,9.06274315068493
"1186","segaarboretumforest",2023,91,0.33288,8.21168493150685,964.74,690.6575,9.06274315068493
"1187","segaarboretumforest",2023,92,0.33276,8.21168493150685,964.74,690.6575,9.06274315068493
"1188","segaarboretumforest",2023,93,0.33265,8.21168493150685,964.74,690.6575,9.06274315068493
"1189","segaarboretumforest",2023,94,0.33225,8.21168493150685,964.74,690.6575,9.06274315068493
"1190","segaarboretumforest",2023,95,0.33134,8.21168493150685,964.74,690.6575,9.06274315068493
"1191","segaarboretumforest",2023,96,0.33032,8.21168493150685,964.74,690.6575,9.06274315068493
"1192","segaarboretumforest",2023,97,0.32915,8.21168493150685,964.74,690.6575,9.06274315068493
"1193","segaarboretumforest",2023,98,0.32761,8.21168493150685,964.74,690.6575,9.06274315068493
"1194","segaarboretumforest",2023,99,0.32608,8.21168493150685,964.74,690.6575,9.06274315068493
"1195","segaarboretumforest",2023,100,0.32497,8.21168493150685,964.74,690.6575,9.06274315068493
"1196","segaarboretumforest",2023,101,0.32411,8.21168493150685,964.74,690.6575,9.06274315068493
"1197","segaarboretumforest",2023,102,0.32325,8.21168493150685,964.74,690.6575,9.06274315068493
"1198","segaarboretumforest",2023,103,0.32266,8.21168493150685,964.74,690.6575,9.06274315068493
"1199","segaarboretumforest",2023,104,0.32263,8.21168493150685,964.74,690.6575,9.06274315068493
"1200","segaarboretumforest",2023,105,0.32274,8.21168493150685,964.74,690.6575,9.06274315068493
"1201","segaarboretumforest",2023,106,0.32304,8.21168493150685,964.74,690.6575,9.06274315068493
"1202","segaarboretumforest",2023,107,0.32371,8.21168493150685,964.74,690.6575,9.06274315068493
"1203","segaarboretumforest",2023,108,0.32418,8.21168493150685,964.74,690.6575,9.06274315068493
"1204","segaarboretumforest",2023,109,0.32449,8.21168493150685,964.74,690.6575,9.06274315068493
"1205","segaarboretumforest",2023,110,0.32479,8.21168493150685,964.74,690.6575,9.06274315068493
"1206","segaarboretumforest",2023,111,0.32487,8.21168493150685,964.74,690.6575,9.06274315068493
"1207","segaarboretumforest",2023,112,0.32483,8.21168493150685,964.74,690.6575,9.06274315068493
"1208","segaarboretumforest",2023,113,0.32485,8.21168493150685,964.74,690.6575,9.06274315068493
"1209","segaarboretumforest",2023,114,0.32487,8.21168493150685,964.74,690.6575,9.06274315068493
"1210","segaarboretumforest",2023,115,0.32489,8.21168493150685,964.74,690.6575,9.06274315068493
"1211","segaarboretumforest",2023,116,0.32499,8.21168493150685,964.74,690.6575,9.06274315068493
"1212","segaarboretumforest",2023,117,0.32513,8.21168493150685,964.74,690.6575,9.06274315068493
"1213","segaarboretumforest",2023,118,0.32528,8.21168493150685,964.74,690.6575,9.06274315068493
"1214","segaarboretumforest",2023,119,0.32541,8.21168493150685,964.74,690.6575,9.06274315068493
"1215","segaarboretumforest",2023,120,0.32556,8.21168493150685,964.74,690.6575,9.06274315068493
"1216","segaarboretumforest",2023,121,0.32572,8.21168493150685,964.74,690.6575,9.06274315068493
"1217","segaarboretumforest",2023,122,0.32586,8.21168493150685,964.74,690.6575,9.06274315068493
"1218","segaarboretumforest",2023,123,0.32596,8.21168493150685,964.74,690.6575,9.06274315068493
"1219","segaarboretumforest",2023,124,0.32605,8.21168493150685,964.74,690.6575,9.06274315068493
"1220","segaarboretumforest",2023,125,0.32617,8.21168493150685,964.74,690.6575,9.06274315068493
"1221","segaarboretumforest",2023,126,0.3263,8.21168493150685,964.74,690.6575,9.06274315068493
"1222","segaarboretumforest",2023,127,0.32639,8.21168493150685,964.74,690.6575,9.06274315068493
"1223","segaarboretumforest",2023,128,0.3264,8.21168493150685,964.74,690.6575,9.06274315068493
"1224","segaarboretumforest",2023,129,0.3264,8.21168493150685,964.74,690.6575,9.06274315068493
"1225","segaarboretumforest",2023,130,0.32633,8.21168493150685,964.74,690.6575,9.06274315068493
"1226","segaarboretumforest",2023,131,0.32619,8.21168493150685,964.74,690.6575,9.06274315068493
"1227","segaarboretumforest",2023,132,0.32615,8.21168493150685,964.74,690.6575,9.06274315068493
"1228","segaarboretumforest",2023,133,0.32616,8.21168493150685,964.74,690.6575,9.06274315068493
"1229","segaarboretumforest",2023,134,0.3262,8.21168493150685,964.74,690.6575,9.06274315068493
"1230","segaarboretumforest",2023,135,0.3264,8.21168493150685,964.74,690.6575,9.06274315068493
"1231","segaarboretumforest",2023,136,0.32665,8.21168493150685,964.74,690.6575,9.06274315068493
"1232","segaarboretumforest",2023,137,0.32696,8.21168493150685,964.74,690.6575,9.06274315068493
"1233","segaarboretumforest",2023,138,0.32732,8.21168493150685,964.74,690.6575,9.06274315068493
"1234","segaarboretumforest",2023,139,0.32787,8.21168493150685,964.74,690.6575,9.06274315068493
"1235","segaarboretumforest",2023,140,0.32856,8.21168493150685,964.74,690.6575,9.06274315068493
"1236","segaarboretumforest",2023,141,0.32915,8.21168493150685,964.74,690.6575,9.06274315068493
"1237","segaarboretumforest",2023,142,0.32975,8.21168493150685,964.74,690.6575,9.06274315068493
"1238","segaarboretumforest",2023,143,0.33033,8.21168493150685,964.74,690.6575,9.06274315068493
"1239","segaarboretumforest",2023,144,0.33074,8.21168493150685,964.74,690.6575,9.06274315068493
"1240","segaarboretumforest",2023,145,0.33111,8.21168493150685,964.74,690.6575,9.06274315068493
"1241","segaarboretumforest",2023,146,0.33145,8.21168493150685,964.74,690.6575,9.06274315068493
"1242","segaarboretumforest",2023,147,0.33174,8.21168493150685,964.74,690.6575,9.06274315068493
"1243","segaarboretumforest",2023,148,0.33199,8.21168493150685,964.74,690.6575,9.06274315068493
"1244","segaarboretumforest",2023,149,0.33221,8.21168493150685,964.74,690.6575,9.06274315068493
"1245","segaarboretumforest",2023,150,0.33238,8.21168493150685,964.74,690.6575,9.06274315068493
"1246","segaarboretumforest",2023,151,0.33256,8.21168493150685,964.74,690.6575,9.06274315068493
"1247","segaarboretumforest",2023,152,0.3327,8.21168493150685,964.74,690.6575,9.06274315068493
"1248","segaarboretumforest",2023,153,0.33284,8.21168493150685,964.74,690.6575,9.06274315068493
"1249","segaarboretumforest",2023,154,0.333,8.21168493150685,964.74,690.6575,9.06274315068493
"1250","segaarboretumforest",2023,155,0.33314,8.21168493150685,964.74,690.6575,9.06274315068493
"1251","segaarboretumforest",2023,156,0.33329,8.21168493150685,964.74,690.6575,9.06274315068493
"1252","segaarboretumforest",2023,157,0.33349,8.21168493150685,964.74,690.6575,9.06274315068493
"1253","segaarboretumforest",2023,158,0.33368,8.21168493150685,964.74,690.6575,9.06274315068493
"1254","segaarboretumforest",2023,159,0.33386,8.21168493150685,964.74,690.6575,9.06274315068493
"1255","segaarboretumforest",2023,160,0.3341,8.21168493150685,964.74,690.6575,9.06274315068493
"1256","segaarboretumforest",2023,161,0.33442,8.21168493150685,964.74,690.6575,9.06274315068493
"1257","segaarboretumforest",2023,162,0.33478,8.21168493150685,964.74,690.6575,9.06274315068493
"1258","segaarboretumforest",2023,163,0.33522,8.21168493150685,964.74,690.6575,9.06274315068493
"1259","segaarboretumforest",2023,164,0.33576,8.21168493150685,964.74,690.6575,9.06274315068493
"1260","segaarboretumforest",2023,165,0.33632,8.21168493150685,964.74,690.6575,9.06274315068493
"1261","segaarboretumforest",2023,166,0.3368,8.21168493150685,964.74,690.6575,9.06274315068493
"1262","segaarboretumforest",2023,167,0.3373,8.21168493150685,964.74,690.6575,9.06274315068493
"1263","segaarboretumforest",2023,168,0.33786,8.21168493150685,964.74,690.6575,9.06274315068493
"1264","segaarboretumforest",2023,169,0.3383,8.21168493150685,964.74,690.6575,9.06274315068493
"1265","segaarboretumforest",2023,170,0.33859,8.21168493150685,964.74,690.6575,9.06274315068493
"1266","segaarboretumforest",2023,171,0.33883,8.21168493150685,964.74,690.6575,9.06274315068493
"1267","segaarboretumforest",2023,172,0.33899,8.21168493150685,964.74,690.6575,9.06274315068493
"1268","segaarboretumforest",2023,173,0.33904,8.21168493150685,964.74,690.6575,9.06274315068493
"1269","segaarboretumforest",2023,174,0.33908,8.21168493150685,964.74,690.6575,9.06274315068493
"1270","segaarboretumforest",2023,175,0.33919,8.21168493150685,964.74,690.6575,9.06274315068493
"1271","segaarboretumforest",2023,176,0.33933,8.21168493150685,964.74,690.6575,9.06274315068493
"1272","segaarboretumforest",2023,177,0.33946,8.21168493150685,964.74,690.6575,9.06274315068493
"1273","segaarboretumforest",2023,178,0.33963,8.21168493150685,964.74,690.6575,9.06274315068493
"1274","segaarboretumforest",2023,179,0.33993,8.21168493150685,964.74,690.6575,9.06274315068493
"1275","segaarboretumforest",2023,180,0.34025,8.21168493150685,964.74,690.6575,9.06274315068493
"1276","segaarboretumforest",2023,181,0.34059,8.21168493150685,964.74,690.6575,9.06274315068493
"1277","segaarboretumforest",2023,182,0.34103,8.21168493150685,964.74,690.6575,9.06274315068493
"1278","segaarboretumforest",2023,183,0.34135,8.21168493150685,964.74,690.6575,9.06274315068493
"1279","segaarboretumforest",2023,184,0.34164,8.21168493150685,964.74,690.6575,9.06274315068493
"1280","segaarboretumforest",2023,185,0.34188,8.21168493150685,964.74,690.6575,9.06274315068493
"1281","segaarboretumforest",2023,186,0.34192,8.21168493150685,964.74,690.6575,9.06274315068493
"1282","segaarboretumforest",2023,187,0.34187,8.21168493150685,964.74,690.6575,9.06274315068493
"1283","segaarboretumforest",2023,188,0.34179,8.21168493150685,964.74,690.6575,9.06274315068493
"1284","segaarboretumforest",2023,189,0.3416,8.21168493150685,964.74,690.6575,9.06274315068493
"1285","segaarboretumforest",2023,190,0.34137,8.21168493150685,964.74,690.6575,9.06274315068493
"1286","segaarboretumforest",2023,191,0.3411,8.21168493150685,964.74,690.6575,9.06274315068493
"1287","segaarboretumforest",2023,192,0.34073,8.21168493150685,964.74,690.6575,9.06274315068493
"1288","segaarboretumforest",2023,193,0.34034,8.21168493150685,964.74,690.6575,9.06274315068493
"1289","segaarboretumforest",2023,194,0.33997,8.21168493150685,964.74,690.6575,9.06274315068493
"1290","segaarboretumforest",2023,195,0.33955,8.21168493150685,964.74,690.6575,9.06274315068493
"1291","segaarboretumforest",2023,196,0.33906,8.21168493150685,964.74,690.6575,9.06274315068493
"1292","segaarboretumforest",2023,197,0.33867,8.21168493150685,964.74,690.6575,9.06274315068493
"1293","segaarboretumforest",2023,198,0.33846,8.21168493150685,964.74,690.6575,9.06274315068493
"1294","segaarboretumforest",2023,199,0.33828,8.21168493150685,964.74,690.6575,9.06274315068493
"1295","segaarboretumforest",2023,200,0.33813,8.21168493150685,964.74,690.6575,9.06274315068493
"1296","segaarboretumforest",2023,201,0.33804,8.21168493150685,964.74,690.6575,9.06274315068493
"1297","segaarboretumforest",2023,202,0.33791,8.21168493150685,964.74,690.6575,9.06274315068493
"1298","segaarboretumforest",2023,203,0.3376,8.21168493150685,964.74,690.6575,9.06274315068493
"1299","segaarboretumforest",2023,204,0.33733,8.21168493150685,964.74,690.6575,9.06274315068493
"1300","segaarboretumforest",2023,205,0.33714,8.21168493150685,964.74,690.6575,9.06274315068493
"1301","segaarboretumforest",2023,206,0.33695,8.21168493150685,964.74,690.6575,9.06274315068493
"1302","segaarboretumforest",2023,207,0.33692,8.21168493150685,964.74,690.6575,9.06274315068493
"1303","segaarboretumforest",2023,208,0.33694,8.21168493150685,964.74,690.6575,9.06274315068493
"1304","segaarboretumforest",2023,209,0.33705,8.21168493150685,964.74,690.6575,9.06274315068493
"1305","segaarboretumforest",2023,210,0.3374,8.21168493150685,964.74,690.6575,9.06274315068493
"1306","segaarboretumforest",2023,211,0.33789,8.21168493150685,964.74,690.6575,9.06274315068493
"1307","segaarboretumforest",2023,212,0.33847,8.21168493150685,964.74,690.6575,9.06274315068493
"1308","segaarboretumforest",2023,213,0.3391,8.21168493150685,964.74,690.6575,9.06274315068493
"1309","segaarboretumforest",2023,214,0.33995,8.21168493150685,964.74,690.6575,9.06274315068493
"1310","segaarboretumforest",2023,215,0.34102,8.21168493150685,964.74,690.6575,9.06274315068493
"1311","segaarboretumforest",2023,216,0.34198,8.21168493150685,964.74,690.6575,9.06274315068493
"1312","segaarboretumforest",2023,217,0.34297,8.21168493150685,964.74,690.6575,9.06274315068493
"1313","segaarboretumforest",2023,218,0.34392,8.21168493150685,964.74,690.6575,9.06274315068493
"1314","segaarboretumforest",2023,219,0.34461,8.21168493150685,964.74,690.6575,9.06274315068493
"1315","segaarboretumforest",2023,220,0.34523,8.21168493150685,964.74,690.6575,9.06274315068493
"1316","segaarboretumforest",2023,221,0.34582,8.21168493150685,964.74,690.6575,9.06274315068493
"1317","segaarboretumforest",2023,222,0.3466,8.21168493150685,964.74,690.6575,9.06274315068493
"1318","segaarboretumforest",2023,223,0.3473,8.21168493150685,964.74,690.6575,9.06274315068493
"1319","segaarboretumforest",2023,224,0.34767,8.21168493150685,964.74,690.6575,9.06274315068493
"1320","segaarboretumforest",2023,225,0.34796,8.21168493150685,964.74,690.6575,9.06274315068493
"1321","segaarboretumforest",2023,226,0.34813,8.21168493150685,964.74,690.6575,9.06274315068493
"1322","segaarboretumforest",2023,227,0.34824,8.21168493150685,964.74,690.6575,9.06274315068493
"1323","segaarboretumforest",2023,228,0.34822,8.21168493150685,964.74,690.6575,9.06274315068493
"1324","segaarboretumforest",2023,229,0.34786,8.21168493150685,964.74,690.6575,9.06274315068493
"1325","segaarboretumforest",2023,230,0.3472,8.21168493150685,964.74,690.6575,9.06274315068493
"1326","segaarboretumforest",2023,231,0.34645,8.21168493150685,964.74,690.6575,9.06274315068493
"1327","segaarboretumforest",2023,232,0.34581,8.21168493150685,964.74,690.6575,9.06274315068493
"1328","segaarboretumforest",2023,233,0.34493,8.21168493150685,964.74,690.6575,9.06274315068493
"1329","segaarboretumforest",2023,234,0.34379,8.21168493150685,964.74,690.6575,9.06274315068493
"1330","segaarboretumforest",2023,235,0.34307,8.21168493150685,964.74,690.6575,9.06274315068493
"1331","segaarboretumforest",2023,236,0.34286,8.21168493150685,964.74,690.6575,9.06274315068493
"1332","segaarboretumforest",2023,237,0.34277,8.21168493150685,964.74,690.6575,9.06274315068493
"1333","segaarboretumforest",2023,238,0.3429,8.21168493150685,964.74,690.6575,9.06274315068493
"1334","segaarboretumforest",2023,239,0.34328,8.21168493150685,964.74,690.6575,9.06274315068493
"1335","segaarboretumforest",2023,240,0.34375,8.21168493150685,964.74,690.6575,9.06274315068493
"1336","segaarboretumforest",2023,241,0.34415,8.21168493150685,964.74,690.6575,9.06274315068493
"1337","segaarboretumforest",2023,242,0.34483,8.21168493150685,964.74,690.6575,9.06274315068493
"1338","segaarboretumforest",2023,243,0.34584,8.21168493150685,964.74,690.6575,9.06274315068493
"1339","segaarboretumforest",2023,244,0.34655,8.21168493150685,964.74,690.6575,9.06274315068493
"1340","segaarboretumforest",2023,245,0.34704,8.21168493150685,964.74,690.6575,9.06274315068493
"1341","segaarboretumforest",2023,246,0.34741,8.21168493150685,964.74,690.6575,9.06274315068493
"1342","segaarboretumforest",2023,247,0.3473,8.21168493150685,964.74,690.6575,9.06274315068493
"1343","segaarboretumforest",2023,248,0.3469,8.21168493150685,964.74,690.6575,9.06274315068493
"1344","segaarboretumforest",2023,249,0.3464,8.21168493150685,964.74,690.6575,9.06274315068493
"1345","segaarboretumforest",2023,250,0.346,8.21168493150685,964.74,690.6575,9.06274315068493
"1346","segaarboretumforest",2023,251,0.34578,8.21168493150685,964.74,690.6575,9.06274315068493
"1347","segaarboretumforest",2023,252,0.34559,8.21168493150685,964.74,690.6575,9.06274315068493
"1348","segaarboretumforest",2023,253,0.34527,8.21168493150685,964.74,690.6575,9.06274315068493
"1349","segaarboretumforest",2023,254,0.34468,8.21168493150685,964.74,690.6575,9.06274315068493
"1350","segaarboretumforest",2023,255,0.344,8.21168493150685,964.74,690.6575,9.06274315068493
"1351","segaarboretumforest",2023,256,0.34334,8.21168493150685,964.74,690.6575,9.06274315068493
"1352","segaarboretumforest",2023,257,0.34261,8.21168493150685,964.74,690.6575,9.06274315068493
"1353","segaarboretumforest",2023,258,0.34184,8.21168493150685,964.74,690.6575,9.06274315068493
"1354","segaarboretumforest",2023,259,0.34112,8.21168493150685,964.74,690.6575,9.06274315068493
"1355","segaarboretumforest",2023,260,0.34034,8.21168493150685,964.74,690.6575,9.06274315068493
"1356","segaarboretumforest",2023,261,0.33939,8.21168493150685,964.74,690.6575,9.06274315068493
"1357","segaarboretumforest",2023,262,0.33832,8.21168493150685,964.74,690.6575,9.06274315068493
"1358","segaarboretumforest",2023,263,0.33725,8.21168493150685,964.74,690.6575,9.06274315068493
"1359","segaarboretumforest",2023,264,0.33601,8.21168493150685,964.74,690.6575,9.06274315068493
"1360","segaarboretumforest",2023,265,0.33475,8.21168493150685,964.74,690.6575,9.06274315068493
"1361","segaarboretumforest",2023,266,0.33361,8.21168493150685,964.74,690.6575,9.06274315068493
"1362","segaarboretumforest",2023,267,0.33242,8.21168493150685,964.74,690.6575,9.06274315068493
"1363","segaarboretumforest",2023,268,0.33126,8.21168493150685,964.74,690.6575,9.06274315068493
"1364","segaarboretumforest",2023,269,0.33022,8.21168493150685,964.74,690.6575,9.06274315068493
"1365","segaarboretumforest",2023,270,0.32926,8.21168493150685,964.74,690.6575,9.06274315068493
"1366","segaarboretumforest",2023,271,0.32834,8.21168493150685,964.74,690.6575,9.06274315068493
"1367","segaarboretumforest",2023,272,0.32752,8.21168493150685,964.74,690.6575,9.06274315068493
"1368","segaarboretumforest",2023,273,0.32687,8.21168493150685,964.74,690.6575,9.06274315068493
"1369","segaarboretumforest",2023,274,0.32628,8.21168493150685,964.74,690.6575,9.06274315068493
"1370","segaarboretumforest",2023,275,0.32572,8.21168493150685,964.74,690.6575,9.06274315068493
"1371","segaarboretumforest",2023,276,0.32525,8.21168493150685,964.74,690.6575,9.06274315068493
"1372","segaarboretumforest",2023,277,0.32482,8.21168493150685,964.74,690.6575,9.06274315068493
"1373","segaarboretumforest",2023,278,0.32445,8.21168493150685,964.74,690.6575,9.06274315068493
"1374","segaarboretumforest",2023,279,0.32411,8.21168493150685,964.74,690.6575,9.06274315068493
"1375","segaarboretumforest",2023,280,0.3238,8.21168493150685,964.74,690.6575,9.06274315068493
"1376","segaarboretumforest",2023,281,0.32355,8.21168493150685,964.74,690.6575,9.06274315068493
"1377","segaarboretumforest",2023,282,0.3233,8.21168493150685,964.74,690.6575,9.06274315068493
"1378","segaarboretumforest",2023,283,0.32307,8.21168493150685,964.74,690.6575,9.06274315068493
"1379","segaarboretumforest",2023,284,0.32286,8.21168493150685,964.74,690.6575,9.06274315068493
"1380","segaarboretumforest",2023,285,0.32264,8.21168493150685,964.74,690.6575,9.06274315068493
"1381","segaarboretumforest",2023,286,0.32244,8.21168493150685,964.74,690.6575,9.06274315068493
"1382","segaarboretumforest",2023,287,0.32229,8.21168493150685,964.74,690.6575,9.06274315068493
"1383","segaarboretumforest",2023,288,0.32218,8.21168493150685,964.74,690.6575,9.06274315068493
"1384","segaarboretumforest",2023,289,0.32213,8.21168493150685,964.74,690.6575,9.06274315068493
"1385","segaarboretumforest",2023,290,0.3221,8.21168493150685,964.74,690.6575,9.06274315068493
"1386","segaarboretumforest",2023,291,0.32208,8.21168493150685,964.74,690.6575,9.06274315068493
"1387","segaarboretumforest",2023,292,0.32209,8.21168493150685,964.74,690.6575,9.06274315068493
"1388","segaarboretumforest",2023,293,0.32211,8.21168493150685,964.74,690.6575,9.06274315068493
"1389","segaarboretumforest",2023,294,0.32215,8.21168493150685,964.74,690.6575,9.06274315068493
"1390","segaarboretumforest",2023,295,0.32225,8.21168493150685,964.74,690.6575,9.06274315068493
"1391","segaarboretumforest",2023,296,0.3223,8.21168493150685,964.74,690.6575,9.06274315068493
"1392","segaarboretumforest",2023,297,0.32231,8.21168493150685,964.74,690.6575,9.06274315068493
"1393","segaarboretumforest",2023,298,0.3223,8.21168493150685,964.74,690.6575,9.06274315068493
"1394","segaarboretumforest",2023,299,0.32216,8.21168493150685,964.74,690.6575,9.06274315068493
"1395","segaarboretumforest",2023,300,0.32195,8.21168493150685,964.74,690.6575,9.06274315068493
"1396","segaarboretumforest",2023,301,0.32178,8.21168493150685,964.74,690.6575,9.06274315068493
"1397","segaarboretumforest",2023,302,0.32156,8.21168493150685,964.74,690.6575,9.06274315068493
"1398","segaarboretumforest",2023,303,0.32135,8.21168493150685,964.74,690.6575,9.06274315068493
"1399","segaarboretumforest",2023,304,0.32128,8.21168493150685,964.74,690.6575,9.06274315068493
"1400","segaarboretumforest",2023,305,0.32126,8.21168493150685,964.74,690.6575,9.06274315068493
"1401","segaarboretumforest",2023,306,0.32126,8.21168493150685,964.74,690.6575,9.06274315068493
"1402","segaarboretumforest",2023,307,0.32125,8.21168493150685,964.74,690.6575,9.06274315068493
"1403","segaarboretumforest",2023,308,0.32142,8.21168493150685,964.74,690.6575,9.06274315068493
"1404","segaarboretumforest",2023,309,0.32171,8.21168493150685,964.74,690.6575,9.06274315068493
"1405","segaarboretumforest",2023,310,0.3218,8.21168493150685,964.74,690.6575,9.06274315068493
"1406","segaarboretumforest",2023,311,0.32182,8.21168493150685,964.74,690.6575,9.06274315068493
"1407","segaarboretumforest",2023,312,0.32176,8.21168493150685,964.74,690.6575,9.06274315068493
"1408","segaarboretumforest",2023,313,0.32126,8.21168493150685,964.74,690.6575,9.06274315068493
"1409","segaarboretumforest",2023,314,0.32052,8.21168493150685,964.74,690.6575,9.06274315068493
"1410","segaarboretumforest",2023,315,0.31972,8.21168493150685,964.74,690.6575,9.06274315068493
"1411","segaarboretumforest",2023,316,0.31907,8.21168493150685,964.74,690.6575,9.06274315068493
"1412","segaarboretumforest",2023,317,0.31823,8.21168493150685,964.74,690.6575,9.06274315068493
"1413","segaarboretumforest",2023,318,0.31719,8.21168493150685,964.74,690.6575,9.06274315068493
"1414","segaarboretumforest",2023,319,0.31655,8.21168493150685,964.74,690.6575,9.06274315068493
"1415","segaarboretumforest",2023,320,0.31623,8.21168493150685,964.74,690.6575,9.06274315068493
"1416","segaarboretumforest",2023,321,0.31607,8.21168493150685,964.74,690.6575,9.06274315068493
"1417","segaarboretumforest",2023,322,0.31651,8.21168493150685,964.74,690.6575,9.06274315068493
"1418","segaarboretumforest",2023,323,0.31735,8.21168493150685,964.74,690.6575,9.06274315068493
"1419","segaarboretumforest",2023,324,0.31826,8.21168493150685,964.74,690.6575,9.06274315068493
"1420","segaarboretumforest",2023,325,0.31888,8.21168493150685,964.74,690.6575,9.06274315068493
"1421","segaarboretumforest",2023,326,0.31938,8.21168493150685,964.74,690.6575,9.06274315068493
"1422","segaarboretumforest",2023,327,0.32001,8.21168493150685,964.74,690.6575,9.06274315068493
"1423","segaarboretumforest",2023,328,0.32053,8.21168493150685,964.74,690.6575,9.06274315068493
"1424","segaarboretumforest",2023,329,0.32091,8.21168493150685,964.74,690.6575,9.06274315068493
"1425","segaarboretumforest",2023,330,0.32121,8.21168493150685,964.74,690.6575,9.06274315068493
"1426","segaarboretumforest",2023,331,0.32137,8.21168493150685,964.74,690.6575,9.06274315068493
"1427","segaarboretumforest",2023,332,0.3214,8.21168493150685,964.74,690.6575,9.06274315068493
"1428","segaarboretumforest",2023,333,0.32136,8.21168493150685,964.74,690.6575,9.06274315068493
"1429","segaarboretumforest",2023,334,0.32108,8.21168493150685,964.74,690.6575,9.06274315068493
"1430","segaarboretumforest",2023,335,0.32077,8.21168493150685,964.74,690.6575,9.06274315068493
"1431","segaarboretumforest",2023,336,0.32084,8.21168493150685,964.74,690.6575,9.06274315068493
"1432","segaarboretumforest",2023,337,0.32105,8.21168493150685,964.74,690.6575,9.06274315068493
"1433","segaarboretumforest",2023,338,0.32107,8.21168493150685,964.74,690.6575,9.06274315068493
"1434","segaarboretumforest",2023,339,0.32071,8.21168493150685,964.74,690.6575,9.06274315068493
"1435","segaarboretumforest",2023,340,0.32032,8.21168493150685,964.74,690.6575,9.06274315068493
"1436","segaarboretumforest",2023,341,0.31996,8.21168493150685,964.74,690.6575,9.06274315068493
"1437","segaarboretumforest",2023,342,0.31945,8.21168493150685,964.74,690.6575,9.06274315068493
"1438","segaarboretumforest",2023,343,0.31895,8.21168493150685,964.74,690.6575,9.06274315068493
"1439","segaarboretumforest",2023,344,0.31857,8.21168493150685,964.74,690.6575,9.06274315068493
"1440","segaarboretumforest",2023,345,0.31837,8.21168493150685,964.74,690.6575,9.06274315068493
"1441","segaarboretumforest",2023,346,0.31824,8.21168493150685,964.74,690.6575,9.06274315068493
"1442","segaarboretumforest",2023,347,0.31809,8.21168493150685,964.74,690.6575,9.06274315068493
"1443","segaarboretumforest",2023,348,0.31775,8.21168493150685,964.74,690.6575,9.06274315068493
"1444","segaarboretumforest",2023,349,0.31746,8.21168493150685,964.74,690.6575,9.06274315068493
"1445","segaarboretumforest",2023,350,0.31743,8.21168493150685,964.74,690.6575,9.06274315068493
"1446","segaarboretumforest",2023,351,0.31746,8.21168493150685,964.74,690.6575,9.06274315068493
"1447","segaarboretumforest",2023,352,0.31756,8.21168493150685,964.74,690.6575,9.06274315068493
"1448","segaarboretumforest",2023,353,0.31809,8.21168493150685,964.74,690.6575,9.06274315068493
"1449","segaarboretumforest",2023,354,0.31866,8.21168493150685,964.74,690.6575,9.06274315068493
"1450","segaarboretumforest",2023,355,0.31894,8.21168493150685,964.74,690.6575,9.06274315068493
"1451","segaarboretumforest",2023,356,0.31926,8.21168493150685,964.74,690.6575,9.06274315068493
"1452","segaarboretumforest",2023,357,0.31944,8.21168493150685,964.74,690.6575,9.06274315068493
"1453","segaarboretumforest",2023,358,0.31948,8.21168493150685,964.74,690.6575,9.06274315068493
"1454","segaarboretumforest",2023,359,0.3195,8.21168493150685,964.74,690.6575,9.06274315068493
"1455","segaarboretumforest",2023,360,0.31911,8.21168493150685,964.74,690.6575,9.06274315068493
"1456","segaarboretumforest",2023,361,0.31824,8.21168493150685,964.74,690.6575,9.06274315068493
"1457","segaarboretumforest",2023,362,0.31744,8.21168493150685,964.74,690.6575,9.06274315068493
"1458","segaarboretumforest",2023,363,0.31724,8.21168493150685,964.74,690.6575,9.06274315068493
"1459","segaarboretumforest",2023,364,0.31775,8.21168493150685,964.74,690.6575,9.06274315068493
"1460","segaarboretumforest",2023,365,0.31861,8.21168493150685,964.74,690.6575,9.06274315068493
