"","site","year","doy","smooth_gcc_90","annual_temp","annual_precip","map","mat"
"1","spruceT9P10ESH",2018,1,0.32083,3.41960273972603,741.09,703.063333333333,4.01979452054795
"2","spruceT9P10ESH",2018,2,0.32125,3.41960273972603,741.09,703.063333333333,4.01979452054795
"3","spruceT9P10ESH",2018,3,0.32179,3.41960273972603,741.09,703.063333333333,4.01979452054795
"4","spruceT9P10ESH",2018,4,0.32256,3.41960273972603,741.09,703.063333333333,4.01979452054795
"5","spruceT9P10ESH",2018,5,0.3231,3.41960273972603,741.09,703.063333333333,4.01979452054795
"6","spruceT9P10ESH",2018,6,0.32339,3.41960273972603,741.09,703.063333333333,4.01979452054795
"7","spruceT9P10ESH",2018,7,0.32368,3.41960273972603,741.09,703.063333333333,4.01979452054795
"8","spruceT9P10ESH",2018,8,0.32388,3.41960273972603,741.09,703.063333333333,4.01979452054795
"9","spruceT9P10ESH",2018,9,0.32394,3.41960273972603,741.09,703.063333333333,4.01979452054795
"10","spruceT9P10ESH",2018,10,0.3239,3.41960273972603,741.09,703.063333333333,4.01979452054795
"11","spruceT9P10ESH",2018,11,0.32388,3.41960273972603,741.09,703.063333333333,4.01979452054795
"12","spruceT9P10ESH",2018,12,0.32379,3.41960273972603,741.09,703.063333333333,4.01979452054795
"13","spruceT9P10ESH",2018,13,0.32355,3.41960273972603,741.09,703.063333333333,4.01979452054795
"14","spruceT9P10ESH",2018,14,0.32325,3.41960273972603,741.09,703.063333333333,4.01979452054795
"15","spruceT9P10ESH",2018,15,0.32298,3.41960273972603,741.09,703.063333333333,4.01979452054795
"16","spruceT9P10ESH",2018,16,0.32283,3.41960273972603,741.09,703.063333333333,4.01979452054795
"17","spruceT9P10ESH",2018,17,0.32282,3.41960273972603,741.09,703.063333333333,4.01979452054795
"18","spruceT9P10ESH",2018,18,0.32288,3.41960273972603,741.09,703.063333333333,4.01979452054795
"19","spruceT9P10ESH",2018,19,0.32292,3.41960273972603,741.09,703.063333333333,4.01979452054795
"20","spruceT9P10ESH",2018,20,0.32305,3.41960273972603,741.09,703.063333333333,4.01979452054795
"21","spruceT9P10ESH",2018,21,0.3233,3.41960273972603,741.09,703.063333333333,4.01979452054795
"22","spruceT9P10ESH",2018,22,0.32343,3.41960273972603,741.09,703.063333333333,4.01979452054795
"23","spruceT9P10ESH",2018,23,0.32342,3.41960273972603,741.09,703.063333333333,4.01979452054795
"24","spruceT9P10ESH",2018,24,0.32338,3.41960273972603,741.09,703.063333333333,4.01979452054795
"25","spruceT9P10ESH",2018,25,0.32332,3.41960273972603,741.09,703.063333333333,4.01979452054795
"26","spruceT9P10ESH",2018,26,0.32321,3.41960273972603,741.09,703.063333333333,4.01979452054795
"27","spruceT9P10ESH",2018,27,0.32304,3.41960273972603,741.09,703.063333333333,4.01979452054795
"28","spruceT9P10ESH",2018,28,0.3229,3.41960273972603,741.09,703.063333333333,4.01979452054795
"29","spruceT9P10ESH",2018,29,0.32277,3.41960273972603,741.09,703.063333333333,4.01979452054795
"30","spruceT9P10ESH",2018,30,0.3226,3.41960273972603,741.09,703.063333333333,4.01979452054795
"31","spruceT9P10ESH",2018,31,0.32245,3.41960273972603,741.09,703.063333333333,4.01979452054795
"32","spruceT9P10ESH",2018,32,0.32228,3.41960273972603,741.09,703.063333333333,4.01979452054795
"33","spruceT9P10ESH",2018,33,0.32207,3.41960273972603,741.09,703.063333333333,4.01979452054795
"34","spruceT9P10ESH",2018,34,0.32193,3.41960273972603,741.09,703.063333333333,4.01979452054795
"35","spruceT9P10ESH",2018,35,0.32185,3.41960273972603,741.09,703.063333333333,4.01979452054795
"36","spruceT9P10ESH",2018,36,0.32177,3.41960273972603,741.09,703.063333333333,4.01979452054795
"37","spruceT9P10ESH",2018,37,0.32171,3.41960273972603,741.09,703.063333333333,4.01979452054795
"38","spruceT9P10ESH",2018,38,0.3217,3.41960273972603,741.09,703.063333333333,4.01979452054795
"39","spruceT9P10ESH",2018,39,0.32175,3.41960273972603,741.09,703.063333333333,4.01979452054795
"40","spruceT9P10ESH",2018,40,0.32185,3.41960273972603,741.09,703.063333333333,4.01979452054795
"41","spruceT9P10ESH",2018,41,0.32199,3.41960273972603,741.09,703.063333333333,4.01979452054795
"42","spruceT9P10ESH",2018,42,0.32218,3.41960273972603,741.09,703.063333333333,4.01979452054795
"43","spruceT9P10ESH",2018,43,0.32253,3.41960273972603,741.09,703.063333333333,4.01979452054795
"44","spruceT9P10ESH",2018,44,0.323,3.41960273972603,741.09,703.063333333333,4.01979452054795
"45","spruceT9P10ESH",2018,45,0.32337,3.41960273972603,741.09,703.063333333333,4.01979452054795
"46","spruceT9P10ESH",2018,46,0.32375,3.41960273972603,741.09,703.063333333333,4.01979452054795
"47","spruceT9P10ESH",2018,47,0.32424,3.41960273972603,741.09,703.063333333333,4.01979452054795
"48","spruceT9P10ESH",2018,48,0.32456,3.41960273972603,741.09,703.063333333333,4.01979452054795
"49","spruceT9P10ESH",2018,49,0.32472,3.41960273972603,741.09,703.063333333333,4.01979452054795
"50","spruceT9P10ESH",2018,50,0.32487,3.41960273972603,741.09,703.063333333333,4.01979452054795
"51","spruceT9P10ESH",2018,51,0.32491,3.41960273972603,741.09,703.063333333333,4.01979452054795
"52","spruceT9P10ESH",2018,52,0.32476,3.41960273972603,741.09,703.063333333333,4.01979452054795
"53","spruceT9P10ESH",2018,53,0.3245,3.41960273972603,741.09,703.063333333333,4.01979452054795
"54","spruceT9P10ESH",2018,54,0.32423,3.41960273972603,741.09,703.063333333333,4.01979452054795
"55","spruceT9P10ESH",2018,55,0.32383,3.41960273972603,741.09,703.063333333333,4.01979452054795
"56","spruceT9P10ESH",2018,56,0.32327,3.41960273972603,741.09,703.063333333333,4.01979452054795
"57","spruceT9P10ESH",2018,57,0.3228,3.41960273972603,741.09,703.063333333333,4.01979452054795
"58","spruceT9P10ESH",2018,58,0.32242,3.41960273972603,741.09,703.063333333333,4.01979452054795
"59","spruceT9P10ESH",2018,59,0.32197,3.41960273972603,741.09,703.063333333333,4.01979452054795
"60","spruceT9P10ESH",2018,60,0.32152,3.41960273972603,741.09,703.063333333333,4.01979452054795
"61","spruceT9P10ESH",2018,61,0.32112,3.41960273972603,741.09,703.063333333333,4.01979452054795
"62","spruceT9P10ESH",2018,62,0.3208,3.41960273972603,741.09,703.063333333333,4.01979452054795
"63","spruceT9P10ESH",2018,63,0.32058,3.41960273972603,741.09,703.063333333333,4.01979452054795
"64","spruceT9P10ESH",2018,64,0.32039,3.41960273972603,741.09,703.063333333333,4.01979452054795
"65","spruceT9P10ESH",2018,65,0.32022,3.41960273972603,741.09,703.063333333333,4.01979452054795
"66","spruceT9P10ESH",2018,66,0.32013,3.41960273972603,741.09,703.063333333333,4.01979452054795
"67","spruceT9P10ESH",2018,67,0.32012,3.41960273972603,741.09,703.063333333333,4.01979452054795
"68","spruceT9P10ESH",2018,68,0.32006,3.41960273972603,741.09,703.063333333333,4.01979452054795
"69","spruceT9P10ESH",2018,69,0.31997,3.41960273972603,741.09,703.063333333333,4.01979452054795
"70","spruceT9P10ESH",2018,70,0.31992,3.41960273972603,741.09,703.063333333333,4.01979452054795
"71","spruceT9P10ESH",2018,71,0.31982,3.41960273972603,741.09,703.063333333333,4.01979452054795
"72","spruceT9P10ESH",2018,72,0.31969,3.41960273972603,741.09,703.063333333333,4.01979452054795
"73","spruceT9P10ESH",2018,73,0.31956,3.41960273972603,741.09,703.063333333333,4.01979452054795
"74","spruceT9P10ESH",2018,74,0.31939,3.41960273972603,741.09,703.063333333333,4.01979452054795
"75","spruceT9P10ESH",2018,75,0.31913,3.41960273972603,741.09,703.063333333333,4.01979452054795
"76","spruceT9P10ESH",2018,76,0.31881,3.41960273972603,741.09,703.063333333333,4.01979452054795
"77","spruceT9P10ESH",2018,77,0.31851,3.41960273972603,741.09,703.063333333333,4.01979452054795
"78","spruceT9P10ESH",2018,78,0.31814,3.41960273972603,741.09,703.063333333333,4.01979452054795
"79","spruceT9P10ESH",2018,79,0.31768,3.41960273972603,741.09,703.063333333333,4.01979452054795
"80","spruceT9P10ESH",2018,80,0.31732,3.41960273972603,741.09,703.063333333333,4.01979452054795
"81","spruceT9P10ESH",2018,81,0.31708,3.41960273972603,741.09,703.063333333333,4.01979452054795
"82","spruceT9P10ESH",2018,82,0.31688,3.41960273972603,741.09,703.063333333333,4.01979452054795
"83","spruceT9P10ESH",2018,83,0.3167,3.41960273972603,741.09,703.063333333333,4.01979452054795
"84","spruceT9P10ESH",2018,84,0.31652,3.41960273972603,741.09,703.063333333333,4.01979452054795
"85","spruceT9P10ESH",2018,85,0.31632,3.41960273972603,741.09,703.063333333333,4.01979452054795
"86","spruceT9P10ESH",2018,86,0.31613,3.41960273972603,741.09,703.063333333333,4.01979452054795
"87","spruceT9P10ESH",2018,87,0.31594,3.41960273972603,741.09,703.063333333333,4.01979452054795
"88","spruceT9P10ESH",2018,88,0.31577,3.41960273972603,741.09,703.063333333333,4.01979452054795
"89","spruceT9P10ESH",2018,89,0.31562,3.41960273972603,741.09,703.063333333333,4.01979452054795
"90","spruceT9P10ESH",2018,90,0.31549,3.41960273972603,741.09,703.063333333333,4.01979452054795
"91","spruceT9P10ESH",2018,91,0.31537,3.41960273972603,741.09,703.063333333333,4.01979452054795
"92","spruceT9P10ESH",2018,92,0.31531,3.41960273972603,741.09,703.063333333333,4.01979452054795
"93","spruceT9P10ESH",2018,93,0.31529,3.41960273972603,741.09,703.063333333333,4.01979452054795
"94","spruceT9P10ESH",2018,94,0.31521,3.41960273972603,741.09,703.063333333333,4.01979452054795
"95","spruceT9P10ESH",2018,95,0.31493,3.41960273972603,741.09,703.063333333333,4.01979452054795
"96","spruceT9P10ESH",2018,96,0.31454,3.41960273972603,741.09,703.063333333333,4.01979452054795
"97","spruceT9P10ESH",2018,97,0.3143,3.41960273972603,741.09,703.063333333333,4.01979452054795
"98","spruceT9P10ESH",2018,98,0.31418,3.41960273972603,741.09,703.063333333333,4.01979452054795
"99","spruceT9P10ESH",2018,99,0.31407,3.41960273972603,741.09,703.063333333333,4.01979452054795
"100","spruceT9P10ESH",2018,100,0.31405,3.41960273972603,741.09,703.063333333333,4.01979452054795
"101","spruceT9P10ESH",2018,101,0.31419,3.41960273972603,741.09,703.063333333333,4.01979452054795
"102","spruceT9P10ESH",2018,102,0.31444,3.41960273972603,741.09,703.063333333333,4.01979452054795
"103","spruceT9P10ESH",2018,103,0.31463,3.41960273972603,741.09,703.063333333333,4.01979452054795
"104","spruceT9P10ESH",2018,104,0.31484,3.41960273972603,741.09,703.063333333333,4.01979452054795
"105","spruceT9P10ESH",2018,105,0.31514,3.41960273972603,741.09,703.063333333333,4.01979452054795
"106","spruceT9P10ESH",2018,106,0.31546,3.41960273972603,741.09,703.063333333333,4.01979452054795
"107","spruceT9P10ESH",2018,107,0.31573,3.41960273972603,741.09,703.063333333333,4.01979452054795
"108","spruceT9P10ESH",2018,108,0.31587,3.41960273972603,741.09,703.063333333333,4.01979452054795
"109","spruceT9P10ESH",2018,109,0.316,3.41960273972603,741.09,703.063333333333,4.01979452054795
"110","spruceT9P10ESH",2018,110,0.31616,3.41960273972603,741.09,703.063333333333,4.01979452054795
"111","spruceT9P10ESH",2018,111,0.31619,3.41960273972603,741.09,703.063333333333,4.01979452054795
"112","spruceT9P10ESH",2018,112,0.31592,3.41960273972603,741.09,703.063333333333,4.01979452054795
"113","spruceT9P10ESH",2018,113,0.31546,3.41960273972603,741.09,703.063333333333,4.01979452054795
"114","spruceT9P10ESH",2018,114,0.3151,3.41960273972603,741.09,703.063333333333,4.01979452054795
"115","spruceT9P10ESH",2018,115,0.31469,3.41960273972603,741.09,703.063333333333,4.01979452054795
"116","spruceT9P10ESH",2018,116,0.31413,3.41960273972603,741.09,703.063333333333,4.01979452054795
"117","spruceT9P10ESH",2018,117,0.31372,3.41960273972603,741.09,703.063333333333,4.01979452054795
"118","spruceT9P10ESH",2018,118,0.31352,3.41960273972603,741.09,703.063333333333,4.01979452054795
"119","spruceT9P10ESH",2018,119,0.31334,3.41960273972603,741.09,703.063333333333,4.01979452054795
"120","spruceT9P10ESH",2018,120,0.3132,3.41960273972603,741.09,703.063333333333,4.01979452054795
"121","spruceT9P10ESH",2018,121,0.31305,3.41960273972603,741.09,703.063333333333,4.01979452054795
"122","spruceT9P10ESH",2018,122,0.3129,3.41960273972603,741.09,703.063333333333,4.01979452054795
"123","spruceT9P10ESH",2018,123,0.31288,3.41960273972603,741.09,703.063333333333,4.01979452054795
"124","spruceT9P10ESH",2018,124,0.31291,3.41960273972603,741.09,703.063333333333,4.01979452054795
"125","spruceT9P10ESH",2018,125,0.31295,3.41960273972603,741.09,703.063333333333,4.01979452054795
"126","spruceT9P10ESH",2018,126,0.31317,3.41960273972603,741.09,703.063333333333,4.01979452054795
"127","spruceT9P10ESH",2018,127,0.31358,3.41960273972603,741.09,703.063333333333,4.01979452054795
"128","spruceT9P10ESH",2018,128,0.31405,3.41960273972603,741.09,703.063333333333,4.01979452054795
"129","spruceT9P10ESH",2018,129,0.31462,3.41960273972603,741.09,703.063333333333,4.01979452054795
"130","spruceT9P10ESH",2018,130,0.31532,3.41960273972603,741.09,703.063333333333,4.01979452054795
"131","spruceT9P10ESH",2018,131,0.3162,3.41960273972603,741.09,703.063333333333,4.01979452054795
"132","spruceT9P10ESH",2018,132,0.31715,3.41960273972603,741.09,703.063333333333,4.01979452054795
"133","spruceT9P10ESH",2018,133,0.31818,3.41960273972603,741.09,703.063333333333,4.01979452054795
"134","spruceT9P10ESH",2018,134,0.31945,3.41960273972603,741.09,703.063333333333,4.01979452054795
"135","spruceT9P10ESH",2018,135,0.32095,3.41960273972603,741.09,703.063333333333,4.01979452054795
"136","spruceT9P10ESH",2018,136,0.32261,3.41960273972603,741.09,703.063333333333,4.01979452054795
"137","spruceT9P10ESH",2018,137,0.32449,3.41960273972603,741.09,703.063333333333,4.01979452054795
"138","spruceT9P10ESH",2018,138,0.32664,3.41960273972603,741.09,703.063333333333,4.01979452054795
"139","spruceT9P10ESH",2018,139,0.32899,3.41960273972603,741.09,703.063333333333,4.01979452054795
"140","spruceT9P10ESH",2018,140,0.33146,3.41960273972603,741.09,703.063333333333,4.01979452054795
"141","spruceT9P10ESH",2018,141,0.33414,3.41960273972603,741.09,703.063333333333,4.01979452054795
"142","spruceT9P10ESH",2018,142,0.33705,3.41960273972603,741.09,703.063333333333,4.01979452054795
"143","spruceT9P10ESH",2018,143,0.33999,3.41960273972603,741.09,703.063333333333,4.01979452054795
"144","spruceT9P10ESH",2018,144,0.3433,3.41960273972603,741.09,703.063333333333,4.01979452054795
"145","spruceT9P10ESH",2018,145,0.34699,3.41960273972603,741.09,703.063333333333,4.01979452054795
"146","spruceT9P10ESH",2018,146,0.35032,3.41960273972603,741.09,703.063333333333,4.01979452054795
"147","spruceT9P10ESH",2018,147,0.35347,3.41960273972603,741.09,703.063333333333,4.01979452054795
"148","spruceT9P10ESH",2018,148,0.35677,3.41960273972603,741.09,703.063333333333,4.01979452054795
"149","spruceT9P10ESH",2018,149,0.35973,3.41960273972603,741.09,703.063333333333,4.01979452054795
"150","spruceT9P10ESH",2018,150,0.36229,3.41960273972603,741.09,703.063333333333,4.01979452054795
"151","spruceT9P10ESH",2018,151,0.36472,3.41960273972603,741.09,703.063333333333,4.01979452054795
"152","spruceT9P10ESH",2018,152,0.367,3.41960273972603,741.09,703.063333333333,4.01979452054795
"153","spruceT9P10ESH",2018,153,0.36912,3.41960273972603,741.09,703.063333333333,4.01979452054795
"154","spruceT9P10ESH",2018,154,0.37105,3.41960273972603,741.09,703.063333333333,4.01979452054795
"155","spruceT9P10ESH",2018,155,0.37264,3.41960273972603,741.09,703.063333333333,4.01979452054795
"156","spruceT9P10ESH",2018,156,0.37395,3.41960273972603,741.09,703.063333333333,4.01979452054795
"157","spruceT9P10ESH",2018,157,0.37529,3.41960273972603,741.09,703.063333333333,4.01979452054795
"158","spruceT9P10ESH",2018,158,0.37659,3.41960273972603,741.09,703.063333333333,4.01979452054795
"159","spruceT9P10ESH",2018,159,0.3777,3.41960273972603,741.09,703.063333333333,4.01979452054795
"160","spruceT9P10ESH",2018,160,0.37883,3.41960273972603,741.09,703.063333333333,4.01979452054795
"161","spruceT9P10ESH",2018,161,0.37995,3.41960273972603,741.09,703.063333333333,4.01979452054795
"162","spruceT9P10ESH",2018,162,0.38098,3.41960273972603,741.09,703.063333333333,4.01979452054795
"163","spruceT9P10ESH",2018,163,0.38195,3.41960273972603,741.09,703.063333333333,4.01979452054795
"164","spruceT9P10ESH",2018,164,0.38283,3.41960273972603,741.09,703.063333333333,4.01979452054795
"165","spruceT9P10ESH",2018,165,0.3836,3.41960273972603,741.09,703.063333333333,4.01979452054795
"166","spruceT9P10ESH",2018,166,0.38437,3.41960273972603,741.09,703.063333333333,4.01979452054795
"167","spruceT9P10ESH",2018,167,0.38506,3.41960273972603,741.09,703.063333333333,4.01979452054795
"168","spruceT9P10ESH",2018,168,0.38567,3.41960273972603,741.09,703.063333333333,4.01979452054795
"169","spruceT9P10ESH",2018,169,0.38635,3.41960273972603,741.09,703.063333333333,4.01979452054795
"170","spruceT9P10ESH",2018,170,0.38712,3.41960273972603,741.09,703.063333333333,4.01979452054795
"171","spruceT9P10ESH",2018,171,0.38788,3.41960273972603,741.09,703.063333333333,4.01979452054795
"172","spruceT9P10ESH",2018,172,0.38866,3.41960273972603,741.09,703.063333333333,4.01979452054795
"173","spruceT9P10ESH",2018,173,0.38951,3.41960273972603,741.09,703.063333333333,4.01979452054795
"174","spruceT9P10ESH",2018,174,0.3904,3.41960273972603,741.09,703.063333333333,4.01979452054795
"175","spruceT9P10ESH",2018,175,0.39129,3.41960273972603,741.09,703.063333333333,4.01979452054795
"176","spruceT9P10ESH",2018,176,0.39215,3.41960273972603,741.09,703.063333333333,4.01979452054795
"177","spruceT9P10ESH",2018,177,0.39291,3.41960273972603,741.09,703.063333333333,4.01979452054795
"178","spruceT9P10ESH",2018,178,0.39375,3.41960273972603,741.09,703.063333333333,4.01979452054795
"179","spruceT9P10ESH",2018,179,0.39469,3.41960273972603,741.09,703.063333333333,4.01979452054795
"180","spruceT9P10ESH",2018,180,0.39544,3.41960273972603,741.09,703.063333333333,4.01979452054795
"181","spruceT9P10ESH",2018,181,0.39588,3.41960273972603,741.09,703.063333333333,4.01979452054795
"182","spruceT9P10ESH",2018,182,0.39621,3.41960273972603,741.09,703.063333333333,4.01979452054795
"183","spruceT9P10ESH",2018,183,0.39654,3.41960273972603,741.09,703.063333333333,4.01979452054795
"184","spruceT9P10ESH",2018,184,0.39675,3.41960273972603,741.09,703.063333333333,4.01979452054795
"185","spruceT9P10ESH",2018,185,0.3968,3.41960273972603,741.09,703.063333333333,4.01979452054795
"186","spruceT9P10ESH",2018,186,0.39693,3.41960273972603,741.09,703.063333333333,4.01979452054795
"187","spruceT9P10ESH",2018,187,0.39717,3.41960273972603,741.09,703.063333333333,4.01979452054795
"188","spruceT9P10ESH",2018,188,0.39736,3.41960273972603,741.09,703.063333333333,4.01979452054795
"189","spruceT9P10ESH",2018,189,0.39754,3.41960273972603,741.09,703.063333333333,4.01979452054795
"190","spruceT9P10ESH",2018,190,0.39768,3.41960273972603,741.09,703.063333333333,4.01979452054795
"191","spruceT9P10ESH",2018,191,0.39778,3.41960273972603,741.09,703.063333333333,4.01979452054795
"192","spruceT9P10ESH",2018,192,0.39795,3.41960273972603,741.09,703.063333333333,4.01979452054795
"193","spruceT9P10ESH",2018,193,0.39819,3.41960273972603,741.09,703.063333333333,4.01979452054795
"194","spruceT9P10ESH",2018,194,0.39847,3.41960273972603,741.09,703.063333333333,4.01979452054795
"195","spruceT9P10ESH",2018,195,0.39877,3.41960273972603,741.09,703.063333333333,4.01979452054795
"196","spruceT9P10ESH",2018,196,0.3991,3.41960273972603,741.09,703.063333333333,4.01979452054795
"197","spruceT9P10ESH",2018,197,0.39947,3.41960273972603,741.09,703.063333333333,4.01979452054795
"198","spruceT9P10ESH",2018,198,0.39985,3.41960273972603,741.09,703.063333333333,4.01979452054795
"199","spruceT9P10ESH",2018,199,0.40019,3.41960273972603,741.09,703.063333333333,4.01979452054795
"200","spruceT9P10ESH",2018,200,0.40048,3.41960273972603,741.09,703.063333333333,4.01979452054795
"201","spruceT9P10ESH",2018,201,0.4008,3.41960273972603,741.09,703.063333333333,4.01979452054795
"202","spruceT9P10ESH",2018,202,0.40116,3.41960273972603,741.09,703.063333333333,4.01979452054795
"203","spruceT9P10ESH",2018,203,0.40143,3.41960273972603,741.09,703.063333333333,4.01979452054795
"204","spruceT9P10ESH",2018,204,0.40165,3.41960273972603,741.09,703.063333333333,4.01979452054795
"205","spruceT9P10ESH",2018,205,0.4019,3.41960273972603,741.09,703.063333333333,4.01979452054795
"206","spruceT9P10ESH",2018,206,0.40207,3.41960273972603,741.09,703.063333333333,4.01979452054795
"207","spruceT9P10ESH",2018,207,0.40204,3.41960273972603,741.09,703.063333333333,4.01979452054795
"208","spruceT9P10ESH",2018,208,0.4019,3.41960273972603,741.09,703.063333333333,4.01979452054795
"209","spruceT9P10ESH",2018,209,0.40179,3.41960273972603,741.09,703.063333333333,4.01979452054795
"210","spruceT9P10ESH",2018,210,0.40167,3.41960273972603,741.09,703.063333333333,4.01979452054795
"211","spruceT9P10ESH",2018,211,0.40148,3.41960273972603,741.09,703.063333333333,4.01979452054795
"212","spruceT9P10ESH",2018,212,0.40131,3.41960273972603,741.09,703.063333333333,4.01979452054795
"213","spruceT9P10ESH",2018,213,0.4013,3.41960273972603,741.09,703.063333333333,4.01979452054795
"214","spruceT9P10ESH",2018,214,0.40136,3.41960273972603,741.09,703.063333333333,4.01979452054795
"215","spruceT9P10ESH",2018,215,0.40129,3.41960273972603,741.09,703.063333333333,4.01979452054795
"216","spruceT9P10ESH",2018,216,0.40112,3.41960273972603,741.09,703.063333333333,4.01979452054795
"217","spruceT9P10ESH",2018,217,0.40095,3.41960273972603,741.09,703.063333333333,4.01979452054795
"218","spruceT9P10ESH",2018,218,0.40065,3.41960273972603,741.09,703.063333333333,4.01979452054795
"219","spruceT9P10ESH",2018,219,0.40014,3.41960273972603,741.09,703.063333333333,4.01979452054795
"220","spruceT9P10ESH",2018,220,0.39945,3.41960273972603,741.09,703.063333333333,4.01979452054795
"221","spruceT9P10ESH",2018,221,0.39868,3.41960273972603,741.09,703.063333333333,4.01979452054795
"222","spruceT9P10ESH",2018,222,0.39792,3.41960273972603,741.09,703.063333333333,4.01979452054795
"223","spruceT9P10ESH",2018,223,0.39726,3.41960273972603,741.09,703.063333333333,4.01979452054795
"224","spruceT9P10ESH",2018,224,0.39643,3.41960273972603,741.09,703.063333333333,4.01979452054795
"225","spruceT9P10ESH",2018,225,0.3954,3.41960273972603,741.09,703.063333333333,4.01979452054795
"226","spruceT9P10ESH",2018,226,0.39464,3.41960273972603,741.09,703.063333333333,4.01979452054795
"227","spruceT9P10ESH",2018,227,0.39424,3.41960273972603,741.09,703.063333333333,4.01979452054795
"228","spruceT9P10ESH",2018,228,0.39392,3.41960273972603,741.09,703.063333333333,4.01979452054795
"229","spruceT9P10ESH",2018,229,0.39366,3.41960273972603,741.09,703.063333333333,4.01979452054795
"230","spruceT9P10ESH",2018,230,0.39363,3.41960273972603,741.09,703.063333333333,4.01979452054795
"231","spruceT9P10ESH",2018,231,0.3938,3.41960273972603,741.09,703.063333333333,4.01979452054795
"232","spruceT9P10ESH",2018,232,0.39386,3.41960273972603,741.09,703.063333333333,4.01979452054795
"233","spruceT9P10ESH",2018,233,0.39392,3.41960273972603,741.09,703.063333333333,4.01979452054795
"234","spruceT9P10ESH",2018,234,0.39412,3.41960273972603,741.09,703.063333333333,4.01979452054795
"235","spruceT9P10ESH",2018,235,0.39418,3.41960273972603,741.09,703.063333333333,4.01979452054795
"236","spruceT9P10ESH",2018,236,0.39413,3.41960273972603,741.09,703.063333333333,4.01979452054795
"237","spruceT9P10ESH",2018,237,0.39408,3.41960273972603,741.09,703.063333333333,4.01979452054795
"238","spruceT9P10ESH",2018,238,0.3939,3.41960273972603,741.09,703.063333333333,4.01979452054795
"239","spruceT9P10ESH",2018,239,0.3936,3.41960273972603,741.09,703.063333333333,4.01979452054795
"240","spruceT9P10ESH",2018,240,0.39322,3.41960273972603,741.09,703.063333333333,4.01979452054795
"241","spruceT9P10ESH",2018,241,0.39275,3.41960273972603,741.09,703.063333333333,4.01979452054795
"242","spruceT9P10ESH",2018,242,0.39206,3.41960273972603,741.09,703.063333333333,4.01979452054795
"243","spruceT9P10ESH",2018,243,0.39117,3.41960273972603,741.09,703.063333333333,4.01979452054795
"244","spruceT9P10ESH",2018,244,0.39019,3.41960273972603,741.09,703.063333333333,4.01979452054795
"245","spruceT9P10ESH",2018,245,0.38924,3.41960273972603,741.09,703.063333333333,4.01979452054795
"246","spruceT9P10ESH",2018,246,0.38846,3.41960273972603,741.09,703.063333333333,4.01979452054795
"247","spruceT9P10ESH",2018,247,0.38781,3.41960273972603,741.09,703.063333333333,4.01979452054795
"248","spruceT9P10ESH",2018,248,0.38718,3.41960273972603,741.09,703.063333333333,4.01979452054795
"249","spruceT9P10ESH",2018,249,0.38656,3.41960273972603,741.09,703.063333333333,4.01979452054795
"250","spruceT9P10ESH",2018,250,0.38595,3.41960273972603,741.09,703.063333333333,4.01979452054795
"251","spruceT9P10ESH",2018,251,0.38535,3.41960273972603,741.09,703.063333333333,4.01979452054795
"252","spruceT9P10ESH",2018,252,0.38474,3.41960273972603,741.09,703.063333333333,4.01979452054795
"253","spruceT9P10ESH",2018,253,0.38415,3.41960273972603,741.09,703.063333333333,4.01979452054795
"254","spruceT9P10ESH",2018,254,0.38358,3.41960273972603,741.09,703.063333333333,4.01979452054795
"255","spruceT9P10ESH",2018,255,0.38303,3.41960273972603,741.09,703.063333333333,4.01979452054795
"256","spruceT9P10ESH",2018,256,0.38251,3.41960273972603,741.09,703.063333333333,4.01979452054795
"257","spruceT9P10ESH",2018,257,0.38205,3.41960273972603,741.09,703.063333333333,4.01979452054795
"258","spruceT9P10ESH",2018,258,0.38157,3.41960273972603,741.09,703.063333333333,4.01979452054795
"259","spruceT9P10ESH",2018,259,0.38102,3.41960273972603,741.09,703.063333333333,4.01979452054795
"260","spruceT9P10ESH",2018,260,0.38043,3.41960273972603,741.09,703.063333333333,4.01979452054795
"261","spruceT9P10ESH",2018,261,0.37985,3.41960273972603,741.09,703.063333333333,4.01979452054795
"262","spruceT9P10ESH",2018,262,0.37931,3.41960273972603,741.09,703.063333333333,4.01979452054795
"263","spruceT9P10ESH",2018,263,0.37877,3.41960273972603,741.09,703.063333333333,4.01979452054795
"264","spruceT9P10ESH",2018,264,0.37821,3.41960273972603,741.09,703.063333333333,4.01979452054795
"265","spruceT9P10ESH",2018,265,0.37765,3.41960273972603,741.09,703.063333333333,4.01979452054795
"266","spruceT9P10ESH",2018,266,0.3771,3.41960273972603,741.09,703.063333333333,4.01979452054795
"267","spruceT9P10ESH",2018,267,0.37658,3.41960273972603,741.09,703.063333333333,4.01979452054795
"268","spruceT9P10ESH",2018,268,0.37605,3.41960273972603,741.09,703.063333333333,4.01979452054795
"269","spruceT9P10ESH",2018,269,0.37552,3.41960273972603,741.09,703.063333333333,4.01979452054795
"270","spruceT9P10ESH",2018,270,0.37502,3.41960273972603,741.09,703.063333333333,4.01979452054795
"271","spruceT9P10ESH",2018,271,0.37451,3.41960273972603,741.09,703.063333333333,4.01979452054795
"272","spruceT9P10ESH",2018,272,0.37396,3.41960273972603,741.09,703.063333333333,4.01979452054795
"273","spruceT9P10ESH",2018,273,0.37347,3.41960273972603,741.09,703.063333333333,4.01979452054795
"274","spruceT9P10ESH",2018,274,0.37315,3.41960273972603,741.09,703.063333333333,4.01979452054795
"275","spruceT9P10ESH",2018,275,0.37292,3.41960273972603,741.09,703.063333333333,4.01979452054795
"276","spruceT9P10ESH",2018,276,0.37261,3.41960273972603,741.09,703.063333333333,4.01979452054795
"277","spruceT9P10ESH",2018,277,0.37234,3.41960273972603,741.09,703.063333333333,4.01979452054795
"278","spruceT9P10ESH",2018,278,0.37219,3.41960273972603,741.09,703.063333333333,4.01979452054795
"279","spruceT9P10ESH",2018,279,0.37188,3.41960273972603,741.09,703.063333333333,4.01979452054795
"280","spruceT9P10ESH",2018,280,0.3714,3.41960273972603,741.09,703.063333333333,4.01979452054795
"281","spruceT9P10ESH",2018,281,0.37089,3.41960273972603,741.09,703.063333333333,4.01979452054795
"282","spruceT9P10ESH",2018,282,0.3703,3.41960273972603,741.09,703.063333333333,4.01979452054795
"283","spruceT9P10ESH",2018,283,0.36955,3.41960273972603,741.09,703.063333333333,4.01979452054795
"284","spruceT9P10ESH",2018,284,0.36868,3.41960273972603,741.09,703.063333333333,4.01979452054795
"285","spruceT9P10ESH",2018,285,0.3678,3.41960273972603,741.09,703.063333333333,4.01979452054795
"286","spruceT9P10ESH",2018,286,0.36684,3.41960273972603,741.09,703.063333333333,4.01979452054795
"287","spruceT9P10ESH",2018,287,0.36576,3.41960273972603,741.09,703.063333333333,4.01979452054795
"288","spruceT9P10ESH",2018,288,0.36474,3.41960273972603,741.09,703.063333333333,4.01979452054795
"289","spruceT9P10ESH",2018,289,0.36371,3.41960273972603,741.09,703.063333333333,4.01979452054795
"290","spruceT9P10ESH",2018,290,0.36256,3.41960273972603,741.09,703.063333333333,4.01979452054795
"291","spruceT9P10ESH",2018,291,0.3614,3.41960273972603,741.09,703.063333333333,4.01979452054795
"292","spruceT9P10ESH",2018,292,0.36032,3.41960273972603,741.09,703.063333333333,4.01979452054795
"293","spruceT9P10ESH",2018,293,0.35942,3.41960273972603,741.09,703.063333333333,4.01979452054795
"294","spruceT9P10ESH",2018,294,0.35864,3.41960273972603,741.09,703.063333333333,4.01979452054795
"295","spruceT9P10ESH",2018,295,0.3579,3.41960273972603,741.09,703.063333333333,4.01979452054795
"296","spruceT9P10ESH",2018,296,0.35725,3.41960273972603,741.09,703.063333333333,4.01979452054795
"297","spruceT9P10ESH",2018,297,0.35681,3.41960273972603,741.09,703.063333333333,4.01979452054795
"298","spruceT9P10ESH",2018,298,0.35653,3.41960273972603,741.09,703.063333333333,4.01979452054795
"299","spruceT9P10ESH",2018,299,0.35619,3.41960273972603,741.09,703.063333333333,4.01979452054795
"300","spruceT9P10ESH",2018,300,0.35608,3.41960273972603,741.09,703.063333333333,4.01979452054795
"301","spruceT9P10ESH",2018,301,0.35624,3.41960273972603,741.09,703.063333333333,4.01979452054795
"302","spruceT9P10ESH",2018,302,0.35609,3.41960273972603,741.09,703.063333333333,4.01979452054795
"303","spruceT9P10ESH",2018,303,0.35577,3.41960273972603,741.09,703.063333333333,4.01979452054795
"304","spruceT9P10ESH",2018,304,0.35555,3.41960273972603,741.09,703.063333333333,4.01979452054795
"305","spruceT9P10ESH",2018,305,0.35501,3.41960273972603,741.09,703.063333333333,4.01979452054795
"306","spruceT9P10ESH",2018,306,0.35395,3.41960273972603,741.09,703.063333333333,4.01979452054795
"307","spruceT9P10ESH",2018,307,0.35264,3.41960273972603,741.09,703.063333333333,4.01979452054795
"308","spruceT9P10ESH",2018,308,0.35134,3.41960273972603,741.09,703.063333333333,4.01979452054795
"309","spruceT9P10ESH",2018,309,0.34976,3.41960273972603,741.09,703.063333333333,4.01979452054795
"310","spruceT9P10ESH",2018,310,0.34786,3.41960273972603,741.09,703.063333333333,4.01979452054795
"311","spruceT9P10ESH",2018,311,0.34617,3.41960273972603,741.09,703.063333333333,4.01979452054795
"312","spruceT9P10ESH",2018,312,0.34464,3.41960273972603,741.09,703.063333333333,4.01979452054795
"313","spruceT9P10ESH",2018,313,0.34293,3.41960273972603,741.09,703.063333333333,4.01979452054795
"314","spruceT9P10ESH",2018,314,0.3412,3.41960273972603,741.09,703.063333333333,4.01979452054795
"315","spruceT9P10ESH",2018,315,0.33958,3.41960273972603,741.09,703.063333333333,4.01979452054795
"316","spruceT9P10ESH",2018,316,0.33823,3.41960273972603,741.09,703.063333333333,4.01979452054795
"317","spruceT9P10ESH",2018,317,0.33714,3.41960273972603,741.09,703.063333333333,4.01979452054795
"318","spruceT9P10ESH",2018,318,0.33619,3.41960273972603,741.09,703.063333333333,4.01979452054795
"319","spruceT9P10ESH",2018,319,0.33532,3.41960273972603,741.09,703.063333333333,4.01979452054795
"320","spruceT9P10ESH",2018,320,0.33469,3.41960273972603,741.09,703.063333333333,4.01979452054795
"321","spruceT9P10ESH",2018,321,0.33427,3.41960273972603,741.09,703.063333333333,4.01979452054795
"322","spruceT9P10ESH",2018,322,0.3338,3.41960273972603,741.09,703.063333333333,4.01979452054795
"323","spruceT9P10ESH",2018,323,0.33325,3.41960273972603,741.09,703.063333333333,4.01979452054795
"324","spruceT9P10ESH",2018,324,0.33276,3.41960273972603,741.09,703.063333333333,4.01979452054795
"325","spruceT9P10ESH",2018,325,0.3323,3.41960273972603,741.09,703.063333333333,4.01979452054795
"326","spruceT9P10ESH",2018,326,0.33187,3.41960273972603,741.09,703.063333333333,4.01979452054795
"327","spruceT9P10ESH",2018,327,0.3315,3.41960273972603,741.09,703.063333333333,4.01979452054795
"328","spruceT9P10ESH",2018,328,0.33115,3.41960273972603,741.09,703.063333333333,4.01979452054795
"329","spruceT9P10ESH",2018,329,0.33094,3.41960273972603,741.09,703.063333333333,4.01979452054795
"330","spruceT9P10ESH",2018,330,0.33083,3.41960273972603,741.09,703.063333333333,4.01979452054795
"331","spruceT9P10ESH",2018,331,0.33066,3.41960273972603,741.09,703.063333333333,4.01979452054795
"332","spruceT9P10ESH",2018,332,0.33041,3.41960273972603,741.09,703.063333333333,4.01979452054795
"333","spruceT9P10ESH",2018,333,0.33018,3.41960273972603,741.09,703.063333333333,4.01979452054795
"334","spruceT9P10ESH",2018,334,0.32994,3.41960273972603,741.09,703.063333333333,4.01979452054795
"335","spruceT9P10ESH",2018,335,0.3297,3.41960273972603,741.09,703.063333333333,4.01979452054795
"336","spruceT9P10ESH",2018,336,0.32945,3.41960273972603,741.09,703.063333333333,4.01979452054795
"337","spruceT9P10ESH",2018,337,0.32921,3.41960273972603,741.09,703.063333333333,4.01979452054795
"338","spruceT9P10ESH",2018,338,0.32899,3.41960273972603,741.09,703.063333333333,4.01979452054795
"339","spruceT9P10ESH",2018,339,0.32881,3.41960273972603,741.09,703.063333333333,4.01979452054795
"340","spruceT9P10ESH",2018,340,0.32862,3.41960273972603,741.09,703.063333333333,4.01979452054795
"341","spruceT9P10ESH",2018,341,0.32843,3.41960273972603,741.09,703.063333333333,4.01979452054795
"342","spruceT9P10ESH",2018,342,0.32828,3.41960273972603,741.09,703.063333333333,4.01979452054795
"343","spruceT9P10ESH",2018,343,0.32823,3.41960273972603,741.09,703.063333333333,4.01979452054795
"344","spruceT9P10ESH",2018,344,0.32823,3.41960273972603,741.09,703.063333333333,4.01979452054795
"345","spruceT9P10ESH",2018,345,0.3282,3.41960273972603,741.09,703.063333333333,4.01979452054795
"346","spruceT9P10ESH",2018,346,0.32821,3.41960273972603,741.09,703.063333333333,4.01979452054795
"347","spruceT9P10ESH",2018,347,0.3283,3.41960273972603,741.09,703.063333333333,4.01979452054795
"348","spruceT9P10ESH",2018,348,0.32828,3.41960273972603,741.09,703.063333333333,4.01979452054795
"349","spruceT9P10ESH",2018,349,0.32818,3.41960273972603,741.09,703.063333333333,4.01979452054795
"350","spruceT9P10ESH",2018,350,0.32809,3.41960273972603,741.09,703.063333333333,4.01979452054795
"351","spruceT9P10ESH",2018,351,0.32792,3.41960273972603,741.09,703.063333333333,4.01979452054795
"352","spruceT9P10ESH",2018,352,0.3276,3.41960273972603,741.09,703.063333333333,4.01979452054795
"353","spruceT9P10ESH",2018,353,0.32721,3.41960273972603,741.09,703.063333333333,4.01979452054795
"354","spruceT9P10ESH",2018,354,0.32682,3.41960273972603,741.09,703.063333333333,4.01979452054795
"355","spruceT9P10ESH",2018,355,0.32633,3.41960273972603,741.09,703.063333333333,4.01979452054795
"356","spruceT9P10ESH",2018,356,0.32572,3.41960273972603,741.09,703.063333333333,4.01979452054795
"357","spruceT9P10ESH",2018,357,0.32522,3.41960273972603,741.09,703.063333333333,4.01979452054795
"358","spruceT9P10ESH",2018,358,0.3248,3.41960273972603,741.09,703.063333333333,4.01979452054795
"359","spruceT9P10ESH",2018,359,0.32434,3.41960273972603,741.09,703.063333333333,4.01979452054795
"360","spruceT9P10ESH",2018,360,0.32389,3.41960273972603,741.09,703.063333333333,4.01979452054795
"361","spruceT9P10ESH",2018,361,0.32352,3.41960273972603,741.09,703.063333333333,4.01979452054795
"362","spruceT9P10ESH",2018,362,0.32328,3.41960273972603,741.09,703.063333333333,4.01979452054795
"363","spruceT9P10ESH",2018,363,0.32322,3.41960273972603,741.09,703.063333333333,4.01979452054795
"364","spruceT9P10ESH",2018,364,0.32328,3.41960273972603,741.09,703.063333333333,4.01979452054795
"365","spruceT9P10ESH",2018,365,0.32331,3.41960273972603,741.09,703.063333333333,4.01979452054795
"366","spruceT9P10ESH",2019,1,0.32338,2.69364383561644,763.42,703.063333333333,4.01979452054795
"367","spruceT9P10ESH",2019,2,0.32357,2.69364383561644,763.42,703.063333333333,4.01979452054795
"368","spruceT9P10ESH",2019,3,0.32369,2.69364383561644,763.42,703.063333333333,4.01979452054795
"369","spruceT9P10ESH",2019,4,0.32381,2.69364383561644,763.42,703.063333333333,4.01979452054795
"370","spruceT9P10ESH",2019,5,0.324,2.69364383561644,763.42,703.063333333333,4.01979452054795
"371","spruceT9P10ESH",2019,6,0.32411,2.69364383561644,763.42,703.063333333333,4.01979452054795
"372","spruceT9P10ESH",2019,7,0.32414,2.69364383561644,763.42,703.063333333333,4.01979452054795
"373","spruceT9P10ESH",2019,8,0.32416,2.69364383561644,763.42,703.063333333333,4.01979452054795
"374","spruceT9P10ESH",2019,9,0.32411,2.69364383561644,763.42,703.063333333333,4.01979452054795
"375","spruceT9P10ESH",2019,10,0.32393,2.69364383561644,763.42,703.063333333333,4.01979452054795
"376","spruceT9P10ESH",2019,11,0.32365,2.69364383561644,763.42,703.063333333333,4.01979452054795
"377","spruceT9P10ESH",2019,12,0.3234,2.69364383561644,763.42,703.063333333333,4.01979452054795
"378","spruceT9P10ESH",2019,13,0.32315,2.69364383561644,763.42,703.063333333333,4.01979452054795
"379","spruceT9P10ESH",2019,14,0.32286,2.69364383561644,763.42,703.063333333333,4.01979452054795
"380","spruceT9P10ESH",2019,15,0.32259,2.69364383561644,763.42,703.063333333333,4.01979452054795
"381","spruceT9P10ESH",2019,16,0.32235,2.69364383561644,763.42,703.063333333333,4.01979452054795
"382","spruceT9P10ESH",2019,17,0.32207,2.69364383561644,763.42,703.063333333333,4.01979452054795
"383","spruceT9P10ESH",2019,18,0.32179,2.69364383561644,763.42,703.063333333333,4.01979452054795
"384","spruceT9P10ESH",2019,19,0.32151,2.69364383561644,763.42,703.063333333333,4.01979452054795
"385","spruceT9P10ESH",2019,20,0.32125,2.69364383561644,763.42,703.063333333333,4.01979452054795
"386","spruceT9P10ESH",2019,21,0.32091,2.69364383561644,763.42,703.063333333333,4.01979452054795
"387","spruceT9P10ESH",2019,22,0.32052,2.69364383561644,763.42,703.063333333333,4.01979452054795
"388","spruceT9P10ESH",2019,23,0.32023,2.69364383561644,763.42,703.063333333333,4.01979452054795
"389","spruceT9P10ESH",2019,24,0.32,2.69364383561644,763.42,703.063333333333,4.01979452054795
"390","spruceT9P10ESH",2019,25,0.31976,2.69364383561644,763.42,703.063333333333,4.01979452054795
"391","spruceT9P10ESH",2019,26,0.31965,2.69364383561644,763.42,703.063333333333,4.01979452054795
"392","spruceT9P10ESH",2019,27,0.31965,2.69364383561644,763.42,703.063333333333,4.01979452054795
"393","spruceT9P10ESH",2019,28,0.31969,2.69364383561644,763.42,703.063333333333,4.01979452054795
"394","spruceT9P10ESH",2019,29,0.31982,2.69364383561644,763.42,703.063333333333,4.01979452054795
"395","spruceT9P10ESH",2019,30,0.32012,2.69364383561644,763.42,703.063333333333,4.01979452054795
"396","spruceT9P10ESH",2019,31,0.32057,2.69364383561644,763.42,703.063333333333,4.01979452054795
"397","spruceT9P10ESH",2019,32,0.32096,2.69364383561644,763.42,703.063333333333,4.01979452054795
"398","spruceT9P10ESH",2019,33,0.32145,2.69364383561644,763.42,703.063333333333,4.01979452054795
"399","spruceT9P10ESH",2019,34,0.32213,2.69364383561644,763.42,703.063333333333,4.01979452054795
"400","spruceT9P10ESH",2019,35,0.32263,2.69364383561644,763.42,703.063333333333,4.01979452054795
"401","spruceT9P10ESH",2019,36,0.32303,2.69364383561644,763.42,703.063333333333,4.01979452054795
"402","spruceT9P10ESH",2019,37,0.32349,2.69364383561644,763.42,703.063333333333,4.01979452054795
"403","spruceT9P10ESH",2019,38,0.32377,2.69364383561644,763.42,703.063333333333,4.01979452054795
"404","spruceT9P10ESH",2019,39,0.32374,2.69364383561644,763.42,703.063333333333,4.01979452054795
"405","spruceT9P10ESH",2019,40,0.32351,2.69364383561644,763.42,703.063333333333,4.01979452054795
"406","spruceT9P10ESH",2019,41,0.32317,2.69364383561644,763.42,703.063333333333,4.01979452054795
"407","spruceT9P10ESH",2019,42,0.32284,2.69364383561644,763.42,703.063333333333,4.01979452054795
"408","spruceT9P10ESH",2019,43,0.32261,2.69364383561644,763.42,703.063333333333,4.01979452054795
"409","spruceT9P10ESH",2019,44,0.32242,2.69364383561644,763.42,703.063333333333,4.01979452054795
"410","spruceT9P10ESH",2019,45,0.32216,2.69364383561644,763.42,703.063333333333,4.01979452054795
"411","spruceT9P10ESH",2019,46,0.32196,2.69364383561644,763.42,703.063333333333,4.01979452054795
"412","spruceT9P10ESH",2019,47,0.32187,2.69364383561644,763.42,703.063333333333,4.01979452054795
"413","spruceT9P10ESH",2019,48,0.32181,2.69364383561644,763.42,703.063333333333,4.01979452054795
"414","spruceT9P10ESH",2019,49,0.32172,2.69364383561644,763.42,703.063333333333,4.01979452054795
"415","spruceT9P10ESH",2019,50,0.32165,2.69364383561644,763.42,703.063333333333,4.01979452054795
"416","spruceT9P10ESH",2019,51,0.32162,2.69364383561644,763.42,703.063333333333,4.01979452054795
"417","spruceT9P10ESH",2019,52,0.32154,2.69364383561644,763.42,703.063333333333,4.01979452054795
"418","spruceT9P10ESH",2019,53,0.32141,2.69364383561644,763.42,703.063333333333,4.01979452054795
"419","spruceT9P10ESH",2019,54,0.32128,2.69364383561644,763.42,703.063333333333,4.01979452054795
"420","spruceT9P10ESH",2019,55,0.32113,2.69364383561644,763.42,703.063333333333,4.01979452054795
"421","spruceT9P10ESH",2019,56,0.32087,2.69364383561644,763.42,703.063333333333,4.01979452054795
"422","spruceT9P10ESH",2019,57,0.32053,2.69364383561644,763.42,703.063333333333,4.01979452054795
"423","spruceT9P10ESH",2019,58,0.32025,2.69364383561644,763.42,703.063333333333,4.01979452054795
"424","spruceT9P10ESH",2019,59,0.31998,2.69364383561644,763.42,703.063333333333,4.01979452054795
"425","spruceT9P10ESH",2019,60,0.31966,2.69364383561644,763.42,703.063333333333,4.01979452054795
"426","spruceT9P10ESH",2019,61,0.3194,2.69364383561644,763.42,703.063333333333,4.01979452054795
"427","spruceT9P10ESH",2019,62,0.31926,2.69364383561644,763.42,703.063333333333,4.01979452054795
"428","spruceT9P10ESH",2019,63,0.3192,2.69364383561644,763.42,703.063333333333,4.01979452054795
"429","spruceT9P10ESH",2019,64,0.31917,2.69364383561644,763.42,703.063333333333,4.01979452054795
"430","spruceT9P10ESH",2019,65,0.31914,2.69364383561644,763.42,703.063333333333,4.01979452054795
"431","spruceT9P10ESH",2019,66,0.31907,2.69364383561644,763.42,703.063333333333,4.01979452054795
"432","spruceT9P10ESH",2019,67,0.31897,2.69364383561644,763.42,703.063333333333,4.01979452054795
"433","spruceT9P10ESH",2019,68,0.31888,2.69364383561644,763.42,703.063333333333,4.01979452054795
"434","spruceT9P10ESH",2019,69,0.31877,2.69364383561644,763.42,703.063333333333,4.01979452054795
"435","spruceT9P10ESH",2019,70,0.31864,2.69364383561644,763.42,703.063333333333,4.01979452054795
"436","spruceT9P10ESH",2019,71,0.3185,2.69364383561644,763.42,703.063333333333,4.01979452054795
"437","spruceT9P10ESH",2019,72,0.31835,2.69364383561644,763.42,703.063333333333,4.01979452054795
"438","spruceT9P10ESH",2019,73,0.31818,2.69364383561644,763.42,703.063333333333,4.01979452054795
"439","spruceT9P10ESH",2019,74,0.31798,2.69364383561644,763.42,703.063333333333,4.01979452054795
"440","spruceT9P10ESH",2019,75,0.3178,2.69364383561644,763.42,703.063333333333,4.01979452054795
"441","spruceT9P10ESH",2019,76,0.31764,2.69364383561644,763.42,703.063333333333,4.01979452054795
"442","spruceT9P10ESH",2019,77,0.31751,2.69364383561644,763.42,703.063333333333,4.01979452054795
"443","spruceT9P10ESH",2019,78,0.31735,2.69364383561644,763.42,703.063333333333,4.01979452054795
"444","spruceT9P10ESH",2019,79,0.3172,2.69364383561644,763.42,703.063333333333,4.01979452054795
"445","spruceT9P10ESH",2019,80,0.31706,2.69364383561644,763.42,703.063333333333,4.01979452054795
"446","spruceT9P10ESH",2019,81,0.31688,2.69364383561644,763.42,703.063333333333,4.01979452054795
"447","spruceT9P10ESH",2019,82,0.31663,2.69364383561644,763.42,703.063333333333,4.01979452054795
"448","spruceT9P10ESH",2019,83,0.31636,2.69364383561644,763.42,703.063333333333,4.01979452054795
"449","spruceT9P10ESH",2019,84,0.31608,2.69364383561644,763.42,703.063333333333,4.01979452054795
"450","spruceT9P10ESH",2019,85,0.31574,2.69364383561644,763.42,703.063333333333,4.01979452054795
"451","spruceT9P10ESH",2019,86,0.31535,2.69364383561644,763.42,703.063333333333,4.01979452054795
"452","spruceT9P10ESH",2019,87,0.31493,2.69364383561644,763.42,703.063333333333,4.01979452054795
"453","spruceT9P10ESH",2019,88,0.31452,2.69364383561644,763.42,703.063333333333,4.01979452054795
"454","spruceT9P10ESH",2019,89,0.31415,2.69364383561644,763.42,703.063333333333,4.01979452054795
"455","spruceT9P10ESH",2019,90,0.31358,2.69364383561644,763.42,703.063333333333,4.01979452054795
"456","spruceT9P10ESH",2019,91,0.31285,2.69364383561644,763.42,703.063333333333,4.01979452054795
"457","spruceT9P10ESH",2019,92,0.31241,2.69364383561644,763.42,703.063333333333,4.01979452054795
"458","spruceT9P10ESH",2019,93,0.31238,2.69364383561644,763.42,703.063333333333,4.01979452054795
"459","spruceT9P10ESH",2019,94,0.31248,2.69364383561644,763.42,703.063333333333,4.01979452054795
"460","spruceT9P10ESH",2019,95,0.31259,2.69364383561644,763.42,703.063333333333,4.01979452054795
"461","spruceT9P10ESH",2019,96,0.31299,2.69364383561644,763.42,703.063333333333,4.01979452054795
"462","spruceT9P10ESH",2019,97,0.31366,2.69364383561644,763.42,703.063333333333,4.01979452054795
"463","spruceT9P10ESH",2019,98,0.31407,2.69364383561644,763.42,703.063333333333,4.01979452054795
"464","spruceT9P10ESH",2019,99,0.31435,2.69364383561644,763.42,703.063333333333,4.01979452054795
"465","spruceT9P10ESH",2019,100,0.31476,2.69364383561644,763.42,703.063333333333,4.01979452054795
"466","spruceT9P10ESH",2019,101,0.31495,2.69364383561644,763.42,703.063333333333,4.01979452054795
"467","spruceT9P10ESH",2019,102,0.31481,2.69364383561644,763.42,703.063333333333,4.01979452054795
"468","spruceT9P10ESH",2019,103,0.31457,2.69364383561644,763.42,703.063333333333,4.01979452054795
"469","spruceT9P10ESH",2019,104,0.31432,2.69364383561644,763.42,703.063333333333,4.01979452054795
"470","spruceT9P10ESH",2019,105,0.31383,2.69364383561644,763.42,703.063333333333,4.01979452054795
"471","spruceT9P10ESH",2019,106,0.31308,2.69364383561644,763.42,703.063333333333,4.01979452054795
"472","spruceT9P10ESH",2019,107,0.31253,2.69364383561644,763.42,703.063333333333,4.01979452054795
"473","spruceT9P10ESH",2019,108,0.3122,2.69364383561644,763.42,703.063333333333,4.01979452054795
"474","spruceT9P10ESH",2019,109,0.31181,2.69364383561644,763.42,703.063333333333,4.01979452054795
"475","spruceT9P10ESH",2019,110,0.31142,2.69364383561644,763.42,703.063333333333,4.01979452054795
"476","spruceT9P10ESH",2019,111,0.31108,2.69364383561644,763.42,703.063333333333,4.01979452054795
"477","spruceT9P10ESH",2019,112,0.31084,2.69364383561644,763.42,703.063333333333,4.01979452054795
"478","spruceT9P10ESH",2019,113,0.31077,2.69364383561644,763.42,703.063333333333,4.01979452054795
"479","spruceT9P10ESH",2019,114,0.31083,2.69364383561644,763.42,703.063333333333,4.01979452054795
"480","spruceT9P10ESH",2019,115,0.31091,2.69364383561644,763.42,703.063333333333,4.01979452054795
"481","spruceT9P10ESH",2019,116,0.31085,2.69364383561644,763.42,703.063333333333,4.01979452054795
"482","spruceT9P10ESH",2019,117,0.31076,2.69364383561644,763.42,703.063333333333,4.01979452054795
"483","spruceT9P10ESH",2019,118,0.31083,2.69364383561644,763.42,703.063333333333,4.01979452054795
"484","spruceT9P10ESH",2019,119,0.31085,2.69364383561644,763.42,703.063333333333,4.01979452054795
"485","spruceT9P10ESH",2019,120,0.31076,2.69364383561644,763.42,703.063333333333,4.01979452054795
"486","spruceT9P10ESH",2019,121,0.31099,2.69364383561644,763.42,703.063333333333,4.01979452054795
"487","spruceT9P10ESH",2019,122,0.31123,2.69364383561644,763.42,703.063333333333,4.01979452054795
"488","spruceT9P10ESH",2019,123,0.31135,2.69364383561644,763.42,703.063333333333,4.01979452054795
"489","spruceT9P10ESH",2019,124,0.31202,2.69364383561644,763.42,703.063333333333,4.01979452054795
"490","spruceT9P10ESH",2019,125,0.31327,2.69364383561644,763.42,703.063333333333,4.01979452054795
"491","spruceT9P10ESH",2019,126,0.31476,2.69364383561644,763.42,703.063333333333,4.01979452054795
"492","spruceT9P10ESH",2019,127,0.31662,2.69364383561644,763.42,703.063333333333,4.01979452054795
"493","spruceT9P10ESH",2019,128,0.3191,2.69364383561644,763.42,703.063333333333,4.01979452054795
"494","spruceT9P10ESH",2019,129,0.32207,2.69364383561644,763.42,703.063333333333,4.01979452054795
"495","spruceT9P10ESH",2019,130,0.32503,2.69364383561644,763.42,703.063333333333,4.01979452054795
"496","spruceT9P10ESH",2019,131,0.32812,2.69364383561644,763.42,703.063333333333,4.01979452054795
"497","spruceT9P10ESH",2019,132,0.33167,2.69364383561644,763.42,703.063333333333,4.01979452054795
"498","spruceT9P10ESH",2019,133,0.33545,2.69364383561644,763.42,703.063333333333,4.01979452054795
"499","spruceT9P10ESH",2019,134,0.33922,2.69364383561644,763.42,703.063333333333,4.01979452054795
"500","spruceT9P10ESH",2019,135,0.34274,2.69364383561644,763.42,703.063333333333,4.01979452054795
"501","spruceT9P10ESH",2019,136,0.34636,2.69364383561644,763.42,703.063333333333,4.01979452054795
"502","spruceT9P10ESH",2019,137,0.35022,2.69364383561644,763.42,703.063333333333,4.01979452054795
"503","spruceT9P10ESH",2019,138,0.35378,2.69364383561644,763.42,703.063333333333,4.01979452054795
"504","spruceT9P10ESH",2019,139,0.35699,2.69364383561644,763.42,703.063333333333,4.01979452054795
"505","spruceT9P10ESH",2019,140,0.36011,2.69364383561644,763.42,703.063333333333,4.01979452054795
"506","spruceT9P10ESH",2019,141,0.36308,2.69364383561644,763.42,703.063333333333,4.01979452054795
"507","spruceT9P10ESH",2019,142,0.36587,2.69364383561644,763.42,703.063333333333,4.01979452054795
"508","spruceT9P10ESH",2019,143,0.36851,2.69364383561644,763.42,703.063333333333,4.01979452054795
"509","spruceT9P10ESH",2019,144,0.37105,2.69364383561644,763.42,703.063333333333,4.01979452054795
"510","spruceT9P10ESH",2019,145,0.37361,2.69364383561644,763.42,703.063333333333,4.01979452054795
"511","spruceT9P10ESH",2019,146,0.37615,2.69364383561644,763.42,703.063333333333,4.01979452054795
"512","spruceT9P10ESH",2019,147,0.37847,2.69364383561644,763.42,703.063333333333,4.01979452054795
"513","spruceT9P10ESH",2019,148,0.3806,2.69364383561644,763.42,703.063333333333,4.01979452054795
"514","spruceT9P10ESH",2019,149,0.38263,2.69364383561644,763.42,703.063333333333,4.01979452054795
"515","spruceT9P10ESH",2019,150,0.38446,2.69364383561644,763.42,703.063333333333,4.01979452054795
"516","spruceT9P10ESH",2019,151,0.38597,2.69364383561644,763.42,703.063333333333,4.01979452054795
"517","spruceT9P10ESH",2019,152,0.38725,2.69364383561644,763.42,703.063333333333,4.01979452054795
"518","spruceT9P10ESH",2019,153,0.38845,2.69364383561644,763.42,703.063333333333,4.01979452054795
"519","spruceT9P10ESH",2019,154,0.38952,2.69364383561644,763.42,703.063333333333,4.01979452054795
"520","spruceT9P10ESH",2019,155,0.39037,2.69364383561644,763.42,703.063333333333,4.01979452054795
"521","spruceT9P10ESH",2019,156,0.39108,2.69364383561644,763.42,703.063333333333,4.01979452054795
"522","spruceT9P10ESH",2019,157,0.39171,2.69364383561644,763.42,703.063333333333,4.01979452054795
"523","spruceT9P10ESH",2019,158,0.39234,2.69364383561644,763.42,703.063333333333,4.01979452054795
"524","spruceT9P10ESH",2019,159,0.39284,2.69364383561644,763.42,703.063333333333,4.01979452054795
"525","spruceT9P10ESH",2019,160,0.39318,2.69364383561644,763.42,703.063333333333,4.01979452054795
"526","spruceT9P10ESH",2019,161,0.39355,2.69364383561644,763.42,703.063333333333,4.01979452054795
"527","spruceT9P10ESH",2019,162,0.39388,2.69364383561644,763.42,703.063333333333,4.01979452054795
"528","spruceT9P10ESH",2019,163,0.39409,2.69364383561644,763.42,703.063333333333,4.01979452054795
"529","spruceT9P10ESH",2019,164,0.39436,2.69364383561644,763.42,703.063333333333,4.01979452054795
"530","spruceT9P10ESH",2019,165,0.39464,2.69364383561644,763.42,703.063333333333,4.01979452054795
"531","spruceT9P10ESH",2019,166,0.39488,2.69364383561644,763.42,703.063333333333,4.01979452054795
"532","spruceT9P10ESH",2019,167,0.39516,2.69364383561644,763.42,703.063333333333,4.01979452054795
"533","spruceT9P10ESH",2019,168,0.39547,2.69364383561644,763.42,703.063333333333,4.01979452054795
"534","spruceT9P10ESH",2019,169,0.39577,2.69364383561644,763.42,703.063333333333,4.01979452054795
"535","spruceT9P10ESH",2019,170,0.3961,2.69364383561644,763.42,703.063333333333,4.01979452054795
"536","spruceT9P10ESH",2019,171,0.39642,2.69364383561644,763.42,703.063333333333,4.01979452054795
"537","spruceT9P10ESH",2019,172,0.39671,2.69364383561644,763.42,703.063333333333,4.01979452054795
"538","spruceT9P10ESH",2019,173,0.39707,2.69364383561644,763.42,703.063333333333,4.01979452054795
"539","spruceT9P10ESH",2019,174,0.39739,2.69364383561644,763.42,703.063333333333,4.01979452054795
"540","spruceT9P10ESH",2019,175,0.39765,2.69364383561644,763.42,703.063333333333,4.01979452054795
"541","spruceT9P10ESH",2019,176,0.39807,2.69364383561644,763.42,703.063333333333,4.01979452054795
"542","spruceT9P10ESH",2019,177,0.3987,2.69364383561644,763.42,703.063333333333,4.01979452054795
"543","spruceT9P10ESH",2019,178,0.39945,2.69364383561644,763.42,703.063333333333,4.01979452054795
"544","spruceT9P10ESH",2019,179,0.40028,2.69364383561644,763.42,703.063333333333,4.01979452054795
"545","spruceT9P10ESH",2019,180,0.40114,2.69364383561644,763.42,703.063333333333,4.01979452054795
"546","spruceT9P10ESH",2019,181,0.40202,2.69364383561644,763.42,703.063333333333,4.01979452054795
"547","spruceT9P10ESH",2019,182,0.40312,2.69364383561644,763.42,703.063333333333,4.01979452054795
"548","spruceT9P10ESH",2019,183,0.40441,2.69364383561644,763.42,703.063333333333,4.01979452054795
"549","spruceT9P10ESH",2019,184,0.40549,2.69364383561644,763.42,703.063333333333,4.01979452054795
"550","spruceT9P10ESH",2019,185,0.40646,2.69364383561644,763.42,703.063333333333,4.01979452054795
"551","spruceT9P10ESH",2019,186,0.40751,2.69364383561644,763.42,703.063333333333,4.01979452054795
"552","spruceT9P10ESH",2019,187,0.40838,2.69364383561644,763.42,703.063333333333,4.01979452054795
"553","spruceT9P10ESH",2019,188,0.40901,2.69364383561644,763.42,703.063333333333,4.01979452054795
"554","spruceT9P10ESH",2019,189,0.40956,2.69364383561644,763.42,703.063333333333,4.01979452054795
"555","spruceT9P10ESH",2019,190,0.41005,2.69364383561644,763.42,703.063333333333,4.01979452054795
"556","spruceT9P10ESH",2019,191,0.41044,2.69364383561644,763.42,703.063333333333,4.01979452054795
"557","spruceT9P10ESH",2019,192,0.41071,2.69364383561644,763.42,703.063333333333,4.01979452054795
"558","spruceT9P10ESH",2019,193,0.41091,2.69364383561644,763.42,703.063333333333,4.01979452054795
"559","spruceT9P10ESH",2019,194,0.41095,2.69364383561644,763.42,703.063333333333,4.01979452054795
"560","spruceT9P10ESH",2019,195,0.41082,2.69364383561644,763.42,703.063333333333,4.01979452054795
"561","spruceT9P10ESH",2019,196,0.41071,2.69364383561644,763.42,703.063333333333,4.01979452054795
"562","spruceT9P10ESH",2019,197,0.41058,2.69364383561644,763.42,703.063333333333,4.01979452054795
"563","spruceT9P10ESH",2019,198,0.41035,2.69364383561644,763.42,703.063333333333,4.01979452054795
"564","spruceT9P10ESH",2019,199,0.41017,2.69364383561644,763.42,703.063333333333,4.01979452054795
"565","spruceT9P10ESH",2019,200,0.41003,2.69364383561644,763.42,703.063333333333,4.01979452054795
"566","spruceT9P10ESH",2019,201,0.40985,2.69364383561644,763.42,703.063333333333,4.01979452054795
"567","spruceT9P10ESH",2019,202,0.40965,2.69364383561644,763.42,703.063333333333,4.01979452054795
"568","spruceT9P10ESH",2019,203,0.40943,2.69364383561644,763.42,703.063333333333,4.01979452054795
"569","spruceT9P10ESH",2019,204,0.40921,2.69364383561644,763.42,703.063333333333,4.01979452054795
"570","spruceT9P10ESH",2019,205,0.40892,2.69364383561644,763.42,703.063333333333,4.01979452054795
"571","spruceT9P10ESH",2019,206,0.40856,2.69364383561644,763.42,703.063333333333,4.01979452054795
"572","spruceT9P10ESH",2019,207,0.40828,2.69364383561644,763.42,703.063333333333,4.01979452054795
"573","spruceT9P10ESH",2019,208,0.40821,2.69364383561644,763.42,703.063333333333,4.01979452054795
"574","spruceT9P10ESH",2019,209,0.40823,2.69364383561644,763.42,703.063333333333,4.01979452054795
"575","spruceT9P10ESH",2019,210,0.40819,2.69364383561644,763.42,703.063333333333,4.01979452054795
"576","spruceT9P10ESH",2019,211,0.40807,2.69364383561644,763.42,703.063333333333,4.01979452054795
"577","spruceT9P10ESH",2019,212,0.40796,2.69364383561644,763.42,703.063333333333,4.01979452054795
"578","spruceT9P10ESH",2019,213,0.40783,2.69364383561644,763.42,703.063333333333,4.01979452054795
"579","spruceT9P10ESH",2019,214,0.40761,2.69364383561644,763.42,703.063333333333,4.01979452054795
"580","spruceT9P10ESH",2019,215,0.40731,2.69364383561644,763.42,703.063333333333,4.01979452054795
"581","spruceT9P10ESH",2019,216,0.40709,2.69364383561644,763.42,703.063333333333,4.01979452054795
"582","spruceT9P10ESH",2019,217,0.40699,2.69364383561644,763.42,703.063333333333,4.01979452054795
"583","spruceT9P10ESH",2019,218,0.40695,2.69364383561644,763.42,703.063333333333,4.01979452054795
"584","spruceT9P10ESH",2019,219,0.40687,2.69364383561644,763.42,703.063333333333,4.01979452054795
"585","spruceT9P10ESH",2019,220,0.40678,2.69364383561644,763.42,703.063333333333,4.01979452054795
"586","spruceT9P10ESH",2019,221,0.40673,2.69364383561644,763.42,703.063333333333,4.01979452054795
"587","spruceT9P10ESH",2019,222,0.4066,2.69364383561644,763.42,703.063333333333,4.01979452054795
"588","spruceT9P10ESH",2019,223,0.4064,2.69364383561644,763.42,703.063333333333,4.01979452054795
"589","spruceT9P10ESH",2019,224,0.4062,2.69364383561644,763.42,703.063333333333,4.01979452054795
"590","spruceT9P10ESH",2019,225,0.40596,2.69364383561644,763.42,703.063333333333,4.01979452054795
"591","spruceT9P10ESH",2019,226,0.40567,2.69364383561644,763.42,703.063333333333,4.01979452054795
"592","spruceT9P10ESH",2019,227,0.4053,2.69364383561644,763.42,703.063333333333,4.01979452054795
"593","spruceT9P10ESH",2019,228,0.40474,2.69364383561644,763.42,703.063333333333,4.01979452054795
"594","spruceT9P10ESH",2019,229,0.40407,2.69364383561644,763.42,703.063333333333,4.01979452054795
"595","spruceT9P10ESH",2019,230,0.40346,2.69364383561644,763.42,703.063333333333,4.01979452054795
"596","spruceT9P10ESH",2019,231,0.40285,2.69364383561644,763.42,703.063333333333,4.01979452054795
"597","spruceT9P10ESH",2019,232,0.40216,2.69364383561644,763.42,703.063333333333,4.01979452054795
"598","spruceT9P10ESH",2019,233,0.40153,2.69364383561644,763.42,703.063333333333,4.01979452054795
"599","spruceT9P10ESH",2019,234,0.40099,2.69364383561644,763.42,703.063333333333,4.01979452054795
"600","spruceT9P10ESH",2019,235,0.40046,2.69364383561644,763.42,703.063333333333,4.01979452054795
"601","spruceT9P10ESH",2019,236,0.39994,2.69364383561644,763.42,703.063333333333,4.01979452054795
"602","spruceT9P10ESH",2019,237,0.39947,2.69364383561644,763.42,703.063333333333,4.01979452054795
"603","spruceT9P10ESH",2019,238,0.39903,2.69364383561644,763.42,703.063333333333,4.01979452054795
"604","spruceT9P10ESH",2019,239,0.39857,2.69364383561644,763.42,703.063333333333,4.01979452054795
"605","spruceT9P10ESH",2019,240,0.39809,2.69364383561644,763.42,703.063333333333,4.01979452054795
"606","spruceT9P10ESH",2019,241,0.39763,2.69364383561644,763.42,703.063333333333,4.01979452054795
"607","spruceT9P10ESH",2019,242,0.3972,2.69364383561644,763.42,703.063333333333,4.01979452054795
"608","spruceT9P10ESH",2019,243,0.39668,2.69364383561644,763.42,703.063333333333,4.01979452054795
"609","spruceT9P10ESH",2019,244,0.39611,2.69364383561644,763.42,703.063333333333,4.01979452054795
"610","spruceT9P10ESH",2019,245,0.39566,2.69364383561644,763.42,703.063333333333,4.01979452054795
"611","spruceT9P10ESH",2019,246,0.39539,2.69364383561644,763.42,703.063333333333,4.01979452054795
"612","spruceT9P10ESH",2019,247,0.39521,2.69364383561644,763.42,703.063333333333,4.01979452054795
"613","spruceT9P10ESH",2019,248,0.39509,2.69364383561644,763.42,703.063333333333,4.01979452054795
"614","spruceT9P10ESH",2019,249,0.39496,2.69364383561644,763.42,703.063333333333,4.01979452054795
"615","spruceT9P10ESH",2019,250,0.3948,2.69364383561644,763.42,703.063333333333,4.01979452054795
"616","spruceT9P10ESH",2019,251,0.39469,2.69364383561644,763.42,703.063333333333,4.01979452054795
"617","spruceT9P10ESH",2019,252,0.39466,2.69364383561644,763.42,703.063333333333,4.01979452054795
"618","spruceT9P10ESH",2019,253,0.39454,2.69364383561644,763.42,703.063333333333,4.01979452054795
"619","spruceT9P10ESH",2019,254,0.39438,2.69364383561644,763.42,703.063333333333,4.01979452054795
"620","spruceT9P10ESH",2019,255,0.39424,2.69364383561644,763.42,703.063333333333,4.01979452054795
"621","spruceT9P10ESH",2019,256,0.39401,2.69364383561644,763.42,703.063333333333,4.01979452054795
"622","spruceT9P10ESH",2019,257,0.39366,2.69364383561644,763.42,703.063333333333,4.01979452054795
"623","spruceT9P10ESH",2019,258,0.39325,2.69364383561644,763.42,703.063333333333,4.01979452054795
"624","spruceT9P10ESH",2019,259,0.39278,2.69364383561644,763.42,703.063333333333,4.01979452054795
"625","spruceT9P10ESH",2019,260,0.39217,2.69364383561644,763.42,703.063333333333,4.01979452054795
"626","spruceT9P10ESH",2019,261,0.39142,2.69364383561644,763.42,703.063333333333,4.01979452054795
"627","spruceT9P10ESH",2019,262,0.39072,2.69364383561644,763.42,703.063333333333,4.01979452054795
"628","spruceT9P10ESH",2019,263,0.39005,2.69364383561644,763.42,703.063333333333,4.01979452054795
"629","spruceT9P10ESH",2019,264,0.38934,2.69364383561644,763.42,703.063333333333,4.01979452054795
"630","spruceT9P10ESH",2019,265,0.38867,2.69364383561644,763.42,703.063333333333,4.01979452054795
"631","spruceT9P10ESH",2019,266,0.38799,2.69364383561644,763.42,703.063333333333,4.01979452054795
"632","spruceT9P10ESH",2019,267,0.38726,2.69364383561644,763.42,703.063333333333,4.01979452054795
"633","spruceT9P10ESH",2019,268,0.38661,2.69364383561644,763.42,703.063333333333,4.01979452054795
"634","spruceT9P10ESH",2019,269,0.38599,2.69364383561644,763.42,703.063333333333,4.01979452054795
"635","spruceT9P10ESH",2019,270,0.38535,2.69364383561644,763.42,703.063333333333,4.01979452054795
"636","spruceT9P10ESH",2019,271,0.38479,2.69364383561644,763.42,703.063333333333,4.01979452054795
"637","spruceT9P10ESH",2019,272,0.38434,2.69364383561644,763.42,703.063333333333,4.01979452054795
"638","spruceT9P10ESH",2019,273,0.38396,2.69364383561644,763.42,703.063333333333,4.01979452054795
"639","spruceT9P10ESH",2019,274,0.38359,2.69364383561644,763.42,703.063333333333,4.01979452054795
"640","spruceT9P10ESH",2019,275,0.38333,2.69364383561644,763.42,703.063333333333,4.01979452054795
"641","spruceT9P10ESH",2019,276,0.38318,2.69364383561644,763.42,703.063333333333,4.01979452054795
"642","spruceT9P10ESH",2019,277,0.38295,2.69364383561644,763.42,703.063333333333,4.01979452054795
"643","spruceT9P10ESH",2019,278,0.38271,2.69364383561644,763.42,703.063333333333,4.01979452054795
"644","spruceT9P10ESH",2019,279,0.38254,2.69364383561644,763.42,703.063333333333,4.01979452054795
"645","spruceT9P10ESH",2019,280,0.38225,2.69364383561644,763.42,703.063333333333,4.01979452054795
"646","spruceT9P10ESH",2019,281,0.38185,2.69364383561644,763.42,703.063333333333,4.01979452054795
"647","spruceT9P10ESH",2019,282,0.38142,2.69364383561644,763.42,703.063333333333,4.01979452054795
"648","spruceT9P10ESH",2019,283,0.38094,2.69364383561644,763.42,703.063333333333,4.01979452054795
"649","spruceT9P10ESH",2019,284,0.38036,2.69364383561644,763.42,703.063333333333,4.01979452054795
"650","spruceT9P10ESH",2019,285,0.37972,2.69364383561644,763.42,703.063333333333,4.01979452054795
"651","spruceT9P10ESH",2019,286,0.37907,2.69364383561644,763.42,703.063333333333,4.01979452054795
"652","spruceT9P10ESH",2019,287,0.37842,2.69364383561644,763.42,703.063333333333,4.01979452054795
"653","spruceT9P10ESH",2019,288,0.37771,2.69364383561644,763.42,703.063333333333,4.01979452054795
"654","spruceT9P10ESH",2019,289,0.37699,2.69364383561644,763.42,703.063333333333,4.01979452054795
"655","spruceT9P10ESH",2019,290,0.37625,2.69364383561644,763.42,703.063333333333,4.01979452054795
"656","spruceT9P10ESH",2019,291,0.37549,2.69364383561644,763.42,703.063333333333,4.01979452054795
"657","spruceT9P10ESH",2019,292,0.37468,2.69364383561644,763.42,703.063333333333,4.01979452054795
"658","spruceT9P10ESH",2019,293,0.37385,2.69364383561644,763.42,703.063333333333,4.01979452054795
"659","spruceT9P10ESH",2019,294,0.37305,2.69364383561644,763.42,703.063333333333,4.01979452054795
"660","spruceT9P10ESH",2019,295,0.37221,2.69364383561644,763.42,703.063333333333,4.01979452054795
"661","spruceT9P10ESH",2019,296,0.37131,2.69364383561644,763.42,703.063333333333,4.01979452054795
"662","spruceT9P10ESH",2019,297,0.37027,2.69364383561644,763.42,703.063333333333,4.01979452054795
"663","spruceT9P10ESH",2019,298,0.36909,2.69364383561644,763.42,703.063333333333,4.01979452054795
"664","spruceT9P10ESH",2019,299,0.36782,2.69364383561644,763.42,703.063333333333,4.01979452054795
"665","spruceT9P10ESH",2019,300,0.36652,2.69364383561644,763.42,703.063333333333,4.01979452054795
"666","spruceT9P10ESH",2019,301,0.36508,2.69364383561644,763.42,703.063333333333,4.01979452054795
"667","spruceT9P10ESH",2019,302,0.36351,2.69364383561644,763.42,703.063333333333,4.01979452054795
"668","spruceT9P10ESH",2019,303,0.36199,2.69364383561644,763.42,703.063333333333,4.01979452054795
"669","spruceT9P10ESH",2019,304,0.36043,2.69364383561644,763.42,703.063333333333,4.01979452054795
"670","spruceT9P10ESH",2019,305,0.35876,2.69364383561644,763.42,703.063333333333,4.01979452054795
"671","spruceT9P10ESH",2019,306,0.35721,2.69364383561644,763.42,703.063333333333,4.01979452054795
"672","spruceT9P10ESH",2019,307,0.35563,2.69364383561644,763.42,703.063333333333,4.01979452054795
"673","spruceT9P10ESH",2019,308,0.35395,2.69364383561644,763.42,703.063333333333,4.01979452054795
"674","spruceT9P10ESH",2019,309,0.3525,2.69364383561644,763.42,703.063333333333,4.01979452054795
"675","spruceT9P10ESH",2019,310,0.35125,2.69364383561644,763.42,703.063333333333,4.01979452054795
"676","spruceT9P10ESH",2019,311,0.35005,2.69364383561644,763.42,703.063333333333,4.01979452054795
"677","spruceT9P10ESH",2019,312,0.34901,2.69364383561644,763.42,703.063333333333,4.01979452054795
"678","spruceT9P10ESH",2019,313,0.34827,2.69364383561644,763.42,703.063333333333,4.01979452054795
"679","spruceT9P10ESH",2019,314,0.34775,2.69364383561644,763.42,703.063333333333,4.01979452054795
"680","spruceT9P10ESH",2019,315,0.34717,2.69364383561644,763.42,703.063333333333,4.01979452054795
"681","spruceT9P10ESH",2019,316,0.34658,2.69364383561644,763.42,703.063333333333,4.01979452054795
"682","spruceT9P10ESH",2019,317,0.34614,2.69364383561644,763.42,703.063333333333,4.01979452054795
"683","spruceT9P10ESH",2019,318,0.34578,2.69364383561644,763.42,703.063333333333,4.01979452054795
"684","spruceT9P10ESH",2019,319,0.3454,2.69364383561644,763.42,703.063333333333,4.01979452054795
"685","spruceT9P10ESH",2019,320,0.3449,2.69364383561644,763.42,703.063333333333,4.01979452054795
"686","spruceT9P10ESH",2019,321,0.34435,2.69364383561644,763.42,703.063333333333,4.01979452054795
"687","spruceT9P10ESH",2019,322,0.34383,2.69364383561644,763.42,703.063333333333,4.01979452054795
"688","spruceT9P10ESH",2019,323,0.34325,2.69364383561644,763.42,703.063333333333,4.01979452054795
"689","spruceT9P10ESH",2019,324,0.34253,2.69364383561644,763.42,703.063333333333,4.01979452054795
"690","spruceT9P10ESH",2019,325,0.34173,2.69364383561644,763.42,703.063333333333,4.01979452054795
"691","spruceT9P10ESH",2019,326,0.34096,2.69364383561644,763.42,703.063333333333,4.01979452054795
"692","spruceT9P10ESH",2019,327,0.34014,2.69364383561644,763.42,703.063333333333,4.01979452054795
"693","spruceT9P10ESH",2019,328,0.33923,2.69364383561644,763.42,703.063333333333,4.01979452054795
"694","spruceT9P10ESH",2019,329,0.33844,2.69364383561644,763.42,703.063333333333,4.01979452054795
"695","spruceT9P10ESH",2019,330,0.3378,2.69364383561644,763.42,703.063333333333,4.01979452054795
"696","spruceT9P10ESH",2019,331,0.3372,2.69364383561644,763.42,703.063333333333,4.01979452054795
"697","spruceT9P10ESH",2019,332,0.33666,2.69364383561644,763.42,703.063333333333,4.01979452054795
"698","spruceT9P10ESH",2019,333,0.33625,2.69364383561644,763.42,703.063333333333,4.01979452054795
"699","spruceT9P10ESH",2019,334,0.33595,2.69364383561644,763.42,703.063333333333,4.01979452054795
"700","spruceT9P10ESH",2019,335,0.33556,2.69364383561644,763.42,703.063333333333,4.01979452054795
"701","spruceT9P10ESH",2019,336,0.33508,2.69364383561644,763.42,703.063333333333,4.01979452054795
"702","spruceT9P10ESH",2019,337,0.33462,2.69364383561644,763.42,703.063333333333,4.01979452054795
"703","spruceT9P10ESH",2019,338,0.33413,2.69364383561644,763.42,703.063333333333,4.01979452054795
"704","spruceT9P10ESH",2019,339,0.33358,2.69364383561644,763.42,703.063333333333,4.01979452054795
"705","spruceT9P10ESH",2019,340,0.33297,2.69364383561644,763.42,703.063333333333,4.01979452054795
"706","spruceT9P10ESH",2019,341,0.33236,2.69364383561644,763.42,703.063333333333,4.01979452054795
"707","spruceT9P10ESH",2019,342,0.33179,2.69364383561644,763.42,703.063333333333,4.01979452054795
"708","spruceT9P10ESH",2019,343,0.33132,2.69364383561644,763.42,703.063333333333,4.01979452054795
"709","spruceT9P10ESH",2019,344,0.33077,2.69364383561644,763.42,703.063333333333,4.01979452054795
"710","spruceT9P10ESH",2019,345,0.33014,2.69364383561644,763.42,703.063333333333,4.01979452054795
"711","spruceT9P10ESH",2019,346,0.32972,2.69364383561644,763.42,703.063333333333,4.01979452054795
"712","spruceT9P10ESH",2019,347,0.32949,2.69364383561644,763.42,703.063333333333,4.01979452054795
"713","spruceT9P10ESH",2019,348,0.3293,2.69364383561644,763.42,703.063333333333,4.01979452054795
"714","spruceT9P10ESH",2019,349,0.32924,2.69364383561644,763.42,703.063333333333,4.01979452054795
"715","spruceT9P10ESH",2019,350,0.3295,2.69364383561644,763.42,703.063333333333,4.01979452054795
"716","spruceT9P10ESH",2019,351,0.33,2.69364383561644,763.42,703.063333333333,4.01979452054795
"717","spruceT9P10ESH",2019,352,0.33041,2.69364383561644,763.42,703.063333333333,4.01979452054795
"718","spruceT9P10ESH",2019,353,0.33086,2.69364383561644,763.42,703.063333333333,4.01979452054795
"719","spruceT9P10ESH",2019,354,0.33149,2.69364383561644,763.42,703.063333333333,4.01979452054795
"720","spruceT9P10ESH",2019,355,0.33195,2.69364383561644,763.42,703.063333333333,4.01979452054795
"721","spruceT9P10ESH",2019,356,0.33222,2.69364383561644,763.42,703.063333333333,4.01979452054795
"722","spruceT9P10ESH",2019,357,0.33249,2.69364383561644,763.42,703.063333333333,4.01979452054795
"723","spruceT9P10ESH",2019,358,0.33269,2.69364383561644,763.42,703.063333333333,4.01979452054795
"724","spruceT9P10ESH",2019,359,0.33275,2.69364383561644,763.42,703.063333333333,4.01979452054795
"725","spruceT9P10ESH",2019,360,0.33272,2.69364383561644,763.42,703.063333333333,4.01979452054795
"726","spruceT9P10ESH",2019,361,0.33271,2.69364383561644,763.42,703.063333333333,4.01979452054795
"727","spruceT9P10ESH",2019,362,0.33275,2.69364383561644,763.42,703.063333333333,4.01979452054795
"728","spruceT9P10ESH",2019,363,0.33276,2.69364383561644,763.42,703.063333333333,4.01979452054795
"729","spruceT9P10ESH",2019,364,0.33274,2.69364383561644,763.42,703.063333333333,4.01979452054795
"730","spruceT9P10ESH",2019,365,0.33268,2.69364383561644,763.42,703.063333333333,4.01979452054795
"731","spruceT9P10ESH",2020,1,0.33256,4.28909589041096,699.98,703.063333333333,4.01979452054795
"732","spruceT9P10ESH",2020,2,0.3324,4.28909589041096,699.98,703.063333333333,4.01979452054795
"733","spruceT9P10ESH",2020,3,0.3322,4.28909589041096,699.98,703.063333333333,4.01979452054795
"734","spruceT9P10ESH",2020,4,0.33198,4.28909589041096,699.98,703.063333333333,4.01979452054795
"735","spruceT9P10ESH",2020,5,0.33174,4.28909589041096,699.98,703.063333333333,4.01979452054795
"736","spruceT9P10ESH",2020,6,0.33147,4.28909589041096,699.98,703.063333333333,4.01979452054795
"737","spruceT9P10ESH",2020,7,0.33118,4.28909589041096,699.98,703.063333333333,4.01979452054795
"738","spruceT9P10ESH",2020,8,0.33077,4.28909589041096,699.98,703.063333333333,4.01979452054795
"739","spruceT9P10ESH",2020,9,0.33026,4.28909589041096,699.98,703.063333333333,4.01979452054795
"740","spruceT9P10ESH",2020,10,0.32982,4.28909589041096,699.98,703.063333333333,4.01979452054795
"741","spruceT9P10ESH",2020,11,0.32932,4.28909589041096,699.98,703.063333333333,4.01979452054795
"742","spruceT9P10ESH",2020,12,0.32872,4.28909589041096,699.98,703.063333333333,4.01979452054795
"743","spruceT9P10ESH",2020,13,0.32828,4.28909589041096,699.98,703.063333333333,4.01979452054795
"744","spruceT9P10ESH",2020,14,0.32807,4.28909589041096,699.98,703.063333333333,4.01979452054795
"745","spruceT9P10ESH",2020,15,0.32794,4.28909589041096,699.98,703.063333333333,4.01979452054795
"746","spruceT9P10ESH",2020,16,0.32783,4.28909589041096,699.98,703.063333333333,4.01979452054795
"747","spruceT9P10ESH",2020,17,0.32786,4.28909589041096,699.98,703.063333333333,4.01979452054795
"748","spruceT9P10ESH",2020,18,0.32802,4.28909589041096,699.98,703.063333333333,4.01979452054795
"749","spruceT9P10ESH",2020,19,0.32809,4.28909589041096,699.98,703.063333333333,4.01979452054795
"750","spruceT9P10ESH",2020,20,0.32808,4.28909589041096,699.98,703.063333333333,4.01979452054795
"751","spruceT9P10ESH",2020,21,0.32812,4.28909589041096,699.98,703.063333333333,4.01979452054795
"752","spruceT9P10ESH",2020,22,0.32818,4.28909589041096,699.98,703.063333333333,4.01979452054795
"753","spruceT9P10ESH",2020,23,0.32821,4.28909589041096,699.98,703.063333333333,4.01979452054795
"754","spruceT9P10ESH",2020,24,0.32816,4.28909589041096,699.98,703.063333333333,4.01979452054795
"755","spruceT9P10ESH",2020,25,0.32806,4.28909589041096,699.98,703.063333333333,4.01979452054795
"756","spruceT9P10ESH",2020,26,0.32794,4.28909589041096,699.98,703.063333333333,4.01979452054795
"757","spruceT9P10ESH",2020,27,0.32778,4.28909589041096,699.98,703.063333333333,4.01979452054795
"758","spruceT9P10ESH",2020,28,0.32749,4.28909589041096,699.98,703.063333333333,4.01979452054795
"759","spruceT9P10ESH",2020,29,0.32709,4.28909589041096,699.98,703.063333333333,4.01979452054795
"760","spruceT9P10ESH",2020,30,0.32676,4.28909589041096,699.98,703.063333333333,4.01979452054795
"761","spruceT9P10ESH",2020,31,0.32646,4.28909589041096,699.98,703.063333333333,4.01979452054795
"762","spruceT9P10ESH",2020,32,0.3261,4.28909589041096,699.98,703.063333333333,4.01979452054795
"763","spruceT9P10ESH",2020,33,0.32581,4.28909589041096,699.98,703.063333333333,4.01979452054795
"764","spruceT9P10ESH",2020,34,0.32561,4.28909589041096,699.98,703.063333333333,4.01979452054795
"765","spruceT9P10ESH",2020,35,0.32544,4.28909589041096,699.98,703.063333333333,4.01979452054795
"766","spruceT9P10ESH",2020,36,0.32528,4.28909589041096,699.98,703.063333333333,4.01979452054795
"767","spruceT9P10ESH",2020,37,0.32511,4.28909589041096,699.98,703.063333333333,4.01979452054795
"768","spruceT9P10ESH",2020,38,0.32495,4.28909589041096,699.98,703.063333333333,4.01979452054795
"769","spruceT9P10ESH",2020,39,0.32482,4.28909589041096,699.98,703.063333333333,4.01979452054795
"770","spruceT9P10ESH",2020,40,0.32469,4.28909589041096,699.98,703.063333333333,4.01979452054795
"771","spruceT9P10ESH",2020,41,0.32457,4.28909589041096,699.98,703.063333333333,4.01979452054795
"772","spruceT9P10ESH",2020,42,0.32448,4.28909589041096,699.98,703.063333333333,4.01979452054795
"773","spruceT9P10ESH",2020,43,0.32444,4.28909589041096,699.98,703.063333333333,4.01979452054795
"774","spruceT9P10ESH",2020,44,0.32444,4.28909589041096,699.98,703.063333333333,4.01979452054795
"775","spruceT9P10ESH",2020,45,0.32446,4.28909589041096,699.98,703.063333333333,4.01979452054795
"776","spruceT9P10ESH",2020,46,0.32449,4.28909589041096,699.98,703.063333333333,4.01979452054795
"777","spruceT9P10ESH",2020,47,0.3245,4.28909589041096,699.98,703.063333333333,4.01979452054795
"778","spruceT9P10ESH",2020,48,0.32452,4.28909589041096,699.98,703.063333333333,4.01979452054795
"779","spruceT9P10ESH",2020,49,0.32456,4.28909589041096,699.98,703.063333333333,4.01979452054795
"780","spruceT9P10ESH",2020,50,0.32457,4.28909589041096,699.98,703.063333333333,4.01979452054795
"781","spruceT9P10ESH",2020,51,0.32455,4.28909589041096,699.98,703.063333333333,4.01979452054795
"782","spruceT9P10ESH",2020,52,0.32453,4.28909589041096,699.98,703.063333333333,4.01979452054795
"783","spruceT9P10ESH",2020,53,0.3245,4.28909589041096,699.98,703.063333333333,4.01979452054795
"784","spruceT9P10ESH",2020,54,0.32444,4.28909589041096,699.98,703.063333333333,4.01979452054795
"785","spruceT9P10ESH",2020,55,0.32437,4.28909589041096,699.98,703.063333333333,4.01979452054795
"786","spruceT9P10ESH",2020,56,0.3243,4.28909589041096,699.98,703.063333333333,4.01979452054795
"787","spruceT9P10ESH",2020,57,0.32418,4.28909589041096,699.98,703.063333333333,4.01979452054795
"788","spruceT9P10ESH",2020,58,0.32403,4.28909589041096,699.98,703.063333333333,4.01979452054795
"789","spruceT9P10ESH",2020,59,0.3239,4.28909589041096,699.98,703.063333333333,4.01979452054795
"790","spruceT9P10ESH",2020,60,0.32378,4.28909589041096,699.98,703.063333333333,4.01979452054795
"791","spruceT9P10ESH",2020,61,0.32365,4.28909589041096,699.98,703.063333333333,4.01979452054795
"792","spruceT9P10ESH",2020,62,0.32352,4.28909589041096,699.98,703.063333333333,4.01979452054795
"793","spruceT9P10ESH",2020,63,0.32344,4.28909589041096,699.98,703.063333333333,4.01979452054795
"794","spruceT9P10ESH",2020,64,0.32339,4.28909589041096,699.98,703.063333333333,4.01979452054795
"795","spruceT9P10ESH",2020,65,0.3233,4.28909589041096,699.98,703.063333333333,4.01979452054795
"796","spruceT9P10ESH",2020,66,0.32314,4.28909589041096,699.98,703.063333333333,4.01979452054795
"797","spruceT9P10ESH",2020,67,0.32296,4.28909589041096,699.98,703.063333333333,4.01979452054795
"798","spruceT9P10ESH",2020,68,0.32276,4.28909589041096,699.98,703.063333333333,4.01979452054795
"799","spruceT9P10ESH",2020,69,0.32255,4.28909589041096,699.98,703.063333333333,4.01979452054795
"800","spruceT9P10ESH",2020,70,0.32234,4.28909589041096,699.98,703.063333333333,4.01979452054795
"801","spruceT9P10ESH",2020,71,0.32211,4.28909589041096,699.98,703.063333333333,4.01979452054795
"802","spruceT9P10ESH",2020,72,0.32187,4.28909589041096,699.98,703.063333333333,4.01979452054795
"803","spruceT9P10ESH",2020,73,0.32163,4.28909589041096,699.98,703.063333333333,4.01979452054795
"804","spruceT9P10ESH",2020,74,0.32138,4.28909589041096,699.98,703.063333333333,4.01979452054795
"805","spruceT9P10ESH",2020,75,0.3211,4.28909589041096,699.98,703.063333333333,4.01979452054795
"806","spruceT9P10ESH",2020,76,0.32085,4.28909589041096,699.98,703.063333333333,4.01979452054795
"807","spruceT9P10ESH",2020,77,0.32065,4.28909589041096,699.98,703.063333333333,4.01979452054795
"808","spruceT9P10ESH",2020,78,0.32047,4.28909589041096,699.98,703.063333333333,4.01979452054795
"809","spruceT9P10ESH",2020,79,0.32028,4.28909589041096,699.98,703.063333333333,4.01979452054795
"810","spruceT9P10ESH",2020,80,0.32013,4.28909589041096,699.98,703.063333333333,4.01979452054795
"811","spruceT9P10ESH",2020,81,0.32,4.28909589041096,699.98,703.063333333333,4.01979452054795
"812","spruceT9P10ESH",2020,82,0.31984,4.28909589041096,699.98,703.063333333333,4.01979452054795
"813","spruceT9P10ESH",2020,83,0.31965,4.28909589041096,699.98,703.063333333333,4.01979452054795
"814","spruceT9P10ESH",2020,84,0.31947,4.28909589041096,699.98,703.063333333333,4.01979452054795
"815","spruceT9P10ESH",2020,85,0.31926,4.28909589041096,699.98,703.063333333333,4.01979452054795
"816","spruceT9P10ESH",2020,86,0.31901,4.28909589041096,699.98,703.063333333333,4.01979452054795
"817","spruceT9P10ESH",2020,87,0.31875,4.28909589041096,699.98,703.063333333333,4.01979452054795
"818","spruceT9P10ESH",2020,88,0.31847,4.28909589041096,699.98,703.063333333333,4.01979452054795
"819","spruceT9P10ESH",2020,89,0.31819,4.28909589041096,699.98,703.063333333333,4.01979452054795
"820","spruceT9P10ESH",2020,90,0.3179,4.28909589041096,699.98,703.063333333333,4.01979452054795
"821","spruceT9P10ESH",2020,91,0.31759,4.28909589041096,699.98,703.063333333333,4.01979452054795
"822","spruceT9P10ESH",2020,92,0.31727,4.28909589041096,699.98,703.063333333333,4.01979452054795
"823","spruceT9P10ESH",2020,93,0.31694,4.28909589041096,699.98,703.063333333333,4.01979452054795
"824","spruceT9P10ESH",2020,94,0.31656,4.28909589041096,699.98,703.063333333333,4.01979452054795
"825","spruceT9P10ESH",2020,95,0.31615,4.28909589041096,699.98,703.063333333333,4.01979452054795
"826","spruceT9P10ESH",2020,96,0.31576,4.28909589041096,699.98,703.063333333333,4.01979452054795
"827","spruceT9P10ESH",2020,97,0.31539,4.28909589041096,699.98,703.063333333333,4.01979452054795
"828","spruceT9P10ESH",2020,98,0.31499,4.28909589041096,699.98,703.063333333333,4.01979452054795
"829","spruceT9P10ESH",2020,99,0.31464,4.28909589041096,699.98,703.063333333333,4.01979452054795
"830","spruceT9P10ESH",2020,100,0.31429,4.28909589041096,699.98,703.063333333333,4.01979452054795
"831","spruceT9P10ESH",2020,101,0.31393,4.28909589041096,699.98,703.063333333333,4.01979452054795
"832","spruceT9P10ESH",2020,102,0.31363,4.28909589041096,699.98,703.063333333333,4.01979452054795
"833","spruceT9P10ESH",2020,103,0.31339,4.28909589041096,699.98,703.063333333333,4.01979452054795
"834","spruceT9P10ESH",2020,104,0.31314,4.28909589041096,699.98,703.063333333333,4.01979452054795
"835","spruceT9P10ESH",2020,105,0.31298,4.28909589041096,699.98,703.063333333333,4.01979452054795
"836","spruceT9P10ESH",2020,106,0.31299,4.28909589041096,699.98,703.063333333333,4.01979452054795
"837","spruceT9P10ESH",2020,107,0.3131,4.28909589041096,699.98,703.063333333333,4.01979452054795
"838","spruceT9P10ESH",2020,108,0.31318,4.28909589041096,699.98,703.063333333333,4.01979452054795
"839","spruceT9P10ESH",2020,109,0.31334,4.28909589041096,699.98,703.063333333333,4.01979452054795
"840","spruceT9P10ESH",2020,110,0.31362,4.28909589041096,699.98,703.063333333333,4.01979452054795
"841","spruceT9P10ESH",2020,111,0.31378,4.28909589041096,699.98,703.063333333333,4.01979452054795
"842","spruceT9P10ESH",2020,112,0.31378,4.28909589041096,699.98,703.063333333333,4.01979452054795
"843","spruceT9P10ESH",2020,113,0.31376,4.28909589041096,699.98,703.063333333333,4.01979452054795
"844","spruceT9P10ESH",2020,114,0.31371,4.28909589041096,699.98,703.063333333333,4.01979452054795
"845","spruceT9P10ESH",2020,115,0.31365,4.28909589041096,699.98,703.063333333333,4.01979452054795
"846","spruceT9P10ESH",2020,116,0.31356,4.28909589041096,699.98,703.063333333333,4.01979452054795
"847","spruceT9P10ESH",2020,117,0.31336,4.28909589041096,699.98,703.063333333333,4.01979452054795
"848","spruceT9P10ESH",2020,118,0.31307,4.28909589041096,699.98,703.063333333333,4.01979452054795
"849","spruceT9P10ESH",2020,119,0.31288,4.28909589041096,699.98,703.063333333333,4.01979452054795
"850","spruceT9P10ESH",2020,120,0.31271,4.28909589041096,699.98,703.063333333333,4.01979452054795
"851","spruceT9P10ESH",2020,121,0.31248,4.28909589041096,699.98,703.063333333333,4.01979452054795
"852","spruceT9P10ESH",2020,122,0.31236,4.28909589041096,699.98,703.063333333333,4.01979452054795
"853","spruceT9P10ESH",2020,123,0.31238,4.28909589041096,699.98,703.063333333333,4.01979452054795
"854","spruceT9P10ESH",2020,124,0.31244,4.28909589041096,699.98,703.063333333333,4.01979452054795
"855","spruceT9P10ESH",2020,125,0.31257,4.28909589041096,699.98,703.063333333333,4.01979452054795
"856","spruceT9P10ESH",2020,126,0.31271,4.28909589041096,699.98,703.063333333333,4.01979452054795
"857","spruceT9P10ESH",2020,127,0.31288,4.28909589041096,699.98,703.063333333333,4.01979452054795
"858","spruceT9P10ESH",2020,128,0.31319,4.28909589041096,699.98,703.063333333333,4.01979452054795
"859","spruceT9P10ESH",2020,129,0.31349,4.28909589041096,699.98,703.063333333333,4.01979452054795
"860","spruceT9P10ESH",2020,130,0.31374,4.28909589041096,699.98,703.063333333333,4.01979452054795
"861","spruceT9P10ESH",2020,131,0.31431,4.28909589041096,699.98,703.063333333333,4.01979452054795
"862","spruceT9P10ESH",2020,132,0.31507,4.28909589041096,699.98,703.063333333333,4.01979452054795
"863","spruceT9P10ESH",2020,133,0.31588,4.28909589041096,699.98,703.063333333333,4.01979452054795
"864","spruceT9P10ESH",2020,134,0.317,4.28909589041096,699.98,703.063333333333,4.01979452054795
"865","spruceT9P10ESH",2020,135,0.31859,4.28909589041096,699.98,703.063333333333,4.01979452054795
"866","spruceT9P10ESH",2020,136,0.32054,4.28909589041096,699.98,703.063333333333,4.01979452054795
"867","spruceT9P10ESH",2020,137,0.32271,4.28909589041096,699.98,703.063333333333,4.01979452054795
"868","spruceT9P10ESH",2020,138,0.32498,4.28909589041096,699.98,703.063333333333,4.01979452054795
"869","spruceT9P10ESH",2020,139,0.32722,4.28909589041096,699.98,703.063333333333,4.01979452054795
"870","spruceT9P10ESH",2020,140,0.32984,4.28909589041096,699.98,703.063333333333,4.01979452054795
"871","spruceT9P10ESH",2020,141,0.33285,4.28909589041096,699.98,703.063333333333,4.01979452054795
"872","spruceT9P10ESH",2020,142,0.33553,4.28909589041096,699.98,703.063333333333,4.01979452054795
"873","spruceT9P10ESH",2020,143,0.33803,4.28909589041096,699.98,703.063333333333,4.01979452054795
"874","spruceT9P10ESH",2020,144,0.34069,4.28909589041096,699.98,703.063333333333,4.01979452054795
"875","spruceT9P10ESH",2020,145,0.34303,4.28909589041096,699.98,703.063333333333,4.01979452054795
"876","spruceT9P10ESH",2020,146,0.34498,4.28909589041096,699.98,703.063333333333,4.01979452054795
"877","spruceT9P10ESH",2020,147,0.3468,4.28909589041096,699.98,703.063333333333,4.01979452054795
"878","spruceT9P10ESH",2020,148,0.34846,4.28909589041096,699.98,703.063333333333,4.01979452054795
"879","spruceT9P10ESH",2020,149,0.3498,4.28909589041096,699.98,703.063333333333,4.01979452054795
"880","spruceT9P10ESH",2020,150,0.35087,4.28909589041096,699.98,703.063333333333,4.01979452054795
"881","spruceT9P10ESH",2020,151,0.35197,4.28909589041096,699.98,703.063333333333,4.01979452054795
"882","spruceT9P10ESH",2020,152,0.35303,4.28909589041096,699.98,703.063333333333,4.01979452054795
"883","spruceT9P10ESH",2020,153,0.3539,4.28909589041096,699.98,703.063333333333,4.01979452054795
"884","spruceT9P10ESH",2020,154,0.35479,4.28909589041096,699.98,703.063333333333,4.01979452054795
"885","spruceT9P10ESH",2020,155,0.35568,4.28909589041096,699.98,703.063333333333,4.01979452054795
"886","spruceT9P10ESH",2020,156,0.35647,4.28909589041096,699.98,703.063333333333,4.01979452054795
"887","spruceT9P10ESH",2020,157,0.35727,4.28909589041096,699.98,703.063333333333,4.01979452054795
"888","spruceT9P10ESH",2020,158,0.35805,4.28909589041096,699.98,703.063333333333,4.01979452054795
"889","spruceT9P10ESH",2020,159,0.35873,4.28909589041096,699.98,703.063333333333,4.01979452054795
"890","spruceT9P10ESH",2020,160,0.35939,4.28909589041096,699.98,703.063333333333,4.01979452054795
"891","spruceT9P10ESH",2020,161,0.36008,4.28909589041096,699.98,703.063333333333,4.01979452054795
"892","spruceT9P10ESH",2020,162,0.36087,4.28909589041096,699.98,703.063333333333,4.01979452054795
"893","spruceT9P10ESH",2020,163,0.3617,4.28909589041096,699.98,703.063333333333,4.01979452054795
"894","spruceT9P10ESH",2020,164,0.36254,4.28909589041096,699.98,703.063333333333,4.01979452054795
"895","spruceT9P10ESH",2020,165,0.36341,4.28909589041096,699.98,703.063333333333,4.01979452054795
"896","spruceT9P10ESH",2020,166,0.36431,4.28909589041096,699.98,703.063333333333,4.01979452054795
"897","spruceT9P10ESH",2020,167,0.36521,4.28909589041096,699.98,703.063333333333,4.01979452054795
"898","spruceT9P10ESH",2020,168,0.36616,4.28909589041096,699.98,703.063333333333,4.01979452054795
"899","spruceT9P10ESH",2020,169,0.36724,4.28909589041096,699.98,703.063333333333,4.01979452054795
"900","spruceT9P10ESH",2020,170,0.36842,4.28909589041096,699.98,703.063333333333,4.01979452054795
"901","spruceT9P10ESH",2020,171,0.36956,4.28909589041096,699.98,703.063333333333,4.01979452054795
"902","spruceT9P10ESH",2020,172,0.37076,4.28909589041096,699.98,703.063333333333,4.01979452054795
"903","spruceT9P10ESH",2020,173,0.37204,4.28909589041096,699.98,703.063333333333,4.01979452054795
"904","spruceT9P10ESH",2020,174,0.37323,4.28909589041096,699.98,703.063333333333,4.01979452054795
"905","spruceT9P10ESH",2020,175,0.37433,4.28909589041096,699.98,703.063333333333,4.01979452054795
"906","spruceT9P10ESH",2020,176,0.37543,4.28909589041096,699.98,703.063333333333,4.01979452054795
"907","spruceT9P10ESH",2020,177,0.37644,4.28909589041096,699.98,703.063333333333,4.01979452054795
"908","spruceT9P10ESH",2020,178,0.37744,4.28909589041096,699.98,703.063333333333,4.01979452054795
"909","spruceT9P10ESH",2020,179,0.37844,4.28909589041096,699.98,703.063333333333,4.01979452054795
"910","spruceT9P10ESH",2020,180,0.37932,4.28909589041096,699.98,703.063333333333,4.01979452054795
"911","spruceT9P10ESH",2020,181,0.38009,4.28909589041096,699.98,703.063333333333,4.01979452054795
"912","spruceT9P10ESH",2020,182,0.38083,4.28909589041096,699.98,703.063333333333,4.01979452054795
"913","spruceT9P10ESH",2020,183,0.38149,4.28909589041096,699.98,703.063333333333,4.01979452054795
"914","spruceT9P10ESH",2020,184,0.38204,4.28909589041096,699.98,703.063333333333,4.01979452054795
"915","spruceT9P10ESH",2020,185,0.38246,4.28909589041096,699.98,703.063333333333,4.01979452054795
"916","spruceT9P10ESH",2020,186,0.38269,4.28909589041096,699.98,703.063333333333,4.01979452054795
"917","spruceT9P10ESH",2020,187,0.3828,4.28909589041096,699.98,703.063333333333,4.01979452054795
"918","spruceT9P10ESH",2020,188,0.38286,4.28909589041096,699.98,703.063333333333,4.01979452054795
"919","spruceT9P10ESH",2020,189,0.3828,4.28909589041096,699.98,703.063333333333,4.01979452054795
"920","spruceT9P10ESH",2020,190,0.3826,4.28909589041096,699.98,703.063333333333,4.01979452054795
"921","spruceT9P10ESH",2020,191,0.38242,4.28909589041096,699.98,703.063333333333,4.01979452054795
"922","spruceT9P10ESH",2020,192,0.38221,4.28909589041096,699.98,703.063333333333,4.01979452054795
"923","spruceT9P10ESH",2020,193,0.38191,4.28909589041096,699.98,703.063333333333,4.01979452054795
"924","spruceT9P10ESH",2020,194,0.38163,4.28909589041096,699.98,703.063333333333,4.01979452054795
"925","spruceT9P10ESH",2020,195,0.38127,4.28909589041096,699.98,703.063333333333,4.01979452054795
"926","spruceT9P10ESH",2020,196,0.38081,4.28909589041096,699.98,703.063333333333,4.01979452054795
"927","spruceT9P10ESH",2020,197,0.38044,4.28909589041096,699.98,703.063333333333,4.01979452054795
"928","spruceT9P10ESH",2020,198,0.38014,4.28909589041096,699.98,703.063333333333,4.01979452054795
"929","spruceT9P10ESH",2020,199,0.37983,4.28909589041096,699.98,703.063333333333,4.01979452054795
"930","spruceT9P10ESH",2020,200,0.37958,4.28909589041096,699.98,703.063333333333,4.01979452054795
"931","spruceT9P10ESH",2020,201,0.37943,4.28909589041096,699.98,703.063333333333,4.01979452054795
"932","spruceT9P10ESH",2020,202,0.3793,4.28909589041096,699.98,703.063333333333,4.01979452054795
"933","spruceT9P10ESH",2020,203,0.3792,4.28909589041096,699.98,703.063333333333,4.01979452054795
"934","spruceT9P10ESH",2020,204,0.37914,4.28909589041096,699.98,703.063333333333,4.01979452054795
"935","spruceT9P10ESH",2020,205,0.37912,4.28909589041096,699.98,703.063333333333,4.01979452054795
"936","spruceT9P10ESH",2020,206,0.37912,4.28909589041096,699.98,703.063333333333,4.01979452054795
"937","spruceT9P10ESH",2020,207,0.37915,4.28909589041096,699.98,703.063333333333,4.01979452054795
"938","spruceT9P10ESH",2020,208,0.37917,4.28909589041096,699.98,703.063333333333,4.01979452054795
"939","spruceT9P10ESH",2020,209,0.37917,4.28909589041096,699.98,703.063333333333,4.01979452054795
"940","spruceT9P10ESH",2020,210,0.37916,4.28909589041096,699.98,703.063333333333,4.01979452054795
"941","spruceT9P10ESH",2020,211,0.37922,4.28909589041096,699.98,703.063333333333,4.01979452054795
"942","spruceT9P10ESH",2020,212,0.37933,4.28909589041096,699.98,703.063333333333,4.01979452054795
"943","spruceT9P10ESH",2020,213,0.37944,4.28909589041096,699.98,703.063333333333,4.01979452054795
"944","spruceT9P10ESH",2020,214,0.37962,4.28909589041096,699.98,703.063333333333,4.01979452054795
"945","spruceT9P10ESH",2020,215,0.37988,4.28909589041096,699.98,703.063333333333,4.01979452054795
"946","spruceT9P10ESH",2020,216,0.38019,4.28909589041096,699.98,703.063333333333,4.01979452054795
"947","spruceT9P10ESH",2020,217,0.3805,4.28909589041096,699.98,703.063333333333,4.01979452054795
"948","spruceT9P10ESH",2020,218,0.38097,4.28909589041096,699.98,703.063333333333,4.01979452054795
"949","spruceT9P10ESH",2020,219,0.3816,4.28909589041096,699.98,703.063333333333,4.01979452054795
"950","spruceT9P10ESH",2020,220,0.38207,4.28909589041096,699.98,703.063333333333,4.01979452054795
"951","spruceT9P10ESH",2020,221,0.3825,4.28909589041096,699.98,703.063333333333,4.01979452054795
"952","spruceT9P10ESH",2020,222,0.38302,4.28909589041096,699.98,703.063333333333,4.01979452054795
"953","spruceT9P10ESH",2020,223,0.38333,4.28909589041096,699.98,703.063333333333,4.01979452054795
"954","spruceT9P10ESH",2020,224,0.38342,4.28909589041096,699.98,703.063333333333,4.01979452054795
"955","spruceT9P10ESH",2020,225,0.38346,4.28909589041096,699.98,703.063333333333,4.01979452054795
"956","spruceT9P10ESH",2020,226,0.38336,4.28909589041096,699.98,703.063333333333,4.01979452054795
"957","spruceT9P10ESH",2020,227,0.38305,4.28909589041096,699.98,703.063333333333,4.01979452054795
"958","spruceT9P10ESH",2020,228,0.38254,4.28909589041096,699.98,703.063333333333,4.01979452054795
"959","spruceT9P10ESH",2020,229,0.38191,4.28909589041096,699.98,703.063333333333,4.01979452054795
"960","spruceT9P10ESH",2020,230,0.38125,4.28909589041096,699.98,703.063333333333,4.01979452054795
"961","spruceT9P10ESH",2020,231,0.38064,4.28909589041096,699.98,703.063333333333,4.01979452054795
"962","spruceT9P10ESH",2020,232,0.37999,4.28909589041096,699.98,703.063333333333,4.01979452054795
"963","spruceT9P10ESH",2020,233,0.37924,4.28909589041096,699.98,703.063333333333,4.01979452054795
"964","spruceT9P10ESH",2020,234,0.37853,4.28909589041096,699.98,703.063333333333,4.01979452054795
"965","spruceT9P10ESH",2020,235,0.37781,4.28909589041096,699.98,703.063333333333,4.01979452054795
"966","spruceT9P10ESH",2020,236,0.37703,4.28909589041096,699.98,703.063333333333,4.01979452054795
"967","spruceT9P10ESH",2020,237,0.3763,4.28909589041096,699.98,703.063333333333,4.01979452054795
"968","spruceT9P10ESH",2020,238,0.37562,4.28909589041096,699.98,703.063333333333,4.01979452054795
"969","spruceT9P10ESH",2020,239,0.37493,4.28909589041096,699.98,703.063333333333,4.01979452054795
"970","spruceT9P10ESH",2020,240,0.37428,4.28909589041096,699.98,703.063333333333,4.01979452054795
"971","spruceT9P10ESH",2020,241,0.37371,4.28909589041096,699.98,703.063333333333,4.01979452054795
"972","spruceT9P10ESH",2020,242,0.37318,4.28909589041096,699.98,703.063333333333,4.01979452054795
"973","spruceT9P10ESH",2020,243,0.37264,4.28909589041096,699.98,703.063333333333,4.01979452054795
"974","spruceT9P10ESH",2020,244,0.37205,4.28909589041096,699.98,703.063333333333,4.01979452054795
"975","spruceT9P10ESH",2020,245,0.37148,4.28909589041096,699.98,703.063333333333,4.01979452054795
"976","spruceT9P10ESH",2020,246,0.37091,4.28909589041096,699.98,703.063333333333,4.01979452054795
"977","spruceT9P10ESH",2020,247,0.37037,4.28909589041096,699.98,703.063333333333,4.01979452054795
"978","spruceT9P10ESH",2020,248,0.36987,4.28909589041096,699.98,703.063333333333,4.01979452054795
"979","spruceT9P10ESH",2020,249,0.36935,4.28909589041096,699.98,703.063333333333,4.01979452054795
"980","spruceT9P10ESH",2020,250,0.36882,4.28909589041096,699.98,703.063333333333,4.01979452054795
"981","spruceT9P10ESH",2020,251,0.36828,4.28909589041096,699.98,703.063333333333,4.01979452054795
"982","spruceT9P10ESH",2020,252,0.36775,4.28909589041096,699.98,703.063333333333,4.01979452054795
"983","spruceT9P10ESH",2020,253,0.36721,4.28909589041096,699.98,703.063333333333,4.01979452054795
"984","spruceT9P10ESH",2020,254,0.36668,4.28909589041096,699.98,703.063333333333,4.01979452054795
"985","spruceT9P10ESH",2020,255,0.3661,4.28909589041096,699.98,703.063333333333,4.01979452054795
"986","spruceT9P10ESH",2020,256,0.36547,4.28909589041096,699.98,703.063333333333,4.01979452054795
"987","spruceT9P10ESH",2020,257,0.36491,4.28909589041096,699.98,703.063333333333,4.01979452054795
"988","spruceT9P10ESH",2020,258,0.36449,4.28909589041096,699.98,703.063333333333,4.01979452054795
"989","spruceT9P10ESH",2020,259,0.36415,4.28909589041096,699.98,703.063333333333,4.01979452054795
"990","spruceT9P10ESH",2020,260,0.36377,4.28909589041096,699.98,703.063333333333,4.01979452054795
"991","spruceT9P10ESH",2020,261,0.36339,4.28909589041096,699.98,703.063333333333,4.01979452054795
"992","spruceT9P10ESH",2020,262,0.36305,4.28909589041096,699.98,703.063333333333,4.01979452054795
"993","spruceT9P10ESH",2020,263,0.36267,4.28909589041096,699.98,703.063333333333,4.01979452054795
"994","spruceT9P10ESH",2020,264,0.36224,4.28909589041096,699.98,703.063333333333,4.01979452054795
"995","spruceT9P10ESH",2020,265,0.36181,4.28909589041096,699.98,703.063333333333,4.01979452054795
"996","spruceT9P10ESH",2020,266,0.36136,4.28909589041096,699.98,703.063333333333,4.01979452054795
"997","spruceT9P10ESH",2020,267,0.36088,4.28909589041096,699.98,703.063333333333,4.01979452054795
"998","spruceT9P10ESH",2020,268,0.36039,4.28909589041096,699.98,703.063333333333,4.01979452054795
"999","spruceT9P10ESH",2020,269,0.35989,4.28909589041096,699.98,703.063333333333,4.01979452054795
"1000","spruceT9P10ESH",2020,270,0.35932,4.28909589041096,699.98,703.063333333333,4.01979452054795
"1001","spruceT9P10ESH",2020,271,0.35869,4.28909589041096,699.98,703.063333333333,4.01979452054795
"1002","spruceT9P10ESH",2020,272,0.3581,4.28909589041096,699.98,703.063333333333,4.01979452054795
"1003","spruceT9P10ESH",2020,273,0.35759,4.28909589041096,699.98,703.063333333333,4.01979452054795
"1004","spruceT9P10ESH",2020,274,0.35707,4.28909589041096,699.98,703.063333333333,4.01979452054795
"1005","spruceT9P10ESH",2020,275,0.35657,4.28909589041096,699.98,703.063333333333,4.01979452054795
"1006","spruceT9P10ESH",2020,276,0.35608,4.28909589041096,699.98,703.063333333333,4.01979452054795
"1007","spruceT9P10ESH",2020,277,0.35562,4.28909589041096,699.98,703.063333333333,4.01979452054795
"1008","spruceT9P10ESH",2020,278,0.35526,4.28909589041096,699.98,703.063333333333,4.01979452054795
"1009","spruceT9P10ESH",2020,279,0.35497,4.28909589041096,699.98,703.063333333333,4.01979452054795
"1010","spruceT9P10ESH",2020,280,0.35461,4.28909589041096,699.98,703.063333333333,4.01979452054795
"1011","spruceT9P10ESH",2020,281,0.3542,4.28909589041096,699.98,703.063333333333,4.01979452054795
"1012","spruceT9P10ESH",2020,282,0.35381,4.28909589041096,699.98,703.063333333333,4.01979452054795
"1013","spruceT9P10ESH",2020,283,0.35335,4.28909589041096,699.98,703.063333333333,4.01979452054795
"1014","spruceT9P10ESH",2020,284,0.35283,4.28909589041096,699.98,703.063333333333,4.01979452054795
"1015","spruceT9P10ESH",2020,285,0.3523,4.28909589041096,699.98,703.063333333333,4.01979452054795
"1016","spruceT9P10ESH",2020,286,0.3517,4.28909589041096,699.98,703.063333333333,4.01979452054795
"1017","spruceT9P10ESH",2020,287,0.35103,4.28909589041096,699.98,703.063333333333,4.01979452054795
"1018","spruceT9P10ESH",2020,288,0.35033,4.28909589041096,699.98,703.063333333333,4.01979452054795
"1019","spruceT9P10ESH",2020,289,0.34953,4.28909589041096,699.98,703.063333333333,4.01979452054795
"1020","spruceT9P10ESH",2020,290,0.3486,4.28909589041096,699.98,703.063333333333,4.01979452054795
"1021","spruceT9P10ESH",2020,291,0.34759,4.28909589041096,699.98,703.063333333333,4.01979452054795
"1022","spruceT9P10ESH",2020,292,0.34653,4.28909589041096,699.98,703.063333333333,4.01979452054795
"1023","spruceT9P10ESH",2020,293,0.34537,4.28909589041096,699.98,703.063333333333,4.01979452054795
"1024","spruceT9P10ESH",2020,294,0.34412,4.28909589041096,699.98,703.063333333333,4.01979452054795
"1025","spruceT9P10ESH",2020,295,0.34287,4.28909589041096,699.98,703.063333333333,4.01979452054795
"1026","spruceT9P10ESH",2020,296,0.34155,4.28909589041096,699.98,703.063333333333,4.01979452054795
"1027","spruceT9P10ESH",2020,297,0.34009,4.28909589041096,699.98,703.063333333333,4.01979452054795
"1028","spruceT9P10ESH",2020,298,0.33858,4.28909589041096,699.98,703.063333333333,4.01979452054795
"1029","spruceT9P10ESH",2020,299,0.33709,4.28909589041096,699.98,703.063333333333,4.01979452054795
"1030","spruceT9P10ESH",2020,300,0.33572,4.28909589041096,699.98,703.063333333333,4.01979452054795
"1031","spruceT9P10ESH",2020,301,0.33415,4.28909589041096,699.98,703.063333333333,4.01979452054795
"1032","spruceT9P10ESH",2020,302,0.3324,4.28909589041096,699.98,703.063333333333,4.01979452054795
"1033","spruceT9P10ESH",2020,303,0.33101,4.28909589041096,699.98,703.063333333333,4.01979452054795
"1034","spruceT9P10ESH",2020,304,0.32993,4.28909589041096,699.98,703.063333333333,4.01979452054795
"1035","spruceT9P10ESH",2020,305,0.3289,4.28909589041096,699.98,703.063333333333,4.01979452054795
"1036","spruceT9P10ESH",2020,306,0.32813,4.28909589041096,699.98,703.063333333333,4.01979452054795
"1037","spruceT9P10ESH",2020,307,0.32773,4.28909589041096,699.98,703.063333333333,4.01979452054795
"1038","spruceT9P10ESH",2020,308,0.32756,4.28909589041096,699.98,703.063333333333,4.01979452054795
"1039","spruceT9P10ESH",2020,309,0.32745,4.28909589041096,699.98,703.063333333333,4.01979452054795
"1040","spruceT9P10ESH",2020,310,0.32765,4.28909589041096,699.98,703.063333333333,4.01979452054795
"1041","spruceT9P10ESH",2020,311,0.32818,4.28909589041096,699.98,703.063333333333,4.01979452054795
"1042","spruceT9P10ESH",2020,312,0.32856,4.28909589041096,699.98,703.063333333333,4.01979452054795
"1043","spruceT9P10ESH",2020,313,0.32908,4.28909589041096,699.98,703.063333333333,4.01979452054795
"1044","spruceT9P10ESH",2020,314,0.32991,4.28909589041096,699.98,703.063333333333,4.01979452054795
"1045","spruceT9P10ESH",2020,315,0.33045,4.28909589041096,699.98,703.063333333333,4.01979452054795
"1046","spruceT9P10ESH",2020,316,0.33073,4.28909589041096,699.98,703.063333333333,4.01979452054795
"1047","spruceT9P10ESH",2020,317,0.33105,4.28909589041096,699.98,703.063333333333,4.01979452054795
"1048","spruceT9P10ESH",2020,318,0.33118,4.28909589041096,699.98,703.063333333333,4.01979452054795
"1049","spruceT9P10ESH",2020,319,0.331,4.28909589041096,699.98,703.063333333333,4.01979452054795
"1050","spruceT9P10ESH",2020,320,0.3306,4.28909589041096,699.98,703.063333333333,4.01979452054795
"1051","spruceT9P10ESH",2020,321,0.33008,4.28909589041096,699.98,703.063333333333,4.01979452054795
"1052","spruceT9P10ESH",2020,322,0.32953,4.28909589041096,699.98,703.063333333333,4.01979452054795
"1053","spruceT9P10ESH",2020,323,0.32903,4.28909589041096,699.98,703.063333333333,4.01979452054795
"1054","spruceT9P10ESH",2020,324,0.32849,4.28909589041096,699.98,703.063333333333,4.01979452054795
"1055","spruceT9P10ESH",2020,325,0.32785,4.28909589041096,699.98,703.063333333333,4.01979452054795
"1056","spruceT9P10ESH",2020,326,0.32726,4.28909589041096,699.98,703.063333333333,4.01979452054795
"1057","spruceT9P10ESH",2020,327,0.32665,4.28909589041096,699.98,703.063333333333,4.01979452054795
"1058","spruceT9P10ESH",2020,328,0.32597,4.28909589041096,699.98,703.063333333333,4.01979452054795
"1059","spruceT9P10ESH",2020,329,0.32536,4.28909589041096,699.98,703.063333333333,4.01979452054795
"1060","spruceT9P10ESH",2020,330,0.32481,4.28909589041096,699.98,703.063333333333,4.01979452054795
"1061","spruceT9P10ESH",2020,331,0.32424,4.28909589041096,699.98,703.063333333333,4.01979452054795
"1062","spruceT9P10ESH",2020,332,0.32373,4.28909589041096,699.98,703.063333333333,4.01979452054795
"1063","spruceT9P10ESH",2020,333,0.32327,4.28909589041096,699.98,703.063333333333,4.01979452054795
"1064","spruceT9P10ESH",2020,334,0.32285,4.28909589041096,699.98,703.063333333333,4.01979452054795
"1065","spruceT9P10ESH",2020,335,0.32245,4.28909589041096,699.98,703.063333333333,4.01979452054795
"1066","spruceT9P10ESH",2020,336,0.32215,4.28909589041096,699.98,703.063333333333,4.01979452054795
"1067","spruceT9P10ESH",2020,337,0.32191,4.28909589041096,699.98,703.063333333333,4.01979452054795
"1068","spruceT9P10ESH",2020,338,0.32163,4.28909589041096,699.98,703.063333333333,4.01979452054795
"1069","spruceT9P10ESH",2020,339,0.32135,4.28909589041096,699.98,703.063333333333,4.01979452054795
"1070","spruceT9P10ESH",2020,340,0.32111,4.28909589041096,699.98,703.063333333333,4.01979452054795
"1071","spruceT9P10ESH",2020,341,0.32082,4.28909589041096,699.98,703.063333333333,4.01979452054795
"1072","spruceT9P10ESH",2020,342,0.32045,4.28909589041096,699.98,703.063333333333,4.01979452054795
"1073","spruceT9P10ESH",2020,343,0.32004,4.28909589041096,699.98,703.063333333333,4.01979452054795
"1074","spruceT9P10ESH",2020,344,0.31962,4.28909589041096,699.98,703.063333333333,4.01979452054795
"1075","spruceT9P10ESH",2020,345,0.31923,4.28909589041096,699.98,703.063333333333,4.01979452054795
"1076","spruceT9P10ESH",2020,346,0.3189,4.28909589041096,699.98,703.063333333333,4.01979452054795
"1077","spruceT9P10ESH",2020,347,0.31856,4.28909589041096,699.98,703.063333333333,4.01979452054795
"1078","spruceT9P10ESH",2020,348,0.3182,4.28909589041096,699.98,703.063333333333,4.01979452054795
"1079","spruceT9P10ESH",2020,349,0.3179,4.28909589041096,699.98,703.063333333333,4.01979452054795
"1080","spruceT9P10ESH",2020,350,0.31769,4.28909589041096,699.98,703.063333333333,4.01979452054795
"1081","spruceT9P10ESH",2020,351,0.31752,4.28909589041096,699.98,703.063333333333,4.01979452054795
"1082","spruceT9P10ESH",2020,352,0.31735,4.28909589041096,699.98,703.063333333333,4.01979452054795
"1083","spruceT9P10ESH",2020,353,0.31726,4.28909589041096,699.98,703.063333333333,4.01979452054795
"1084","spruceT9P10ESH",2020,354,0.31723,4.28909589041096,699.98,703.063333333333,4.01979452054795
"1085","spruceT9P10ESH",2020,355,0.31718,4.28909589041096,699.98,703.063333333333,4.01979452054795
"1086","spruceT9P10ESH",2020,356,0.31707,4.28909589041096,699.98,703.063333333333,4.01979452054795
"1087","spruceT9P10ESH",2020,357,0.31698,4.28909589041096,699.98,703.063333333333,4.01979452054795
"1088","spruceT9P10ESH",2020,358,0.3169,4.28909589041096,699.98,703.063333333333,4.01979452054795
"1089","spruceT9P10ESH",2020,359,0.31678,4.28909589041096,699.98,703.063333333333,4.01979452054795
"1090","spruceT9P10ESH",2020,360,0.31663,4.28909589041096,699.98,703.063333333333,4.01979452054795
"1091","spruceT9P10ESH",2020,361,0.31653,4.28909589041096,699.98,703.063333333333,4.01979452054795
"1092","spruceT9P10ESH",2020,362,0.31653,4.28909589041096,699.98,703.063333333333,4.01979452054795
"1093","spruceT9P10ESH",2020,363,0.31659,4.28909589041096,699.98,703.063333333333,4.01979452054795
"1094","spruceT9P10ESH",2020,364,0.31661,4.28909589041096,699.98,703.063333333333,4.01979452054795
"1095","spruceT9P10ESH",2020,365,0.31662,4.28909589041096,699.98,703.063333333333,4.01979452054795
"1096","spruceT9P10ESH",2021,1,0.31677,5.50367123287671,616.91,703.063333333333,4.01979452054795
"1097","spruceT9P10ESH",2021,2,0.31681,5.50367123287671,616.91,703.063333333333,4.01979452054795
"1098","spruceT9P10ESH",2021,3,0.31678,5.50367123287671,616.91,703.063333333333,4.01979452054795
"1099","spruceT9P10ESH",2021,4,0.31669,5.50367123287671,616.91,703.063333333333,4.01979452054795
"1100","spruceT9P10ESH",2021,5,0.31658,5.50367123287671,616.91,703.063333333333,4.01979452054795
"1101","spruceT9P10ESH",2021,6,0.31643,5.50367123287671,616.91,703.063333333333,4.01979452054795
"1102","spruceT9P10ESH",2021,7,0.3162,5.50367123287671,616.91,703.063333333333,4.01979452054795
"1103","spruceT9P10ESH",2021,8,0.31588,5.50367123287671,616.91,703.063333333333,4.01979452054795
"1104","spruceT9P10ESH",2021,9,0.31557,5.50367123287671,616.91,703.063333333333,4.01979452054795
"1105","spruceT9P10ESH",2021,10,0.31521,5.50367123287671,616.91,703.063333333333,4.01979452054795
"1106","spruceT9P10ESH",2021,11,0.31479,5.50367123287671,616.91,703.063333333333,4.01979452054795
"1107","spruceT9P10ESH",2021,12,0.31441,5.50367123287671,616.91,703.063333333333,4.01979452054795
"1108","spruceT9P10ESH",2021,13,0.31406,5.50367123287671,616.91,703.063333333333,4.01979452054795
"1109","spruceT9P10ESH",2021,14,0.3137,5.50367123287671,616.91,703.063333333333,4.01979452054795
"1110","spruceT9P10ESH",2021,15,0.31338,5.50367123287671,616.91,703.063333333333,4.01979452054795
"1111","spruceT9P10ESH",2021,16,0.31309,5.50367123287671,616.91,703.063333333333,4.01979452054795
"1112","spruceT9P10ESH",2021,17,0.3128,5.50367123287671,616.91,703.063333333333,4.01979452054795
"1113","spruceT9P10ESH",2021,18,0.31255,5.50367123287671,616.91,703.063333333333,4.01979452054795
"1114","spruceT9P10ESH",2021,19,0.31235,5.50367123287671,616.91,703.063333333333,4.01979452054795
"1115","spruceT9P10ESH",2021,20,0.31215,5.50367123287671,616.91,703.063333333333,4.01979452054795
"1116","spruceT9P10ESH",2021,21,0.31201,5.50367123287671,616.91,703.063333333333,4.01979452054795
"1117","spruceT9P10ESH",2021,22,0.31197,5.50367123287671,616.91,703.063333333333,4.01979452054795
"1118","spruceT9P10ESH",2021,23,0.31204,5.50367123287671,616.91,703.063333333333,4.01979452054795
"1119","spruceT9P10ESH",2021,24,0.31215,5.50367123287671,616.91,703.063333333333,4.01979452054795
"1120","spruceT9P10ESH",2021,25,0.31225,5.50367123287671,616.91,703.063333333333,4.01979452054795
"1121","spruceT9P10ESH",2021,26,0.31228,5.50367123287671,616.91,703.063333333333,4.01979452054795
"1122","spruceT9P10ESH",2021,27,0.3123,5.50367123287671,616.91,703.063333333333,4.01979452054795
"1123","spruceT9P10ESH",2021,28,0.31233,5.50367123287671,616.91,703.063333333333,4.01979452054795
"1124","spruceT9P10ESH",2021,29,0.31231,5.50367123287671,616.91,703.063333333333,4.01979452054795
"1125","spruceT9P10ESH",2021,30,0.31221,5.50367123287671,616.91,703.063333333333,4.01979452054795
"1126","spruceT9P10ESH",2021,31,0.31207,5.50367123287671,616.91,703.063333333333,4.01979452054795
"1127","spruceT9P10ESH",2021,32,0.31194,5.50367123287671,616.91,703.063333333333,4.01979452054795
"1128","spruceT9P10ESH",2021,33,0.31179,5.50367123287671,616.91,703.063333333333,4.01979452054795
"1129","spruceT9P10ESH",2021,34,0.3116,5.50367123287671,616.91,703.063333333333,4.01979452054795
"1130","spruceT9P10ESH",2021,35,0.31145,5.50367123287671,616.91,703.063333333333,4.01979452054795
"1131","spruceT9P10ESH",2021,36,0.3113,5.50367123287671,616.91,703.063333333333,4.01979452054795
"1132","spruceT9P10ESH",2021,37,0.31111,5.50367123287671,616.91,703.063333333333,4.01979452054795
"1133","spruceT9P10ESH",2021,38,0.31099,5.50367123287671,616.91,703.063333333333,4.01979452054795
"1134","spruceT9P10ESH",2021,39,0.3109,5.50367123287671,616.91,703.063333333333,4.01979452054795
"1135","spruceT9P10ESH",2021,40,0.31083,5.50367123287671,616.91,703.063333333333,4.01979452054795
"1136","spruceT9P10ESH",2021,41,0.3108,5.50367123287671,616.91,703.063333333333,4.01979452054795
"1137","spruceT9P10ESH",2021,42,0.31084,5.50367123287671,616.91,703.063333333333,4.01979452054795
"1138","spruceT9P10ESH",2021,43,0.31092,5.50367123287671,616.91,703.063333333333,4.01979452054795
"1139","spruceT9P10ESH",2021,44,0.31101,5.50367123287671,616.91,703.063333333333,4.01979452054795
"1140","spruceT9P10ESH",2021,45,0.31112,5.50367123287671,616.91,703.063333333333,4.01979452054795
"1141","spruceT9P10ESH",2021,46,0.31127,5.50367123287671,616.91,703.063333333333,4.01979452054795
"1142","spruceT9P10ESH",2021,47,0.31144,5.50367123287671,616.91,703.063333333333,4.01979452054795
"1143","spruceT9P10ESH",2021,48,0.31162,5.50367123287671,616.91,703.063333333333,4.01979452054795
"1144","spruceT9P10ESH",2021,49,0.31178,5.50367123287671,616.91,703.063333333333,4.01979452054795
"1145","spruceT9P10ESH",2021,50,0.31197,5.50367123287671,616.91,703.063333333333,4.01979452054795
"1146","spruceT9P10ESH",2021,51,0.31219,5.50367123287671,616.91,703.063333333333,4.01979452054795
"1147","spruceT9P10ESH",2021,52,0.31237,5.50367123287671,616.91,703.063333333333,4.01979452054795
"1148","spruceT9P10ESH",2021,53,0.31253,5.50367123287671,616.91,703.063333333333,4.01979452054795
"1149","spruceT9P10ESH",2021,54,0.31268,5.50367123287671,616.91,703.063333333333,4.01979452054795
"1150","spruceT9P10ESH",2021,55,0.31282,5.50367123287671,616.91,703.063333333333,4.01979452054795
"1151","spruceT9P10ESH",2021,56,0.31296,5.50367123287671,616.91,703.063333333333,4.01979452054795
"1152","spruceT9P10ESH",2021,57,0.31311,5.50367123287671,616.91,703.063333333333,4.01979452054795
"1153","spruceT9P10ESH",2021,58,0.31324,5.50367123287671,616.91,703.063333333333,4.01979452054795
"1154","spruceT9P10ESH",2021,59,0.31336,5.50367123287671,616.91,703.063333333333,4.01979452054795
"1155","spruceT9P10ESH",2021,60,0.31347,5.50367123287671,616.91,703.063333333333,4.01979452054795
"1156","spruceT9P10ESH",2021,61,0.31357,5.50367123287671,616.91,703.063333333333,4.01979452054795
"1157","spruceT9P10ESH",2021,62,0.31363,5.50367123287671,616.91,703.063333333333,4.01979452054795
"1158","spruceT9P10ESH",2021,63,0.31368,5.50367123287671,616.91,703.063333333333,4.01979452054795
"1159","spruceT9P10ESH",2021,64,0.31373,5.50367123287671,616.91,703.063333333333,4.01979452054795
"1160","spruceT9P10ESH",2021,65,0.31377,5.50367123287671,616.91,703.063333333333,4.01979452054795
"1161","spruceT9P10ESH",2021,66,0.3138,5.50367123287671,616.91,703.063333333333,4.01979452054795
"1162","spruceT9P10ESH",2021,67,0.31382,5.50367123287671,616.91,703.063333333333,4.01979452054795
"1163","spruceT9P10ESH",2021,68,0.31383,5.50367123287671,616.91,703.063333333333,4.01979452054795
"1164","spruceT9P10ESH",2021,69,0.31384,5.50367123287671,616.91,703.063333333333,4.01979452054795
"1165","spruceT9P10ESH",2021,70,0.31384,5.50367123287671,616.91,703.063333333333,4.01979452054795
"1166","spruceT9P10ESH",2021,71,0.31383,5.50367123287671,616.91,703.063333333333,4.01979452054795
"1167","spruceT9P10ESH",2021,72,0.31381,5.50367123287671,616.91,703.063333333333,4.01979452054795
"1168","spruceT9P10ESH",2021,73,0.31385,5.50367123287671,616.91,703.063333333333,4.01979452054795
"1169","spruceT9P10ESH",2021,74,0.31392,5.50367123287671,616.91,703.063333333333,4.01979452054795
"1170","spruceT9P10ESH",2021,75,0.31391,5.50367123287671,616.91,703.063333333333,4.01979452054795
"1171","spruceT9P10ESH",2021,76,0.3138,5.50367123287671,616.91,703.063333333333,4.01979452054795
"1172","spruceT9P10ESH",2021,77,0.31365,5.50367123287671,616.91,703.063333333333,4.01979452054795
"1173","spruceT9P10ESH",2021,78,0.31349,5.50367123287671,616.91,703.063333333333,4.01979452054795
"1174","spruceT9P10ESH",2021,79,0.31324,5.50367123287671,616.91,703.063333333333,4.01979452054795
"1175","spruceT9P10ESH",2021,80,0.31291,5.50367123287671,616.91,703.063333333333,4.01979452054795
"1176","spruceT9P10ESH",2021,81,0.31264,5.50367123287671,616.91,703.063333333333,4.01979452054795
"1177","spruceT9P10ESH",2021,82,0.31237,5.50367123287671,616.91,703.063333333333,4.01979452054795
"1178","spruceT9P10ESH",2021,83,0.31203,5.50367123287671,616.91,703.063333333333,4.01979452054795
"1179","spruceT9P10ESH",2021,84,0.3118,5.50367123287671,616.91,703.063333333333,4.01979452054795
"1180","spruceT9P10ESH",2021,85,0.31169,5.50367123287671,616.91,703.063333333333,4.01979452054795
"1181","spruceT9P10ESH",2021,86,0.31161,5.50367123287671,616.91,703.063333333333,4.01979452054795
"1182","spruceT9P10ESH",2021,87,0.31154,5.50367123287671,616.91,703.063333333333,4.01979452054795
"1183","spruceT9P10ESH",2021,88,0.31168,5.50367123287671,616.91,703.063333333333,4.01979452054795
"1184","spruceT9P10ESH",2021,89,0.31199,5.50367123287671,616.91,703.063333333333,4.01979452054795
"1185","spruceT9P10ESH",2021,90,0.31212,5.50367123287671,616.91,703.063333333333,4.01979452054795
"1186","spruceT9P10ESH",2021,91,0.31202,5.50367123287671,616.91,703.063333333333,4.01979452054795
"1187","spruceT9P10ESH",2021,92,0.31186,5.50367123287671,616.91,703.063333333333,4.01979452054795
"1188","spruceT9P10ESH",2021,93,0.31166,5.50367123287671,616.91,703.063333333333,4.01979452054795
"1189","spruceT9P10ESH",2021,94,0.31144,5.50367123287671,616.91,703.063333333333,4.01979452054795
"1190","spruceT9P10ESH",2021,95,0.31123,5.50367123287671,616.91,703.063333333333,4.01979452054795
"1191","spruceT9P10ESH",2021,96,0.31075,5.50367123287671,616.91,703.063333333333,4.01979452054795
"1192","spruceT9P10ESH",2021,97,0.31005,5.50367123287671,616.91,703.063333333333,4.01979452054795
"1193","spruceT9P10ESH",2021,98,0.30967,5.50367123287671,616.91,703.063333333333,4.01979452054795
"1194","spruceT9P10ESH",2021,99,0.30954,5.50367123287671,616.91,703.063333333333,4.01979452054795
"1195","spruceT9P10ESH",2021,100,0.30939,5.50367123287671,616.91,703.063333333333,4.01979452054795
"1196","spruceT9P10ESH",2021,101,0.30945,5.50367123287671,616.91,703.063333333333,4.01979452054795
"1197","spruceT9P10ESH",2021,102,0.3098,5.50367123287671,616.91,703.063333333333,4.01979452054795
"1198","spruceT9P10ESH",2021,103,0.31032,5.50367123287671,616.91,703.063333333333,4.01979452054795
"1199","spruceT9P10ESH",2021,104,0.31089,5.50367123287671,616.91,703.063333333333,4.01979452054795
"1200","spruceT9P10ESH",2021,105,0.31169,5.50367123287671,616.91,703.063333333333,4.01979452054795
"1201","spruceT9P10ESH",2021,106,0.31275,5.50367123287671,616.91,703.063333333333,4.01979452054795
"1202","spruceT9P10ESH",2021,107,0.31372,5.50367123287671,616.91,703.063333333333,4.01979452054795
"1203","spruceT9P10ESH",2021,108,0.31452,5.50367123287671,616.91,703.063333333333,4.01979452054795
"1204","spruceT9P10ESH",2021,109,0.31535,5.50367123287671,616.91,703.063333333333,4.01979452054795
"1205","spruceT9P10ESH",2021,110,0.31629,5.50367123287671,616.91,703.063333333333,4.01979452054795
"1206","spruceT9P10ESH",2021,111,0.3171,5.50367123287671,616.91,703.063333333333,4.01979452054795
"1207","spruceT9P10ESH",2021,112,0.3178,5.50367123287671,616.91,703.063333333333,4.01979452054795
"1208","spruceT9P10ESH",2021,113,0.3188,5.50367123287671,616.91,703.063333333333,4.01979452054795
"1209","spruceT9P10ESH",2021,114,0.32024,5.50367123287671,616.91,703.063333333333,4.01979452054795
"1210","spruceT9P10ESH",2021,115,0.3219,5.50367123287671,616.91,703.063333333333,4.01979452054795
"1211","spruceT9P10ESH",2021,116,0.3237,5.50367123287671,616.91,703.063333333333,4.01979452054795
"1212","spruceT9P10ESH",2021,117,0.32555,5.50367123287671,616.91,703.063333333333,4.01979452054795
"1213","spruceT9P10ESH",2021,118,0.32737,5.50367123287671,616.91,703.063333333333,4.01979452054795
"1214","spruceT9P10ESH",2021,119,0.32947,5.50367123287671,616.91,703.063333333333,4.01979452054795
"1215","spruceT9P10ESH",2021,120,0.33187,5.50367123287671,616.91,703.063333333333,4.01979452054795
"1216","spruceT9P10ESH",2021,121,0.33398,5.50367123287671,616.91,703.063333333333,4.01979452054795
"1217","spruceT9P10ESH",2021,122,0.33583,5.50367123287671,616.91,703.063333333333,4.01979452054795
"1218","spruceT9P10ESH",2021,123,0.3377,5.50367123287671,616.91,703.063333333333,4.01979452054795
"1219","spruceT9P10ESH",2021,124,0.33944,5.50367123287671,616.91,703.063333333333,4.01979452054795
"1220","spruceT9P10ESH",2021,125,0.34087,5.50367123287671,616.91,703.063333333333,4.01979452054795
"1221","spruceT9P10ESH",2021,126,0.34209,5.50367123287671,616.91,703.063333333333,4.01979452054795
"1222","spruceT9P10ESH",2021,127,0.34339,5.50367123287671,616.91,703.063333333333,4.01979452054795
"1223","spruceT9P10ESH",2021,128,0.34461,5.50367123287671,616.91,703.063333333333,4.01979452054795
"1224","spruceT9P10ESH",2021,129,0.34561,5.50367123287671,616.91,703.063333333333,4.01979452054795
"1225","spruceT9P10ESH",2021,130,0.34678,5.50367123287671,616.91,703.063333333333,4.01979452054795
"1226","spruceT9P10ESH",2021,131,0.34818,5.50367123287671,616.91,703.063333333333,4.01979452054795
"1227","spruceT9P10ESH",2021,132,0.34961,5.50367123287671,616.91,703.063333333333,4.01979452054795
"1228","spruceT9P10ESH",2021,133,0.35105,5.50367123287671,616.91,703.063333333333,4.01979452054795
"1229","spruceT9P10ESH",2021,134,0.35274,5.50367123287671,616.91,703.063333333333,4.01979452054795
"1230","spruceT9P10ESH",2021,135,0.35464,5.50367123287671,616.91,703.063333333333,4.01979452054795
"1231","spruceT9P10ESH",2021,136,0.35629,5.50367123287671,616.91,703.063333333333,4.01979452054795
"1232","spruceT9P10ESH",2021,137,0.35768,5.50367123287671,616.91,703.063333333333,4.01979452054795
"1233","spruceT9P10ESH",2021,138,0.35908,5.50367123287671,616.91,703.063333333333,4.01979452054795
"1234","spruceT9P10ESH",2021,139,0.36041,5.50367123287671,616.91,703.063333333333,4.01979452054795
"1235","spruceT9P10ESH",2021,140,0.36159,5.50367123287671,616.91,703.063333333333,4.01979452054795
"1236","spruceT9P10ESH",2021,141,0.36254,5.50367123287671,616.91,703.063333333333,4.01979452054795
"1237","spruceT9P10ESH",2021,142,0.36311,5.50367123287671,616.91,703.063333333333,4.01979452054795
"1238","spruceT9P10ESH",2021,143,0.36344,5.50367123287671,616.91,703.063333333333,4.01979452054795
"1239","spruceT9P10ESH",2021,144,0.36384,5.50367123287671,616.91,703.063333333333,4.01979452054795
"1240","spruceT9P10ESH",2021,145,0.36419,5.50367123287671,616.91,703.063333333333,4.01979452054795
"1241","spruceT9P10ESH",2021,146,0.36436,5.50367123287671,616.91,703.063333333333,4.01979452054795
"1242","spruceT9P10ESH",2021,147,0.36462,5.50367123287671,616.91,703.063333333333,4.01979452054795
"1243","spruceT9P10ESH",2021,148,0.36492,5.50367123287671,616.91,703.063333333333,4.01979452054795
"1244","spruceT9P10ESH",2021,149,0.36511,5.50367123287671,616.91,703.063333333333,4.01979452054795
"1245","spruceT9P10ESH",2021,150,0.36539,5.50367123287671,616.91,703.063333333333,4.01979452054795
"1246","spruceT9P10ESH",2021,151,0.36581,5.50367123287671,616.91,703.063333333333,4.01979452054795
"1247","spruceT9P10ESH",2021,152,0.36628,5.50367123287671,616.91,703.063333333333,4.01979452054795
"1248","spruceT9P10ESH",2021,153,0.36675,5.50367123287671,616.91,703.063333333333,4.01979452054795
"1249","spruceT9P10ESH",2021,154,0.36732,5.50367123287671,616.91,703.063333333333,4.01979452054795
"1250","spruceT9P10ESH",2021,155,0.368,5.50367123287671,616.91,703.063333333333,4.01979452054795
"1251","spruceT9P10ESH",2021,156,0.36858,5.50367123287671,616.91,703.063333333333,4.01979452054795
"1252","spruceT9P10ESH",2021,157,0.36902,5.50367123287671,616.91,703.063333333333,4.01979452054795
"1253","spruceT9P10ESH",2021,158,0.36942,5.50367123287671,616.91,703.063333333333,4.01979452054795
"1254","spruceT9P10ESH",2021,159,0.36981,5.50367123287671,616.91,703.063333333333,4.01979452054795
"1255","spruceT9P10ESH",2021,160,0.37015,5.50367123287671,616.91,703.063333333333,4.01979452054795
"1256","spruceT9P10ESH",2021,161,0.37044,5.50367123287671,616.91,703.063333333333,4.01979452054795
"1257","spruceT9P10ESH",2021,162,0.37071,5.50367123287671,616.91,703.063333333333,4.01979452054795
"1258","spruceT9P10ESH",2021,163,0.371,5.50367123287671,616.91,703.063333333333,4.01979452054795
"1259","spruceT9P10ESH",2021,164,0.37133,5.50367123287671,616.91,703.063333333333,4.01979452054795
"1260","spruceT9P10ESH",2021,165,0.37164,5.50367123287671,616.91,703.063333333333,4.01979452054795
"1261","spruceT9P10ESH",2021,166,0.37191,5.50367123287671,616.91,703.063333333333,4.01979452054795
"1262","spruceT9P10ESH",2021,167,0.37226,5.50367123287671,616.91,703.063333333333,4.01979452054795
"1263","spruceT9P10ESH",2021,168,0.37266,5.50367123287671,616.91,703.063333333333,4.01979452054795
"1264","spruceT9P10ESH",2021,169,0.37306,5.50367123287671,616.91,703.063333333333,4.01979452054795
"1265","spruceT9P10ESH",2021,170,0.37354,5.50367123287671,616.91,703.063333333333,4.01979452054795
"1266","spruceT9P10ESH",2021,171,0.3742,5.50367123287671,616.91,703.063333333333,4.01979452054795
"1267","spruceT9P10ESH",2021,172,0.37498,5.50367123287671,616.91,703.063333333333,4.01979452054795
"1268","spruceT9P10ESH",2021,173,0.3757,5.50367123287671,616.91,703.063333333333,4.01979452054795
"1269","spruceT9P10ESH",2021,174,0.37649,5.50367123287671,616.91,703.063333333333,4.01979452054795
"1270","spruceT9P10ESH",2021,175,0.37741,5.50367123287671,616.91,703.063333333333,4.01979452054795
"1271","spruceT9P10ESH",2021,176,0.37819,5.50367123287671,616.91,703.063333333333,4.01979452054795
"1272","spruceT9P10ESH",2021,177,0.37894,5.50367123287671,616.91,703.063333333333,4.01979452054795
"1273","spruceT9P10ESH",2021,178,0.37976,5.50367123287671,616.91,703.063333333333,4.01979452054795
"1274","spruceT9P10ESH",2021,179,0.38039,5.50367123287671,616.91,703.063333333333,4.01979452054795
"1275","spruceT9P10ESH",2021,180,0.3808,5.50367123287671,616.91,703.063333333333,4.01979452054795
"1276","spruceT9P10ESH",2021,181,0.38115,5.50367123287671,616.91,703.063333333333,4.01979452054795
"1277","spruceT9P10ESH",2021,182,0.38139,5.50367123287671,616.91,703.063333333333,4.01979452054795
"1278","spruceT9P10ESH",2021,183,0.38143,5.50367123287671,616.91,703.063333333333,4.01979452054795
"1279","spruceT9P10ESH",2021,184,0.38123,5.50367123287671,616.91,703.063333333333,4.01979452054795
"1280","spruceT9P10ESH",2021,185,0.38093,5.50367123287671,616.91,703.063333333333,4.01979452054795
"1281","spruceT9P10ESH",2021,186,0.38065,5.50367123287671,616.91,703.063333333333,4.01979452054795
"1282","spruceT9P10ESH",2021,187,0.38052,5.50367123287671,616.91,703.063333333333,4.01979452054795
"1283","spruceT9P10ESH",2021,188,0.38039,5.50367123287671,616.91,703.063333333333,4.01979452054795
"1284","spruceT9P10ESH",2021,189,0.38019,5.50367123287671,616.91,703.063333333333,4.01979452054795
"1285","spruceT9P10ESH",2021,190,0.38013,5.50367123287671,616.91,703.063333333333,4.01979452054795
"1286","spruceT9P10ESH",2021,191,0.38027,5.50367123287671,616.91,703.063333333333,4.01979452054795
"1287","spruceT9P10ESH",2021,192,0.38047,5.50367123287671,616.91,703.063333333333,4.01979452054795
"1288","spruceT9P10ESH",2021,193,0.38069,5.50367123287671,616.91,703.063333333333,4.01979452054795
"1289","spruceT9P10ESH",2021,194,0.38105,5.50367123287671,616.91,703.063333333333,4.01979452054795
"1290","spruceT9P10ESH",2021,195,0.38154,5.50367123287671,616.91,703.063333333333,4.01979452054795
"1291","spruceT9P10ESH",2021,196,0.38194,5.50367123287671,616.91,703.063333333333,4.01979452054795
"1292","spruceT9P10ESH",2021,197,0.38232,5.50367123287671,616.91,703.063333333333,4.01979452054795
"1293","spruceT9P10ESH",2021,198,0.38278,5.50367123287671,616.91,703.063333333333,4.01979452054795
"1294","spruceT9P10ESH",2021,199,0.38316,5.50367123287671,616.91,703.063333333333,4.01979452054795
"1295","spruceT9P10ESH",2021,200,0.38338,5.50367123287671,616.91,703.063333333333,4.01979452054795
"1296","spruceT9P10ESH",2021,201,0.38356,5.50367123287671,616.91,703.063333333333,4.01979452054795
"1297","spruceT9P10ESH",2021,202,0.38375,5.50367123287671,616.91,703.063333333333,4.01979452054795
"1298","spruceT9P10ESH",2021,203,0.38387,5.50367123287671,616.91,703.063333333333,4.01979452054795
"1299","spruceT9P10ESH",2021,204,0.38391,5.50367123287671,616.91,703.063333333333,4.01979452054795
"1300","spruceT9P10ESH",2021,205,0.38402,5.50367123287671,616.91,703.063333333333,4.01979452054795
"1301","spruceT9P10ESH",2021,206,0.38427,5.50367123287671,616.91,703.063333333333,4.01979452054795
"1302","spruceT9P10ESH",2021,207,0.38456,5.50367123287671,616.91,703.063333333333,4.01979452054795
"1303","spruceT9P10ESH",2021,208,0.38486,5.50367123287671,616.91,703.063333333333,4.01979452054795
"1304","spruceT9P10ESH",2021,209,0.38514,5.50367123287671,616.91,703.063333333333,4.01979452054795
"1305","spruceT9P10ESH",2021,210,0.38537,5.50367123287671,616.91,703.063333333333,4.01979452054795
"1306","spruceT9P10ESH",2021,211,0.3856,5.50367123287671,616.91,703.063333333333,4.01979452054795
"1307","spruceT9P10ESH",2021,212,0.38587,5.50367123287671,616.91,703.063333333333,4.01979452054795
"1308","spruceT9P10ESH",2021,213,0.38605,5.50367123287671,616.91,703.063333333333,4.01979452054795
"1309","spruceT9P10ESH",2021,214,0.38616,5.50367123287671,616.91,703.063333333333,4.01979452054795
"1310","spruceT9P10ESH",2021,215,0.38624,5.50367123287671,616.91,703.063333333333,4.01979452054795
"1311","spruceT9P10ESH",2021,216,0.38627,5.50367123287671,616.91,703.063333333333,4.01979452054795
"1312","spruceT9P10ESH",2021,217,0.38614,5.50367123287671,616.91,703.063333333333,4.01979452054795
"1313","spruceT9P10ESH",2021,218,0.3859,5.50367123287671,616.91,703.063333333333,4.01979452054795
"1314","spruceT9P10ESH",2021,219,0.38573,5.50367123287671,616.91,703.063333333333,4.01979452054795
"1315","spruceT9P10ESH",2021,220,0.38563,5.50367123287671,616.91,703.063333333333,4.01979452054795
"1316","spruceT9P10ESH",2021,221,0.38549,5.50367123287671,616.91,703.063333333333,4.01979452054795
"1317","spruceT9P10ESH",2021,222,0.38536,5.50367123287671,616.91,703.063333333333,4.01979452054795
"1318","spruceT9P10ESH",2021,223,0.38536,5.50367123287671,616.91,703.063333333333,4.01979452054795
"1319","spruceT9P10ESH",2021,224,0.38543,5.50367123287671,616.91,703.063333333333,4.01979452054795
"1320","spruceT9P10ESH",2021,225,0.38536,5.50367123287671,616.91,703.063333333333,4.01979452054795
"1321","spruceT9P10ESH",2021,226,0.38513,5.50367123287671,616.91,703.063333333333,4.01979452054795
"1322","spruceT9P10ESH",2021,227,0.38488,5.50367123287671,616.91,703.063333333333,4.01979452054795
"1323","spruceT9P10ESH",2021,228,0.38458,5.50367123287671,616.91,703.063333333333,4.01979452054795
"1324","spruceT9P10ESH",2021,229,0.38417,5.50367123287671,616.91,703.063333333333,4.01979452054795
"1325","spruceT9P10ESH",2021,230,0.38365,5.50367123287671,616.91,703.063333333333,4.01979452054795
"1326","spruceT9P10ESH",2021,231,0.38308,5.50367123287671,616.91,703.063333333333,4.01979452054795
"1327","spruceT9P10ESH",2021,232,0.38253,5.50367123287671,616.91,703.063333333333,4.01979452054795
"1328","spruceT9P10ESH",2021,233,0.38208,5.50367123287671,616.91,703.063333333333,4.01979452054795
"1329","spruceT9P10ESH",2021,234,0.3816,5.50367123287671,616.91,703.063333333333,4.01979452054795
"1330","spruceT9P10ESH",2021,235,0.38105,5.50367123287671,616.91,703.063333333333,4.01979452054795
"1331","spruceT9P10ESH",2021,236,0.3806,5.50367123287671,616.91,703.063333333333,4.01979452054795
"1332","spruceT9P10ESH",2021,237,0.38035,5.50367123287671,616.91,703.063333333333,4.01979452054795
"1333","spruceT9P10ESH",2021,238,0.38017,5.50367123287671,616.91,703.063333333333,4.01979452054795
"1334","spruceT9P10ESH",2021,239,0.37998,5.50367123287671,616.91,703.063333333333,4.01979452054795
"1335","spruceT9P10ESH",2021,240,0.37986,5.50367123287671,616.91,703.063333333333,4.01979452054795
"1336","spruceT9P10ESH",2021,241,0.37987,5.50367123287671,616.91,703.063333333333,4.01979452054795
"1337","spruceT9P10ESH",2021,242,0.37979,5.50367123287671,616.91,703.063333333333,4.01979452054795
"1338","spruceT9P10ESH",2021,243,0.37958,5.50367123287671,616.91,703.063333333333,4.01979452054795
"1339","spruceT9P10ESH",2021,244,0.37933,5.50367123287671,616.91,703.063333333333,4.01979452054795
"1340","spruceT9P10ESH",2021,245,0.37911,5.50367123287671,616.91,703.063333333333,4.01979452054795
"1341","spruceT9P10ESH",2021,246,0.37892,5.50367123287671,616.91,703.063333333333,4.01979452054795
"1342","spruceT9P10ESH",2021,247,0.37871,5.50367123287671,616.91,703.063333333333,4.01979452054795
"1343","spruceT9P10ESH",2021,248,0.37851,5.50367123287671,616.91,703.063333333333,4.01979452054795
"1344","spruceT9P10ESH",2021,249,0.37831,5.50367123287671,616.91,703.063333333333,4.01979452054795
"1345","spruceT9P10ESH",2021,250,0.37812,5.50367123287671,616.91,703.063333333333,4.01979452054795
"1346","spruceT9P10ESH",2021,251,0.37793,5.50367123287671,616.91,703.063333333333,4.01979452054795
"1347","spruceT9P10ESH",2021,252,0.37778,5.50367123287671,616.91,703.063333333333,4.01979452054795
"1348","spruceT9P10ESH",2021,253,0.37768,5.50367123287671,616.91,703.063333333333,4.01979452054795
"1349","spruceT9P10ESH",2021,254,0.37759,5.50367123287671,616.91,703.063333333333,4.01979452054795
"1350","spruceT9P10ESH",2021,255,0.37748,5.50367123287671,616.91,703.063333333333,4.01979452054795
"1351","spruceT9P10ESH",2021,256,0.37732,5.50367123287671,616.91,703.063333333333,4.01979452054795
"1352","spruceT9P10ESH",2021,257,0.37711,5.50367123287671,616.91,703.063333333333,4.01979452054795
"1353","spruceT9P10ESH",2021,258,0.37687,5.50367123287671,616.91,703.063333333333,4.01979452054795
"1354","spruceT9P10ESH",2021,259,0.3766,5.50367123287671,616.91,703.063333333333,4.01979452054795
"1355","spruceT9P10ESH",2021,260,0.3762,5.50367123287671,616.91,703.063333333333,4.01979452054795
"1356","spruceT9P10ESH",2021,261,0.37569,5.50367123287671,616.91,703.063333333333,4.01979452054795
"1357","spruceT9P10ESH",2021,262,0.37528,5.50367123287671,616.91,703.063333333333,4.01979452054795
"1358","spruceT9P10ESH",2021,263,0.375,5.50367123287671,616.91,703.063333333333,4.01979452054795
"1359","spruceT9P10ESH",2021,264,0.37474,5.50367123287671,616.91,703.063333333333,4.01979452054795
"1360","spruceT9P10ESH",2021,265,0.37451,5.50367123287671,616.91,703.063333333333,4.01979452054795
"1361","spruceT9P10ESH",2021,266,0.37436,5.50367123287671,616.91,703.063333333333,4.01979452054795
"1362","spruceT9P10ESH",2021,267,0.37424,5.50367123287671,616.91,703.063333333333,4.01979452054795
"1363","spruceT9P10ESH",2021,268,0.3741,5.50367123287671,616.91,703.063333333333,4.01979452054795
"1364","spruceT9P10ESH",2021,269,0.37398,5.50367123287671,616.91,703.063333333333,4.01979452054795
"1365","spruceT9P10ESH",2021,270,0.37389,5.50367123287671,616.91,703.063333333333,4.01979452054795
"1366","spruceT9P10ESH",2021,271,0.37376,5.50367123287671,616.91,703.063333333333,4.01979452054795
"1367","spruceT9P10ESH",2021,272,0.37364,5.50367123287671,616.91,703.063333333333,4.01979452054795
"1368","spruceT9P10ESH",2021,273,0.37356,5.50367123287671,616.91,703.063333333333,4.01979452054795
"1369","spruceT9P10ESH",2021,274,0.37343,5.50367123287671,616.91,703.063333333333,4.01979452054795
"1370","spruceT9P10ESH",2021,275,0.37318,5.50367123287671,616.91,703.063333333333,4.01979452054795
"1371","spruceT9P10ESH",2021,276,0.37289,5.50367123287671,616.91,703.063333333333,4.01979452054795
"1372","spruceT9P10ESH",2021,277,0.37261,5.50367123287671,616.91,703.063333333333,4.01979452054795
"1373","spruceT9P10ESH",2021,278,0.37225,5.50367123287671,616.91,703.063333333333,4.01979452054795
"1374","spruceT9P10ESH",2021,279,0.37179,5.50367123287671,616.91,703.063333333333,4.01979452054795
"1375","spruceT9P10ESH",2021,280,0.37142,5.50367123287671,616.91,703.063333333333,4.01979452054795
"1376","spruceT9P10ESH",2021,281,0.3712,5.50367123287671,616.91,703.063333333333,4.01979452054795
"1377","spruceT9P10ESH",2021,282,0.37101,5.50367123287671,616.91,703.063333333333,4.01979452054795
"1378","spruceT9P10ESH",2021,283,0.37081,5.50367123287671,616.91,703.063333333333,4.01979452054795
"1379","spruceT9P10ESH",2021,284,0.37072,5.50367123287671,616.91,703.063333333333,4.01979452054795
"1380","spruceT9P10ESH",2021,285,0.37072,5.50367123287671,616.91,703.063333333333,4.01979452054795
"1381","spruceT9P10ESH",2021,286,0.37061,5.50367123287671,616.91,703.063333333333,4.01979452054795
"1382","spruceT9P10ESH",2021,287,0.37041,5.50367123287671,616.91,703.063333333333,4.01979452054795
"1383","spruceT9P10ESH",2021,288,0.37021,5.50367123287671,616.91,703.063333333333,4.01979452054795
"1384","spruceT9P10ESH",2021,289,0.36995,5.50367123287671,616.91,703.063333333333,4.01979452054795
"1385","spruceT9P10ESH",2021,290,0.36964,5.50367123287671,616.91,703.063333333333,4.01979452054795
"1386","spruceT9P10ESH",2021,291,0.36933,5.50367123287671,616.91,703.063333333333,4.01979452054795
"1387","spruceT9P10ESH",2021,292,0.36892,5.50367123287671,616.91,703.063333333333,4.01979452054795
"1388","spruceT9P10ESH",2021,293,0.36846,5.50367123287671,616.91,703.063333333333,4.01979452054795
"1389","spruceT9P10ESH",2021,294,0.36796,5.50367123287671,616.91,703.063333333333,4.01979452054795
"1390","spruceT9P10ESH",2021,295,0.36734,5.50367123287671,616.91,703.063333333333,4.01979452054795
"1391","spruceT9P10ESH",2021,296,0.36657,5.50367123287671,616.91,703.063333333333,4.01979452054795
"1392","spruceT9P10ESH",2021,297,0.3657,5.50367123287671,616.91,703.063333333333,4.01979452054795
"1393","spruceT9P10ESH",2021,298,0.36479,5.50367123287671,616.91,703.063333333333,4.01979452054795
"1394","spruceT9P10ESH",2021,299,0.36388,5.50367123287671,616.91,703.063333333333,4.01979452054795
"1395","spruceT9P10ESH",2021,300,0.36294,5.50367123287671,616.91,703.063333333333,4.01979452054795
"1396","spruceT9P10ESH",2021,301,0.36194,5.50367123287671,616.91,703.063333333333,4.01979452054795
"1397","spruceT9P10ESH",2021,302,0.36084,5.50367123287671,616.91,703.063333333333,4.01979452054795
"1398","spruceT9P10ESH",2021,303,0.3596,5.50367123287671,616.91,703.063333333333,4.01979452054795
"1399","spruceT9P10ESH",2021,304,0.35808,5.50367123287671,616.91,703.063333333333,4.01979452054795
"1400","spruceT9P10ESH",2021,305,0.35637,5.50367123287671,616.91,703.063333333333,4.01979452054795
"1401","spruceT9P10ESH",2021,306,0.35472,5.50367123287671,616.91,703.063333333333,4.01979452054795
"1402","spruceT9P10ESH",2021,307,0.35289,5.50367123287671,616.91,703.063333333333,4.01979452054795
"1403","spruceT9P10ESH",2021,308,0.35081,5.50367123287671,616.91,703.063333333333,4.01979452054795
"1404","spruceT9P10ESH",2021,309,0.34903,5.50367123287671,616.91,703.063333333333,4.01979452054795
"1405","spruceT9P10ESH",2021,310,0.34734,5.50367123287671,616.91,703.063333333333,4.01979452054795
"1406","spruceT9P10ESH",2021,311,0.34551,5.50367123287671,616.91,703.063333333333,4.01979452054795
"1407","spruceT9P10ESH",2021,312,0.34405,5.50367123287671,616.91,703.063333333333,4.01979452054795
"1408","spruceT9P10ESH",2021,313,0.34296,5.50367123287671,616.91,703.063333333333,4.01979452054795
"1409","spruceT9P10ESH",2021,314,0.34196,5.50367123287671,616.91,703.063333333333,4.01979452054795
"1410","spruceT9P10ESH",2021,315,0.34116,5.50367123287671,616.91,703.063333333333,4.01979452054795
"1411","spruceT9P10ESH",2021,316,0.34087,5.50367123287671,616.91,703.063333333333,4.01979452054795
"1412","spruceT9P10ESH",2021,317,0.34098,5.50367123287671,616.91,703.063333333333,4.01979452054795
"1413","spruceT9P10ESH",2021,318,0.34092,5.50367123287671,616.91,703.063333333333,4.01979452054795
"1414","spruceT9P10ESH",2021,319,0.34105,5.50367123287671,616.91,703.063333333333,4.01979452054795
"1415","spruceT9P10ESH",2021,320,0.34157,5.50367123287671,616.91,703.063333333333,4.01979452054795
"1416","spruceT9P10ESH",2021,321,0.34169,5.50367123287671,616.91,703.063333333333,4.01979452054795
"1417","spruceT9P10ESH",2021,322,0.34127,5.50367123287671,616.91,703.063333333333,4.01979452054795
"1418","spruceT9P10ESH",2021,323,0.34075,5.50367123287671,616.91,703.063333333333,4.01979452054795
"1419","spruceT9P10ESH",2021,324,0.34014,5.50367123287671,616.91,703.063333333333,4.01979452054795
"1420","spruceT9P10ESH",2021,325,0.33945,5.50367123287671,616.91,703.063333333333,4.01979452054795
"1421","spruceT9P10ESH",2021,326,0.33871,5.50367123287671,616.91,703.063333333333,4.01979452054795
"1422","spruceT9P10ESH",2021,327,0.33761,5.50367123287671,616.91,703.063333333333,4.01979452054795
"1423","spruceT9P10ESH",2021,328,0.33621,5.50367123287671,616.91,703.063333333333,4.01979452054795
"1424","spruceT9P10ESH",2021,329,0.33505,5.50367123287671,616.91,703.063333333333,4.01979452054795
"1425","spruceT9P10ESH",2021,330,0.33406,5.50367123287671,616.91,703.063333333333,4.01979452054795
"1426","spruceT9P10ESH",2021,331,0.33299,5.50367123287671,616.91,703.063333333333,4.01979452054795
"1427","spruceT9P10ESH",2021,332,0.33206,5.50367123287671,616.91,703.063333333333,4.01979452054795
"1428","spruceT9P10ESH",2021,333,0.33134,5.50367123287671,616.91,703.063333333333,4.01979452054795
"1429","spruceT9P10ESH",2021,334,0.33071,5.50367123287671,616.91,703.063333333333,4.01979452054795
"1430","spruceT9P10ESH",2021,335,0.33012,5.50367123287671,616.91,703.063333333333,4.01979452054795
"1431","spruceT9P10ESH",2021,336,0.32961,5.50367123287671,616.91,703.063333333333,4.01979452054795
"1432","spruceT9P10ESH",2021,337,0.32919,5.50367123287671,616.91,703.063333333333,4.01979452054795
"1433","spruceT9P10ESH",2021,338,0.3288,5.50367123287671,616.91,703.063333333333,4.01979452054795
"1434","spruceT9P10ESH",2021,339,0.32846,5.50367123287671,616.91,703.063333333333,4.01979452054795
"1435","spruceT9P10ESH",2021,340,0.32819,5.50367123287671,616.91,703.063333333333,4.01979452054795
"1436","spruceT9P10ESH",2021,341,0.32791,5.50367123287671,616.91,703.063333333333,4.01979452054795
"1437","spruceT9P10ESH",2021,342,0.32764,5.50367123287671,616.91,703.063333333333,4.01979452054795
"1438","spruceT9P10ESH",2021,343,0.32743,5.50367123287671,616.91,703.063333333333,4.01979452054795
"1439","spruceT9P10ESH",2021,344,0.32718,5.50367123287671,616.91,703.063333333333,4.01979452054795
"1440","spruceT9P10ESH",2021,345,0.32688,5.50367123287671,616.91,703.063333333333,4.01979452054795
"1441","spruceT9P10ESH",2021,346,0.3266,5.50367123287671,616.91,703.063333333333,4.01979452054795
"1442","spruceT9P10ESH",2021,347,0.32633,5.50367123287671,616.91,703.063333333333,4.01979452054795
"1443","spruceT9P10ESH",2021,348,0.32608,5.50367123287671,616.91,703.063333333333,4.01979452054795
"1444","spruceT9P10ESH",2021,349,0.32586,5.50367123287671,616.91,703.063333333333,4.01979452054795
"1445","spruceT9P10ESH",2021,350,0.32562,5.50367123287671,616.91,703.063333333333,4.01979452054795
"1446","spruceT9P10ESH",2021,351,0.32535,5.50367123287671,616.91,703.063333333333,4.01979452054795
"1447","spruceT9P10ESH",2021,352,0.32514,5.50367123287671,616.91,703.063333333333,4.01979452054795
"1448","spruceT9P10ESH",2021,353,0.32505,5.50367123287671,616.91,703.063333333333,4.01979452054795
"1449","spruceT9P10ESH",2021,354,0.32499,5.50367123287671,616.91,703.063333333333,4.01979452054795
"1450","spruceT9P10ESH",2021,355,0.32491,5.50367123287671,616.91,703.063333333333,4.01979452054795
"1451","spruceT9P10ESH",2021,356,0.32487,5.50367123287671,616.91,703.063333333333,4.01979452054795
"1452","spruceT9P10ESH",2021,357,0.3249,5.50367123287671,616.91,703.063333333333,4.01979452054795
"1453","spruceT9P10ESH",2021,358,0.32485,5.50367123287671,616.91,703.063333333333,4.01979452054795
"1454","spruceT9P10ESH",2021,359,0.32473,5.50367123287671,616.91,703.063333333333,4.01979452054795
"1455","spruceT9P10ESH",2021,360,0.32462,5.50367123287671,616.91,703.063333333333,4.01979452054795
"1456","spruceT9P10ESH",2021,361,0.32449,5.50367123287671,616.91,703.063333333333,4.01979452054795
"1457","spruceT9P10ESH",2021,362,0.32423,5.50367123287671,616.91,703.063333333333,4.01979452054795
"1458","spruceT9P10ESH",2021,363,0.32388,5.50367123287671,616.91,703.063333333333,4.01979452054795
"1459","spruceT9P10ESH",2021,364,0.32359,5.50367123287671,616.91,703.063333333333,4.01979452054795
"1460","spruceT9P10ESH",2021,365,0.32324,5.50367123287671,616.91,703.063333333333,4.01979452054795
"1461","spruceT9P10ESH",2022,1,0.32277,2.81375342465753,813.05,703.063333333333,4.01979452054795
"1462","spruceT9P10ESH",2022,2,0.32246,2.81375342465753,813.05,703.063333333333,4.01979452054795
"1463","spruceT9P10ESH",2022,3,0.32237,2.81375342465753,813.05,703.063333333333,4.01979452054795
"1464","spruceT9P10ESH",2022,4,0.32234,2.81375342465753,813.05,703.063333333333,4.01979452054795
"1465","spruceT9P10ESH",2022,5,0.32238,2.81375342465753,813.05,703.063333333333,4.01979452054795
"1466","spruceT9P10ESH",2022,6,0.32247,2.81375342465753,813.05,703.063333333333,4.01979452054795
"1467","spruceT9P10ESH",2022,7,0.32261,2.81375342465753,813.05,703.063333333333,4.01979452054795
"1468","spruceT9P10ESH",2022,8,0.32296,2.81375342465753,813.05,703.063333333333,4.01979452054795
"1469","spruceT9P10ESH",2022,9,0.32348,2.81375342465753,813.05,703.063333333333,4.01979452054795
"1470","spruceT9P10ESH",2022,10,0.32385,2.81375342465753,813.05,703.063333333333,4.01979452054795
"1471","spruceT9P10ESH",2022,11,0.32409,2.81375342465753,813.05,703.063333333333,4.01979452054795
"1472","spruceT9P10ESH",2022,12,0.32437,2.81375342465753,813.05,703.063333333333,4.01979452054795
"1473","spruceT9P10ESH",2022,13,0.32454,2.81375342465753,813.05,703.063333333333,4.01979452054795
"1474","spruceT9P10ESH",2022,14,0.32461,2.81375342465753,813.05,703.063333333333,4.01979452054795
"1475","spruceT9P10ESH",2022,15,0.32466,2.81375342465753,813.05,703.063333333333,4.01979452054795
"1476","spruceT9P10ESH",2022,16,0.32464,2.81375342465753,813.05,703.063333333333,4.01979452054795
"1477","spruceT9P10ESH",2022,17,0.3244,2.81375342465753,813.05,703.063333333333,4.01979452054795
"1478","spruceT9P10ESH",2022,18,0.324,2.81375342465753,813.05,703.063333333333,4.01979452054795
"1479","spruceT9P10ESH",2022,19,0.3237,2.81375342465753,813.05,703.063333333333,4.01979452054795
"1480","spruceT9P10ESH",2022,20,0.32337,2.81375342465753,813.05,703.063333333333,4.01979452054795
"1481","spruceT9P10ESH",2022,21,0.32292,2.81375342465753,813.05,703.063333333333,4.01979452054795
"1482","spruceT9P10ESH",2022,22,0.32261,2.81375342465753,813.05,703.063333333333,4.01979452054795
"1483","spruceT9P10ESH",2022,23,0.32248,2.81375342465753,813.05,703.063333333333,4.01979452054795
"1484","spruceT9P10ESH",2022,24,0.32239,2.81375342465753,813.05,703.063333333333,4.01979452054795
"1485","spruceT9P10ESH",2022,25,0.32231,2.81375342465753,813.05,703.063333333333,4.01979452054795
"1486","spruceT9P10ESH",2022,26,0.32225,2.81375342465753,813.05,703.063333333333,4.01979452054795
"1487","spruceT9P10ESH",2022,27,0.32227,2.81375342465753,813.05,703.063333333333,4.01979452054795
"1488","spruceT9P10ESH",2022,28,0.32232,2.81375342465753,813.05,703.063333333333,4.01979452054795
"1489","spruceT9P10ESH",2022,29,0.32239,2.81375342465753,813.05,703.063333333333,4.01979452054795
"1490","spruceT9P10ESH",2022,30,0.32244,2.81375342465753,813.05,703.063333333333,4.01979452054795
"1491","spruceT9P10ESH",2022,31,0.3225,2.81375342465753,813.05,703.063333333333,4.01979452054795
"1492","spruceT9P10ESH",2022,32,0.3226,2.81375342465753,813.05,703.063333333333,4.01979452054795
"1493","spruceT9P10ESH",2022,33,0.32266,2.81375342465753,813.05,703.063333333333,4.01979452054795
"1494","spruceT9P10ESH",2022,34,0.32268,2.81375342465753,813.05,703.063333333333,4.01979452054795
"1495","spruceT9P10ESH",2022,35,0.32268,2.81375342465753,813.05,703.063333333333,4.01979452054795
"1496","spruceT9P10ESH",2022,36,0.32266,2.81375342465753,813.05,703.063333333333,4.01979452054795
"1497","spruceT9P10ESH",2022,37,0.32262,2.81375342465753,813.05,703.063333333333,4.01979452054795
"1498","spruceT9P10ESH",2022,38,0.32256,2.81375342465753,813.05,703.063333333333,4.01979452054795
"1499","spruceT9P10ESH",2022,39,0.32251,2.81375342465753,813.05,703.063333333333,4.01979452054795
"1500","spruceT9P10ESH",2022,40,0.32247,2.81375342465753,813.05,703.063333333333,4.01979452054795
"1501","spruceT9P10ESH",2022,41,0.32244,2.81375342465753,813.05,703.063333333333,4.01979452054795
"1502","spruceT9P10ESH",2022,42,0.32242,2.81375342465753,813.05,703.063333333333,4.01979452054795
"1503","spruceT9P10ESH",2022,43,0.32238,2.81375342465753,813.05,703.063333333333,4.01979452054795
"1504","spruceT9P10ESH",2022,44,0.32233,2.81375342465753,813.05,703.063333333333,4.01979452054795
"1505","spruceT9P10ESH",2022,45,0.32226,2.81375342465753,813.05,703.063333333333,4.01979452054795
"1506","spruceT9P10ESH",2022,46,0.32215,2.81375342465753,813.05,703.063333333333,4.01979452054795
"1507","spruceT9P10ESH",2022,47,0.32201,2.81375342465753,813.05,703.063333333333,4.01979452054795
"1508","spruceT9P10ESH",2022,48,0.32189,2.81375342465753,813.05,703.063333333333,4.01979452054795
"1509","spruceT9P10ESH",2022,49,0.32182,2.81375342465753,813.05,703.063333333333,4.01979452054795
"1510","spruceT9P10ESH",2022,50,0.32178,2.81375342465753,813.05,703.063333333333,4.01979452054795
"1511","spruceT9P10ESH",2022,51,0.32176,2.81375342465753,813.05,703.063333333333,4.01979452054795
"1512","spruceT9P10ESH",2022,52,0.32172,2.81375342465753,813.05,703.063333333333,4.01979452054795
"1513","spruceT9P10ESH",2022,53,0.32164,2.81375342465753,813.05,703.063333333333,4.01979452054795
"1514","spruceT9P10ESH",2022,54,0.32153,2.81375342465753,813.05,703.063333333333,4.01979452054795
"1515","spruceT9P10ESH",2022,55,0.3214,2.81375342465753,813.05,703.063333333333,4.01979452054795
"1516","spruceT9P10ESH",2022,56,0.32125,2.81375342465753,813.05,703.063333333333,4.01979452054795
"1517","spruceT9P10ESH",2022,57,0.32108,2.81375342465753,813.05,703.063333333333,4.01979452054795
"1518","spruceT9P10ESH",2022,58,0.3209,2.81375342465753,813.05,703.063333333333,4.01979452054795
"1519","spruceT9P10ESH",2022,59,0.32068,2.81375342465753,813.05,703.063333333333,4.01979452054795
"1520","spruceT9P10ESH",2022,60,0.32043,2.81375342465753,813.05,703.063333333333,4.01979452054795
"1521","spruceT9P10ESH",2022,61,0.32014,2.81375342465753,813.05,703.063333333333,4.01979452054795
"1522","spruceT9P10ESH",2022,62,0.31986,2.81375342465753,813.05,703.063333333333,4.01979452054795
"1523","spruceT9P10ESH",2022,63,0.31949,2.81375342465753,813.05,703.063333333333,4.01979452054795
"1524","spruceT9P10ESH",2022,64,0.31905,2.81375342465753,813.05,703.063333333333,4.01979452054795
"1525","spruceT9P10ESH",2022,65,0.31868,2.81375342465753,813.05,703.063333333333,4.01979452054795
"1526","spruceT9P10ESH",2022,66,0.31832,2.81375342465753,813.05,703.063333333333,4.01979452054795
"1527","spruceT9P10ESH",2022,67,0.3179,2.81375342465753,813.05,703.063333333333,4.01979452054795
"1528","spruceT9P10ESH",2022,68,0.31758,2.81375342465753,813.05,703.063333333333,4.01979452054795
"1529","spruceT9P10ESH",2022,69,0.31748,2.81375342465753,813.05,703.063333333333,4.01979452054795
"1530","spruceT9P10ESH",2022,70,0.31748,2.81375342465753,813.05,703.063333333333,4.01979452054795
"1531","spruceT9P10ESH",2022,71,0.31741,2.81375342465753,813.05,703.063333333333,4.01979452054795
"1532","spruceT9P10ESH",2022,72,0.31727,2.81375342465753,813.05,703.063333333333,4.01979452054795
"1533","spruceT9P10ESH",2022,73,0.31718,2.81375342465753,813.05,703.063333333333,4.01979452054795
"1534","spruceT9P10ESH",2022,74,0.31711,2.81375342465753,813.05,703.063333333333,4.01979452054795
"1535","spruceT9P10ESH",2022,75,0.317,2.81375342465753,813.05,703.063333333333,4.01979452054795
"1536","spruceT9P10ESH",2022,76,0.31684,2.81375342465753,813.05,703.063333333333,4.01979452054795
"1537","spruceT9P10ESH",2022,77,0.31658,2.81375342465753,813.05,703.063333333333,4.01979452054795
"1538","spruceT9P10ESH",2022,78,0.31627,2.81375342465753,813.05,703.063333333333,4.01979452054795
"1539","spruceT9P10ESH",2022,79,0.31599,2.81375342465753,813.05,703.063333333333,4.01979452054795
"1540","spruceT9P10ESH",2022,80,0.31567,2.81375342465753,813.05,703.063333333333,4.01979452054795
"1541","spruceT9P10ESH",2022,81,0.31528,2.81375342465753,813.05,703.063333333333,4.01979452054795
"1542","spruceT9P10ESH",2022,82,0.31495,2.81375342465753,813.05,703.063333333333,4.01979452054795
"1543","spruceT9P10ESH",2022,83,0.31469,2.81375342465753,813.05,703.063333333333,4.01979452054795
"1544","spruceT9P10ESH",2022,84,0.31443,2.81375342465753,813.05,703.063333333333,4.01979452054795
"1545","spruceT9P10ESH",2022,85,0.31419,2.81375342465753,813.05,703.063333333333,4.01979452054795
"1546","spruceT9P10ESH",2022,86,0.31402,2.81375342465753,813.05,703.063333333333,4.01979452054795
"1547","spruceT9P10ESH",2022,87,0.31391,2.81375342465753,813.05,703.063333333333,4.01979452054795
"1548","spruceT9P10ESH",2022,88,0.31375,2.81375342465753,813.05,703.063333333333,4.01979452054795
"1549","spruceT9P10ESH",2022,89,0.31355,2.81375342465753,813.05,703.063333333333,4.01979452054795
"1550","spruceT9P10ESH",2022,90,0.31337,2.81375342465753,813.05,703.063333333333,4.01979452054795
"1551","spruceT9P10ESH",2022,91,0.31317,2.81375342465753,813.05,703.063333333333,4.01979452054795
"1552","spruceT9P10ESH",2022,92,0.31292,2.81375342465753,813.05,703.063333333333,4.01979452054795
"1553","spruceT9P10ESH",2022,93,0.31263,2.81375342465753,813.05,703.063333333333,4.01979452054795
"1554","spruceT9P10ESH",2022,94,0.31235,2.81375342465753,813.05,703.063333333333,4.01979452054795
"1555","spruceT9P10ESH",2022,95,0.3121,2.81375342465753,813.05,703.063333333333,4.01979452054795
"1556","spruceT9P10ESH",2022,96,0.31184,2.81375342465753,813.05,703.063333333333,4.01979452054795
"1557","spruceT9P10ESH",2022,97,0.31158,2.81375342465753,813.05,703.063333333333,4.01979452054795
"1558","spruceT9P10ESH",2022,98,0.31131,2.81375342465753,813.05,703.063333333333,4.01979452054795
"1559","spruceT9P10ESH",2022,99,0.31105,2.81375342465753,813.05,703.063333333333,4.01979452054795
"1560","spruceT9P10ESH",2022,100,0.31079,2.81375342465753,813.05,703.063333333333,4.01979452054795
"1561","spruceT9P10ESH",2022,101,0.31053,2.81375342465753,813.05,703.063333333333,4.01979452054795
"1562","spruceT9P10ESH",2022,102,0.31027,2.81375342465753,813.05,703.063333333333,4.01979452054795
"1563","spruceT9P10ESH",2022,103,0.31001,2.81375342465753,813.05,703.063333333333,4.01979452054795
"1564","spruceT9P10ESH",2022,104,0.30976,2.81375342465753,813.05,703.063333333333,4.01979452054795
"1565","spruceT9P10ESH",2022,105,0.3095,2.81375342465753,813.05,703.063333333333,4.01979452054795
"1566","spruceT9P10ESH",2022,106,0.30917,2.81375342465753,813.05,703.063333333333,4.01979452054795
"1567","spruceT9P10ESH",2022,107,0.3088,2.81375342465753,813.05,703.063333333333,4.01979452054795
"1568","spruceT9P10ESH",2022,108,0.30849,2.81375342465753,813.05,703.063333333333,4.01979452054795
"1569","spruceT9P10ESH",2022,109,0.30831,2.81375342465753,813.05,703.063333333333,4.01979452054795
"1570","spruceT9P10ESH",2022,110,0.30817,2.81375342465753,813.05,703.063333333333,4.01979452054795
"1571","spruceT9P10ESH",2022,111,0.308,2.81375342465753,813.05,703.063333333333,4.01979452054795
"1572","spruceT9P10ESH",2022,112,0.30777,2.81375342465753,813.05,703.063333333333,4.01979452054795
"1573","spruceT9P10ESH",2022,113,0.30751,2.81375342465753,813.05,703.063333333333,4.01979452054795
"1574","spruceT9P10ESH",2022,114,0.30731,2.81375342465753,813.05,703.063333333333,4.01979452054795
"1575","spruceT9P10ESH",2022,115,0.30709,2.81375342465753,813.05,703.063333333333,4.01979452054795
"1576","spruceT9P10ESH",2022,116,0.30683,2.81375342465753,813.05,703.063333333333,4.01979452054795
"1577","spruceT9P10ESH",2022,117,0.3067,2.81375342465753,813.05,703.063333333333,4.01979452054795
"1578","spruceT9P10ESH",2022,118,0.30673,2.81375342465753,813.05,703.063333333333,4.01979452054795
"1579","spruceT9P10ESH",2022,119,0.30682,2.81375342465753,813.05,703.063333333333,4.01979452054795
"1580","spruceT9P10ESH",2022,120,0.30696,2.81375342465753,813.05,703.063333333333,4.01979452054795
"1581","spruceT9P10ESH",2022,121,0.30713,2.81375342465753,813.05,703.063333333333,4.01979452054795
"1582","spruceT9P10ESH",2022,122,0.30732,2.81375342465753,813.05,703.063333333333,4.01979452054795
"1583","spruceT9P10ESH",2022,123,0.3074,2.81375342465753,813.05,703.063333333333,4.01979452054795
"1584","spruceT9P10ESH",2022,124,0.30743,2.81375342465753,813.05,703.063333333333,4.01979452054795
"1585","spruceT9P10ESH",2022,125,0.30767,2.81375342465753,813.05,703.063333333333,4.01979452054795
"1586","spruceT9P10ESH",2022,126,0.30805,2.81375342465753,813.05,703.063333333333,4.01979452054795
"1587","spruceT9P10ESH",2022,127,0.30846,2.81375342465753,813.05,703.063333333333,4.01979452054795
"1588","spruceT9P10ESH",2022,128,0.30907,2.81375342465753,813.05,703.063333333333,4.01979452054795
"1589","spruceT9P10ESH",2022,129,0.30994,2.81375342465753,813.05,703.063333333333,4.01979452054795
"1590","spruceT9P10ESH",2022,130,0.31096,2.81375342465753,813.05,703.063333333333,4.01979452054795
"1591","spruceT9P10ESH",2022,131,0.31203,2.81375342465753,813.05,703.063333333333,4.01979452054795
"1592","spruceT9P10ESH",2022,132,0.31319,2.81375342465753,813.05,703.063333333333,4.01979452054795
"1593","spruceT9P10ESH",2022,133,0.31449,2.81375342465753,813.05,703.063333333333,4.01979452054795
"1594","spruceT9P10ESH",2022,134,0.31581,2.81375342465753,813.05,703.063333333333,4.01979452054795
"1595","spruceT9P10ESH",2022,135,0.31735,2.81375342465753,813.05,703.063333333333,4.01979452054795
"1596","spruceT9P10ESH",2022,136,0.31913,2.81375342465753,813.05,703.063333333333,4.01979452054795
"1597","spruceT9P10ESH",2022,137,0.32078,2.81375342465753,813.05,703.063333333333,4.01979452054795
"1598","spruceT9P10ESH",2022,138,0.32239,2.81375342465753,813.05,703.063333333333,4.01979452054795
"1599","spruceT9P10ESH",2022,139,0.32412,2.81375342465753,813.05,703.063333333333,4.01979452054795
"1600","spruceT9P10ESH",2022,140,0.3257,2.81375342465753,813.05,703.063333333333,4.01979452054795
"1601","spruceT9P10ESH",2022,141,0.32706,2.81375342465753,813.05,703.063333333333,4.01979452054795
"1602","spruceT9P10ESH",2022,142,0.32833,2.81375342465753,813.05,703.063333333333,4.01979452054795
"1603","spruceT9P10ESH",2022,143,0.32954,2.81375342465753,813.05,703.063333333333,4.01979452054795
"1604","spruceT9P10ESH",2022,144,0.33073,2.81375342465753,813.05,703.063333333333,4.01979452054795
"1605","spruceT9P10ESH",2022,145,0.33191,2.81375342465753,813.05,703.063333333333,4.01979452054795
"1606","spruceT9P10ESH",2022,146,0.33307,2.81375342465753,813.05,703.063333333333,4.01979452054795
"1607","spruceT9P10ESH",2022,147,0.3342,2.81375342465753,813.05,703.063333333333,4.01979452054795
"1608","spruceT9P10ESH",2022,148,0.33533,2.81375342465753,813.05,703.063333333333,4.01979452054795
"1609","spruceT9P10ESH",2022,149,0.33645,2.81375342465753,813.05,703.063333333333,4.01979452054795
"1610","spruceT9P10ESH",2022,150,0.33754,2.81375342465753,813.05,703.063333333333,4.01979452054795
"1611","spruceT9P10ESH",2022,151,0.33863,2.81375342465753,813.05,703.063333333333,4.01979452054795
"1612","spruceT9P10ESH",2022,152,0.33971,2.81375342465753,813.05,703.063333333333,4.01979452054795
"1613","spruceT9P10ESH",2022,153,0.34076,2.81375342465753,813.05,703.063333333333,4.01979452054795
"1614","spruceT9P10ESH",2022,154,0.34181,2.81375342465753,813.05,703.063333333333,4.01979452054795
"1615","spruceT9P10ESH",2022,155,0.34296,2.81375342465753,813.05,703.063333333333,4.01979452054795
"1616","spruceT9P10ESH",2022,156,0.34417,2.81375342465753,813.05,703.063333333333,4.01979452054795
"1617","spruceT9P10ESH",2022,157,0.3453,2.81375342465753,813.05,703.063333333333,4.01979452054795
"1618","spruceT9P10ESH",2022,158,0.34644,2.81375342465753,813.05,703.063333333333,4.01979452054795
"1619","spruceT9P10ESH",2022,159,0.34765,2.81375342465753,813.05,703.063333333333,4.01979452054795
"1620","spruceT9P10ESH",2022,160,0.34869,2.81375342465753,813.05,703.063333333333,4.01979452054795
"1621","spruceT9P10ESH",2022,161,0.34965,2.81375342465753,813.05,703.063333333333,4.01979452054795
"1622","spruceT9P10ESH",2022,162,0.35062,2.81375342465753,813.05,703.063333333333,4.01979452054795
"1623","spruceT9P10ESH",2022,163,0.35134,2.81375342465753,813.05,703.063333333333,4.01979452054795
"1624","spruceT9P10ESH",2022,164,0.35174,2.81375342465753,813.05,703.063333333333,4.01979452054795
"1625","spruceT9P10ESH",2022,165,0.35197,2.81375342465753,813.05,703.063333333333,4.01979452054795
"1626","spruceT9P10ESH",2022,166,0.35205,2.81375342465753,813.05,703.063333333333,4.01979452054795
"1627","spruceT9P10ESH",2022,167,0.35201,2.81375342465753,813.05,703.063333333333,4.01979452054795
"1628","spruceT9P10ESH",2022,168,0.35188,2.81375342465753,813.05,703.063333333333,4.01979452054795
"1629","spruceT9P10ESH",2022,169,0.3514,2.81375342465753,813.05,703.063333333333,4.01979452054795
"1630","spruceT9P10ESH",2022,170,0.3506,2.81375342465753,813.05,703.063333333333,4.01979452054795
"1631","spruceT9P10ESH",2022,171,0.35,2.81375342465753,813.05,703.063333333333,4.01979452054795
"1632","spruceT9P10ESH",2022,172,0.34938,2.81375342465753,813.05,703.063333333333,4.01979452054795
"1633","spruceT9P10ESH",2022,173,0.34851,2.81375342465753,813.05,703.063333333333,4.01979452054795
"1634","spruceT9P10ESH",2022,174,0.34794,2.81375342465753,813.05,703.063333333333,4.01979452054795
"1635","spruceT9P10ESH",2022,175,0.34759,2.81375342465753,813.05,703.063333333333,4.01979452054795
"1636","spruceT9P10ESH",2022,176,0.34722,2.81375342465753,813.05,703.063333333333,4.01979452054795
"1637","spruceT9P10ESH",2022,177,0.34707,2.81375342465753,813.05,703.063333333333,4.01979452054795
"1638","spruceT9P10ESH",2022,178,0.34732,2.81375342465753,813.05,703.063333333333,4.01979452054795
"1639","spruceT9P10ESH",2022,179,0.34779,2.81375342465753,813.05,703.063333333333,4.01979452054795
"1640","spruceT9P10ESH",2022,180,0.34826,2.81375342465753,813.05,703.063333333333,4.01979452054795
"1641","spruceT9P10ESH",2022,181,0.34892,2.81375342465753,813.05,703.063333333333,4.01979452054795
"1642","spruceT9P10ESH",2022,182,0.34983,2.81375342465753,813.05,703.063333333333,4.01979452054795
"1643","spruceT9P10ESH",2022,183,0.3506,2.81375342465753,813.05,703.063333333333,4.01979452054795
"1644","spruceT9P10ESH",2022,184,0.35133,2.81375342465753,813.05,703.063333333333,4.01979452054795
"1645","spruceT9P10ESH",2022,185,0.35219,2.81375342465753,813.05,703.063333333333,4.01979452054795
"1646","spruceT9P10ESH",2022,186,0.35288,2.81375342465753,813.05,703.063333333333,4.01979452054795
"1647","spruceT9P10ESH",2022,187,0.35337,2.81375342465753,813.05,703.063333333333,4.01979452054795
"1648","spruceT9P10ESH",2022,188,0.3538,2.81375342465753,813.05,703.063333333333,4.01979452054795
"1649","spruceT9P10ESH",2022,189,0.35419,2.81375342465753,813.05,703.063333333333,4.01979452054795
"1650","spruceT9P10ESH",2022,190,0.35454,2.81375342465753,813.05,703.063333333333,4.01979452054795
"1651","spruceT9P10ESH",2022,191,0.35486,2.81375342465753,813.05,703.063333333333,4.01979452054795
"1652","spruceT9P10ESH",2022,192,0.35506,2.81375342465753,813.05,703.063333333333,4.01979452054795
"1653","spruceT9P10ESH",2022,193,0.35515,2.81375342465753,813.05,703.063333333333,4.01979452054795
"1654","spruceT9P10ESH",2022,194,0.35529,2.81375342465753,813.05,703.063333333333,4.01979452054795
"1655","spruceT9P10ESH",2022,195,0.35544,2.81375342465753,813.05,703.063333333333,4.01979452054795
"1656","spruceT9P10ESH",2022,196,0.35552,2.81375342465753,813.05,703.063333333333,4.01979452054795
"1657","spruceT9P10ESH",2022,197,0.35566,2.81375342465753,813.05,703.063333333333,4.01979452054795
"1658","spruceT9P10ESH",2022,198,0.35588,2.81375342465753,813.05,703.063333333333,4.01979452054795
"1659","spruceT9P10ESH",2022,199,0.35612,2.81375342465753,813.05,703.063333333333,4.01979452054795
"1660","spruceT9P10ESH",2022,200,0.35637,2.81375342465753,813.05,703.063333333333,4.01979452054795
"1661","spruceT9P10ESH",2022,201,0.35669,2.81375342465753,813.05,703.063333333333,4.01979452054795
"1662","spruceT9P10ESH",2022,202,0.35708,2.81375342465753,813.05,703.063333333333,4.01979452054795
"1663","spruceT9P10ESH",2022,203,0.35744,2.81375342465753,813.05,703.063333333333,4.01979452054795
"1664","spruceT9P10ESH",2022,204,0.35777,2.81375342465753,813.05,703.063333333333,4.01979452054795
"1665","spruceT9P10ESH",2022,205,0.35813,2.81375342465753,813.05,703.063333333333,4.01979452054795
"1666","spruceT9P10ESH",2022,206,0.35847,2.81375342465753,813.05,703.063333333333,4.01979452054795
"1667","spruceT9P10ESH",2022,207,0.35877,2.81375342465753,813.05,703.063333333333,4.01979452054795
"1668","spruceT9P10ESH",2022,208,0.35905,2.81375342465753,813.05,703.063333333333,4.01979452054795
"1669","spruceT9P10ESH",2022,209,0.35932,2.81375342465753,813.05,703.063333333333,4.01979452054795
"1670","spruceT9P10ESH",2022,210,0.35961,2.81375342465753,813.05,703.063333333333,4.01979452054795
"1671","spruceT9P10ESH",2022,211,0.3599,2.81375342465753,813.05,703.063333333333,4.01979452054795
"1672","spruceT9P10ESH",2022,212,0.36018,2.81375342465753,813.05,703.063333333333,4.01979452054795
"1673","spruceT9P10ESH",2022,213,0.36046,2.81375342465753,813.05,703.063333333333,4.01979452054795
"1674","spruceT9P10ESH",2022,214,0.36072,2.81375342465753,813.05,703.063333333333,4.01979452054795
"1675","spruceT9P10ESH",2022,215,0.36091,2.81375342465753,813.05,703.063333333333,4.01979452054795
"1676","spruceT9P10ESH",2022,216,0.36105,2.81375342465753,813.05,703.063333333333,4.01979452054795
"1677","spruceT9P10ESH",2022,217,0.36124,2.81375342465753,813.05,703.063333333333,4.01979452054795
"1678","spruceT9P10ESH",2022,218,0.36148,2.81375342465753,813.05,703.063333333333,4.01979452054795
"1679","spruceT9P10ESH",2022,219,0.36172,2.81375342465753,813.05,703.063333333333,4.01979452054795
"1680","spruceT9P10ESH",2022,220,0.36198,2.81375342465753,813.05,703.063333333333,4.01979452054795
"1681","spruceT9P10ESH",2022,221,0.36228,2.81375342465753,813.05,703.063333333333,4.01979452054795
"1682","spruceT9P10ESH",2022,222,0.36259,2.81375342465753,813.05,703.063333333333,4.01979452054795
"1683","spruceT9P10ESH",2022,223,0.3629,2.81375342465753,813.05,703.063333333333,4.01979452054795
"1684","spruceT9P10ESH",2022,224,0.36325,2.81375342465753,813.05,703.063333333333,4.01979452054795
"1685","spruceT9P10ESH",2022,225,0.36365,2.81375342465753,813.05,703.063333333333,4.01979452054795
"1686","spruceT9P10ESH",2022,226,0.36401,2.81375342465753,813.05,703.063333333333,4.01979452054795
"1687","spruceT9P10ESH",2022,227,0.36437,2.81375342465753,813.05,703.063333333333,4.01979452054795
"1688","spruceT9P10ESH",2022,228,0.36478,2.81375342465753,813.05,703.063333333333,4.01979452054795
"1689","spruceT9P10ESH",2022,229,0.3651,2.81375342465753,813.05,703.063333333333,4.01979452054795
"1690","spruceT9P10ESH",2022,230,0.36533,2.81375342465753,813.05,703.063333333333,4.01979452054795
"1691","spruceT9P10ESH",2022,231,0.36552,2.81375342465753,813.05,703.063333333333,4.01979452054795
"1692","spruceT9P10ESH",2022,232,0.36568,2.81375342465753,813.05,703.063333333333,4.01979452054795
"1693","spruceT9P10ESH",2022,233,0.36578,2.81375342465753,813.05,703.063333333333,4.01979452054795
"1694","spruceT9P10ESH",2022,234,0.36583,2.81375342465753,813.05,703.063333333333,4.01979452054795
"1695","spruceT9P10ESH",2022,235,0.36584,2.81375342465753,813.05,703.063333333333,4.01979452054795
"1696","spruceT9P10ESH",2022,236,0.36584,2.81375342465753,813.05,703.063333333333,4.01979452054795
"1697","spruceT9P10ESH",2022,237,0.36583,2.81375342465753,813.05,703.063333333333,4.01979452054795
"1698","spruceT9P10ESH",2022,238,0.36581,2.81375342465753,813.05,703.063333333333,4.01979452054795
"1699","spruceT9P10ESH",2022,239,0.36575,2.81375342465753,813.05,703.063333333333,4.01979452054795
"1700","spruceT9P10ESH",2022,240,0.36569,2.81375342465753,813.05,703.063333333333,4.01979452054795
"1701","spruceT9P10ESH",2022,241,0.36564,2.81375342465753,813.05,703.063333333333,4.01979452054795
"1702","spruceT9P10ESH",2022,242,0.36557,2.81375342465753,813.05,703.063333333333,4.01979452054795
"1703","spruceT9P10ESH",2022,243,0.36548,2.81375342465753,813.05,703.063333333333,4.01979452054795
"1704","spruceT9P10ESH",2022,244,0.3654,2.81375342465753,813.05,703.063333333333,4.01979452054795
"1705","spruceT9P10ESH",2022,245,0.36533,2.81375342465753,813.05,703.063333333333,4.01979452054795
"1706","spruceT9P10ESH",2022,246,0.36523,2.81375342465753,813.05,703.063333333333,4.01979452054795
"1707","spruceT9P10ESH",2022,247,0.36508,2.81375342465753,813.05,703.063333333333,4.01979452054795
"1708","spruceT9P10ESH",2022,248,0.36491,2.81375342465753,813.05,703.063333333333,4.01979452054795
"1709","spruceT9P10ESH",2022,249,0.36472,2.81375342465753,813.05,703.063333333333,4.01979452054795
"1710","spruceT9P10ESH",2022,250,0.36447,2.81375342465753,813.05,703.063333333333,4.01979452054795
"1711","spruceT9P10ESH",2022,251,0.36417,2.81375342465753,813.05,703.063333333333,4.01979452054795
"1712","spruceT9P10ESH",2022,252,0.3639,2.81375342465753,813.05,703.063333333333,4.01979452054795
"1713","spruceT9P10ESH",2022,253,0.36365,2.81375342465753,813.05,703.063333333333,4.01979452054795
"1714","spruceT9P10ESH",2022,254,0.36339,2.81375342465753,813.05,703.063333333333,4.01979452054795
"1715","spruceT9P10ESH",2022,255,0.36312,2.81375342465753,813.05,703.063333333333,4.01979452054795
"1716","spruceT9P10ESH",2022,256,0.36287,2.81375342465753,813.05,703.063333333333,4.01979452054795
"1717","spruceT9P10ESH",2022,257,0.36265,2.81375342465753,813.05,703.063333333333,4.01979452054795
"1718","spruceT9P10ESH",2022,258,0.36241,2.81375342465753,813.05,703.063333333333,4.01979452054795
"1719","spruceT9P10ESH",2022,259,0.36215,2.81375342465753,813.05,703.063333333333,4.01979452054795
"1720","spruceT9P10ESH",2022,260,0.36182,2.81375342465753,813.05,703.063333333333,4.01979452054795
"1721","spruceT9P10ESH",2022,261,0.36147,2.81375342465753,813.05,703.063333333333,4.01979452054795
"1722","spruceT9P10ESH",2022,262,0.3611,2.81375342465753,813.05,703.063333333333,4.01979452054795
"1723","spruceT9P10ESH",2022,263,0.36069,2.81375342465753,813.05,703.063333333333,4.01979452054795
"1724","spruceT9P10ESH",2022,264,0.36017,2.81375342465753,813.05,703.063333333333,4.01979452054795
"1725","spruceT9P10ESH",2022,265,0.35959,2.81375342465753,813.05,703.063333333333,4.01979452054795
"1726","spruceT9P10ESH",2022,266,0.35903,2.81375342465753,813.05,703.063333333333,4.01979452054795
"1727","spruceT9P10ESH",2022,267,0.35845,2.81375342465753,813.05,703.063333333333,4.01979452054795
"1728","spruceT9P10ESH",2022,268,0.35781,2.81375342465753,813.05,703.063333333333,4.01979452054795
"1729","spruceT9P10ESH",2022,269,0.3572,2.81375342465753,813.05,703.063333333333,4.01979452054795
"1730","spruceT9P10ESH",2022,270,0.35664,2.81375342465753,813.05,703.063333333333,4.01979452054795
"1731","spruceT9P10ESH",2022,271,0.35608,2.81375342465753,813.05,703.063333333333,4.01979452054795
"1732","spruceT9P10ESH",2022,272,0.3555,2.81375342465753,813.05,703.063333333333,4.01979452054795
"1733","spruceT9P10ESH",2022,273,0.35496,2.81375342465753,813.05,703.063333333333,4.01979452054795
"1734","spruceT9P10ESH",2022,274,0.35447,2.81375342465753,813.05,703.063333333333,4.01979452054795
"1735","spruceT9P10ESH",2022,275,0.3539,2.81375342465753,813.05,703.063333333333,4.01979452054795
"1736","spruceT9P10ESH",2022,276,0.35331,2.81375342465753,813.05,703.063333333333,4.01979452054795
"1737","spruceT9P10ESH",2022,277,0.35275,2.81375342465753,813.05,703.063333333333,4.01979452054795
"1738","spruceT9P10ESH",2022,278,0.35207,2.81375342465753,813.05,703.063333333333,4.01979452054795
"1739","spruceT9P10ESH",2022,279,0.35132,2.81375342465753,813.05,703.063333333333,4.01979452054795
"1740","spruceT9P10ESH",2022,280,0.35053,2.81375342465753,813.05,703.063333333333,4.01979452054795
"1741","spruceT9P10ESH",2022,281,0.34964,2.81375342465753,813.05,703.063333333333,4.01979452054795
"1742","spruceT9P10ESH",2022,282,0.34863,2.81375342465753,813.05,703.063333333333,4.01979452054795
"1743","spruceT9P10ESH",2022,283,0.34755,2.81375342465753,813.05,703.063333333333,4.01979452054795
"1744","spruceT9P10ESH",2022,284,0.34639,2.81375342465753,813.05,703.063333333333,4.01979452054795
"1745","spruceT9P10ESH",2022,285,0.34517,2.81375342465753,813.05,703.063333333333,4.01979452054795
"1746","spruceT9P10ESH",2022,286,0.34388,2.81375342465753,813.05,703.063333333333,4.01979452054795
"1747","spruceT9P10ESH",2022,287,0.3425,2.81375342465753,813.05,703.063333333333,4.01979452054795
"1748","spruceT9P10ESH",2022,288,0.34096,2.81375342465753,813.05,703.063333333333,4.01979452054795
"1749","spruceT9P10ESH",2022,289,0.33929,2.81375342465753,813.05,703.063333333333,4.01979452054795
"1750","spruceT9P10ESH",2022,290,0.33761,2.81375342465753,813.05,703.063333333333,4.01979452054795
"1751","spruceT9P10ESH",2022,291,0.33567,2.81375342465753,813.05,703.063333333333,4.01979452054795
"1752","spruceT9P10ESH",2022,292,0.33348,2.81375342465753,813.05,703.063333333333,4.01979452054795
"1753","spruceT9P10ESH",2022,293,0.33154,2.81375342465753,813.05,703.063333333333,4.01979452054795
"1754","spruceT9P10ESH",2022,294,0.32952,2.81375342465753,813.05,703.063333333333,4.01979452054795
"1755","spruceT9P10ESH",2022,295,0.32725,2.81375342465753,813.05,703.063333333333,4.01979452054795
"1756","spruceT9P10ESH",2022,296,0.32549,2.81375342465753,813.05,703.063333333333,4.01979452054795
"1757","spruceT9P10ESH",2022,297,0.32407,2.81375342465753,813.05,703.063333333333,4.01979452054795
"1758","spruceT9P10ESH",2022,298,0.32264,2.81375342465753,813.05,703.063333333333,4.01979452054795
"1759","spruceT9P10ESH",2022,299,0.3217,2.81375342465753,813.05,703.063333333333,4.01979452054795
"1760","spruceT9P10ESH",2022,300,0.32141,2.81375342465753,813.05,703.063333333333,4.01979452054795
"1761","spruceT9P10ESH",2022,301,0.32148,2.81375342465753,813.05,703.063333333333,4.01979452054795
"1762","spruceT9P10ESH",2022,302,0.32169,2.81375342465753,813.05,703.063333333333,4.01979452054795
"1763","spruceT9P10ESH",2022,303,0.32236,2.81375342465753,813.05,703.063333333333,4.01979452054795
"1764","spruceT9P10ESH",2022,304,0.3237,2.81375342465753,813.05,703.063333333333,4.01979452054795
"1765","spruceT9P10ESH",2022,305,0.32531,2.81375342465753,813.05,703.063333333333,4.01979452054795
"1766","spruceT9P10ESH",2022,306,0.32685,2.81375342465753,813.05,703.063333333333,4.01979452054795
"1767","spruceT9P10ESH",2022,307,0.32793,2.81375342465753,813.05,703.063333333333,4.01979452054795
"1768","spruceT9P10ESH",2022,308,0.32895,2.81375342465753,813.05,703.063333333333,4.01979452054795
"1769","spruceT9P10ESH",2022,309,0.33017,2.81375342465753,813.05,703.063333333333,4.01979452054795
"1770","spruceT9P10ESH",2022,310,0.33099,2.81375342465753,813.05,703.063333333333,4.01979452054795
"1771","spruceT9P10ESH",2022,311,0.3313,2.81375342465753,813.05,703.063333333333,4.01979452054795
"1772","spruceT9P10ESH",2022,312,0.33142,2.81375342465753,813.05,703.063333333333,4.01979452054795
"1773","spruceT9P10ESH",2022,313,0.33141,2.81375342465753,813.05,703.063333333333,4.01979452054795
"1774","spruceT9P10ESH",2022,314,0.33101,2.81375342465753,813.05,703.063333333333,4.01979452054795
"1775","spruceT9P10ESH",2022,315,0.33026,2.81375342465753,813.05,703.063333333333,4.01979452054795
"1776","spruceT9P10ESH",2022,316,0.32962,2.81375342465753,813.05,703.063333333333,4.01979452054795
"1777","spruceT9P10ESH",2022,317,0.32895,2.81375342465753,813.05,703.063333333333,4.01979452054795
"1778","spruceT9P10ESH",2022,318,0.32805,2.81375342465753,813.05,703.063333333333,4.01979452054795
"1779","spruceT9P10ESH",2022,319,0.32731,2.81375342465753,813.05,703.063333333333,4.01979452054795
"1780","spruceT9P10ESH",2022,320,0.32671,2.81375342465753,813.05,703.063333333333,4.01979452054795
"1781","spruceT9P10ESH",2022,321,0.32607,2.81375342465753,813.05,703.063333333333,4.01979452054795
"1782","spruceT9P10ESH",2022,322,0.32548,2.81375342465753,813.05,703.063333333333,4.01979452054795
"1783","spruceT9P10ESH",2022,323,0.32503,2.81375342465753,813.05,703.063333333333,4.01979452054795
"1784","spruceT9P10ESH",2022,324,0.32466,2.81375342465753,813.05,703.063333333333,4.01979452054795
"1785","spruceT9P10ESH",2022,325,0.32423,2.81375342465753,813.05,703.063333333333,4.01979452054795
"1786","spruceT9P10ESH",2022,326,0.32373,2.81375342465753,813.05,703.063333333333,4.01979452054795
"1787","spruceT9P10ESH",2022,327,0.32324,2.81375342465753,813.05,703.063333333333,4.01979452054795
"1788","spruceT9P10ESH",2022,328,0.32275,2.81375342465753,813.05,703.063333333333,4.01979452054795
"1789","spruceT9P10ESH",2022,329,0.32225,2.81375342465753,813.05,703.063333333333,4.01979452054795
"1790","spruceT9P10ESH",2022,330,0.32176,2.81375342465753,813.05,703.063333333333,4.01979452054795
"1791","spruceT9P10ESH",2022,331,0.32115,2.81375342465753,813.05,703.063333333333,4.01979452054795
"1792","spruceT9P10ESH",2022,332,0.32047,2.81375342465753,813.05,703.063333333333,4.01979452054795
"1793","spruceT9P10ESH",2022,333,0.31992,2.81375342465753,813.05,703.063333333333,4.01979452054795
"1794","spruceT9P10ESH",2022,334,0.31947,2.81375342465753,813.05,703.063333333333,4.01979452054795
"1795","spruceT9P10ESH",2022,335,0.31899,2.81375342465753,813.05,703.063333333333,4.01979452054795
"1796","spruceT9P10ESH",2022,336,0.31863,2.81375342465753,813.05,703.063333333333,4.01979452054795
"1797","spruceT9P10ESH",2022,337,0.31852,2.81375342465753,813.05,703.063333333333,4.01979452054795
"1798","spruceT9P10ESH",2022,338,0.31856,2.81375342465753,813.05,703.063333333333,4.01979452054795
"1799","spruceT9P10ESH",2022,339,0.31852,2.81375342465753,813.05,703.063333333333,4.01979452054795
"1800","spruceT9P10ESH",2022,340,0.3186,2.81375342465753,813.05,703.063333333333,4.01979452054795
"1801","spruceT9P10ESH",2022,341,0.31888,2.81375342465753,813.05,703.063333333333,4.01979452054795
"1802","spruceT9P10ESH",2022,342,0.31895,2.81375342465753,813.05,703.063333333333,4.01979452054795
"1803","spruceT9P10ESH",2022,343,0.31878,2.81375342465753,813.05,703.063333333333,4.01979452054795
"1804","spruceT9P10ESH",2022,344,0.3186,2.81375342465753,813.05,703.063333333333,4.01979452054795
"1805","spruceT9P10ESH",2022,345,0.31836,2.81375342465753,813.05,703.063333333333,4.01979452054795
"1806","spruceT9P10ESH",2022,346,0.31792,2.81375342465753,813.05,703.063333333333,4.01979452054795
"1807","spruceT9P10ESH",2022,347,0.31732,2.81375342465753,813.05,703.063333333333,4.01979452054795
"1808","spruceT9P10ESH",2022,348,0.31683,2.81375342465753,813.05,703.063333333333,4.01979452054795
"1809","spruceT9P10ESH",2022,349,0.31637,2.81375342465753,813.05,703.063333333333,4.01979452054795
"1810","spruceT9P10ESH",2022,350,0.31576,2.81375342465753,813.05,703.063333333333,4.01979452054795
"1811","spruceT9P10ESH",2022,351,0.31515,2.81375342465753,813.05,703.063333333333,4.01979452054795
"1812","spruceT9P10ESH",2022,352,0.31466,2.81375342465753,813.05,703.063333333333,4.01979452054795
"1813","spruceT9P10ESH",2022,353,0.31443,2.81375342465753,813.05,703.063333333333,4.01979452054795
"1814","spruceT9P10ESH",2022,354,0.31457,2.81375342465753,813.05,703.063333333333,4.01979452054795
"1815","spruceT9P10ESH",2022,355,0.31492,2.81375342465753,813.05,703.063333333333,4.01979452054795
"1816","spruceT9P10ESH",2022,356,0.31521,2.81375342465753,813.05,703.063333333333,4.01979452054795
"1817","spruceT9P10ESH",2022,357,0.31565,2.81375342465753,813.05,703.063333333333,4.01979452054795
"1818","spruceT9P10ESH",2022,358,0.31633,2.81375342465753,813.05,703.063333333333,4.01979452054795
"1819","spruceT9P10ESH",2022,359,0.31679,2.81375342465753,813.05,703.063333333333,4.01979452054795
"1820","spruceT9P10ESH",2022,360,0.31711,2.81375342465753,813.05,703.063333333333,4.01979452054795
"1821","spruceT9P10ESH",2022,361,0.3175,2.81375342465753,813.05,703.063333333333,4.01979452054795
"1822","spruceT9P10ESH",2022,362,0.31771,2.81375342465753,813.05,703.063333333333,4.01979452054795
"1823","spruceT9P10ESH",2022,363,0.31765,2.81375342465753,813.05,703.063333333333,4.01979452054795
"1824","spruceT9P10ESH",2022,364,0.31747,2.81375342465753,813.05,703.063333333333,4.01979452054795
"1825","spruceT9P10ESH",2022,365,0.31728,2.81375342465753,813.05,703.063333333333,4.01979452054795
"1826","spruceT9P10ESH",2023,1,0.31689,5.399,583.93,703.063333333333,4.01979452054795
"1827","spruceT9P10ESH",2023,2,0.31628,5.399,583.93,703.063333333333,4.01979452054795
"1828","spruceT9P10ESH",2023,3,0.31581,5.399,583.93,703.063333333333,4.01979452054795
"1829","spruceT9P10ESH",2023,4,0.3154,5.399,583.93,703.063333333333,4.01979452054795
"1830","spruceT9P10ESH",2023,5,0.3149,5.399,583.93,703.063333333333,4.01979452054795
"1831","spruceT9P10ESH",2023,6,0.3145,5.399,583.93,703.063333333333,4.01979452054795
"1832","spruceT9P10ESH",2023,7,0.31425,5.399,583.93,703.063333333333,4.01979452054795
"1833","spruceT9P10ESH",2023,8,0.31405,5.399,583.93,703.063333333333,4.01979452054795
"1834","spruceT9P10ESH",2023,9,0.31389,5.399,583.93,703.063333333333,4.01979452054795
"1835","spruceT9P10ESH",2023,10,0.31375,5.399,583.93,703.063333333333,4.01979452054795
"1836","spruceT9P10ESH",2023,11,0.31362,5.399,583.93,703.063333333333,4.01979452054795
"1837","spruceT9P10ESH",2023,12,0.31349,5.399,583.93,703.063333333333,4.01979452054795
"1838","spruceT9P10ESH",2023,13,0.31336,5.399,583.93,703.063333333333,4.01979452054795
"1839","spruceT9P10ESH",2023,14,0.31328,5.399,583.93,703.063333333333,4.01979452054795
"1840","spruceT9P10ESH",2023,15,0.31323,5.399,583.93,703.063333333333,4.01979452054795
"1841","spruceT9P10ESH",2023,16,0.31319,5.399,583.93,703.063333333333,4.01979452054795
"1842","spruceT9P10ESH",2023,17,0.31319,5.399,583.93,703.063333333333,4.01979452054795
"1843","spruceT9P10ESH",2023,18,0.31333,5.399,583.93,703.063333333333,4.01979452054795
"1844","spruceT9P10ESH",2023,19,0.31357,5.399,583.93,703.063333333333,4.01979452054795
"1845","spruceT9P10ESH",2023,20,0.31373,5.399,583.93,703.063333333333,4.01979452054795
"1846","spruceT9P10ESH",2023,21,0.31394,5.399,583.93,703.063333333333,4.01979452054795
"1847","spruceT9P10ESH",2023,22,0.31425,5.399,583.93,703.063333333333,4.01979452054795
"1848","spruceT9P10ESH",2023,23,0.31443,5.399,583.93,703.063333333333,4.01979452054795
"1849","spruceT9P10ESH",2023,24,0.31445,5.399,583.93,703.063333333333,4.01979452054795
"1850","spruceT9P10ESH",2023,25,0.31444,5.399,583.93,703.063333333333,4.01979452054795
"1851","spruceT9P10ESH",2023,26,0.31439,5.399,583.93,703.063333333333,4.01979452054795
"1852","spruceT9P10ESH",2023,27,0.31418,5.399,583.93,703.063333333333,4.01979452054795
"1853","spruceT9P10ESH",2023,28,0.31386,5.399,583.93,703.063333333333,4.01979452054795
"1854","spruceT9P10ESH",2023,29,0.31362,5.399,583.93,703.063333333333,4.01979452054795
"1855","spruceT9P10ESH",2023,30,0.31343,5.399,583.93,703.063333333333,4.01979452054795
"1856","spruceT9P10ESH",2023,31,0.31316,5.399,583.93,703.063333333333,4.01979452054795
"1857","spruceT9P10ESH",2023,32,0.31288,5.399,583.93,703.063333333333,4.01979452054795
"1858","spruceT9P10ESH",2023,33,0.31265,5.399,583.93,703.063333333333,4.01979452054795
"1859","spruceT9P10ESH",2023,34,0.31252,5.399,583.93,703.063333333333,4.01979452054795
"1860","spruceT9P10ESH",2023,35,0.31256,5.399,583.93,703.063333333333,4.01979452054795
"1861","spruceT9P10ESH",2023,36,0.3127,5.399,583.93,703.063333333333,4.01979452054795
"1862","spruceT9P10ESH",2023,37,0.31279,5.399,583.93,703.063333333333,4.01979452054795
"1863","spruceT9P10ESH",2023,38,0.31283,5.399,583.93,703.063333333333,4.01979452054795
"1864","spruceT9P10ESH",2023,39,0.31291,5.399,583.93,703.063333333333,4.01979452054795
"1865","spruceT9P10ESH",2023,40,0.31299,5.399,583.93,703.063333333333,4.01979452054795
"1866","spruceT9P10ESH",2023,41,0.31295,5.399,583.93,703.063333333333,4.01979452054795
"1867","spruceT9P10ESH",2023,42,0.31285,5.399,583.93,703.063333333333,4.01979452054795
"1868","spruceT9P10ESH",2023,43,0.3129,5.399,583.93,703.063333333333,4.01979452054795
"1869","spruceT9P10ESH",2023,44,0.31308,5.399,583.93,703.063333333333,4.01979452054795
"1870","spruceT9P10ESH",2023,45,0.31327,5.399,583.93,703.063333333333,4.01979452054795
"1871","spruceT9P10ESH",2023,46,0.31353,5.399,583.93,703.063333333333,4.01979452054795
"1872","spruceT9P10ESH",2023,47,0.31395,5.399,583.93,703.063333333333,4.01979452054795
"1873","spruceT9P10ESH",2023,48,0.31447,5.399,583.93,703.063333333333,4.01979452054795
"1874","spruceT9P10ESH",2023,49,0.31494,5.399,583.93,703.063333333333,4.01979452054795
"1875","spruceT9P10ESH",2023,50,0.3155,5.399,583.93,703.063333333333,4.01979452054795
"1876","spruceT9P10ESH",2023,51,0.31621,5.399,583.93,703.063333333333,4.01979452054795
"1877","spruceT9P10ESH",2023,52,0.31675,5.399,583.93,703.063333333333,4.01979452054795
"1878","spruceT9P10ESH",2023,53,0.31716,5.399,583.93,703.063333333333,4.01979452054795
"1879","spruceT9P10ESH",2023,54,0.31762,5.399,583.93,703.063333333333,4.01979452054795
"1880","spruceT9P10ESH",2023,55,0.31805,5.399,583.93,703.063333333333,4.01979452054795
"1881","spruceT9P10ESH",2023,56,0.31834,5.399,583.93,703.063333333333,4.01979452054795
"1882","spruceT9P10ESH",2023,57,0.31841,5.399,583.93,703.063333333333,4.01979452054795
"1883","spruceT9P10ESH",2023,58,0.31798,5.399,583.93,703.063333333333,4.01979452054795
"1884","spruceT9P10ESH",2023,59,0.3172,5.399,583.93,703.063333333333,4.01979452054795
"1885","spruceT9P10ESH",2023,60,0.31666,5.399,583.93,703.063333333333,4.01979452054795
"1886","spruceT9P10ESH",2023,61,0.31622,5.399,583.93,703.063333333333,4.01979452054795
"1887","spruceT9P10ESH",2023,62,0.31563,5.399,583.93,703.063333333333,4.01979452054795
"1888","spruceT9P10ESH",2023,63,0.31528,5.399,583.93,703.063333333333,4.01979452054795
"1889","spruceT9P10ESH",2023,64,0.3153,5.399,583.93,703.063333333333,4.01979452054795
"1890","spruceT9P10ESH",2023,65,0.31545,5.399,583.93,703.063333333333,4.01979452054795
"1891","spruceT9P10ESH",2023,66,0.31553,5.399,583.93,703.063333333333,4.01979452054795
"1892","spruceT9P10ESH",2023,67,0.31565,5.399,583.93,703.063333333333,4.01979452054795
"1893","spruceT9P10ESH",2023,68,0.31589,5.399,583.93,703.063333333333,4.01979452054795
"1894","spruceT9P10ESH",2023,69,0.31602,5.399,583.93,703.063333333333,4.01979452054795
"1895","spruceT9P10ESH",2023,70,0.31613,5.399,583.93,703.063333333333,4.01979452054795
"1896","spruceT9P10ESH",2023,71,0.31634,5.399,583.93,703.063333333333,4.01979452054795
"1897","spruceT9P10ESH",2023,72,0.31644,5.399,583.93,703.063333333333,4.01979452054795
"1898","spruceT9P10ESH",2023,73,0.31639,5.399,583.93,703.063333333333,4.01979452054795
"1899","spruceT9P10ESH",2023,74,0.31627,5.399,583.93,703.063333333333,4.01979452054795
"1900","spruceT9P10ESH",2023,75,0.31615,5.399,583.93,703.063333333333,4.01979452054795
"1901","spruceT9P10ESH",2023,76,0.31592,5.399,583.93,703.063333333333,4.01979452054795
"1902","spruceT9P10ESH",2023,77,0.31551,5.399,583.93,703.063333333333,4.01979452054795
"1903","spruceT9P10ESH",2023,78,0.31503,5.399,583.93,703.063333333333,4.01979452054795
"1904","spruceT9P10ESH",2023,79,0.31461,5.399,583.93,703.063333333333,4.01979452054795
"1905","spruceT9P10ESH",2023,80,0.31435,5.399,583.93,703.063333333333,4.01979452054795
"1906","spruceT9P10ESH",2023,81,0.31434,5.399,583.93,703.063333333333,4.01979452054795
"1907","spruceT9P10ESH",2023,82,0.31446,5.399,583.93,703.063333333333,4.01979452054795
"1908","spruceT9P10ESH",2023,83,0.31455,5.399,583.93,703.063333333333,4.01979452054795
"1909","spruceT9P10ESH",2023,84,0.31463,5.399,583.93,703.063333333333,4.01979452054795
"1910","spruceT9P10ESH",2023,85,0.31477,5.399,583.93,703.063333333333,4.01979452054795
"1911","spruceT9P10ESH",2023,86,0.31488,5.399,583.93,703.063333333333,4.01979452054795
"1912","spruceT9P10ESH",2023,87,0.31489,5.399,583.93,703.063333333333,4.01979452054795
"1913","spruceT9P10ESH",2023,88,0.31485,5.399,583.93,703.063333333333,4.01979452054795
"1914","spruceT9P10ESH",2023,89,0.31489,5.399,583.93,703.063333333333,4.01979452054795
"1915","spruceT9P10ESH",2023,90,0.31492,5.399,583.93,703.063333333333,4.01979452054795
"1916","spruceT9P10ESH",2023,91,0.31491,5.399,583.93,703.063333333333,4.01979452054795
"1917","spruceT9P10ESH",2023,92,0.31505,5.399,583.93,703.063333333333,4.01979452054795
"1918","spruceT9P10ESH",2023,93,0.31545,5.399,583.93,703.063333333333,4.01979452054795
"1919","spruceT9P10ESH",2023,94,0.31597,5.399,583.93,703.063333333333,4.01979452054795
"1920","spruceT9P10ESH",2023,95,0.31645,5.399,583.93,703.063333333333,4.01979452054795
"1921","spruceT9P10ESH",2023,96,0.31701,5.399,583.93,703.063333333333,4.01979452054795
"1922","spruceT9P10ESH",2023,97,0.31772,5.399,583.93,703.063333333333,4.01979452054795
"1923","spruceT9P10ESH",2023,98,0.31826,5.399,583.93,703.063333333333,4.01979452054795
"1924","spruceT9P10ESH",2023,99,0.31862,5.399,583.93,703.063333333333,4.01979452054795
"1925","spruceT9P10ESH",2023,100,0.31899,5.399,583.93,703.063333333333,4.01979452054795
"1926","spruceT9P10ESH",2023,101,0.31934,5.399,583.93,703.063333333333,4.01979452054795
"1927","spruceT9P10ESH",2023,102,0.31962,5.399,583.93,703.063333333333,4.01979452054795
"1928","spruceT9P10ESH",2023,103,0.31981,5.399,583.93,703.063333333333,4.01979452054795
"1929","spruceT9P10ESH",2023,104,0.3198,5.399,583.93,703.063333333333,4.01979452054795
"1930","spruceT9P10ESH",2023,105,0.31965,5.399,583.93,703.063333333333,4.01979452054795
"1931","spruceT9P10ESH",2023,106,0.31956,5.399,583.93,703.063333333333,4.01979452054795
"1932","spruceT9P10ESH",2023,107,0.31936,5.399,583.93,703.063333333333,4.01979452054795
"1933","spruceT9P10ESH",2023,108,0.31899,5.399,583.93,703.063333333333,4.01979452054795
"1934","spruceT9P10ESH",2023,109,0.31876,5.399,583.93,703.063333333333,4.01979452054795
"1935","spruceT9P10ESH",2023,110,0.3187,5.399,583.93,703.063333333333,4.01979452054795
"1936","spruceT9P10ESH",2023,111,0.31864,5.399,583.93,703.063333333333,4.01979452054795
"1937","spruceT9P10ESH",2023,112,0.31866,5.399,583.93,703.063333333333,4.01979452054795
"1938","spruceT9P10ESH",2023,113,0.3188,5.399,583.93,703.063333333333,4.01979452054795
"1939","spruceT9P10ESH",2023,114,0.31904,5.399,583.93,703.063333333333,4.01979452054795
"1940","spruceT9P10ESH",2023,115,0.31928,5.399,583.93,703.063333333333,4.01979452054795
"1941","spruceT9P10ESH",2023,116,0.31955,5.399,583.93,703.063333333333,4.01979452054795
"1942","spruceT9P10ESH",2023,117,0.31987,5.399,583.93,703.063333333333,4.01979452054795
"1943","spruceT9P10ESH",2023,118,0.32017,5.399,583.93,703.063333333333,4.01979452054795
"1944","spruceT9P10ESH",2023,119,0.32044,5.399,583.93,703.063333333333,4.01979452054795
"1945","spruceT9P10ESH",2023,120,0.32072,5.399,583.93,703.063333333333,4.01979452054795
"1946","spruceT9P10ESH",2023,121,0.32103,5.399,583.93,703.063333333333,4.01979452054795
"1947","spruceT9P10ESH",2023,122,0.32129,5.399,583.93,703.063333333333,4.01979452054795
"1948","spruceT9P10ESH",2023,123,0.32148,5.399,583.93,703.063333333333,4.01979452054795
"1949","spruceT9P10ESH",2023,124,0.32168,5.399,583.93,703.063333333333,4.01979452054795
"1950","spruceT9P10ESH",2023,125,0.322,5.399,583.93,703.063333333333,4.01979452054795
"1951","spruceT9P10ESH",2023,126,0.3225,5.399,583.93,703.063333333333,4.01979452054795
"1952","spruceT9P10ESH",2023,127,0.32316,5.399,583.93,703.063333333333,4.01979452054795
"1953","spruceT9P10ESH",2023,128,0.3239,5.399,583.93,703.063333333333,4.01979452054795
"1954","spruceT9P10ESH",2023,129,0.32472,5.399,583.93,703.063333333333,4.01979452054795
"1955","spruceT9P10ESH",2023,130,0.32562,5.399,583.93,703.063333333333,4.01979452054795
"1956","spruceT9P10ESH",2023,131,0.3266,5.399,583.93,703.063333333333,4.01979452054795
"1957","spruceT9P10ESH",2023,132,0.32767,5.399,583.93,703.063333333333,4.01979452054795
"1958","spruceT9P10ESH",2023,133,0.32895,5.399,583.93,703.063333333333,4.01979452054795
"1959","spruceT9P10ESH",2023,134,0.3304,5.399,583.93,703.063333333333,4.01979452054795
"1960","spruceT9P10ESH",2023,135,0.33186,5.399,583.93,703.063333333333,4.01979452054795
"1961","spruceT9P10ESH",2023,136,0.33345,5.399,583.93,703.063333333333,4.01979452054795
"1962","spruceT9P10ESH",2023,137,0.33522,5.399,583.93,703.063333333333,4.01979452054795
"1963","spruceT9P10ESH",2023,138,0.33688,5.399,583.93,703.063333333333,4.01979452054795
"1964","spruceT9P10ESH",2023,139,0.33849,5.399,583.93,703.063333333333,4.01979452054795
"1965","spruceT9P10ESH",2023,140,0.34016,5.399,583.93,703.063333333333,4.01979452054795
"1966","spruceT9P10ESH",2023,141,0.34174,5.399,583.93,703.063333333333,4.01979452054795
"1967","spruceT9P10ESH",2023,142,0.3433,5.399,583.93,703.063333333333,4.01979452054795
"1968","spruceT9P10ESH",2023,143,0.3449,5.399,583.93,703.063333333333,4.01979452054795
"1969","spruceT9P10ESH",2023,144,0.3464,5.399,583.93,703.063333333333,4.01979452054795
"1970","spruceT9P10ESH",2023,145,0.34782,5.399,583.93,703.063333333333,4.01979452054795
"1971","spruceT9P10ESH",2023,146,0.34928,5.399,583.93,703.063333333333,4.01979452054795
"1972","spruceT9P10ESH",2023,147,0.35069,5.399,583.93,703.063333333333,4.01979452054795
"1973","spruceT9P10ESH",2023,148,0.35197,5.399,583.93,703.063333333333,4.01979452054795
"1974","spruceT9P10ESH",2023,149,0.35306,5.399,583.93,703.063333333333,4.01979452054795
"1975","spruceT9P10ESH",2023,150,0.35391,5.399,583.93,703.063333333333,4.01979452054795
"1976","spruceT9P10ESH",2023,151,0.35459,5.399,583.93,703.063333333333,4.01979452054795
"1977","spruceT9P10ESH",2023,152,0.35523,5.399,583.93,703.063333333333,4.01979452054795
"1978","spruceT9P10ESH",2023,153,0.35577,5.399,583.93,703.063333333333,4.01979452054795
"1979","spruceT9P10ESH",2023,154,0.35618,5.399,583.93,703.063333333333,4.01979452054795
"1980","spruceT9P10ESH",2023,155,0.35657,5.399,583.93,703.063333333333,4.01979452054795
"1981","spruceT9P10ESH",2023,156,0.35687,5.399,583.93,703.063333333333,4.01979452054795
"1982","spruceT9P10ESH",2023,157,0.35703,5.399,583.93,703.063333333333,4.01979452054795
"1983","spruceT9P10ESH",2023,158,0.35722,5.399,583.93,703.063333333333,4.01979452054795
"1984","spruceT9P10ESH",2023,159,0.35731,5.399,583.93,703.063333333333,4.01979452054795
"1985","spruceT9P10ESH",2023,160,0.35725,5.399,583.93,703.063333333333,4.01979452054795
"1986","spruceT9P10ESH",2023,161,0.35733,5.399,583.93,703.063333333333,4.01979452054795
"1987","spruceT9P10ESH",2023,162,0.35752,5.399,583.93,703.063333333333,4.01979452054795
"1988","spruceT9P10ESH",2023,163,0.35769,5.399,583.93,703.063333333333,4.01979452054795
"1989","spruceT9P10ESH",2023,164,0.35795,5.399,583.93,703.063333333333,4.01979452054795
"1990","spruceT9P10ESH",2023,165,0.35838,5.399,583.93,703.063333333333,4.01979452054795
"1991","spruceT9P10ESH",2023,166,0.35889,5.399,583.93,703.063333333333,4.01979452054795
"1992","spruceT9P10ESH",2023,167,0.35938,5.399,583.93,703.063333333333,4.01979452054795
"1993","spruceT9P10ESH",2023,168,0.35987,5.399,583.93,703.063333333333,4.01979452054795
"1994","spruceT9P10ESH",2023,169,0.3604,5.399,583.93,703.063333333333,4.01979452054795
"1995","spruceT9P10ESH",2023,170,0.36095,5.399,583.93,703.063333333333,4.01979452054795
"1996","spruceT9P10ESH",2023,171,0.36151,5.399,583.93,703.063333333333,4.01979452054795
"1997","spruceT9P10ESH",2023,172,0.36203,5.399,583.93,703.063333333333,4.01979452054795
"1998","spruceT9P10ESH",2023,173,0.36258,5.399,583.93,703.063333333333,4.01979452054795
"1999","spruceT9P10ESH",2023,174,0.36317,5.399,583.93,703.063333333333,4.01979452054795
"2000","spruceT9P10ESH",2023,175,0.36373,5.399,583.93,703.063333333333,4.01979452054795
"2001","spruceT9P10ESH",2023,176,0.36427,5.399,583.93,703.063333333333,4.01979452054795
"2002","spruceT9P10ESH",2023,177,0.36482,5.399,583.93,703.063333333333,4.01979452054795
"2003","spruceT9P10ESH",2023,178,0.36532,5.399,583.93,703.063333333333,4.01979452054795
"2004","spruceT9P10ESH",2023,179,0.3658,5.399,583.93,703.063333333333,4.01979452054795
"2005","spruceT9P10ESH",2023,180,0.36629,5.399,583.93,703.063333333333,4.01979452054795
"2006","spruceT9P10ESH",2023,181,0.3667,5.399,583.93,703.063333333333,4.01979452054795
"2007","spruceT9P10ESH",2023,182,0.36708,5.399,583.93,703.063333333333,4.01979452054795
"2008","spruceT9P10ESH",2023,183,0.36746,5.399,583.93,703.063333333333,4.01979452054795
"2009","spruceT9P10ESH",2023,184,0.36775,5.399,583.93,703.063333333333,4.01979452054795
"2010","spruceT9P10ESH",2023,185,0.36791,5.399,583.93,703.063333333333,4.01979452054795
"2011","spruceT9P10ESH",2023,186,0.36799,5.399,583.93,703.063333333333,4.01979452054795
"2012","spruceT9P10ESH",2023,187,0.36806,5.399,583.93,703.063333333333,4.01979452054795
"2013","spruceT9P10ESH",2023,188,0.36799,5.399,583.93,703.063333333333,4.01979452054795
"2014","spruceT9P10ESH",2023,189,0.36778,5.399,583.93,703.063333333333,4.01979452054795
"2015","spruceT9P10ESH",2023,190,0.36767,5.399,583.93,703.063333333333,4.01979452054795
"2016","spruceT9P10ESH",2023,191,0.36764,5.399,583.93,703.063333333333,4.01979452054795
"2017","spruceT9P10ESH",2023,192,0.36758,5.399,583.93,703.063333333333,4.01979452054795
"2018","spruceT9P10ESH",2023,193,0.36752,5.399,583.93,703.063333333333,4.01979452054795
"2019","spruceT9P10ESH",2023,194,0.3675,5.399,583.93,703.063333333333,4.01979452054795
"2020","spruceT9P10ESH",2023,195,0.36756,5.399,583.93,703.063333333333,4.01979452054795
"2021","spruceT9P10ESH",2023,196,0.36775,5.399,583.93,703.063333333333,4.01979452054795
"2022","spruceT9P10ESH",2023,197,0.36802,5.399,583.93,703.063333333333,4.01979452054795
"2023","spruceT9P10ESH",2023,198,0.36824,5.399,583.93,703.063333333333,4.01979452054795
"2024","spruceT9P10ESH",2023,199,0.36851,5.399,583.93,703.063333333333,4.01979452054795
"2025","spruceT9P10ESH",2023,200,0.36886,5.399,583.93,703.063333333333,4.01979452054795
"2026","spruceT9P10ESH",2023,201,0.36912,5.399,583.93,703.063333333333,4.01979452054795
"2027","spruceT9P10ESH",2023,202,0.36929,5.399,583.93,703.063333333333,4.01979452054795
"2028","spruceT9P10ESH",2023,203,0.36946,5.399,583.93,703.063333333333,4.01979452054795
"2029","spruceT9P10ESH",2023,204,0.36959,5.399,583.93,703.063333333333,4.01979452054795
"2030","spruceT9P10ESH",2023,205,0.36967,5.399,583.93,703.063333333333,4.01979452054795
"2031","spruceT9P10ESH",2023,206,0.36971,5.399,583.93,703.063333333333,4.01979452054795
"2032","spruceT9P10ESH",2023,207,0.36975,5.399,583.93,703.063333333333,4.01979452054795
"2033","spruceT9P10ESH",2023,208,0.36977,5.399,583.93,703.063333333333,4.01979452054795
"2034","spruceT9P10ESH",2023,209,0.36975,5.399,583.93,703.063333333333,4.01979452054795
"2035","spruceT9P10ESH",2023,210,0.36974,5.399,583.93,703.063333333333,4.01979452054795
"2036","spruceT9P10ESH",2023,211,0.36981,5.399,583.93,703.063333333333,4.01979452054795
"2037","spruceT9P10ESH",2023,212,0.3699,5.399,583.93,703.063333333333,4.01979452054795
"2038","spruceT9P10ESH",2023,213,0.36994,5.399,583.93,703.063333333333,4.01979452054795
"2039","spruceT9P10ESH",2023,214,0.36992,5.399,583.93,703.063333333333,4.01979452054795
"2040","spruceT9P10ESH",2023,215,0.36988,5.399,583.93,703.063333333333,4.01979452054795
"2041","spruceT9P10ESH",2023,216,0.36981,5.399,583.93,703.063333333333,4.01979452054795
"2042","spruceT9P10ESH",2023,217,0.36974,5.399,583.93,703.063333333333,4.01979452054795
"2043","spruceT9P10ESH",2023,218,0.36965,5.399,583.93,703.063333333333,4.01979452054795
"2044","spruceT9P10ESH",2023,219,0.36945,5.399,583.93,703.063333333333,4.01979452054795
"2045","spruceT9P10ESH",2023,220,0.36917,5.399,583.93,703.063333333333,4.01979452054795
"2046","spruceT9P10ESH",2023,221,0.36898,5.399,583.93,703.063333333333,4.01979452054795
"2047","spruceT9P10ESH",2023,222,0.36895,5.399,583.93,703.063333333333,4.01979452054795
"2048","spruceT9P10ESH",2023,223,0.36895,5.399,583.93,703.063333333333,4.01979452054795
"2049","spruceT9P10ESH",2023,224,0.36891,5.399,583.93,703.063333333333,4.01979452054795
"2050","spruceT9P10ESH",2023,225,0.36892,5.399,583.93,703.063333333333,4.01979452054795
"2051","spruceT9P10ESH",2023,226,0.36901,5.399,583.93,703.063333333333,4.01979452054795
"2052","spruceT9P10ESH",2023,227,0.36897,5.399,583.93,703.063333333333,4.01979452054795
"2053","spruceT9P10ESH",2023,228,0.36879,5.399,583.93,703.063333333333,4.01979452054795
"2054","spruceT9P10ESH",2023,229,0.36858,5.399,583.93,703.063333333333,4.01979452054795
"2055","spruceT9P10ESH",2023,230,0.36834,5.399,583.93,703.063333333333,4.01979452054795
"2056","spruceT9P10ESH",2023,231,0.36799,5.399,583.93,703.063333333333,4.01979452054795
"2057","spruceT9P10ESH",2023,232,0.36753,5.399,583.93,703.063333333333,4.01979452054795
"2058","spruceT9P10ESH",2023,233,0.36716,5.399,583.93,703.063333333333,4.01979452054795
"2059","spruceT9P10ESH",2023,234,0.36674,5.399,583.93,703.063333333333,4.01979452054795
"2060","spruceT9P10ESH",2023,235,0.3662,5.399,583.93,703.063333333333,4.01979452054795
"2061","spruceT9P10ESH",2023,236,0.36581,5.399,583.93,703.063333333333,4.01979452054795
"2062","spruceT9P10ESH",2023,237,0.36569,5.399,583.93,703.063333333333,4.01979452054795
"2063","spruceT9P10ESH",2023,238,0.3657,5.399,583.93,703.063333333333,4.01979452054795
"2064","spruceT9P10ESH",2023,239,0.36577,5.399,583.93,703.063333333333,4.01979452054795
"2065","spruceT9P10ESH",2023,240,0.36581,5.399,583.93,703.063333333333,4.01979452054795
"2066","spruceT9P10ESH",2023,241,0.36574,5.399,583.93,703.063333333333,4.01979452054795
"2067","spruceT9P10ESH",2023,242,0.36571,5.399,583.93,703.063333333333,4.01979452054795
"2068","spruceT9P10ESH",2023,243,0.36578,5.399,583.93,703.063333333333,4.01979452054795
"2069","spruceT9P10ESH",2023,244,0.36571,5.399,583.93,703.063333333333,4.01979452054795
"2070","spruceT9P10ESH",2023,245,0.36538,5.399,583.93,703.063333333333,4.01979452054795
"2071","spruceT9P10ESH",2023,246,0.36494,5.399,583.93,703.063333333333,4.01979452054795
"2072","spruceT9P10ESH",2023,247,0.36452,5.399,583.93,703.063333333333,4.01979452054795
"2073","spruceT9P10ESH",2023,248,0.36398,5.399,583.93,703.063333333333,4.01979452054795
"2074","spruceT9P10ESH",2023,249,0.36326,5.399,583.93,703.063333333333,4.01979452054795
"2075","spruceT9P10ESH",2023,250,0.3627,5.399,583.93,703.063333333333,4.01979452054795
"2076","spruceT9P10ESH",2023,251,0.36218,5.399,583.93,703.063333333333,4.01979452054795
"2077","spruceT9P10ESH",2023,252,0.36159,5.399,583.93,703.063333333333,4.01979452054795
"2078","spruceT9P10ESH",2023,253,0.36116,5.399,583.93,703.063333333333,4.01979452054795
"2079","spruceT9P10ESH",2023,254,0.36102,5.399,583.93,703.063333333333,4.01979452054795
"2080","spruceT9P10ESH",2023,255,0.36099,5.399,583.93,703.063333333333,4.01979452054795
"2081","spruceT9P10ESH",2023,256,0.36097,5.399,583.93,703.063333333333,4.01979452054795
"2082","spruceT9P10ESH",2023,257,0.36109,5.399,583.93,703.063333333333,4.01979452054795
"2083","spruceT9P10ESH",2023,258,0.36137,5.399,583.93,703.063333333333,4.01979452054795
"2084","spruceT9P10ESH",2023,259,0.36155,5.399,583.93,703.063333333333,4.01979452054795
"2085","spruceT9P10ESH",2023,260,0.36161,5.399,583.93,703.063333333333,4.01979452054795
"2086","spruceT9P10ESH",2023,261,0.3617,5.399,583.93,703.063333333333,4.01979452054795
"2087","spruceT9P10ESH",2023,262,0.3618,5.399,583.93,703.063333333333,4.01979452054795
"2088","spruceT9P10ESH",2023,263,0.36189,5.399,583.93,703.063333333333,4.01979452054795
"2089","spruceT9P10ESH",2023,264,0.36194,5.399,583.93,703.063333333333,4.01979452054795
"2090","spruceT9P10ESH",2023,265,0.36195,5.399,583.93,703.063333333333,4.01979452054795
"2091","spruceT9P10ESH",2023,266,0.36194,5.399,583.93,703.063333333333,4.01979452054795
"2092","spruceT9P10ESH",2023,267,0.36193,5.399,583.93,703.063333333333,4.01979452054795
"2093","spruceT9P10ESH",2023,268,0.36197,5.399,583.93,703.063333333333,4.01979452054795
"2094","spruceT9P10ESH",2023,269,0.36205,5.399,583.93,703.063333333333,4.01979452054795
"2095","spruceT9P10ESH",2023,270,0.36201,5.399,583.93,703.063333333333,4.01979452054795
"2096","spruceT9P10ESH",2023,271,0.36187,5.399,583.93,703.063333333333,4.01979452054795
"2097","spruceT9P10ESH",2023,272,0.36168,5.399,583.93,703.063333333333,4.01979452054795
"2098","spruceT9P10ESH",2023,273,0.36145,5.399,583.93,703.063333333333,4.01979452054795
"2099","spruceT9P10ESH",2023,274,0.36112,5.399,583.93,703.063333333333,4.01979452054795
"2100","spruceT9P10ESH",2023,275,0.36073,5.399,583.93,703.063333333333,4.01979452054795
"2101","spruceT9P10ESH",2023,276,0.36036,5.399,583.93,703.063333333333,4.01979452054795
"2102","spruceT9P10ESH",2023,277,0.3599,5.399,583.93,703.063333333333,4.01979452054795
"2103","spruceT9P10ESH",2023,278,0.35934,5.399,583.93,703.063333333333,4.01979452054795
"2104","spruceT9P10ESH",2023,279,0.35887,5.399,583.93,703.063333333333,4.01979452054795
"2105","spruceT9P10ESH",2023,280,0.35842,5.399,583.93,703.063333333333,4.01979452054795
"2106","spruceT9P10ESH",2023,281,0.35791,5.399,583.93,703.063333333333,4.01979452054795
"2107","spruceT9P10ESH",2023,282,0.35748,5.399,583.93,703.063333333333,4.01979452054795
"2108","spruceT9P10ESH",2023,283,0.35721,5.399,583.93,703.063333333333,4.01979452054795
"2109","spruceT9P10ESH",2023,284,0.35701,5.399,583.93,703.063333333333,4.01979452054795
"2110","spruceT9P10ESH",2023,285,0.3568,5.399,583.93,703.063333333333,4.01979452054795
"2111","spruceT9P10ESH",2023,286,0.3567,5.399,583.93,703.063333333333,4.01979452054795
"2112","spruceT9P10ESH",2023,287,0.35672,5.399,583.93,703.063333333333,4.01979452054795
"2113","spruceT9P10ESH",2023,288,0.35665,5.399,583.93,703.063333333333,4.01979452054795
"2114","spruceT9P10ESH",2023,289,0.35652,5.399,583.93,703.063333333333,4.01979452054795
"2115","spruceT9P10ESH",2023,290,0.35643,5.399,583.93,703.063333333333,4.01979452054795
"2116","spruceT9P10ESH",2023,291,0.35623,5.399,583.93,703.063333333333,4.01979452054795
"2117","spruceT9P10ESH",2023,292,0.35593,5.399,583.93,703.063333333333,4.01979452054795
"2118","spruceT9P10ESH",2023,293,0.35562,5.399,583.93,703.063333333333,4.01979452054795
"2119","spruceT9P10ESH",2023,294,0.35521,5.399,583.93,703.063333333333,4.01979452054795
"2120","spruceT9P10ESH",2023,295,0.35474,5.399,583.93,703.063333333333,4.01979452054795
"2121","spruceT9P10ESH",2023,296,0.35421,5.399,583.93,703.063333333333,4.01979452054795
"2122","spruceT9P10ESH",2023,297,0.35362,5.399,583.93,703.063333333333,4.01979452054795
"2123","spruceT9P10ESH",2023,298,0.353,5.399,583.93,703.063333333333,4.01979452054795
"2124","spruceT9P10ESH",2023,299,0.35235,5.399,583.93,703.063333333333,4.01979452054795
"2125","spruceT9P10ESH",2023,300,0.3516,5.399,583.93,703.063333333333,4.01979452054795
"2126","spruceT9P10ESH",2023,301,0.35073,5.399,583.93,703.063333333333,4.01979452054795
"2127","spruceT9P10ESH",2023,302,0.3498,5.399,583.93,703.063333333333,4.01979452054795
"2128","spruceT9P10ESH",2023,303,0.34877,5.399,583.93,703.063333333333,4.01979452054795
"2129","spruceT9P10ESH",2023,304,0.34757,5.399,583.93,703.063333333333,4.01979452054795
"2130","spruceT9P10ESH",2023,305,0.34623,5.399,583.93,703.063333333333,4.01979452054795
"2131","spruceT9P10ESH",2023,306,0.34491,5.399,583.93,703.063333333333,4.01979452054795
"2132","spruceT9P10ESH",2023,307,0.34349,5.399,583.93,703.063333333333,4.01979452054795
"2133","spruceT9P10ESH",2023,308,0.34186,5.399,583.93,703.063333333333,4.01979452054795
"2134","spruceT9P10ESH",2023,309,0.34018,5.399,583.93,703.063333333333,4.01979452054795
"2135","spruceT9P10ESH",2023,310,0.3386,5.399,583.93,703.063333333333,4.01979452054795
"2136","spruceT9P10ESH",2023,311,0.33726,5.399,583.93,703.063333333333,4.01979452054795
"2137","spruceT9P10ESH",2023,312,0.33598,5.399,583.93,703.063333333333,4.01979452054795
"2138","spruceT9P10ESH",2023,313,0.33465,5.399,583.93,703.063333333333,4.01979452054795
"2139","spruceT9P10ESH",2023,314,0.33355,5.399,583.93,703.063333333333,4.01979452054795
"2140","spruceT9P10ESH",2023,315,0.33282,5.399,583.93,703.063333333333,4.01979452054795
"2141","spruceT9P10ESH",2023,316,0.33228,5.399,583.93,703.063333333333,4.01979452054795
"2142","spruceT9P10ESH",2023,317,0.33175,5.399,583.93,703.063333333333,4.01979452054795
"2143","spruceT9P10ESH",2023,318,0.33142,5.399,583.93,703.063333333333,4.01979452054795
"2144","spruceT9P10ESH",2023,319,0.33133,5.399,583.93,703.063333333333,4.01979452054795
"2145","spruceT9P10ESH",2023,320,0.33113,5.399,583.93,703.063333333333,4.01979452054795
"2146","spruceT9P10ESH",2023,321,0.33086,5.399,583.93,703.063333333333,4.01979452054795
"2147","spruceT9P10ESH",2023,322,0.33071,5.399,583.93,703.063333333333,4.01979452054795
"2148","spruceT9P10ESH",2023,323,0.33047,5.399,583.93,703.063333333333,4.01979452054795
"2149","spruceT9P10ESH",2023,324,0.33009,5.399,583.93,703.063333333333,4.01979452054795
"2150","spruceT9P10ESH",2023,325,0.32967,5.399,583.93,703.063333333333,4.01979452054795
"2151","spruceT9P10ESH",2023,326,0.32928,5.399,583.93,703.063333333333,4.01979452054795
"2152","spruceT9P10ESH",2023,327,0.32882,5.399,583.93,703.063333333333,4.01979452054795
"2153","spruceT9P10ESH",2023,328,0.32827,5.399,583.93,703.063333333333,4.01979452054795
"2154","spruceT9P10ESH",2023,329,0.32782,5.399,583.93,703.063333333333,4.01979452054795
"2155","spruceT9P10ESH",2023,330,0.32753,5.399,583.93,703.063333333333,4.01979452054795
"2156","spruceT9P10ESH",2023,331,0.3273,5.399,583.93,703.063333333333,4.01979452054795
"2157","spruceT9P10ESH",2023,332,0.3271,5.399,583.93,703.063333333333,4.01979452054795
"2158","spruceT9P10ESH",2023,333,0.32692,5.399,583.93,703.063333333333,4.01979452054795
"2159","spruceT9P10ESH",2023,334,0.32672,5.399,583.93,703.063333333333,4.01979452054795
"2160","spruceT9P10ESH",2023,335,0.32658,5.399,583.93,703.063333333333,4.01979452054795
"2161","spruceT9P10ESH",2023,336,0.32651,5.399,583.93,703.063333333333,4.01979452054795
"2162","spruceT9P10ESH",2023,337,0.32635,5.399,583.93,703.063333333333,4.01979452054795
"2163","spruceT9P10ESH",2023,338,0.32608,5.399,583.93,703.063333333333,4.01979452054795
"2164","spruceT9P10ESH",2023,339,0.32578,5.399,583.93,703.063333333333,4.01979452054795
"2165","spruceT9P10ESH",2023,340,0.32547,5.399,583.93,703.063333333333,4.01979452054795
"2166","spruceT9P10ESH",2023,341,0.32507,5.399,583.93,703.063333333333,4.01979452054795
"2167","spruceT9P10ESH",2023,342,0.3246,5.399,583.93,703.063333333333,4.01979452054795
"2168","spruceT9P10ESH",2023,343,0.32419,5.399,583.93,703.063333333333,4.01979452054795
"2169","spruceT9P10ESH",2023,344,0.32374,5.399,583.93,703.063333333333,4.01979452054795
"2170","spruceT9P10ESH",2023,345,0.3232,5.399,583.93,703.063333333333,4.01979452054795
"2171","spruceT9P10ESH",2023,346,0.3228,5.399,583.93,703.063333333333,4.01979452054795
"2172","spruceT9P10ESH",2023,347,0.32256,5.399,583.93,703.063333333333,4.01979452054795
"2173","spruceT9P10ESH",2023,348,0.32237,5.399,583.93,703.063333333333,4.01979452054795
"2174","spruceT9P10ESH",2023,349,0.3222,5.399,583.93,703.063333333333,4.01979452054795
"2175","spruceT9P10ESH",2023,350,0.32213,5.399,583.93,703.063333333333,4.01979452054795
"2176","spruceT9P10ESH",2023,351,0.32215,5.399,583.93,703.063333333333,4.01979452054795
"2177","spruceT9P10ESH",2023,352,0.32213,5.399,583.93,703.063333333333,4.01979452054795
"2178","spruceT9P10ESH",2023,353,0.32205,5.399,583.93,703.063333333333,4.01979452054795
"2179","spruceT9P10ESH",2023,354,0.322,5.399,583.93,703.063333333333,4.01979452054795
"2180","spruceT9P10ESH",2023,355,0.32197,5.399,583.93,703.063333333333,4.01979452054795
"2181","spruceT9P10ESH",2023,356,0.32196,5.399,583.93,703.063333333333,4.01979452054795
"2182","spruceT9P10ESH",2023,357,0.32196,5.399,583.93,703.063333333333,4.01979452054795
"2183","spruceT9P10ESH",2023,358,0.32197,5.399,583.93,703.063333333333,4.01979452054795
"2184","spruceT9P10ESH",2023,359,0.322,5.399,583.93,703.063333333333,4.01979452054795
"2185","spruceT9P10ESH",2023,360,0.32202,5.399,583.93,703.063333333333,4.01979452054795
"2186","spruceT9P10ESH",2023,361,0.32205,5.399,583.93,703.063333333333,4.01979452054795
"2187","spruceT9P10ESH",2023,362,0.32206,5.399,583.93,703.063333333333,4.01979452054795
"2188","spruceT9P10ESH",2023,363,0.32209,5.399,583.93,703.063333333333,4.01979452054795
"2189","spruceT9P10ESH",2023,364,0.32221,5.399,583.93,703.063333333333,4.01979452054795
"2190","spruceT9P10ESH",2023,365,0.3224,5.399,583.93,703.063333333333,4.01979452054795
