"","site","year","doy","smooth_gcc_90","annual_temp","annual_precip","map","mat"
"1","spruceT4P13SH",2018,1,0.32443,3.41960273972603,741.09,703.063333333333,4.01979452054795
"2","spruceT4P13SH",2018,2,0.32462,3.41960273972603,741.09,703.063333333333,4.01979452054795
"3","spruceT4P13SH",2018,3,0.32491,3.41960273972603,741.09,703.063333333333,4.01979452054795
"4","spruceT4P13SH",2018,4,0.32527,3.41960273972603,741.09,703.063333333333,4.01979452054795
"5","spruceT4P13SH",2018,5,0.32567,3.41960273972603,741.09,703.063333333333,4.01979452054795
"6","spruceT4P13SH",2018,6,0.32623,3.41960273972603,741.09,703.063333333333,4.01979452054795
"7","spruceT4P13SH",2018,7,0.32691,3.41960273972603,741.09,703.063333333333,4.01979452054795
"8","spruceT4P13SH",2018,8,0.32752,3.41960273972603,741.09,703.063333333333,4.01979452054795
"9","spruceT4P13SH",2018,9,0.32828,3.41960273972603,741.09,703.063333333333,4.01979452054795
"10","spruceT4P13SH",2018,10,0.32923,3.41960273972603,741.09,703.063333333333,4.01979452054795
"11","spruceT4P13SH",2018,11,0.32992,3.41960273972603,741.09,703.063333333333,4.01979452054795
"12","spruceT4P13SH",2018,12,0.33034,3.41960273972603,741.09,703.063333333333,4.01979452054795
"13","spruceT4P13SH",2018,13,0.33074,3.41960273972603,741.09,703.063333333333,4.01979452054795
"14","spruceT4P13SH",2018,14,0.33107,3.41960273972603,741.09,703.063333333333,4.01979452054795
"15","spruceT4P13SH",2018,15,0.33127,3.41960273972603,741.09,703.063333333333,4.01979452054795
"16","spruceT4P13SH",2018,16,0.33129,3.41960273972603,741.09,703.063333333333,4.01979452054795
"17","spruceT4P13SH",2018,17,0.33102,3.41960273972603,741.09,703.063333333333,4.01979452054795
"18","spruceT4P13SH",2018,18,0.33054,3.41960273972603,741.09,703.063333333333,4.01979452054795
"19","spruceT4P13SH",2018,19,0.33009,3.41960273972603,741.09,703.063333333333,4.01979452054795
"20","spruceT4P13SH",2018,20,0.32952,3.41960273972603,741.09,703.063333333333,4.01979452054795
"21","spruceT4P13SH",2018,21,0.32874,3.41960273972603,741.09,703.063333333333,4.01979452054795
"22","spruceT4P13SH",2018,22,0.32809,3.41960273972603,741.09,703.063333333333,4.01979452054795
"23","spruceT4P13SH",2018,23,0.32748,3.41960273972603,741.09,703.063333333333,4.01979452054795
"24","spruceT4P13SH",2018,24,0.32676,3.41960273972603,741.09,703.063333333333,4.01979452054795
"25","spruceT4P13SH",2018,25,0.32618,3.41960273972603,741.09,703.063333333333,4.01979452054795
"26","spruceT4P13SH",2018,26,0.32578,3.41960273972603,741.09,703.063333333333,4.01979452054795
"27","spruceT4P13SH",2018,27,0.32544,3.41960273972603,741.09,703.063333333333,4.01979452054795
"28","spruceT4P13SH",2018,28,0.32514,3.41960273972603,741.09,703.063333333333,4.01979452054795
"29","spruceT4P13SH",2018,29,0.32491,3.41960273972603,741.09,703.063333333333,4.01979452054795
"30","spruceT4P13SH",2018,30,0.32477,3.41960273972603,741.09,703.063333333333,4.01979452054795
"31","spruceT4P13SH",2018,31,0.32462,3.41960273972603,741.09,703.063333333333,4.01979452054795
"32","spruceT4P13SH",2018,32,0.3244,3.41960273972603,741.09,703.063333333333,4.01979452054795
"33","spruceT4P13SH",2018,33,0.32419,3.41960273972603,741.09,703.063333333333,4.01979452054795
"34","spruceT4P13SH",2018,34,0.32403,3.41960273972603,741.09,703.063333333333,4.01979452054795
"35","spruceT4P13SH",2018,35,0.32389,3.41960273972603,741.09,703.063333333333,4.01979452054795
"36","spruceT4P13SH",2018,36,0.32374,3.41960273972603,741.09,703.063333333333,4.01979452054795
"37","spruceT4P13SH",2018,37,0.32361,3.41960273972603,741.09,703.063333333333,4.01979452054795
"38","spruceT4P13SH",2018,38,0.32356,3.41960273972603,741.09,703.063333333333,4.01979452054795
"39","spruceT4P13SH",2018,39,0.32365,3.41960273972603,741.09,703.063333333333,4.01979452054795
"40","spruceT4P13SH",2018,40,0.32369,3.41960273972603,741.09,703.063333333333,4.01979452054795
"41","spruceT4P13SH",2018,41,0.32371,3.41960273972603,741.09,703.063333333333,4.01979452054795
"42","spruceT4P13SH",2018,42,0.32397,3.41960273972603,741.09,703.063333333333,4.01979452054795
"43","spruceT4P13SH",2018,43,0.3246,3.41960273972603,741.09,703.063333333333,4.01979452054795
"44","spruceT4P13SH",2018,44,0.32541,3.41960273972603,741.09,703.063333333333,4.01979452054795
"45","spruceT4P13SH",2018,45,0.32625,3.41960273972603,741.09,703.063333333333,4.01979452054795
"46","spruceT4P13SH",2018,46,0.32743,3.41960273972603,741.09,703.063333333333,4.01979452054795
"47","spruceT4P13SH",2018,47,0.32895,3.41960273972603,741.09,703.063333333333,4.01979452054795
"48","spruceT4P13SH",2018,48,0.33019,3.41960273972603,741.09,703.063333333333,4.01979452054795
"49","spruceT4P13SH",2018,49,0.33147,3.41960273972603,741.09,703.063333333333,4.01979452054795
"50","spruceT4P13SH",2018,50,0.33303,3.41960273972603,741.09,703.063333333333,4.01979452054795
"51","spruceT4P13SH",2018,51,0.33413,3.41960273972603,741.09,703.063333333333,4.01979452054795
"52","spruceT4P13SH",2018,52,0.33485,3.41960273972603,741.09,703.063333333333,4.01979452054795
"53","spruceT4P13SH",2018,53,0.33555,3.41960273972603,741.09,703.063333333333,4.01979452054795
"54","spruceT4P13SH",2018,54,0.33591,3.41960273972603,741.09,703.063333333333,4.01979452054795
"55","spruceT4P13SH",2018,55,0.3357,3.41960273972603,741.09,703.063333333333,4.01979452054795
"56","spruceT4P13SH",2018,56,0.33515,3.41960273972603,741.09,703.063333333333,4.01979452054795
"57","spruceT4P13SH",2018,57,0.33465,3.41960273972603,741.09,703.063333333333,4.01979452054795
"58","spruceT4P13SH",2018,58,0.33399,3.41960273972603,741.09,703.063333333333,4.01979452054795
"59","spruceT4P13SH",2018,59,0.33291,3.41960273972603,741.09,703.063333333333,4.01979452054795
"60","spruceT4P13SH",2018,60,0.33165,3.41960273972603,741.09,703.063333333333,4.01979452054795
"61","spruceT4P13SH",2018,61,0.33049,3.41960273972603,741.09,703.063333333333,4.01979452054795
"62","spruceT4P13SH",2018,62,0.3297,3.41960273972603,741.09,703.063333333333,4.01979452054795
"63","spruceT4P13SH",2018,63,0.32914,3.41960273972603,741.09,703.063333333333,4.01979452054795
"64","spruceT4P13SH",2018,64,0.3286,3.41960273972603,741.09,703.063333333333,4.01979452054795
"65","spruceT4P13SH",2018,65,0.3282,3.41960273972603,741.09,703.063333333333,4.01979452054795
"66","spruceT4P13SH",2018,66,0.32811,3.41960273972603,741.09,703.063333333333,4.01979452054795
"67","spruceT4P13SH",2018,67,0.32822,3.41960273972603,741.09,703.063333333333,4.01979452054795
"68","spruceT4P13SH",2018,68,0.32827,3.41960273972603,741.09,703.063333333333,4.01979452054795
"69","spruceT4P13SH",2018,69,0.32837,3.41960273972603,741.09,703.063333333333,4.01979452054795
"70","spruceT4P13SH",2018,70,0.32865,3.41960273972603,741.09,703.063333333333,4.01979452054795
"71","spruceT4P13SH",2018,71,0.3288,3.41960273972603,741.09,703.063333333333,4.01979452054795
"72","spruceT4P13SH",2018,72,0.32881,3.41960273972603,741.09,703.063333333333,4.01979452054795
"73","spruceT4P13SH",2018,73,0.3288,3.41960273972603,741.09,703.063333333333,4.01979452054795
"74","spruceT4P13SH",2018,74,0.32876,3.41960273972603,741.09,703.063333333333,4.01979452054795
"75","spruceT4P13SH",2018,75,0.32864,3.41960273972603,741.09,703.063333333333,4.01979452054795
"76","spruceT4P13SH",2018,76,0.32847,3.41960273972603,741.09,703.063333333333,4.01979452054795
"77","spruceT4P13SH",2018,77,0.32832,3.41960273972603,741.09,703.063333333333,4.01979452054795
"78","spruceT4P13SH",2018,78,0.32817,3.41960273972603,741.09,703.063333333333,4.01979452054795
"79","spruceT4P13SH",2018,79,0.328,3.41960273972603,741.09,703.063333333333,4.01979452054795
"80","spruceT4P13SH",2018,80,0.32782,3.41960273972603,741.09,703.063333333333,4.01979452054795
"81","spruceT4P13SH",2018,81,0.32764,3.41960273972603,741.09,703.063333333333,4.01979452054795
"82","spruceT4P13SH",2018,82,0.32741,3.41960273972603,741.09,703.063333333333,4.01979452054795
"83","spruceT4P13SH",2018,83,0.32718,3.41960273972603,741.09,703.063333333333,4.01979452054795
"84","spruceT4P13SH",2018,84,0.32696,3.41960273972603,741.09,703.063333333333,4.01979452054795
"85","spruceT4P13SH",2018,85,0.3268,3.41960273972603,741.09,703.063333333333,4.01979452054795
"86","spruceT4P13SH",2018,86,0.32668,3.41960273972603,741.09,703.063333333333,4.01979452054795
"87","spruceT4P13SH",2018,87,0.32657,3.41960273972603,741.09,703.063333333333,4.01979452054795
"88","spruceT4P13SH",2018,88,0.3265,3.41960273972603,741.09,703.063333333333,4.01979452054795
"89","spruceT4P13SH",2018,89,0.32644,3.41960273972603,741.09,703.063333333333,4.01979452054795
"90","spruceT4P13SH",2018,90,0.32639,3.41960273972603,741.09,703.063333333333,4.01979452054795
"91","spruceT4P13SH",2018,91,0.32637,3.41960273972603,741.09,703.063333333333,4.01979452054795
"92","spruceT4P13SH",2018,92,0.32643,3.41960273972603,741.09,703.063333333333,4.01979452054795
"93","spruceT4P13SH",2018,93,0.32654,3.41960273972603,741.09,703.063333333333,4.01979452054795
"94","spruceT4P13SH",2018,94,0.32662,3.41960273972603,741.09,703.063333333333,4.01979452054795
"95","spruceT4P13SH",2018,95,0.32667,3.41960273972603,741.09,703.063333333333,4.01979452054795
"96","spruceT4P13SH",2018,96,0.32675,3.41960273972603,741.09,703.063333333333,4.01979452054795
"97","spruceT4P13SH",2018,97,0.32682,3.41960273972603,741.09,703.063333333333,4.01979452054795
"98","spruceT4P13SH",2018,98,0.32685,3.41960273972603,741.09,703.063333333333,4.01979452054795
"99","spruceT4P13SH",2018,99,0.32684,3.41960273972603,741.09,703.063333333333,4.01979452054795
"100","spruceT4P13SH",2018,100,0.3269,3.41960273972603,741.09,703.063333333333,4.01979452054795
"101","spruceT4P13SH",2018,101,0.32696,3.41960273972603,741.09,703.063333333333,4.01979452054795
"102","spruceT4P13SH",2018,102,0.32699,3.41960273972603,741.09,703.063333333333,4.01979452054795
"103","spruceT4P13SH",2018,103,0.32712,3.41960273972603,741.09,703.063333333333,4.01979452054795
"104","spruceT4P13SH",2018,104,0.32741,3.41960273972603,741.09,703.063333333333,4.01979452054795
"105","spruceT4P13SH",2018,105,0.32778,3.41960273972603,741.09,703.063333333333,4.01979452054795
"106","spruceT4P13SH",2018,106,0.3282,3.41960273972603,741.09,703.063333333333,4.01979452054795
"107","spruceT4P13SH",2018,107,0.32865,3.41960273972603,741.09,703.063333333333,4.01979452054795
"108","spruceT4P13SH",2018,108,0.3291,3.41960273972603,741.09,703.063333333333,4.01979452054795
"109","spruceT4P13SH",2018,109,0.32966,3.41960273972603,741.09,703.063333333333,4.01979452054795
"110","spruceT4P13SH",2018,110,0.33031,3.41960273972603,741.09,703.063333333333,4.01979452054795
"111","spruceT4P13SH",2018,111,0.33091,3.41960273972603,741.09,703.063333333333,4.01979452054795
"112","spruceT4P13SH",2018,112,0.33147,3.41960273972603,741.09,703.063333333333,4.01979452054795
"113","spruceT4P13SH",2018,113,0.33206,3.41960273972603,741.09,703.063333333333,4.01979452054795
"114","spruceT4P13SH",2018,114,0.33263,3.41960273972603,741.09,703.063333333333,4.01979452054795
"115","spruceT4P13SH",2018,115,0.33315,3.41960273972603,741.09,703.063333333333,4.01979452054795
"116","spruceT4P13SH",2018,116,0.33363,3.41960273972603,741.09,703.063333333333,4.01979452054795
"117","spruceT4P13SH",2018,117,0.33414,3.41960273972603,741.09,703.063333333333,4.01979452054795
"118","spruceT4P13SH",2018,118,0.33473,3.41960273972603,741.09,703.063333333333,4.01979452054795
"119","spruceT4P13SH",2018,119,0.33534,3.41960273972603,741.09,703.063333333333,4.01979452054795
"120","spruceT4P13SH",2018,120,0.33589,3.41960273972603,741.09,703.063333333333,4.01979452054795
"121","spruceT4P13SH",2018,121,0.33641,3.41960273972603,741.09,703.063333333333,4.01979452054795
"122","spruceT4P13SH",2018,122,0.33694,3.41960273972603,741.09,703.063333333333,4.01979452054795
"123","spruceT4P13SH",2018,123,0.33741,3.41960273972603,741.09,703.063333333333,4.01979452054795
"124","spruceT4P13SH",2018,124,0.33778,3.41960273972603,741.09,703.063333333333,4.01979452054795
"125","spruceT4P13SH",2018,125,0.33809,3.41960273972603,741.09,703.063333333333,4.01979452054795
"126","spruceT4P13SH",2018,126,0.33844,3.41960273972603,741.09,703.063333333333,4.01979452054795
"127","spruceT4P13SH",2018,127,0.33877,3.41960273972603,741.09,703.063333333333,4.01979452054795
"128","spruceT4P13SH",2018,128,0.33903,3.41960273972603,741.09,703.063333333333,4.01979452054795
"129","spruceT4P13SH",2018,129,0.33927,3.41960273972603,741.09,703.063333333333,4.01979452054795
"130","spruceT4P13SH",2018,130,0.33954,3.41960273972603,741.09,703.063333333333,4.01979452054795
"131","spruceT4P13SH",2018,131,0.3399,3.41960273972603,741.09,703.063333333333,4.01979452054795
"132","spruceT4P13SH",2018,132,0.34021,3.41960273972603,741.09,703.063333333333,4.01979452054795
"133","spruceT4P13SH",2018,133,0.34045,3.41960273972603,741.09,703.063333333333,4.01979452054795
"134","spruceT4P13SH",2018,134,0.34089,3.41960273972603,741.09,703.063333333333,4.01979452054795
"135","spruceT4P13SH",2018,135,0.34149,3.41960273972603,741.09,703.063333333333,4.01979452054795
"136","spruceT4P13SH",2018,136,0.34213,3.41960273972603,741.09,703.063333333333,4.01979452054795
"137","spruceT4P13SH",2018,137,0.34295,3.41960273972603,741.09,703.063333333333,4.01979452054795
"138","spruceT4P13SH",2018,138,0.34394,3.41960273972603,741.09,703.063333333333,4.01979452054795
"139","spruceT4P13SH",2018,139,0.34504,3.41960273972603,741.09,703.063333333333,4.01979452054795
"140","spruceT4P13SH",2018,140,0.34626,3.41960273972603,741.09,703.063333333333,4.01979452054795
"141","spruceT4P13SH",2018,141,0.34763,3.41960273972603,741.09,703.063333333333,4.01979452054795
"142","spruceT4P13SH",2018,142,0.34913,3.41960273972603,741.09,703.063333333333,4.01979452054795
"143","spruceT4P13SH",2018,143,0.35071,3.41960273972603,741.09,703.063333333333,4.01979452054795
"144","spruceT4P13SH",2018,144,0.35262,3.41960273972603,741.09,703.063333333333,4.01979452054795
"145","spruceT4P13SH",2018,145,0.35482,3.41960273972603,741.09,703.063333333333,4.01979452054795
"146","spruceT4P13SH",2018,146,0.35684,3.41960273972603,741.09,703.063333333333,4.01979452054795
"147","spruceT4P13SH",2018,147,0.35888,3.41960273972603,741.09,703.063333333333,4.01979452054795
"148","spruceT4P13SH",2018,148,0.36111,3.41960273972603,741.09,703.063333333333,4.01979452054795
"149","spruceT4P13SH",2018,149,0.36307,3.41960273972603,741.09,703.063333333333,4.01979452054795
"150","spruceT4P13SH",2018,150,0.36473,3.41960273972603,741.09,703.063333333333,4.01979452054795
"151","spruceT4P13SH",2018,151,0.36633,3.41960273972603,741.09,703.063333333333,4.01979452054795
"152","spruceT4P13SH",2018,152,0.36784,3.41960273972603,741.09,703.063333333333,4.01979452054795
"153","spruceT4P13SH",2018,153,0.36928,3.41960273972603,741.09,703.063333333333,4.01979452054795
"154","spruceT4P13SH",2018,154,0.37061,3.41960273972603,741.09,703.063333333333,4.01979452054795
"155","spruceT4P13SH",2018,155,0.37167,3.41960273972603,741.09,703.063333333333,4.01979452054795
"156","spruceT4P13SH",2018,156,0.37252,3.41960273972603,741.09,703.063333333333,4.01979452054795
"157","spruceT4P13SH",2018,157,0.37349,3.41960273972603,741.09,703.063333333333,4.01979452054795
"158","spruceT4P13SH",2018,158,0.37456,3.41960273972603,741.09,703.063333333333,4.01979452054795
"159","spruceT4P13SH",2018,159,0.37555,3.41960273972603,741.09,703.063333333333,4.01979452054795
"160","spruceT4P13SH",2018,160,0.37656,3.41960273972603,741.09,703.063333333333,4.01979452054795
"161","spruceT4P13SH",2018,161,0.37776,3.41960273972603,741.09,703.063333333333,4.01979452054795
"162","spruceT4P13SH",2018,162,0.37906,3.41960273972603,741.09,703.063333333333,4.01979452054795
"163","spruceT4P13SH",2018,163,0.38016,3.41960273972603,741.09,703.063333333333,4.01979452054795
"164","spruceT4P13SH",2018,164,0.38114,3.41960273972603,741.09,703.063333333333,4.01979452054795
"165","spruceT4P13SH",2018,165,0.38215,3.41960273972603,741.09,703.063333333333,4.01979452054795
"166","spruceT4P13SH",2018,166,0.38298,3.41960273972603,741.09,703.063333333333,4.01979452054795
"167","spruceT4P13SH",2018,167,0.38347,3.41960273972603,741.09,703.063333333333,4.01979452054795
"168","spruceT4P13SH",2018,168,0.38377,3.41960273972603,741.09,703.063333333333,4.01979452054795
"169","spruceT4P13SH",2018,169,0.38413,3.41960273972603,741.09,703.063333333333,4.01979452054795
"170","spruceT4P13SH",2018,170,0.38444,3.41960273972603,741.09,703.063333333333,4.01979452054795
"171","spruceT4P13SH",2018,171,0.38459,3.41960273972603,741.09,703.063333333333,4.01979452054795
"172","spruceT4P13SH",2018,172,0.38483,3.41960273972603,741.09,703.063333333333,4.01979452054795
"173","spruceT4P13SH",2018,173,0.38524,3.41960273972603,741.09,703.063333333333,4.01979452054795
"174","spruceT4P13SH",2018,174,0.38566,3.41960273972603,741.09,703.063333333333,4.01979452054795
"175","spruceT4P13SH",2018,175,0.38606,3.41960273972603,741.09,703.063333333333,4.01979452054795
"176","spruceT4P13SH",2018,176,0.38643,3.41960273972603,741.09,703.063333333333,4.01979452054795
"177","spruceT4P13SH",2018,177,0.38672,3.41960273972603,741.09,703.063333333333,4.01979452054795
"178","spruceT4P13SH",2018,178,0.38714,3.41960273972603,741.09,703.063333333333,4.01979452054795
"179","spruceT4P13SH",2018,179,0.38768,3.41960273972603,741.09,703.063333333333,4.01979452054795
"180","spruceT4P13SH",2018,180,0.38801,3.41960273972603,741.09,703.063333333333,4.01979452054795
"181","spruceT4P13SH",2018,181,0.38803,3.41960273972603,741.09,703.063333333333,4.01979452054795
"182","spruceT4P13SH",2018,182,0.38791,3.41960273972603,741.09,703.063333333333,4.01979452054795
"183","spruceT4P13SH",2018,183,0.38781,3.41960273972603,741.09,703.063333333333,4.01979452054795
"184","spruceT4P13SH",2018,184,0.38757,3.41960273972603,741.09,703.063333333333,4.01979452054795
"185","spruceT4P13SH",2018,185,0.38714,3.41960273972603,741.09,703.063333333333,4.01979452054795
"186","spruceT4P13SH",2018,186,0.3868,3.41960273972603,741.09,703.063333333333,4.01979452054795
"187","spruceT4P13SH",2018,187,0.38648,3.41960273972603,741.09,703.063333333333,4.01979452054795
"188","spruceT4P13SH",2018,188,0.38605,3.41960273972603,741.09,703.063333333333,4.01979452054795
"189","spruceT4P13SH",2018,189,0.38572,3.41960273972603,741.09,703.063333333333,4.01979452054795
"190","spruceT4P13SH",2018,190,0.3855,3.41960273972603,741.09,703.063333333333,4.01979452054795
"191","spruceT4P13SH",2018,191,0.38529,3.41960273972603,741.09,703.063333333333,4.01979452054795
"192","spruceT4P13SH",2018,192,0.38518,3.41960273972603,741.09,703.063333333333,4.01979452054795
"193","spruceT4P13SH",2018,193,0.38526,3.41960273972603,741.09,703.063333333333,4.01979452054795
"194","spruceT4P13SH",2018,194,0.38546,3.41960273972603,741.09,703.063333333333,4.01979452054795
"195","spruceT4P13SH",2018,195,0.38563,3.41960273972603,741.09,703.063333333333,4.01979452054795
"196","spruceT4P13SH",2018,196,0.38573,3.41960273972603,741.09,703.063333333333,4.01979452054795
"197","spruceT4P13SH",2018,197,0.38584,3.41960273972603,741.09,703.063333333333,4.01979452054795
"198","spruceT4P13SH",2018,198,0.38597,3.41960273972603,741.09,703.063333333333,4.01979452054795
"199","spruceT4P13SH",2018,199,0.3861,3.41960273972603,741.09,703.063333333333,4.01979452054795
"200","spruceT4P13SH",2018,200,0.38621,3.41960273972603,741.09,703.063333333333,4.01979452054795
"201","spruceT4P13SH",2018,201,0.38642,3.41960273972603,741.09,703.063333333333,4.01979452054795
"202","spruceT4P13SH",2018,202,0.38671,3.41960273972603,741.09,703.063333333333,4.01979452054795
"203","spruceT4P13SH",2018,203,0.38692,3.41960273972603,741.09,703.063333333333,4.01979452054795
"204","spruceT4P13SH",2018,204,0.38703,3.41960273972603,741.09,703.063333333333,4.01979452054795
"205","spruceT4P13SH",2018,205,0.38715,3.41960273972603,741.09,703.063333333333,4.01979452054795
"206","spruceT4P13SH",2018,206,0.38723,3.41960273972603,741.09,703.063333333333,4.01979452054795
"207","spruceT4P13SH",2018,207,0.38723,3.41960273972603,741.09,703.063333333333,4.01979452054795
"208","spruceT4P13SH",2018,208,0.3872,3.41960273972603,741.09,703.063333333333,4.01979452054795
"209","spruceT4P13SH",2018,209,0.38713,3.41960273972603,741.09,703.063333333333,4.01979452054795
"210","spruceT4P13SH",2018,210,0.38705,3.41960273972603,741.09,703.063333333333,4.01979452054795
"211","spruceT4P13SH",2018,211,0.38696,3.41960273972603,741.09,703.063333333333,4.01979452054795
"212","spruceT4P13SH",2018,212,0.3868,3.41960273972603,741.09,703.063333333333,4.01979452054795
"213","spruceT4P13SH",2018,213,0.38657,3.41960273972603,741.09,703.063333333333,4.01979452054795
"214","spruceT4P13SH",2018,214,0.38631,3.41960273972603,741.09,703.063333333333,4.01979452054795
"215","spruceT4P13SH",2018,215,0.386,3.41960273972603,741.09,703.063333333333,4.01979452054795
"216","spruceT4P13SH",2018,216,0.38559,3.41960273972603,741.09,703.063333333333,4.01979452054795
"217","spruceT4P13SH",2018,217,0.38509,3.41960273972603,741.09,703.063333333333,4.01979452054795
"218","spruceT4P13SH",2018,218,0.38463,3.41960273972603,741.09,703.063333333333,4.01979452054795
"219","spruceT4P13SH",2018,219,0.38415,3.41960273972603,741.09,703.063333333333,4.01979452054795
"220","spruceT4P13SH",2018,220,0.38353,3.41960273972603,741.09,703.063333333333,4.01979452054795
"221","spruceT4P13SH",2018,221,0.38289,3.41960273972603,741.09,703.063333333333,4.01979452054795
"222","spruceT4P13SH",2018,222,0.38233,3.41960273972603,741.09,703.063333333333,4.01979452054795
"223","spruceT4P13SH",2018,223,0.38197,3.41960273972603,741.09,703.063333333333,4.01979452054795
"224","spruceT4P13SH",2018,224,0.38169,3.41960273972603,741.09,703.063333333333,4.01979452054795
"225","spruceT4P13SH",2018,225,0.38142,3.41960273972603,741.09,703.063333333333,4.01979452054795
"226","spruceT4P13SH",2018,226,0.38132,3.41960273972603,741.09,703.063333333333,4.01979452054795
"227","spruceT4P13SH",2018,227,0.38153,3.41960273972603,741.09,703.063333333333,4.01979452054795
"228","spruceT4P13SH",2018,228,0.38193,3.41960273972603,741.09,703.063333333333,4.01979452054795
"229","spruceT4P13SH",2018,229,0.3823,3.41960273972603,741.09,703.063333333333,4.01979452054795
"230","spruceT4P13SH",2018,230,0.38278,3.41960273972603,741.09,703.063333333333,4.01979452054795
"231","spruceT4P13SH",2018,231,0.38345,3.41960273972603,741.09,703.063333333333,4.01979452054795
"232","spruceT4P13SH",2018,232,0.38397,3.41960273972603,741.09,703.063333333333,4.01979452054795
"233","spruceT4P13SH",2018,233,0.3845,3.41960273972603,741.09,703.063333333333,4.01979452054795
"234","spruceT4P13SH",2018,234,0.38517,3.41960273972603,741.09,703.063333333333,4.01979452054795
"235","spruceT4P13SH",2018,235,0.38566,3.41960273972603,741.09,703.063333333333,4.01979452054795
"236","spruceT4P13SH",2018,236,0.38595,3.41960273972603,741.09,703.063333333333,4.01979452054795
"237","spruceT4P13SH",2018,237,0.38621,3.41960273972603,741.09,703.063333333333,4.01979452054795
"238","spruceT4P13SH",2018,238,0.38635,3.41960273972603,741.09,703.063333333333,4.01979452054795
"239","spruceT4P13SH",2018,239,0.38627,3.41960273972603,741.09,703.063333333333,4.01979452054795
"240","spruceT4P13SH",2018,240,0.38604,3.41960273972603,741.09,703.063333333333,4.01979452054795
"241","spruceT4P13SH",2018,241,0.3858,3.41960273972603,741.09,703.063333333333,4.01979452054795
"242","spruceT4P13SH",2018,242,0.38547,3.41960273972603,741.09,703.063333333333,4.01979452054795
"243","spruceT4P13SH",2018,243,0.38493,3.41960273972603,741.09,703.063333333333,4.01979452054795
"244","spruceT4P13SH",2018,244,0.38431,3.41960273972603,741.09,703.063333333333,4.01979452054795
"245","spruceT4P13SH",2018,245,0.38376,3.41960273972603,741.09,703.063333333333,4.01979452054795
"246","spruceT4P13SH",2018,246,0.38338,3.41960273972603,741.09,703.063333333333,4.01979452054795
"247","spruceT4P13SH",2018,247,0.38313,3.41960273972603,741.09,703.063333333333,4.01979452054795
"248","spruceT4P13SH",2018,248,0.38288,3.41960273972603,741.09,703.063333333333,4.01979452054795
"249","spruceT4P13SH",2018,249,0.38272,3.41960273972603,741.09,703.063333333333,4.01979452054795
"250","spruceT4P13SH",2018,250,0.3827,3.41960273972603,741.09,703.063333333333,4.01979452054795
"251","spruceT4P13SH",2018,251,0.38275,3.41960273972603,741.09,703.063333333333,4.01979452054795
"252","spruceT4P13SH",2018,252,0.3828,3.41960273972603,741.09,703.063333333333,4.01979452054795
"253","spruceT4P13SH",2018,253,0.38296,3.41960273972603,741.09,703.063333333333,4.01979452054795
"254","spruceT4P13SH",2018,254,0.38325,3.41960273972603,741.09,703.063333333333,4.01979452054795
"255","spruceT4P13SH",2018,255,0.38346,3.41960273972603,741.09,703.063333333333,4.01979452054795
"256","spruceT4P13SH",2018,256,0.3837,3.41960273972603,741.09,703.063333333333,4.01979452054795
"257","spruceT4P13SH",2018,257,0.38407,3.41960273972603,741.09,703.063333333333,4.01979452054795
"258","spruceT4P13SH",2018,258,0.38429,3.41960273972603,741.09,703.063333333333,4.01979452054795
"259","spruceT4P13SH",2018,259,0.38441,3.41960273972603,741.09,703.063333333333,4.01979452054795
"260","spruceT4P13SH",2018,260,0.38454,3.41960273972603,741.09,703.063333333333,4.01979452054795
"261","spruceT4P13SH",2018,261,0.3845,3.41960273972603,741.09,703.063333333333,4.01979452054795
"262","spruceT4P13SH",2018,262,0.38429,3.41960273972603,741.09,703.063333333333,4.01979452054795
"263","spruceT4P13SH",2018,263,0.38399,3.41960273972603,741.09,703.063333333333,4.01979452054795
"264","spruceT4P13SH",2018,264,0.3836,3.41960273972603,741.09,703.063333333333,4.01979452054795
"265","spruceT4P13SH",2018,265,0.383,3.41960273972603,741.09,703.063333333333,4.01979452054795
"266","spruceT4P13SH",2018,266,0.38221,3.41960273972603,741.09,703.063333333333,4.01979452054795
"267","spruceT4P13SH",2018,267,0.3815,3.41960273972603,741.09,703.063333333333,4.01979452054795
"268","spruceT4P13SH",2018,268,0.38077,3.41960273972603,741.09,703.063333333333,4.01979452054795
"269","spruceT4P13SH",2018,269,0.37992,3.41960273972603,741.09,703.063333333333,4.01979452054795
"270","spruceT4P13SH",2018,270,0.37916,3.41960273972603,741.09,703.063333333333,4.01979452054795
"271","spruceT4P13SH",2018,271,0.37844,3.41960273972603,741.09,703.063333333333,4.01979452054795
"272","spruceT4P13SH",2018,272,0.37765,3.41960273972603,741.09,703.063333333333,4.01979452054795
"273","spruceT4P13SH",2018,273,0.37694,3.41960273972603,741.09,703.063333333333,4.01979452054795
"274","spruceT4P13SH",2018,274,0.37641,3.41960273972603,741.09,703.063333333333,4.01979452054795
"275","spruceT4P13SH",2018,275,0.37597,3.41960273972603,741.09,703.063333333333,4.01979452054795
"276","spruceT4P13SH",2018,276,0.37545,3.41960273972603,741.09,703.063333333333,4.01979452054795
"277","spruceT4P13SH",2018,277,0.37503,3.41960273972603,741.09,703.063333333333,4.01979452054795
"278","spruceT4P13SH",2018,278,0.37477,3.41960273972603,741.09,703.063333333333,4.01979452054795
"279","spruceT4P13SH",2018,279,0.3743,3.41960273972603,741.09,703.063333333333,4.01979452054795
"280","spruceT4P13SH",2018,280,0.37374,3.41960273972603,741.09,703.063333333333,4.01979452054795
"281","spruceT4P13SH",2018,281,0.37322,3.41960273972603,741.09,703.063333333333,4.01979452054795
"282","spruceT4P13SH",2018,282,0.37245,3.41960273972603,741.09,703.063333333333,4.01979452054795
"283","spruceT4P13SH",2018,283,0.37138,3.41960273972603,741.09,703.063333333333,4.01979452054795
"284","spruceT4P13SH",2018,284,0.37018,3.41960273972603,741.09,703.063333333333,4.01979452054795
"285","spruceT4P13SH",2018,285,0.36883,3.41960273972603,741.09,703.063333333333,4.01979452054795
"286","spruceT4P13SH",2018,286,0.36721,3.41960273972603,741.09,703.063333333333,4.01979452054795
"287","spruceT4P13SH",2018,287,0.36535,3.41960273972603,741.09,703.063333333333,4.01979452054795
"288","spruceT4P13SH",2018,288,0.36351,3.41960273972603,741.09,703.063333333333,4.01979452054795
"289","spruceT4P13SH",2018,289,0.36159,3.41960273972603,741.09,703.063333333333,4.01979452054795
"290","spruceT4P13SH",2018,290,0.35939,3.41960273972603,741.09,703.063333333333,4.01979452054795
"291","spruceT4P13SH",2018,291,0.35709,3.41960273972603,741.09,703.063333333333,4.01979452054795
"292","spruceT4P13SH",2018,292,0.35485,3.41960273972603,741.09,703.063333333333,4.01979452054795
"293","spruceT4P13SH",2018,293,0.35285,3.41960273972603,741.09,703.063333333333,4.01979452054795
"294","spruceT4P13SH",2018,294,0.3509,3.41960273972603,741.09,703.063333333333,4.01979452054795
"295","spruceT4P13SH",2018,295,0.34888,3.41960273972603,741.09,703.063333333333,4.01979452054795
"296","spruceT4P13SH",2018,296,0.34706,3.41960273972603,741.09,703.063333333333,4.01979452054795
"297","spruceT4P13SH",2018,297,0.34559,3.41960273972603,741.09,703.063333333333,4.01979452054795
"298","spruceT4P13SH",2018,298,0.3443,3.41960273972603,741.09,703.063333333333,4.01979452054795
"299","spruceT4P13SH",2018,299,0.343,3.41960273972603,741.09,703.063333333333,4.01979452054795
"300","spruceT4P13SH",2018,300,0.34187,3.41960273972603,741.09,703.063333333333,4.01979452054795
"301","spruceT4P13SH",2018,301,0.34098,3.41960273972603,741.09,703.063333333333,4.01979452054795
"302","spruceT4P13SH",2018,302,0.33992,3.41960273972603,741.09,703.063333333333,4.01979452054795
"303","spruceT4P13SH",2018,303,0.33862,3.41960273972603,741.09,703.063333333333,4.01979452054795
"304","spruceT4P13SH",2018,304,0.33732,3.41960273972603,741.09,703.063333333333,4.01979452054795
"305","spruceT4P13SH",2018,305,0.33602,3.41960273972603,741.09,703.063333333333,4.01979452054795
"306","spruceT4P13SH",2018,306,0.33456,3.41960273972603,741.09,703.063333333333,4.01979452054795
"307","spruceT4P13SH",2018,307,0.33298,3.41960273972603,741.09,703.063333333333,4.01979452054795
"308","spruceT4P13SH",2018,308,0.33159,3.41960273972603,741.09,703.063333333333,4.01979452054795
"309","spruceT4P13SH",2018,309,0.33026,3.41960273972603,741.09,703.063333333333,4.01979452054795
"310","spruceT4P13SH",2018,310,0.32883,3.41960273972603,741.09,703.063333333333,4.01979452054795
"311","spruceT4P13SH",2018,311,0.32765,3.41960273972603,741.09,703.063333333333,4.01979452054795
"312","spruceT4P13SH",2018,312,0.32675,3.41960273972603,741.09,703.063333333333,4.01979452054795
"313","spruceT4P13SH",2018,313,0.32596,3.41960273972603,741.09,703.063333333333,4.01979452054795
"314","spruceT4P13SH",2018,314,0.32529,3.41960273972603,741.09,703.063333333333,4.01979452054795
"315","spruceT4P13SH",2018,315,0.32473,3.41960273972603,741.09,703.063333333333,4.01979452054795
"316","spruceT4P13SH",2018,316,0.32428,3.41960273972603,741.09,703.063333333333,4.01979452054795
"317","spruceT4P13SH",2018,317,0.32414,3.41960273972603,741.09,703.063333333333,4.01979452054795
"318","spruceT4P13SH",2018,318,0.32425,3.41960273972603,741.09,703.063333333333,4.01979452054795
"319","spruceT4P13SH",2018,319,0.32427,3.41960273972603,741.09,703.063333333333,4.01979452054795
"320","spruceT4P13SH",2018,320,0.32425,3.41960273972603,741.09,703.063333333333,4.01979452054795
"321","spruceT4P13SH",2018,321,0.32434,3.41960273972603,741.09,703.063333333333,4.01979452054795
"322","spruceT4P13SH",2018,322,0.32438,3.41960273972603,741.09,703.063333333333,4.01979452054795
"323","spruceT4P13SH",2018,323,0.32431,3.41960273972603,741.09,703.063333333333,4.01979452054795
"324","spruceT4P13SH",2018,324,0.32424,3.41960273972603,741.09,703.063333333333,4.01979452054795
"325","spruceT4P13SH",2018,325,0.32422,3.41960273972603,741.09,703.063333333333,4.01979452054795
"326","spruceT4P13SH",2018,326,0.32429,3.41960273972603,741.09,703.063333333333,4.01979452054795
"327","spruceT4P13SH",2018,327,0.32441,3.41960273972603,741.09,703.063333333333,4.01979452054795
"328","spruceT4P13SH",2018,328,0.3245,3.41960273972603,741.09,703.063333333333,4.01979452054795
"329","spruceT4P13SH",2018,329,0.32461,3.41960273972603,741.09,703.063333333333,4.01979452054795
"330","spruceT4P13SH",2018,330,0.32478,3.41960273972603,741.09,703.063333333333,4.01979452054795
"331","spruceT4P13SH",2018,331,0.32487,3.41960273972603,741.09,703.063333333333,4.01979452054795
"332","spruceT4P13SH",2018,332,0.32487,3.41960273972603,741.09,703.063333333333,4.01979452054795
"333","spruceT4P13SH",2018,333,0.32486,3.41960273972603,741.09,703.063333333333,4.01979452054795
"334","spruceT4P13SH",2018,334,0.32482,3.41960273972603,741.09,703.063333333333,4.01979452054795
"335","spruceT4P13SH",2018,335,0.32472,3.41960273972603,741.09,703.063333333333,4.01979452054795
"336","spruceT4P13SH",2018,336,0.32455,3.41960273972603,741.09,703.063333333333,4.01979452054795
"337","spruceT4P13SH",2018,337,0.32435,3.41960273972603,741.09,703.063333333333,4.01979452054795
"338","spruceT4P13SH",2018,338,0.32418,3.41960273972603,741.09,703.063333333333,4.01979452054795
"339","spruceT4P13SH",2018,339,0.32406,3.41960273972603,741.09,703.063333333333,4.01979452054795
"340","spruceT4P13SH",2018,340,0.32392,3.41960273972603,741.09,703.063333333333,4.01979452054795
"341","spruceT4P13SH",2018,341,0.32373,3.41960273972603,741.09,703.063333333333,4.01979452054795
"342","spruceT4P13SH",2018,342,0.32362,3.41960273972603,741.09,703.063333333333,4.01979452054795
"343","spruceT4P13SH",2018,343,0.32369,3.41960273972603,741.09,703.063333333333,4.01979452054795
"344","spruceT4P13SH",2018,344,0.32384,3.41960273972603,741.09,703.063333333333,4.01979452054795
"345","spruceT4P13SH",2018,345,0.32395,3.41960273972603,741.09,703.063333333333,4.01979452054795
"346","spruceT4P13SH",2018,346,0.32406,3.41960273972603,741.09,703.063333333333,4.01979452054795
"347","spruceT4P13SH",2018,347,0.32422,3.41960273972603,741.09,703.063333333333,4.01979452054795
"348","spruceT4P13SH",2018,348,0.32435,3.41960273972603,741.09,703.063333333333,4.01979452054795
"349","spruceT4P13SH",2018,349,0.32437,3.41960273972603,741.09,703.063333333333,4.01979452054795
"350","spruceT4P13SH",2018,350,0.32433,3.41960273972603,741.09,703.063333333333,4.01979452054795
"351","spruceT4P13SH",2018,351,0.32438,3.41960273972603,741.09,703.063333333333,4.01979452054795
"352","spruceT4P13SH",2018,352,0.32443,3.41960273972603,741.09,703.063333333333,4.01979452054795
"353","spruceT4P13SH",2018,353,0.32442,3.41960273972603,741.09,703.063333333333,4.01979452054795
"354","spruceT4P13SH",2018,354,0.32456,3.41960273972603,741.09,703.063333333333,4.01979452054795
"355","spruceT4P13SH",2018,355,0.32491,3.41960273972603,741.09,703.063333333333,4.01979452054795
"356","spruceT4P13SH",2018,356,0.32532,3.41960273972603,741.09,703.063333333333,4.01979452054795
"357","spruceT4P13SH",2018,357,0.32577,3.41960273972603,741.09,703.063333333333,4.01979452054795
"358","spruceT4P13SH",2018,358,0.32639,3.41960273972603,741.09,703.063333333333,4.01979452054795
"359","spruceT4P13SH",2018,359,0.32725,3.41960273972603,741.09,703.063333333333,4.01979452054795
"360","spruceT4P13SH",2018,360,0.32819,3.41960273972603,741.09,703.063333333333,4.01979452054795
"361","spruceT4P13SH",2018,361,0.32903,3.41960273972603,741.09,703.063333333333,4.01979452054795
"362","spruceT4P13SH",2018,362,0.32963,3.41960273972603,741.09,703.063333333333,4.01979452054795
"363","spruceT4P13SH",2018,363,0.33016,3.41960273972603,741.09,703.063333333333,4.01979452054795
"364","spruceT4P13SH",2018,364,0.33075,3.41960273972603,741.09,703.063333333333,4.01979452054795
"365","spruceT4P13SH",2018,365,0.33109,3.41960273972603,741.09,703.063333333333,4.01979452054795
"366","spruceT4P13SH",2019,1,0.33102,2.69364383561644,763.42,703.063333333333,4.01979452054795
"367","spruceT4P13SH",2019,2,0.33074,2.69364383561644,763.42,703.063333333333,4.01979452054795
"368","spruceT4P13SH",2019,3,0.33047,2.69364383561644,763.42,703.063333333333,4.01979452054795
"369","spruceT4P13SH",2019,4,0.33002,2.69364383561644,763.42,703.063333333333,4.01979452054795
"370","spruceT4P13SH",2019,5,0.3293,2.69364383561644,763.42,703.063333333333,4.01979452054795
"371","spruceT4P13SH",2019,6,0.32873,2.69364383561644,763.42,703.063333333333,4.01979452054795
"372","spruceT4P13SH",2019,7,0.32827,2.69364383561644,763.42,703.063333333333,4.01979452054795
"373","spruceT4P13SH",2019,8,0.3277,2.69364383561644,763.42,703.063333333333,4.01979452054795
"374","spruceT4P13SH",2019,9,0.32723,2.69364383561644,763.42,703.063333333333,4.01979452054795
"375","spruceT4P13SH",2019,10,0.3268,2.69364383561644,763.42,703.063333333333,4.01979452054795
"376","spruceT4P13SH",2019,11,0.32635,2.69364383561644,763.42,703.063333333333,4.01979452054795
"377","spruceT4P13SH",2019,12,0.326,2.69364383561644,763.42,703.063333333333,4.01979452054795
"378","spruceT4P13SH",2019,13,0.3258,2.69364383561644,763.42,703.063333333333,4.01979452054795
"379","spruceT4P13SH",2019,14,0.32566,2.69364383561644,763.42,703.063333333333,4.01979452054795
"380","spruceT4P13SH",2019,15,0.32557,2.69364383561644,763.42,703.063333333333,4.01979452054795
"381","spruceT4P13SH",2019,16,0.32553,2.69364383561644,763.42,703.063333333333,4.01979452054795
"382","spruceT4P13SH",2019,17,0.32555,2.69364383561644,763.42,703.063333333333,4.01979452054795
"383","spruceT4P13SH",2019,18,0.32562,2.69364383561644,763.42,703.063333333333,4.01979452054795
"384","spruceT4P13SH",2019,19,0.32571,2.69364383561644,763.42,703.063333333333,4.01979452054795
"385","spruceT4P13SH",2019,20,0.3258,2.69364383561644,763.42,703.063333333333,4.01979452054795
"386","spruceT4P13SH",2019,21,0.32589,2.69364383561644,763.42,703.063333333333,4.01979452054795
"387","spruceT4P13SH",2019,22,0.32603,2.69364383561644,763.42,703.063333333333,4.01979452054795
"388","spruceT4P13SH",2019,23,0.32618,2.69364383561644,763.42,703.063333333333,4.01979452054795
"389","spruceT4P13SH",2019,24,0.32637,2.69364383561644,763.42,703.063333333333,4.01979452054795
"390","spruceT4P13SH",2019,25,0.3266,2.69364383561644,763.42,703.063333333333,4.01979452054795
"391","spruceT4P13SH",2019,26,0.32685,2.69364383561644,763.42,703.063333333333,4.01979452054795
"392","spruceT4P13SH",2019,27,0.32706,2.69364383561644,763.42,703.063333333333,4.01979452054795
"393","spruceT4P13SH",2019,28,0.32724,2.69364383561644,763.42,703.063333333333,4.01979452054795
"394","spruceT4P13SH",2019,29,0.32752,2.69364383561644,763.42,703.063333333333,4.01979452054795
"395","spruceT4P13SH",2019,30,0.32791,2.69364383561644,763.42,703.063333333333,4.01979452054795
"396","spruceT4P13SH",2019,31,0.32833,2.69364383561644,763.42,703.063333333333,4.01979452054795
"397","spruceT4P13SH",2019,32,0.3288,2.69364383561644,763.42,703.063333333333,4.01979452054795
"398","spruceT4P13SH",2019,33,0.32945,2.69364383561644,763.42,703.063333333333,4.01979452054795
"399","spruceT4P13SH",2019,34,0.33023,2.69364383561644,763.42,703.063333333333,4.01979452054795
"400","spruceT4P13SH",2019,35,0.33093,2.69364383561644,763.42,703.063333333333,4.01979452054795
"401","spruceT4P13SH",2019,36,0.33163,2.69364383561644,763.42,703.063333333333,4.01979452054795
"402","spruceT4P13SH",2019,37,0.33242,2.69364383561644,763.42,703.063333333333,4.01979452054795
"403","spruceT4P13SH",2019,38,0.33309,2.69364383561644,763.42,703.063333333333,4.01979452054795
"404","spruceT4P13SH",2019,39,0.33362,2.69364383561644,763.42,703.063333333333,4.01979452054795
"405","spruceT4P13SH",2019,40,0.33413,2.69364383561644,763.42,703.063333333333,4.01979452054795
"406","spruceT4P13SH",2019,41,0.33461,2.69364383561644,763.42,703.063333333333,4.01979452054795
"407","spruceT4P13SH",2019,42,0.33502,2.69364383561644,763.42,703.063333333333,4.01979452054795
"408","spruceT4P13SH",2019,43,0.33535,2.69364383561644,763.42,703.063333333333,4.01979452054795
"409","spruceT4P13SH",2019,44,0.33555,2.69364383561644,763.42,703.063333333333,4.01979452054795
"410","spruceT4P13SH",2019,45,0.33567,2.69364383561644,763.42,703.063333333333,4.01979452054795
"411","spruceT4P13SH",2019,46,0.33576,2.69364383561644,763.42,703.063333333333,4.01979452054795
"412","spruceT4P13SH",2019,47,0.33581,2.69364383561644,763.42,703.063333333333,4.01979452054795
"413","spruceT4P13SH",2019,48,0.33577,2.69364383561644,763.42,703.063333333333,4.01979452054795
"414","spruceT4P13SH",2019,49,0.33575,2.69364383561644,763.42,703.063333333333,4.01979452054795
"415","spruceT4P13SH",2019,50,0.33574,2.69364383561644,763.42,703.063333333333,4.01979452054795
"416","spruceT4P13SH",2019,51,0.33568,2.69364383561644,763.42,703.063333333333,4.01979452054795
"417","spruceT4P13SH",2019,52,0.33563,2.69364383561644,763.42,703.063333333333,4.01979452054795
"418","spruceT4P13SH",2019,53,0.33557,2.69364383561644,763.42,703.063333333333,4.01979452054795
"419","spruceT4P13SH",2019,54,0.33549,2.69364383561644,763.42,703.063333333333,4.01979452054795
"420","spruceT4P13SH",2019,55,0.33541,2.69364383561644,763.42,703.063333333333,4.01979452054795
"421","spruceT4P13SH",2019,56,0.33534,2.69364383561644,763.42,703.063333333333,4.01979452054795
"422","spruceT4P13SH",2019,57,0.33524,2.69364383561644,763.42,703.063333333333,4.01979452054795
"423","spruceT4P13SH",2019,58,0.33517,2.69364383561644,763.42,703.063333333333,4.01979452054795
"424","spruceT4P13SH",2019,59,0.33517,2.69364383561644,763.42,703.063333333333,4.01979452054795
"425","spruceT4P13SH",2019,60,0.33522,2.69364383561644,763.42,703.063333333333,4.01979452054795
"426","spruceT4P13SH",2019,61,0.33521,2.69364383561644,763.42,703.063333333333,4.01979452054795
"427","spruceT4P13SH",2019,62,0.33521,2.69364383561644,763.42,703.063333333333,4.01979452054795
"428","spruceT4P13SH",2019,63,0.33531,2.69364383561644,763.42,703.063333333333,4.01979452054795
"429","spruceT4P13SH",2019,64,0.3354,2.69364383561644,763.42,703.063333333333,4.01979452054795
"430","spruceT4P13SH",2019,65,0.33535,2.69364383561644,763.42,703.063333333333,4.01979452054795
"431","spruceT4P13SH",2019,66,0.33506,2.69364383561644,763.42,703.063333333333,4.01979452054795
"432","spruceT4P13SH",2019,67,0.33446,2.69364383561644,763.42,703.063333333333,4.01979452054795
"433","spruceT4P13SH",2019,68,0.33369,2.69364383561644,763.42,703.063333333333,4.01979452054795
"434","spruceT4P13SH",2019,69,0.33293,2.69364383561644,763.42,703.063333333333,4.01979452054795
"435","spruceT4P13SH",2019,70,0.33195,2.69364383561644,763.42,703.063333333333,4.01979452054795
"436","spruceT4P13SH",2019,71,0.33073,2.69364383561644,763.42,703.063333333333,4.01979452054795
"437","spruceT4P13SH",2019,72,0.3297,2.69364383561644,763.42,703.063333333333,4.01979452054795
"438","spruceT4P13SH",2019,73,0.32868,2.69364383561644,763.42,703.063333333333,4.01979452054795
"439","spruceT4P13SH",2019,74,0.32748,2.69364383561644,763.42,703.063333333333,4.01979452054795
"440","spruceT4P13SH",2019,75,0.32654,2.69364383561644,763.42,703.063333333333,4.01979452054795
"441","spruceT4P13SH",2019,76,0.32586,2.69364383561644,763.42,703.063333333333,4.01979452054795
"442","spruceT4P13SH",2019,77,0.32523,2.69364383561644,763.42,703.063333333333,4.01979452054795
"443","spruceT4P13SH",2019,78,0.32474,2.69364383561644,763.42,703.063333333333,4.01979452054795
"444","spruceT4P13SH",2019,79,0.3246,2.69364383561644,763.42,703.063333333333,4.01979452054795
"445","spruceT4P13SH",2019,80,0.32471,2.69364383561644,763.42,703.063333333333,4.01979452054795
"446","spruceT4P13SH",2019,81,0.32475,2.69364383561644,763.42,703.063333333333,4.01979452054795
"447","spruceT4P13SH",2019,82,0.32483,2.69364383561644,763.42,703.063333333333,4.01979452054795
"448","spruceT4P13SH",2019,83,0.32508,2.69364383561644,763.42,703.063333333333,4.01979452054795
"449","spruceT4P13SH",2019,84,0.32524,2.69364383561644,763.42,703.063333333333,4.01979452054795
"450","spruceT4P13SH",2019,85,0.32528,2.69364383561644,763.42,703.063333333333,4.01979452054795
"451","spruceT4P13SH",2019,86,0.32532,2.69364383561644,763.42,703.063333333333,4.01979452054795
"452","spruceT4P13SH",2019,87,0.32536,2.69364383561644,763.42,703.063333333333,4.01979452054795
"453","spruceT4P13SH",2019,88,0.32542,2.69364383561644,763.42,703.063333333333,4.01979452054795
"454","spruceT4P13SH",2019,89,0.32551,2.69364383561644,763.42,703.063333333333,4.01979452054795
"455","spruceT4P13SH",2019,90,0.32551,2.69364383561644,763.42,703.063333333333,4.01979452054795
"456","spruceT4P13SH",2019,91,0.32546,2.69364383561644,763.42,703.063333333333,4.01979452054795
"457","spruceT4P13SH",2019,92,0.32556,2.69364383561644,763.42,703.063333333333,4.01979452054795
"458","spruceT4P13SH",2019,93,0.32581,2.69364383561644,763.42,703.063333333333,4.01979452054795
"459","spruceT4P13SH",2019,94,0.32611,2.69364383561644,763.42,703.063333333333,4.01979452054795
"460","spruceT4P13SH",2019,95,0.32648,2.69364383561644,763.42,703.063333333333,4.01979452054795
"461","spruceT4P13SH",2019,96,0.32695,2.69364383561644,763.42,703.063333333333,4.01979452054795
"462","spruceT4P13SH",2019,97,0.32752,2.69364383561644,763.42,703.063333333333,4.01979452054795
"463","spruceT4P13SH",2019,98,0.3281,2.69364383561644,763.42,703.063333333333,4.01979452054795
"464","spruceT4P13SH",2019,99,0.32867,2.69364383561644,763.42,703.063333333333,4.01979452054795
"465","spruceT4P13SH",2019,100,0.32928,2.69364383561644,763.42,703.063333333333,4.01979452054795
"466","spruceT4P13SH",2019,101,0.32996,2.69364383561644,763.42,703.063333333333,4.01979452054795
"467","spruceT4P13SH",2019,102,0.33068,2.69364383561644,763.42,703.063333333333,4.01979452054795
"468","spruceT4P13SH",2019,103,0.33145,2.69364383561644,763.42,703.063333333333,4.01979452054795
"469","spruceT4P13SH",2019,104,0.33229,2.69364383561644,763.42,703.063333333333,4.01979452054795
"470","spruceT4P13SH",2019,105,0.33326,2.69364383561644,763.42,703.063333333333,4.01979452054795
"471","spruceT4P13SH",2019,106,0.33432,2.69364383561644,763.42,703.063333333333,4.01979452054795
"472","spruceT4P13SH",2019,107,0.33537,2.69364383561644,763.42,703.063333333333,4.01979452054795
"473","spruceT4P13SH",2019,108,0.33649,2.69364383561644,763.42,703.063333333333,4.01979452054795
"474","spruceT4P13SH",2019,109,0.33774,2.69364383561644,763.42,703.063333333333,4.01979452054795
"475","spruceT4P13SH",2019,110,0.33903,2.69364383561644,763.42,703.063333333333,4.01979452054795
"476","spruceT4P13SH",2019,111,0.34025,2.69364383561644,763.42,703.063333333333,4.01979452054795
"477","spruceT4P13SH",2019,112,0.34129,2.69364383561644,763.42,703.063333333333,4.01979452054795
"478","spruceT4P13SH",2019,113,0.34228,2.69364383561644,763.42,703.063333333333,4.01979452054795
"479","spruceT4P13SH",2019,114,0.3433,2.69364383561644,763.42,703.063333333333,4.01979452054795
"480","spruceT4P13SH",2019,115,0.34418,2.69364383561644,763.42,703.063333333333,4.01979452054795
"481","spruceT4P13SH",2019,116,0.34477,2.69364383561644,763.42,703.063333333333,4.01979452054795
"482","spruceT4P13SH",2019,117,0.3452,2.69364383561644,763.42,703.063333333333,4.01979452054795
"483","spruceT4P13SH",2019,118,0.34566,2.69364383561644,763.42,703.063333333333,4.01979452054795
"484","spruceT4P13SH",2019,119,0.34594,2.69364383561644,763.42,703.063333333333,4.01979452054795
"485","spruceT4P13SH",2019,120,0.34602,2.69364383561644,763.42,703.063333333333,4.01979452054795
"486","spruceT4P13SH",2019,121,0.34626,2.69364383561644,763.42,703.063333333333,4.01979452054795
"487","spruceT4P13SH",2019,122,0.34652,2.69364383561644,763.42,703.063333333333,4.01979452054795
"488","spruceT4P13SH",2019,123,0.34662,2.69364383561644,763.42,703.063333333333,4.01979452054795
"489","spruceT4P13SH",2019,124,0.34699,2.69364383561644,763.42,703.063333333333,4.01979452054795
"490","spruceT4P13SH",2019,125,0.34769,2.69364383561644,763.42,703.063333333333,4.01979452054795
"491","spruceT4P13SH",2019,126,0.34848,2.69364383561644,763.42,703.063333333333,4.01979452054795
"492","spruceT4P13SH",2019,127,0.34939,2.69364383561644,763.42,703.063333333333,4.01979452054795
"493","spruceT4P13SH",2019,128,0.35056,2.69364383561644,763.42,703.063333333333,4.01979452054795
"494","spruceT4P13SH",2019,129,0.35193,2.69364383561644,763.42,703.063333333333,4.01979452054795
"495","spruceT4P13SH",2019,130,0.35324,2.69364383561644,763.42,703.063333333333,4.01979452054795
"496","spruceT4P13SH",2019,131,0.35452,2.69364383561644,763.42,703.063333333333,4.01979452054795
"497","spruceT4P13SH",2019,132,0.35592,2.69364383561644,763.42,703.063333333333,4.01979452054795
"498","spruceT4P13SH",2019,133,0.3574,2.69364383561644,763.42,703.063333333333,4.01979452054795
"499","spruceT4P13SH",2019,134,0.35889,2.69364383561644,763.42,703.063333333333,4.01979452054795
"500","spruceT4P13SH",2019,135,0.36035,2.69364383561644,763.42,703.063333333333,4.01979452054795
"501","spruceT4P13SH",2019,136,0.3618,2.69364383561644,763.42,703.063333333333,4.01979452054795
"502","spruceT4P13SH",2019,137,0.36329,2.69364383561644,763.42,703.063333333333,4.01979452054795
"503","spruceT4P13SH",2019,138,0.36478,2.69364383561644,763.42,703.063333333333,4.01979452054795
"504","spruceT4P13SH",2019,139,0.36621,2.69364383561644,763.42,703.063333333333,4.01979452054795
"505","spruceT4P13SH",2019,140,0.36761,2.69364383561644,763.42,703.063333333333,4.01979452054795
"506","spruceT4P13SH",2019,141,0.36905,2.69364383561644,763.42,703.063333333333,4.01979452054795
"507","spruceT4P13SH",2019,142,0.37053,2.69364383561644,763.42,703.063333333333,4.01979452054795
"508","spruceT4P13SH",2019,143,0.37202,2.69364383561644,763.42,703.063333333333,4.01979452054795
"509","spruceT4P13SH",2019,144,0.37354,2.69364383561644,763.42,703.063333333333,4.01979452054795
"510","spruceT4P13SH",2019,145,0.37517,2.69364383561644,763.42,703.063333333333,4.01979452054795
"511","spruceT4P13SH",2019,146,0.37687,2.69364383561644,763.42,703.063333333333,4.01979452054795
"512","spruceT4P13SH",2019,147,0.37854,2.69364383561644,763.42,703.063333333333,4.01979452054795
"513","spruceT4P13SH",2019,148,0.3802,2.69364383561644,763.42,703.063333333333,4.01979452054795
"514","spruceT4P13SH",2019,149,0.38189,2.69364383561644,763.42,703.063333333333,4.01979452054795
"515","spruceT4P13SH",2019,150,0.38352,2.69364383561644,763.42,703.063333333333,4.01979452054795
"516","spruceT4P13SH",2019,151,0.38509,2.69364383561644,763.42,703.063333333333,4.01979452054795
"517","spruceT4P13SH",2019,152,0.38666,2.69364383561644,763.42,703.063333333333,4.01979452054795
"518","spruceT4P13SH",2019,153,0.38816,2.69364383561644,763.42,703.063333333333,4.01979452054795
"519","spruceT4P13SH",2019,154,0.38962,2.69364383561644,763.42,703.063333333333,4.01979452054795
"520","spruceT4P13SH",2019,155,0.3911,2.69364383561644,763.42,703.063333333333,4.01979452054795
"521","spruceT4P13SH",2019,156,0.39255,2.69364383561644,763.42,703.063333333333,4.01979452054795
"522","spruceT4P13SH",2019,157,0.39391,2.69364383561644,763.42,703.063333333333,4.01979452054795
"523","spruceT4P13SH",2019,158,0.39514,2.69364383561644,763.42,703.063333333333,4.01979452054795
"524","spruceT4P13SH",2019,159,0.39623,2.69364383561644,763.42,703.063333333333,4.01979452054795
"525","spruceT4P13SH",2019,160,0.39723,2.69364383561644,763.42,703.063333333333,4.01979452054795
"526","spruceT4P13SH",2019,161,0.39816,2.69364383561644,763.42,703.063333333333,4.01979452054795
"527","spruceT4P13SH",2019,162,0.39895,2.69364383561644,763.42,703.063333333333,4.01979452054795
"528","spruceT4P13SH",2019,163,0.39962,2.69364383561644,763.42,703.063333333333,4.01979452054795
"529","spruceT4P13SH",2019,164,0.40026,2.69364383561644,763.42,703.063333333333,4.01979452054795
"530","spruceT4P13SH",2019,165,0.40093,2.69364383561644,763.42,703.063333333333,4.01979452054795
"531","spruceT4P13SH",2019,166,0.40154,2.69364383561644,763.42,703.063333333333,4.01979452054795
"532","spruceT4P13SH",2019,167,0.40208,2.69364383561644,763.42,703.063333333333,4.01979452054795
"533","spruceT4P13SH",2019,168,0.40255,2.69364383561644,763.42,703.063333333333,4.01979452054795
"534","spruceT4P13SH",2019,169,0.40296,2.69364383561644,763.42,703.063333333333,4.01979452054795
"535","spruceT4P13SH",2019,170,0.40329,2.69364383561644,763.42,703.063333333333,4.01979452054795
"536","spruceT4P13SH",2019,171,0.40352,2.69364383561644,763.42,703.063333333333,4.01979452054795
"537","spruceT4P13SH",2019,172,0.40366,2.69364383561644,763.42,703.063333333333,4.01979452054795
"538","spruceT4P13SH",2019,173,0.40378,2.69364383561644,763.42,703.063333333333,4.01979452054795
"539","spruceT4P13SH",2019,174,0.40383,2.69364383561644,763.42,703.063333333333,4.01979452054795
"540","spruceT4P13SH",2019,175,0.40379,2.69364383561644,763.42,703.063333333333,4.01979452054795
"541","spruceT4P13SH",2019,176,0.40377,2.69364383561644,763.42,703.063333333333,4.01979452054795
"542","spruceT4P13SH",2019,177,0.40373,2.69364383561644,763.42,703.063333333333,4.01979452054795
"543","spruceT4P13SH",2019,178,0.40361,2.69364383561644,763.42,703.063333333333,4.01979452054795
"544","spruceT4P13SH",2019,179,0.40346,2.69364383561644,763.42,703.063333333333,4.01979452054795
"545","spruceT4P13SH",2019,180,0.40331,2.69364383561644,763.42,703.063333333333,4.01979452054795
"546","spruceT4P13SH",2019,181,0.40321,2.69364383561644,763.42,703.063333333333,4.01979452054795
"547","spruceT4P13SH",2019,182,0.40312,2.69364383561644,763.42,703.063333333333,4.01979452054795
"548","spruceT4P13SH",2019,183,0.40302,2.69364383561644,763.42,703.063333333333,4.01979452054795
"549","spruceT4P13SH",2019,184,0.40294,2.69364383561644,763.42,703.063333333333,4.01979452054795
"550","spruceT4P13SH",2019,185,0.40282,2.69364383561644,763.42,703.063333333333,4.01979452054795
"551","spruceT4P13SH",2019,186,0.40268,2.69364383561644,763.42,703.063333333333,4.01979452054795
"552","spruceT4P13SH",2019,187,0.4026,2.69364383561644,763.42,703.063333333333,4.01979452054795
"553","spruceT4P13SH",2019,188,0.40253,2.69364383561644,763.42,703.063333333333,4.01979452054795
"554","spruceT4P13SH",2019,189,0.40241,2.69364383561644,763.42,703.063333333333,4.01979452054795
"555","spruceT4P13SH",2019,190,0.40242,2.69364383561644,763.42,703.063333333333,4.01979452054795
"556","spruceT4P13SH",2019,191,0.40269,2.69364383561644,763.42,703.063333333333,4.01979452054795
"557","spruceT4P13SH",2019,192,0.40311,2.69364383561644,763.42,703.063333333333,4.01979452054795
"558","spruceT4P13SH",2019,193,0.40342,2.69364383561644,763.42,703.063333333333,4.01979452054795
"559","spruceT4P13SH",2019,194,0.4037,2.69364383561644,763.42,703.063333333333,4.01979452054795
"560","spruceT4P13SH",2019,195,0.40406,2.69364383561644,763.42,703.063333333333,4.01979452054795
"561","spruceT4P13SH",2019,196,0.40432,2.69364383561644,763.42,703.063333333333,4.01979452054795
"562","spruceT4P13SH",2019,197,0.40449,2.69364383561644,763.42,703.063333333333,4.01979452054795
"563","spruceT4P13SH",2019,198,0.40467,2.69364383561644,763.42,703.063333333333,4.01979452054795
"564","spruceT4P13SH",2019,199,0.40479,2.69364383561644,763.42,703.063333333333,4.01979452054795
"565","spruceT4P13SH",2019,200,0.40484,2.69364383561644,763.42,703.063333333333,4.01979452054795
"566","spruceT4P13SH",2019,201,0.40482,2.69364383561644,763.42,703.063333333333,4.01979452054795
"567","spruceT4P13SH",2019,202,0.40475,2.69364383561644,763.42,703.063333333333,4.01979452054795
"568","spruceT4P13SH",2019,203,0.40463,2.69364383561644,763.42,703.063333333333,4.01979452054795
"569","spruceT4P13SH",2019,204,0.40446,2.69364383561644,763.42,703.063333333333,4.01979452054795
"570","spruceT4P13SH",2019,205,0.4041,2.69364383561644,763.42,703.063333333333,4.01979452054795
"571","spruceT4P13SH",2019,206,0.40358,2.69364383561644,763.42,703.063333333333,4.01979452054795
"572","spruceT4P13SH",2019,207,0.40319,2.69364383561644,763.42,703.063333333333,4.01979452054795
"573","spruceT4P13SH",2019,208,0.40306,2.69364383561644,763.42,703.063333333333,4.01979452054795
"574","spruceT4P13SH",2019,209,0.403,2.69364383561644,763.42,703.063333333333,4.01979452054795
"575","spruceT4P13SH",2019,210,0.40288,2.69364383561644,763.42,703.063333333333,4.01979452054795
"576","spruceT4P13SH",2019,211,0.40262,2.69364383561644,763.42,703.063333333333,4.01979452054795
"577","spruceT4P13SH",2019,212,0.4023,2.69364383561644,763.42,703.063333333333,4.01979452054795
"578","spruceT4P13SH",2019,213,0.40205,2.69364383561644,763.42,703.063333333333,4.01979452054795
"579","spruceT4P13SH",2019,214,0.4018,2.69364383561644,763.42,703.063333333333,4.01979452054795
"580","spruceT4P13SH",2019,215,0.40151,2.69364383561644,763.42,703.063333333333,4.01979452054795
"581","spruceT4P13SH",2019,216,0.40134,2.69364383561644,763.42,703.063333333333,4.01979452054795
"582","spruceT4P13SH",2019,217,0.40141,2.69364383561644,763.42,703.063333333333,4.01979452054795
"583","spruceT4P13SH",2019,218,0.40162,2.69364383561644,763.42,703.063333333333,4.01979452054795
"584","spruceT4P13SH",2019,219,0.40174,2.69364383561644,763.42,703.063333333333,4.01979452054795
"585","spruceT4P13SH",2019,220,0.40181,2.69364383561644,763.42,703.063333333333,4.01979452054795
"586","spruceT4P13SH",2019,221,0.40191,2.69364383561644,763.42,703.063333333333,4.01979452054795
"587","spruceT4P13SH",2019,222,0.40197,2.69364383561644,763.42,703.063333333333,4.01979452054795
"588","spruceT4P13SH",2019,223,0.40203,2.69364383561644,763.42,703.063333333333,4.01979452054795
"589","spruceT4P13SH",2019,224,0.40213,2.69364383561644,763.42,703.063333333333,4.01979452054795
"590","spruceT4P13SH",2019,225,0.40223,2.69364383561644,763.42,703.063333333333,4.01979452054795
"591","spruceT4P13SH",2019,226,0.40229,2.69364383561644,763.42,703.063333333333,4.01979452054795
"592","spruceT4P13SH",2019,227,0.40225,2.69364383561644,763.42,703.063333333333,4.01979452054795
"593","spruceT4P13SH",2019,228,0.40204,2.69364383561644,763.42,703.063333333333,4.01979452054795
"594","spruceT4P13SH",2019,229,0.40173,2.69364383561644,763.42,703.063333333333,4.01979452054795
"595","spruceT4P13SH",2019,230,0.40147,2.69364383561644,763.42,703.063333333333,4.01979452054795
"596","spruceT4P13SH",2019,231,0.40125,2.69364383561644,763.42,703.063333333333,4.01979452054795
"597","spruceT4P13SH",2019,232,0.40096,2.69364383561644,763.42,703.063333333333,4.01979452054795
"598","spruceT4P13SH",2019,233,0.40068,2.69364383561644,763.42,703.063333333333,4.01979452054795
"599","spruceT4P13SH",2019,234,0.40049,2.69364383561644,763.42,703.063333333333,4.01979452054795
"600","spruceT4P13SH",2019,235,0.40035,2.69364383561644,763.42,703.063333333333,4.01979452054795
"601","spruceT4P13SH",2019,236,0.40014,2.69364383561644,763.42,703.063333333333,4.01979452054795
"602","spruceT4P13SH",2019,237,0.39988,2.69364383561644,763.42,703.063333333333,4.01979452054795
"603","spruceT4P13SH",2019,238,0.39962,2.69364383561644,763.42,703.063333333333,4.01979452054795
"604","spruceT4P13SH",2019,239,0.39931,2.69364383561644,763.42,703.063333333333,4.01979452054795
"605","spruceT4P13SH",2019,240,0.39893,2.69364383561644,763.42,703.063333333333,4.01979452054795
"606","spruceT4P13SH",2019,241,0.39849,2.69364383561644,763.42,703.063333333333,4.01979452054795
"607","spruceT4P13SH",2019,242,0.3981,2.69364383561644,763.42,703.063333333333,4.01979452054795
"608","spruceT4P13SH",2019,243,0.3976,2.69364383561644,763.42,703.063333333333,4.01979452054795
"609","spruceT4P13SH",2019,244,0.397,2.69364383561644,763.42,703.063333333333,4.01979452054795
"610","spruceT4P13SH",2019,245,0.39654,2.69364383561644,763.42,703.063333333333,4.01979452054795
"611","spruceT4P13SH",2019,246,0.39631,2.69364383561644,763.42,703.063333333333,4.01979452054795
"612","spruceT4P13SH",2019,247,0.3962,2.69364383561644,763.42,703.063333333333,4.01979452054795
"613","spruceT4P13SH",2019,248,0.39613,2.69364383561644,763.42,703.063333333333,4.01979452054795
"614","spruceT4P13SH",2019,249,0.39604,2.69364383561644,763.42,703.063333333333,4.01979452054795
"615","spruceT4P13SH",2019,250,0.39587,2.69364383561644,763.42,703.063333333333,4.01979452054795
"616","spruceT4P13SH",2019,251,0.39566,2.69364383561644,763.42,703.063333333333,4.01979452054795
"617","spruceT4P13SH",2019,252,0.39547,2.69364383561644,763.42,703.063333333333,4.01979452054795
"618","spruceT4P13SH",2019,253,0.39524,2.69364383561644,763.42,703.063333333333,4.01979452054795
"619","spruceT4P13SH",2019,254,0.39495,2.69364383561644,763.42,703.063333333333,4.01979452054795
"620","spruceT4P13SH",2019,255,0.39463,2.69364383561644,763.42,703.063333333333,4.01979452054795
"621","spruceT4P13SH",2019,256,0.39431,2.69364383561644,763.42,703.063333333333,4.01979452054795
"622","spruceT4P13SH",2019,257,0.39393,2.69364383561644,763.42,703.063333333333,4.01979452054795
"623","spruceT4P13SH",2019,258,0.39348,2.69364383561644,763.42,703.063333333333,4.01979452054795
"624","spruceT4P13SH",2019,259,0.39306,2.69364383561644,763.42,703.063333333333,4.01979452054795
"625","spruceT4P13SH",2019,260,0.39256,2.69364383561644,763.42,703.063333333333,4.01979452054795
"626","spruceT4P13SH",2019,261,0.39197,2.69364383561644,763.42,703.063333333333,4.01979452054795
"627","spruceT4P13SH",2019,262,0.39148,2.69364383561644,763.42,703.063333333333,4.01979452054795
"628","spruceT4P13SH",2019,263,0.39118,2.69364383561644,763.42,703.063333333333,4.01979452054795
"629","spruceT4P13SH",2019,264,0.39097,2.69364383561644,763.42,703.063333333333,4.01979452054795
"630","spruceT4P13SH",2019,265,0.39072,2.69364383561644,763.42,703.063333333333,4.01979452054795
"631","spruceT4P13SH",2019,266,0.39053,2.69364383561644,763.42,703.063333333333,4.01979452054795
"632","spruceT4P13SH",2019,267,0.39042,2.69364383561644,763.42,703.063333333333,4.01979452054795
"633","spruceT4P13SH",2019,268,0.3902,2.69364383561644,763.42,703.063333333333,4.01979452054795
"634","spruceT4P13SH",2019,269,0.3899,2.69364383561644,763.42,703.063333333333,4.01979452054795
"635","spruceT4P13SH",2019,270,0.3896,2.69364383561644,763.42,703.063333333333,4.01979452054795
"636","spruceT4P13SH",2019,271,0.3892,2.69364383561644,763.42,703.063333333333,4.01979452054795
"637","spruceT4P13SH",2019,272,0.38877,2.69364383561644,763.42,703.063333333333,4.01979452054795
"638","spruceT4P13SH",2019,273,0.38835,2.69364383561644,763.42,703.063333333333,4.01979452054795
"639","spruceT4P13SH",2019,274,0.3878,2.69364383561644,763.42,703.063333333333,4.01979452054795
"640","spruceT4P13SH",2019,275,0.38713,2.69364383561644,763.42,703.063333333333,4.01979452054795
"641","spruceT4P13SH",2019,276,0.3864,2.69364383561644,763.42,703.063333333333,4.01979452054795
"642","spruceT4P13SH",2019,277,0.38557,2.69364383561644,763.42,703.063333333333,4.01979452054795
"643","spruceT4P13SH",2019,278,0.38462,2.69364383561644,763.42,703.063333333333,4.01979452054795
"644","spruceT4P13SH",2019,279,0.38356,2.69364383561644,763.42,703.063333333333,4.01979452054795
"645","spruceT4P13SH",2019,280,0.38245,2.69364383561644,763.42,703.063333333333,4.01979452054795
"646","spruceT4P13SH",2019,281,0.38125,2.69364383561644,763.42,703.063333333333,4.01979452054795
"647","spruceT4P13SH",2019,282,0.37997,2.69364383561644,763.42,703.063333333333,4.01979452054795
"648","spruceT4P13SH",2019,283,0.37861,2.69364383561644,763.42,703.063333333333,4.01979452054795
"649","spruceT4P13SH",2019,284,0.37715,2.69364383561644,763.42,703.063333333333,4.01979452054795
"650","spruceT4P13SH",2019,285,0.37557,2.69364383561644,763.42,703.063333333333,4.01979452054795
"651","spruceT4P13SH",2019,286,0.374,2.69364383561644,763.42,703.063333333333,4.01979452054795
"652","spruceT4P13SH",2019,287,0.37238,2.69364383561644,763.42,703.063333333333,4.01979452054795
"653","spruceT4P13SH",2019,288,0.37067,2.69364383561644,763.42,703.063333333333,4.01979452054795
"654","spruceT4P13SH",2019,289,0.36897,2.69364383561644,763.42,703.063333333333,4.01979452054795
"655","spruceT4P13SH",2019,290,0.36727,2.69364383561644,763.42,703.063333333333,4.01979452054795
"656","spruceT4P13SH",2019,291,0.36553,2.69364383561644,763.42,703.063333333333,4.01979452054795
"657","spruceT4P13SH",2019,292,0.36376,2.69364383561644,763.42,703.063333333333,4.01979452054795
"658","spruceT4P13SH",2019,293,0.36196,2.69364383561644,763.42,703.063333333333,4.01979452054795
"659","spruceT4P13SH",2019,294,0.36011,2.69364383561644,763.42,703.063333333333,4.01979452054795
"660","spruceT4P13SH",2019,295,0.35824,2.69364383561644,763.42,703.063333333333,4.01979452054795
"661","spruceT4P13SH",2019,296,0.35636,2.69364383561644,763.42,703.063333333333,4.01979452054795
"662","spruceT4P13SH",2019,297,0.3545,2.69364383561644,763.42,703.063333333333,4.01979452054795
"663","spruceT4P13SH",2019,298,0.35263,2.69364383561644,763.42,703.063333333333,4.01979452054795
"664","spruceT4P13SH",2019,299,0.35075,2.69364383561644,763.42,703.063333333333,4.01979452054795
"665","spruceT4P13SH",2019,300,0.34888,2.69364383561644,763.42,703.063333333333,4.01979452054795
"666","spruceT4P13SH",2019,301,0.34689,2.69364383561644,763.42,703.063333333333,4.01979452054795
"667","spruceT4P13SH",2019,302,0.3448,2.69364383561644,763.42,703.063333333333,4.01979452054795
"668","spruceT4P13SH",2019,303,0.34286,2.69364383561644,763.42,703.063333333333,4.01979452054795
"669","spruceT4P13SH",2019,304,0.34097,2.69364383561644,763.42,703.063333333333,4.01979452054795
"670","spruceT4P13SH",2019,305,0.33903,2.69364383561644,763.42,703.063333333333,4.01979452054795
"671","spruceT4P13SH",2019,306,0.33728,2.69364383561644,763.42,703.063333333333,4.01979452054795
"672","spruceT4P13SH",2019,307,0.33563,2.69364383561644,763.42,703.063333333333,4.01979452054795
"673","spruceT4P13SH",2019,308,0.33401,2.69364383561644,763.42,703.063333333333,4.01979452054795
"674","spruceT4P13SH",2019,309,0.33261,2.69364383561644,763.42,703.063333333333,4.01979452054795
"675","spruceT4P13SH",2019,310,0.3314,2.69364383561644,763.42,703.063333333333,4.01979452054795
"676","spruceT4P13SH",2019,311,0.33029,2.69364383561644,763.42,703.063333333333,4.01979452054795
"677","spruceT4P13SH",2019,312,0.32936,2.69364383561644,763.42,703.063333333333,4.01979452054795
"678","spruceT4P13SH",2019,313,0.32877,2.69364383561644,763.42,703.063333333333,4.01979452054795
"679","spruceT4P13SH",2019,314,0.32844,2.69364383561644,763.42,703.063333333333,4.01979452054795
"680","spruceT4P13SH",2019,315,0.32807,2.69364383561644,763.42,703.063333333333,4.01979452054795
"681","spruceT4P13SH",2019,316,0.32778,2.69364383561644,763.42,703.063333333333,4.01979452054795
"682","spruceT4P13SH",2019,317,0.32773,2.69364383561644,763.42,703.063333333333,4.01979452054795
"683","spruceT4P13SH",2019,318,0.32778,2.69364383561644,763.42,703.063333333333,4.01979452054795
"684","spruceT4P13SH",2019,319,0.3278,2.69364383561644,763.42,703.063333333333,4.01979452054795
"685","spruceT4P13SH",2019,320,0.32762,2.69364383561644,763.42,703.063333333333,4.01979452054795
"686","spruceT4P13SH",2019,321,0.3273,2.69364383561644,763.42,703.063333333333,4.01979452054795
"687","spruceT4P13SH",2019,322,0.32698,2.69364383561644,763.42,703.063333333333,4.01979452054795
"688","spruceT4P13SH",2019,323,0.32663,2.69364383561644,763.42,703.063333333333,4.01979452054795
"689","spruceT4P13SH",2019,324,0.32589,2.69364383561644,763.42,703.063333333333,4.01979452054795
"690","spruceT4P13SH",2019,325,0.32486,2.69364383561644,763.42,703.063333333333,4.01979452054795
"691","spruceT4P13SH",2019,326,0.32422,2.69364383561644,763.42,703.063333333333,4.01979452054795
"692","spruceT4P13SH",2019,327,0.32379,2.69364383561644,763.42,703.063333333333,4.01979452054795
"693","spruceT4P13SH",2019,328,0.32326,2.69364383561644,763.42,703.063333333333,4.01979452054795
"694","spruceT4P13SH",2019,329,0.32312,2.69364383561644,763.42,703.063333333333,4.01979452054795
"695","spruceT4P13SH",2019,330,0.32364,2.69364383561644,763.42,703.063333333333,4.01979452054795
"696","spruceT4P13SH",2019,331,0.32449,2.69364383561644,763.42,703.063333333333,4.01979452054795
"697","spruceT4P13SH",2019,332,0.32527,2.69364383561644,763.42,703.063333333333,4.01979452054795
"698","spruceT4P13SH",2019,333,0.32631,2.69364383561644,763.42,703.063333333333,4.01979452054795
"699","spruceT4P13SH",2019,334,0.32774,2.69364383561644,763.42,703.063333333333,4.01979452054795
"700","spruceT4P13SH",2019,335,0.32887,2.69364383561644,763.42,703.063333333333,4.01979452054795
"701","spruceT4P13SH",2019,336,0.32987,2.69364383561644,763.42,703.063333333333,4.01979452054795
"702","spruceT4P13SH",2019,337,0.33109,2.69364383561644,763.42,703.063333333333,4.01979452054795
"703","spruceT4P13SH",2019,338,0.33201,2.69364383561644,763.42,703.063333333333,4.01979452054795
"704","spruceT4P13SH",2019,339,0.33249,2.69364383561644,763.42,703.063333333333,4.01979452054795
"705","spruceT4P13SH",2019,340,0.33278,2.69364383561644,763.42,703.063333333333,4.01979452054795
"706","spruceT4P13SH",2019,341,0.33292,2.69364383561644,763.42,703.063333333333,4.01979452054795
"707","spruceT4P13SH",2019,342,0.33298,2.69364383561644,763.42,703.063333333333,4.01979452054795
"708","spruceT4P13SH",2019,343,0.33301,2.69364383561644,763.42,703.063333333333,4.01979452054795
"709","spruceT4P13SH",2019,344,0.33278,2.69364383561644,763.42,703.063333333333,4.01979452054795
"710","spruceT4P13SH",2019,345,0.3323,2.69364383561644,763.42,703.063333333333,4.01979452054795
"711","spruceT4P13SH",2019,346,0.33197,2.69364383561644,763.42,703.063333333333,4.01979452054795
"712","spruceT4P13SH",2019,347,0.33198,2.69364383561644,763.42,703.063333333333,4.01979452054795
"713","spruceT4P13SH",2019,348,0.33208,2.69364383561644,763.42,703.063333333333,4.01979452054795
"714","spruceT4P13SH",2019,349,0.33205,2.69364383561644,763.42,703.063333333333,4.01979452054795
"715","spruceT4P13SH",2019,350,0.3319,2.69364383561644,763.42,703.063333333333,4.01979452054795
"716","spruceT4P13SH",2019,351,0.33174,2.69364383561644,763.42,703.063333333333,4.01979452054795
"717","spruceT4P13SH",2019,352,0.3315,2.69364383561644,763.42,703.063333333333,4.01979452054795
"718","spruceT4P13SH",2019,353,0.33094,2.69364383561644,763.42,703.063333333333,4.01979452054795
"719","spruceT4P13SH",2019,354,0.33016,2.69364383561644,763.42,703.063333333333,4.01979452054795
"720","spruceT4P13SH",2019,355,0.3296,2.69364383561644,763.42,703.063333333333,4.01979452054795
"721","spruceT4P13SH",2019,356,0.32917,2.69364383561644,763.42,703.063333333333,4.01979452054795
"722","spruceT4P13SH",2019,357,0.32868,2.69364383561644,763.42,703.063333333333,4.01979452054795
"723","spruceT4P13SH",2019,358,0.32835,2.69364383561644,763.42,703.063333333333,4.01979452054795
"724","spruceT4P13SH",2019,359,0.32829,2.69364383561644,763.42,703.063333333333,4.01979452054795
"725","spruceT4P13SH",2019,360,0.32833,2.69364383561644,763.42,703.063333333333,4.01979452054795
"726","spruceT4P13SH",2019,361,0.32834,2.69364383561644,763.42,703.063333333333,4.01979452054795
"727","spruceT4P13SH",2019,362,0.32842,2.69364383561644,763.42,703.063333333333,4.01979452054795
"728","spruceT4P13SH",2019,363,0.32867,2.69364383561644,763.42,703.063333333333,4.01979452054795
"729","spruceT4P13SH",2019,364,0.32899,2.69364383561644,763.42,703.063333333333,4.01979452054795
"730","spruceT4P13SH",2019,365,0.32926,2.69364383561644,763.42,703.063333333333,4.01979452054795
"731","spruceT4P13SH",2020,1,0.32938,4.28909589041096,699.98,703.063333333333,4.01979452054795
"732","spruceT4P13SH",2020,2,0.32938,4.28909589041096,699.98,703.063333333333,4.01979452054795
"733","spruceT4P13SH",2020,3,0.32937,4.28909589041096,699.98,703.063333333333,4.01979452054795
"734","spruceT4P13SH",2020,4,0.32932,4.28909589041096,699.98,703.063333333333,4.01979452054795
"735","spruceT4P13SH",2020,5,0.329,4.28909589041096,699.98,703.063333333333,4.01979452054795
"736","spruceT4P13SH",2020,6,0.32846,4.28909589041096,699.98,703.063333333333,4.01979452054795
"737","spruceT4P13SH",2020,7,0.3281,4.28909589041096,699.98,703.063333333333,4.01979452054795
"738","spruceT4P13SH",2020,8,0.32785,4.28909589041096,699.98,703.063333333333,4.01979452054795
"739","spruceT4P13SH",2020,9,0.32751,4.28909589041096,699.98,703.063333333333,4.01979452054795
"740","spruceT4P13SH",2020,10,0.32734,4.28909589041096,699.98,703.063333333333,4.01979452054795
"741","spruceT4P13SH",2020,11,0.32749,4.28909589041096,699.98,703.063333333333,4.01979452054795
"742","spruceT4P13SH",2020,12,0.32779,4.28909589041096,699.98,703.063333333333,4.01979452054795
"743","spruceT4P13SH",2020,13,0.32805,4.28909589041096,699.98,703.063333333333,4.01979452054795
"744","spruceT4P13SH",2020,14,0.3284,4.28909589041096,699.98,703.063333333333,4.01979452054795
"745","spruceT4P13SH",2020,15,0.3289,4.28909589041096,699.98,703.063333333333,4.01979452054795
"746","spruceT4P13SH",2020,16,0.32927,4.28909589041096,699.98,703.063333333333,4.01979452054795
"747","spruceT4P13SH",2020,17,0.32957,4.28909589041096,699.98,703.063333333333,4.01979452054795
"748","spruceT4P13SH",2020,18,0.3299,4.28909589041096,699.98,703.063333333333,4.01979452054795
"749","spruceT4P13SH",2020,19,0.33015,4.28909589041096,699.98,703.063333333333,4.01979452054795
"750","spruceT4P13SH",2020,20,0.33028,4.28909589041096,699.98,703.063333333333,4.01979452054795
"751","spruceT4P13SH",2020,21,0.33039,4.28909589041096,699.98,703.063333333333,4.01979452054795
"752","spruceT4P13SH",2020,22,0.33046,4.28909589041096,699.98,703.063333333333,4.01979452054795
"753","spruceT4P13SH",2020,23,0.33049,4.28909589041096,699.98,703.063333333333,4.01979452054795
"754","spruceT4P13SH",2020,24,0.33048,4.28909589041096,699.98,703.063333333333,4.01979452054795
"755","spruceT4P13SH",2020,25,0.3304,4.28909589041096,699.98,703.063333333333,4.01979452054795
"756","spruceT4P13SH",2020,26,0.33025,4.28909589041096,699.98,703.063333333333,4.01979452054795
"757","spruceT4P13SH",2020,27,0.33009,4.28909589041096,699.98,703.063333333333,4.01979452054795
"758","spruceT4P13SH",2020,28,0.32985,4.28909589041096,699.98,703.063333333333,4.01979452054795
"759","spruceT4P13SH",2020,29,0.32952,4.28909589041096,699.98,703.063333333333,4.01979452054795
"760","spruceT4P13SH",2020,30,0.32925,4.28909589041096,699.98,703.063333333333,4.01979452054795
"761","spruceT4P13SH",2020,31,0.32901,4.28909589041096,699.98,703.063333333333,4.01979452054795
"762","spruceT4P13SH",2020,32,0.32874,4.28909589041096,699.98,703.063333333333,4.01979452054795
"763","spruceT4P13SH",2020,33,0.32851,4.28909589041096,699.98,703.063333333333,4.01979452054795
"764","spruceT4P13SH",2020,34,0.32832,4.28909589041096,699.98,703.063333333333,4.01979452054795
"765","spruceT4P13SH",2020,35,0.32813,4.28909589041096,699.98,703.063333333333,4.01979452054795
"766","spruceT4P13SH",2020,36,0.32797,4.28909589041096,699.98,703.063333333333,4.01979452054795
"767","spruceT4P13SH",2020,37,0.32781,4.28909589041096,699.98,703.063333333333,4.01979452054795
"768","spruceT4P13SH",2020,38,0.32766,4.28909589041096,699.98,703.063333333333,4.01979452054795
"769","spruceT4P13SH",2020,39,0.32754,4.28909589041096,699.98,703.063333333333,4.01979452054795
"770","spruceT4P13SH",2020,40,0.32751,4.28909589041096,699.98,703.063333333333,4.01979452054795
"771","spruceT4P13SH",2020,41,0.32755,4.28909589041096,699.98,703.063333333333,4.01979452054795
"772","spruceT4P13SH",2020,42,0.32754,4.28909589041096,699.98,703.063333333333,4.01979452054795
"773","spruceT4P13SH",2020,43,0.32753,4.28909589041096,699.98,703.063333333333,4.01979452054795
"774","spruceT4P13SH",2020,44,0.32759,4.28909589041096,699.98,703.063333333333,4.01979452054795
"775","spruceT4P13SH",2020,45,0.32765,4.28909589041096,699.98,703.063333333333,4.01979452054795
"776","spruceT4P13SH",2020,46,0.32764,4.28909589041096,699.98,703.063333333333,4.01979452054795
"777","spruceT4P13SH",2020,47,0.3275,4.28909589041096,699.98,703.063333333333,4.01979452054795
"778","spruceT4P13SH",2020,48,0.32721,4.28909589041096,699.98,703.063333333333,4.01979452054795
"779","spruceT4P13SH",2020,49,0.32685,4.28909589041096,699.98,703.063333333333,4.01979452054795
"780","spruceT4P13SH",2020,50,0.32648,4.28909589041096,699.98,703.063333333333,4.01979452054795
"781","spruceT4P13SH",2020,51,0.32604,4.28909589041096,699.98,703.063333333333,4.01979452054795
"782","spruceT4P13SH",2020,52,0.32551,4.28909589041096,699.98,703.063333333333,4.01979452054795
"783","spruceT4P13SH",2020,53,0.32502,4.28909589041096,699.98,703.063333333333,4.01979452054795
"784","spruceT4P13SH",2020,54,0.32445,4.28909589041096,699.98,703.063333333333,4.01979452054795
"785","spruceT4P13SH",2020,55,0.32378,4.28909589041096,699.98,703.063333333333,4.01979452054795
"786","spruceT4P13SH",2020,56,0.3232,4.28909589041096,699.98,703.063333333333,4.01979452054795
"787","spruceT4P13SH",2020,57,0.32267,4.28909589041096,699.98,703.063333333333,4.01979452054795
"788","spruceT4P13SH",2020,58,0.3221,4.28909589041096,699.98,703.063333333333,4.01979452054795
"789","spruceT4P13SH",2020,59,0.32164,4.28909589041096,699.98,703.063333333333,4.01979452054795
"790","spruceT4P13SH",2020,60,0.3214,4.28909589041096,699.98,703.063333333333,4.01979452054795
"791","spruceT4P13SH",2020,61,0.32124,4.28909589041096,699.98,703.063333333333,4.01979452054795
"792","spruceT4P13SH",2020,62,0.32108,4.28909589041096,699.98,703.063333333333,4.01979452054795
"793","spruceT4P13SH",2020,63,0.321,4.28909589041096,699.98,703.063333333333,4.01979452054795
"794","spruceT4P13SH",2020,64,0.32102,4.28909589041096,699.98,703.063333333333,4.01979452054795
"795","spruceT4P13SH",2020,65,0.32099,4.28909589041096,699.98,703.063333333333,4.01979452054795
"796","spruceT4P13SH",2020,66,0.32089,4.28909589041096,699.98,703.063333333333,4.01979452054795
"797","spruceT4P13SH",2020,67,0.32083,4.28909589041096,699.98,703.063333333333,4.01979452054795
"798","spruceT4P13SH",2020,68,0.32078,4.28909589041096,699.98,703.063333333333,4.01979452054795
"799","spruceT4P13SH",2020,69,0.32073,4.28909589041096,699.98,703.063333333333,4.01979452054795
"800","spruceT4P13SH",2020,70,0.32064,4.28909589041096,699.98,703.063333333333,4.01979452054795
"801","spruceT4P13SH",2020,71,0.32055,4.28909589041096,699.98,703.063333333333,4.01979452054795
"802","spruceT4P13SH",2020,72,0.32047,4.28909589041096,699.98,703.063333333333,4.01979452054795
"803","spruceT4P13SH",2020,73,0.32036,4.28909589041096,699.98,703.063333333333,4.01979452054795
"804","spruceT4P13SH",2020,74,0.32012,4.28909589041096,699.98,703.063333333333,4.01979452054795
"805","spruceT4P13SH",2020,75,0.31981,4.28909589041096,699.98,703.063333333333,4.01979452054795
"806","spruceT4P13SH",2020,76,0.31957,4.28909589041096,699.98,703.063333333333,4.01979452054795
"807","spruceT4P13SH",2020,77,0.31936,4.28909589041096,699.98,703.063333333333,4.01979452054795
"808","spruceT4P13SH",2020,78,0.31912,4.28909589041096,699.98,703.063333333333,4.01979452054795
"809","spruceT4P13SH",2020,79,0.31896,4.28909589041096,699.98,703.063333333333,4.01979452054795
"810","spruceT4P13SH",2020,80,0.31885,4.28909589041096,699.98,703.063333333333,4.01979452054795
"811","spruceT4P13SH",2020,81,0.31876,4.28909589041096,699.98,703.063333333333,4.01979452054795
"812","spruceT4P13SH",2020,82,0.31872,4.28909589041096,699.98,703.063333333333,4.01979452054795
"813","spruceT4P13SH",2020,83,0.31878,4.28909589041096,699.98,703.063333333333,4.01979452054795
"814","spruceT4P13SH",2020,84,0.31888,4.28909589041096,699.98,703.063333333333,4.01979452054795
"815","spruceT4P13SH",2020,85,0.31899,4.28909589041096,699.98,703.063333333333,4.01979452054795
"816","spruceT4P13SH",2020,86,0.31918,4.28909589041096,699.98,703.063333333333,4.01979452054795
"817","spruceT4P13SH",2020,87,0.31945,4.28909589041096,699.98,703.063333333333,4.01979452054795
"818","spruceT4P13SH",2020,88,0.3197,4.28909589041096,699.98,703.063333333333,4.01979452054795
"819","spruceT4P13SH",2020,89,0.31996,4.28909589041096,699.98,703.063333333333,4.01979452054795
"820","spruceT4P13SH",2020,90,0.32028,4.28909589041096,699.98,703.063333333333,4.01979452054795
"821","spruceT4P13SH",2020,91,0.32063,4.28909589041096,699.98,703.063333333333,4.01979452054795
"822","spruceT4P13SH",2020,92,0.32095,4.28909589041096,699.98,703.063333333333,4.01979452054795
"823","spruceT4P13SH",2020,93,0.32122,4.28909589041096,699.98,703.063333333333,4.01979452054795
"824","spruceT4P13SH",2020,94,0.32143,4.28909589041096,699.98,703.063333333333,4.01979452054795
"825","spruceT4P13SH",2020,95,0.32163,4.28909589041096,699.98,703.063333333333,4.01979452054795
"826","spruceT4P13SH",2020,96,0.3218,4.28909589041096,699.98,703.063333333333,4.01979452054795
"827","spruceT4P13SH",2020,97,0.32191,4.28909589041096,699.98,703.063333333333,4.01979452054795
"828","spruceT4P13SH",2020,98,0.32198,4.28909589041096,699.98,703.063333333333,4.01979452054795
"829","spruceT4P13SH",2020,99,0.32207,4.28909589041096,699.98,703.063333333333,4.01979452054795
"830","spruceT4P13SH",2020,100,0.32216,4.28909589041096,699.98,703.063333333333,4.01979452054795
"831","spruceT4P13SH",2020,101,0.32223,4.28909589041096,699.98,703.063333333333,4.01979452054795
"832","spruceT4P13SH",2020,102,0.32231,4.28909589041096,699.98,703.063333333333,4.01979452054795
"833","spruceT4P13SH",2020,103,0.32234,4.28909589041096,699.98,703.063333333333,4.01979452054795
"834","spruceT4P13SH",2020,104,0.32231,4.28909589041096,699.98,703.063333333333,4.01979452054795
"835","spruceT4P13SH",2020,105,0.32237,4.28909589041096,699.98,703.063333333333,4.01979452054795
"836","spruceT4P13SH",2020,106,0.32248,4.28909589041096,699.98,703.063333333333,4.01979452054795
"837","spruceT4P13SH",2020,107,0.32259,4.28909589041096,699.98,703.063333333333,4.01979452054795
"838","spruceT4P13SH",2020,108,0.32277,4.28909589041096,699.98,703.063333333333,4.01979452054795
"839","spruceT4P13SH",2020,109,0.32311,4.28909589041096,699.98,703.063333333333,4.01979452054795
"840","spruceT4P13SH",2020,110,0.32353,4.28909589041096,699.98,703.063333333333,4.01979452054795
"841","spruceT4P13SH",2020,111,0.32395,4.28909589041096,699.98,703.063333333333,4.01979452054795
"842","spruceT4P13SH",2020,112,0.32438,4.28909589041096,699.98,703.063333333333,4.01979452054795
"843","spruceT4P13SH",2020,113,0.32488,4.28909589041096,699.98,703.063333333333,4.01979452054795
"844","spruceT4P13SH",2020,114,0.32542,4.28909589041096,699.98,703.063333333333,4.01979452054795
"845","spruceT4P13SH",2020,115,0.32594,4.28909589041096,699.98,703.063333333333,4.01979452054795
"846","spruceT4P13SH",2020,116,0.3264,4.28909589041096,699.98,703.063333333333,4.01979452054795
"847","spruceT4P13SH",2020,117,0.32687,4.28909589041096,699.98,703.063333333333,4.01979452054795
"848","spruceT4P13SH",2020,118,0.32737,4.28909589041096,699.98,703.063333333333,4.01979452054795
"849","spruceT4P13SH",2020,119,0.32781,4.28909589041096,699.98,703.063333333333,4.01979452054795
"850","spruceT4P13SH",2020,120,0.32817,4.28909589041096,699.98,703.063333333333,4.01979452054795
"851","spruceT4P13SH",2020,121,0.32851,4.28909589041096,699.98,703.063333333333,4.01979452054795
"852","spruceT4P13SH",2020,122,0.32881,4.28909589041096,699.98,703.063333333333,4.01979452054795
"853","spruceT4P13SH",2020,123,0.32899,4.28909589041096,699.98,703.063333333333,4.01979452054795
"854","spruceT4P13SH",2020,124,0.32907,4.28909589041096,699.98,703.063333333333,4.01979452054795
"855","spruceT4P13SH",2020,125,0.32923,4.28909589041096,699.98,703.063333333333,4.01979452054795
"856","spruceT4P13SH",2020,126,0.32935,4.28909589041096,699.98,703.063333333333,4.01979452054795
"857","spruceT4P13SH",2020,127,0.32938,4.28909589041096,699.98,703.063333333333,4.01979452054795
"858","spruceT4P13SH",2020,128,0.32957,4.28909589041096,699.98,703.063333333333,4.01979452054795
"859","spruceT4P13SH",2020,129,0.32977,4.28909589041096,699.98,703.063333333333,4.01979452054795
"860","spruceT4P13SH",2020,130,0.32989,4.28909589041096,699.98,703.063333333333,4.01979452054795
"861","spruceT4P13SH",2020,131,0.33028,4.28909589041096,699.98,703.063333333333,4.01979452054795
"862","spruceT4P13SH",2020,132,0.33081,4.28909589041096,699.98,703.063333333333,4.01979452054795
"863","spruceT4P13SH",2020,133,0.33135,4.28909589041096,699.98,703.063333333333,4.01979452054795
"864","spruceT4P13SH",2020,134,0.3322,4.28909589041096,699.98,703.063333333333,4.01979452054795
"865","spruceT4P13SH",2020,135,0.33347,4.28909589041096,699.98,703.063333333333,4.01979452054795
"866","spruceT4P13SH",2020,136,0.33499,4.28909589041096,699.98,703.063333333333,4.01979452054795
"867","spruceT4P13SH",2020,137,0.33671,4.28909589041096,699.98,703.063333333333,4.01979452054795
"868","spruceT4P13SH",2020,138,0.33859,4.28909589041096,699.98,703.063333333333,4.01979452054795
"869","spruceT4P13SH",2020,139,0.34058,4.28909589041096,699.98,703.063333333333,4.01979452054795
"870","spruceT4P13SH",2020,140,0.3431,4.28909589041096,699.98,703.063333333333,4.01979452054795
"871","spruceT4P13SH",2020,141,0.34606,4.28909589041096,699.98,703.063333333333,4.01979452054795
"872","spruceT4P13SH",2020,142,0.34869,4.28909589041096,699.98,703.063333333333,4.01979452054795
"873","spruceT4P13SH",2020,143,0.35126,4.28909589041096,699.98,703.063333333333,4.01979452054795
"874","spruceT4P13SH",2020,144,0.35411,4.28909589041096,699.98,703.063333333333,4.01979452054795
"875","spruceT4P13SH",2020,145,0.35655,4.28909589041096,699.98,703.063333333333,4.01979452054795
"876","spruceT4P13SH",2020,146,0.35861,4.28909589041096,699.98,703.063333333333,4.01979452054795
"877","spruceT4P13SH",2020,147,0.36064,4.28909589041096,699.98,703.063333333333,4.01979452054795
"878","spruceT4P13SH",2020,148,0.36243,4.28909589041096,699.98,703.063333333333,4.01979452054795
"879","spruceT4P13SH",2020,149,0.36374,4.28909589041096,699.98,703.063333333333,4.01979452054795
"880","spruceT4P13SH",2020,150,0.36475,4.28909589041096,699.98,703.063333333333,4.01979452054795
"881","spruceT4P13SH",2020,151,0.3658,4.28909589041096,699.98,703.063333333333,4.01979452054795
"882","spruceT4P13SH",2020,152,0.3668,4.28909589041096,699.98,703.063333333333,4.01979452054795
"883","spruceT4P13SH",2020,153,0.36757,4.28909589041096,699.98,703.063333333333,4.01979452054795
"884","spruceT4P13SH",2020,154,0.36836,4.28909589041096,699.98,703.063333333333,4.01979452054795
"885","spruceT4P13SH",2020,155,0.36921,4.28909589041096,699.98,703.063333333333,4.01979452054795
"886","spruceT4P13SH",2020,156,0.37,4.28909589041096,699.98,703.063333333333,4.01979452054795
"887","spruceT4P13SH",2020,157,0.37072,4.28909589041096,699.98,703.063333333333,4.01979452054795
"888","spruceT4P13SH",2020,158,0.37138,4.28909589041096,699.98,703.063333333333,4.01979452054795
"889","spruceT4P13SH",2020,159,0.372,4.28909589041096,699.98,703.063333333333,4.01979452054795
"890","spruceT4P13SH",2020,160,0.37258,4.28909589041096,699.98,703.063333333333,4.01979452054795
"891","spruceT4P13SH",2020,161,0.3731,4.28909589041096,699.98,703.063333333333,4.01979452054795
"892","spruceT4P13SH",2020,162,0.37357,4.28909589041096,699.98,703.063333333333,4.01979452054795
"893","spruceT4P13SH",2020,163,0.3739,4.28909589041096,699.98,703.063333333333,4.01979452054795
"894","spruceT4P13SH",2020,164,0.37411,4.28909589041096,699.98,703.063333333333,4.01979452054795
"895","spruceT4P13SH",2020,165,0.37433,4.28909589041096,699.98,703.063333333333,4.01979452054795
"896","spruceT4P13SH",2020,166,0.37446,4.28909589041096,699.98,703.063333333333,4.01979452054795
"897","spruceT4P13SH",2020,167,0.37446,4.28909589041096,699.98,703.063333333333,4.01979452054795
"898","spruceT4P13SH",2020,168,0.37453,4.28909589041096,699.98,703.063333333333,4.01979452054795
"899","spruceT4P13SH",2020,169,0.3747,4.28909589041096,699.98,703.063333333333,4.01979452054795
"900","spruceT4P13SH",2020,170,0.37486,4.28909589041096,699.98,703.063333333333,4.01979452054795
"901","spruceT4P13SH",2020,171,0.37504,4.28909589041096,699.98,703.063333333333,4.01979452054795
"902","spruceT4P13SH",2020,172,0.37527,4.28909589041096,699.98,703.063333333333,4.01979452054795
"903","spruceT4P13SH",2020,173,0.37554,4.28909589041096,699.98,703.063333333333,4.01979452054795
"904","spruceT4P13SH",2020,174,0.37577,4.28909589041096,699.98,703.063333333333,4.01979452054795
"905","spruceT4P13SH",2020,175,0.37587,4.28909589041096,699.98,703.063333333333,4.01979452054795
"906","spruceT4P13SH",2020,176,0.37589,4.28909589041096,699.98,703.063333333333,4.01979452054795
"907","spruceT4P13SH",2020,177,0.37599,4.28909589041096,699.98,703.063333333333,4.01979452054795
"908","spruceT4P13SH",2020,178,0.37613,4.28909589041096,699.98,703.063333333333,4.01979452054795
"909","spruceT4P13SH",2020,179,0.37624,4.28909589041096,699.98,703.063333333333,4.01979452054795
"910","spruceT4P13SH",2020,180,0.37647,4.28909589041096,699.98,703.063333333333,4.01979452054795
"911","spruceT4P13SH",2020,181,0.37687,4.28909589041096,699.98,703.063333333333,4.01979452054795
"912","spruceT4P13SH",2020,182,0.37738,4.28909589041096,699.98,703.063333333333,4.01979452054795
"913","spruceT4P13SH",2020,183,0.37795,4.28909589041096,699.98,703.063333333333,4.01979452054795
"914","spruceT4P13SH",2020,184,0.37852,4.28909589041096,699.98,703.063333333333,4.01979452054795
"915","spruceT4P13SH",2020,185,0.37905,4.28909589041096,699.98,703.063333333333,4.01979452054795
"916","spruceT4P13SH",2020,186,0.3796,4.28909589041096,699.98,703.063333333333,4.01979452054795
"917","spruceT4P13SH",2020,187,0.38021,4.28909589041096,699.98,703.063333333333,4.01979452054795
"918","spruceT4P13SH",2020,188,0.38077,4.28909589041096,699.98,703.063333333333,4.01979452054795
"919","spruceT4P13SH",2020,189,0.38133,4.28909589041096,699.98,703.063333333333,4.01979452054795
"920","spruceT4P13SH",2020,190,0.38194,4.28909589041096,699.98,703.063333333333,4.01979452054795
"921","spruceT4P13SH",2020,191,0.38247,4.28909589041096,699.98,703.063333333333,4.01979452054795
"922","spruceT4P13SH",2020,192,0.38297,4.28909589041096,699.98,703.063333333333,4.01979452054795
"923","spruceT4P13SH",2020,193,0.38349,4.28909589041096,699.98,703.063333333333,4.01979452054795
"924","spruceT4P13SH",2020,194,0.3839,4.28909589041096,699.98,703.063333333333,4.01979452054795
"925","spruceT4P13SH",2020,195,0.3841,4.28909589041096,699.98,703.063333333333,4.01979452054795
"926","spruceT4P13SH",2020,196,0.38416,4.28909589041096,699.98,703.063333333333,4.01979452054795
"927","spruceT4P13SH",2020,197,0.38426,4.28909589041096,699.98,703.063333333333,4.01979452054795
"928","spruceT4P13SH",2020,198,0.38434,4.28909589041096,699.98,703.063333333333,4.01979452054795
"929","spruceT4P13SH",2020,199,0.38436,4.28909589041096,699.98,703.063333333333,4.01979452054795
"930","spruceT4P13SH",2020,200,0.38442,4.28909589041096,699.98,703.063333333333,4.01979452054795
"931","spruceT4P13SH",2020,201,0.38456,4.28909589041096,699.98,703.063333333333,4.01979452054795
"932","spruceT4P13SH",2020,202,0.38471,4.28909589041096,699.98,703.063333333333,4.01979452054795
"933","spruceT4P13SH",2020,203,0.38482,4.28909589041096,699.98,703.063333333333,4.01979452054795
"934","spruceT4P13SH",2020,204,0.38489,4.28909589041096,699.98,703.063333333333,4.01979452054795
"935","spruceT4P13SH",2020,205,0.38494,4.28909589041096,699.98,703.063333333333,4.01979452054795
"936","spruceT4P13SH",2020,206,0.38498,4.28909589041096,699.98,703.063333333333,4.01979452054795
"937","spruceT4P13SH",2020,207,0.385,4.28909589041096,699.98,703.063333333333,4.01979452054795
"938","spruceT4P13SH",2020,208,0.38499,4.28909589041096,699.98,703.063333333333,4.01979452054795
"939","spruceT4P13SH",2020,209,0.38497,4.28909589041096,699.98,703.063333333333,4.01979452054795
"940","spruceT4P13SH",2020,210,0.38493,4.28909589041096,699.98,703.063333333333,4.01979452054795
"941","spruceT4P13SH",2020,211,0.38489,4.28909589041096,699.98,703.063333333333,4.01979452054795
"942","spruceT4P13SH",2020,212,0.38481,4.28909589041096,699.98,703.063333333333,4.01979452054795
"943","spruceT4P13SH",2020,213,0.38468,4.28909589041096,699.98,703.063333333333,4.01979452054795
"944","spruceT4P13SH",2020,214,0.38456,4.28909589041096,699.98,703.063333333333,4.01979452054795
"945","spruceT4P13SH",2020,215,0.38432,4.28909589041096,699.98,703.063333333333,4.01979452054795
"946","spruceT4P13SH",2020,216,0.38397,4.28909589041096,699.98,703.063333333333,4.01979452054795
"947","spruceT4P13SH",2020,217,0.38377,4.28909589041096,699.98,703.063333333333,4.01979452054795
"948","spruceT4P13SH",2020,218,0.38386,4.28909589041096,699.98,703.063333333333,4.01979452054795
"949","spruceT4P13SH",2020,219,0.38406,4.28909589041096,699.98,703.063333333333,4.01979452054795
"950","spruceT4P13SH",2020,220,0.38421,4.28909589041096,699.98,703.063333333333,4.01979452054795
"951","spruceT4P13SH",2020,221,0.38444,4.28909589041096,699.98,703.063333333333,4.01979452054795
"952","spruceT4P13SH",2020,222,0.38478,4.28909589041096,699.98,703.063333333333,4.01979452054795
"953","spruceT4P13SH",2020,223,0.38498,4.28909589041096,699.98,703.063333333333,4.01979452054795
"954","spruceT4P13SH",2020,224,0.38502,4.28909589041096,699.98,703.063333333333,4.01979452054795
"955","spruceT4P13SH",2020,225,0.38504,4.28909589041096,699.98,703.063333333333,4.01979452054795
"956","spruceT4P13SH",2020,226,0.38504,4.28909589041096,699.98,703.063333333333,4.01979452054795
"957","spruceT4P13SH",2020,227,0.38499,4.28909589041096,699.98,703.063333333333,4.01979452054795
"958","spruceT4P13SH",2020,228,0.38491,4.28909589041096,699.98,703.063333333333,4.01979452054795
"959","spruceT4P13SH",2020,229,0.38479,4.28909589041096,699.98,703.063333333333,4.01979452054795
"960","spruceT4P13SH",2020,230,0.38466,4.28909589041096,699.98,703.063333333333,4.01979452054795
"961","spruceT4P13SH",2020,231,0.3845,4.28909589041096,699.98,703.063333333333,4.01979452054795
"962","spruceT4P13SH",2020,232,0.38427,4.28909589041096,699.98,703.063333333333,4.01979452054795
"963","spruceT4P13SH",2020,233,0.38398,4.28909589041096,699.98,703.063333333333,4.01979452054795
"964","spruceT4P13SH",2020,234,0.38369,4.28909589041096,699.98,703.063333333333,4.01979452054795
"965","spruceT4P13SH",2020,235,0.38343,4.28909589041096,699.98,703.063333333333,4.01979452054795
"966","spruceT4P13SH",2020,236,0.38315,4.28909589041096,699.98,703.063333333333,4.01979452054795
"967","spruceT4P13SH",2020,237,0.38287,4.28909589041096,699.98,703.063333333333,4.01979452054795
"968","spruceT4P13SH",2020,238,0.38269,4.28909589041096,699.98,703.063333333333,4.01979452054795
"969","spruceT4P13SH",2020,239,0.38259,4.28909589041096,699.98,703.063333333333,4.01979452054795
"970","spruceT4P13SH",2020,240,0.38239,4.28909589041096,699.98,703.063333333333,4.01979452054795
"971","spruceT4P13SH",2020,241,0.38205,4.28909589041096,699.98,703.063333333333,4.01979452054795
"972","spruceT4P13SH",2020,242,0.38167,4.28909589041096,699.98,703.063333333333,4.01979452054795
"973","spruceT4P13SH",2020,243,0.38123,4.28909589041096,699.98,703.063333333333,4.01979452054795
"974","spruceT4P13SH",2020,244,0.38074,4.28909589041096,699.98,703.063333333333,4.01979452054795
"975","spruceT4P13SH",2020,245,0.38021,4.28909589041096,699.98,703.063333333333,4.01979452054795
"976","spruceT4P13SH",2020,246,0.37963,4.28909589041096,699.98,703.063333333333,4.01979452054795
"977","spruceT4P13SH",2020,247,0.37897,4.28909589041096,699.98,703.063333333333,4.01979452054795
"978","spruceT4P13SH",2020,248,0.37825,4.28909589041096,699.98,703.063333333333,4.01979452054795
"979","spruceT4P13SH",2020,249,0.37753,4.28909589041096,699.98,703.063333333333,4.01979452054795
"980","spruceT4P13SH",2020,250,0.37674,4.28909589041096,699.98,703.063333333333,4.01979452054795
"981","spruceT4P13SH",2020,251,0.37585,4.28909589041096,699.98,703.063333333333,4.01979452054795
"982","spruceT4P13SH",2020,252,0.37492,4.28909589041096,699.98,703.063333333333,4.01979452054795
"983","spruceT4P13SH",2020,253,0.37401,4.28909589041096,699.98,703.063333333333,4.01979452054795
"984","spruceT4P13SH",2020,254,0.37318,4.28909589041096,699.98,703.063333333333,4.01979452054795
"985","spruceT4P13SH",2020,255,0.37231,4.28909589041096,699.98,703.063333333333,4.01979452054795
"986","spruceT4P13SH",2020,256,0.37137,4.28909589041096,699.98,703.063333333333,4.01979452054795
"987","spruceT4P13SH",2020,257,0.37059,4.28909589041096,699.98,703.063333333333,4.01979452054795
"988","spruceT4P13SH",2020,258,0.36989,4.28909589041096,699.98,703.063333333333,4.01979452054795
"989","spruceT4P13SH",2020,259,0.36918,4.28909589041096,699.98,703.063333333333,4.01979452054795
"990","spruceT4P13SH",2020,260,0.36867,4.28909589041096,699.98,703.063333333333,4.01979452054795
"991","spruceT4P13SH",2020,261,0.36844,4.28909589041096,699.98,703.063333333333,4.01979452054795
"992","spruceT4P13SH",2020,262,0.36836,4.28909589041096,699.98,703.063333333333,4.01979452054795
"993","spruceT4P13SH",2020,263,0.3683,4.28909589041096,699.98,703.063333333333,4.01979452054795
"994","spruceT4P13SH",2020,264,0.36845,4.28909589041096,699.98,703.063333333333,4.01979452054795
"995","spruceT4P13SH",2020,265,0.36882,4.28909589041096,699.98,703.063333333333,4.01979452054795
"996","spruceT4P13SH",2020,266,0.36902,4.28909589041096,699.98,703.063333333333,4.01979452054795
"997","spruceT4P13SH",2020,267,0.36927,4.28909589041096,699.98,703.063333333333,4.01979452054795
"998","spruceT4P13SH",2020,268,0.36971,4.28909589041096,699.98,703.063333333333,4.01979452054795
"999","spruceT4P13SH",2020,269,0.36989,4.28909589041096,699.98,703.063333333333,4.01979452054795
"1000","spruceT4P13SH",2020,270,0.36986,4.28909589041096,699.98,703.063333333333,4.01979452054795
"1001","spruceT4P13SH",2020,271,0.36983,4.28909589041096,699.98,703.063333333333,4.01979452054795
"1002","spruceT4P13SH",2020,272,0.36962,4.28909589041096,699.98,703.063333333333,4.01979452054795
"1003","spruceT4P13SH",2020,273,0.36914,4.28909589041096,699.98,703.063333333333,4.01979452054795
"1004","spruceT4P13SH",2020,274,0.36844,4.28909589041096,699.98,703.063333333333,4.01979452054795
"1005","spruceT4P13SH",2020,275,0.3676,4.28909589041096,699.98,703.063333333333,4.01979452054795
"1006","spruceT4P13SH",2020,276,0.36671,4.28909589041096,699.98,703.063333333333,4.01979452054795
"1007","spruceT4P13SH",2020,277,0.36586,4.28909589041096,699.98,703.063333333333,4.01979452054795
"1008","spruceT4P13SH",2020,278,0.36491,4.28909589041096,699.98,703.063333333333,4.01979452054795
"1009","spruceT4P13SH",2020,279,0.36384,4.28909589041096,699.98,703.063333333333,4.01979452054795
"1010","spruceT4P13SH",2020,280,0.36283,4.28909589041096,699.98,703.063333333333,4.01979452054795
"1011","spruceT4P13SH",2020,281,0.36198,4.28909589041096,699.98,703.063333333333,4.01979452054795
"1012","spruceT4P13SH",2020,282,0.36116,4.28909589041096,699.98,703.063333333333,4.01979452054795
"1013","spruceT4P13SH",2020,283,0.36029,4.28909589041096,699.98,703.063333333333,4.01979452054795
"1014","spruceT4P13SH",2020,284,0.35941,4.28909589041096,699.98,703.063333333333,4.01979452054795
"1015","spruceT4P13SH",2020,285,0.35856,4.28909589041096,699.98,703.063333333333,4.01979452054795
"1016","spruceT4P13SH",2020,286,0.35761,4.28909589041096,699.98,703.063333333333,4.01979452054795
"1017","spruceT4P13SH",2020,287,0.35662,4.28909589041096,699.98,703.063333333333,4.01979452054795
"1018","spruceT4P13SH",2020,288,0.35564,4.28909589041096,699.98,703.063333333333,4.01979452054795
"1019","spruceT4P13SH",2020,289,0.35452,4.28909589041096,699.98,703.063333333333,4.01979452054795
"1020","spruceT4P13SH",2020,290,0.35328,4.28909589041096,699.98,703.063333333333,4.01979452054795
"1021","spruceT4P13SH",2020,291,0.35199,4.28909589041096,699.98,703.063333333333,4.01979452054795
"1022","spruceT4P13SH",2020,292,0.3506,4.28909589041096,699.98,703.063333333333,4.01979452054795
"1023","spruceT4P13SH",2020,293,0.34903,4.28909589041096,699.98,703.063333333333,4.01979452054795
"1024","spruceT4P13SH",2020,294,0.34733,4.28909589041096,699.98,703.063333333333,4.01979452054795
"1025","spruceT4P13SH",2020,295,0.34563,4.28909589041096,699.98,703.063333333333,4.01979452054795
"1026","spruceT4P13SH",2020,296,0.34386,4.28909589041096,699.98,703.063333333333,4.01979452054795
"1027","spruceT4P13SH",2020,297,0.3419,4.28909589041096,699.98,703.063333333333,4.01979452054795
"1028","spruceT4P13SH",2020,298,0.33988,4.28909589041096,699.98,703.063333333333,4.01979452054795
"1029","spruceT4P13SH",2020,299,0.33791,4.28909589041096,699.98,703.063333333333,4.01979452054795
"1030","spruceT4P13SH",2020,300,0.33609,4.28909589041096,699.98,703.063333333333,4.01979452054795
"1031","spruceT4P13SH",2020,301,0.33424,4.28909589041096,699.98,703.063333333333,4.01979452054795
"1032","spruceT4P13SH",2020,302,0.3323,4.28909589041096,699.98,703.063333333333,4.01979452054795
"1033","spruceT4P13SH",2020,303,0.33058,4.28909589041096,699.98,703.063333333333,4.01979452054795
"1034","spruceT4P13SH",2020,304,0.32907,4.28909589041096,699.98,703.063333333333,4.01979452054795
"1035","spruceT4P13SH",2020,305,0.32762,4.28909589041096,699.98,703.063333333333,4.01979452054795
"1036","spruceT4P13SH",2020,306,0.32633,4.28909589041096,699.98,703.063333333333,4.01979452054795
"1037","spruceT4P13SH",2020,307,0.32519,4.28909589041096,699.98,703.063333333333,4.01979452054795
"1038","spruceT4P13SH",2020,308,0.32414,4.28909589041096,699.98,703.063333333333,4.01979452054795
"1039","spruceT4P13SH",2020,309,0.32325,4.28909589041096,699.98,703.063333333333,4.01979452054795
"1040","spruceT4P13SH",2020,310,0.32254,4.28909589041096,699.98,703.063333333333,4.01979452054795
"1041","spruceT4P13SH",2020,311,0.322,4.28909589041096,699.98,703.063333333333,4.01979452054795
"1042","spruceT4P13SH",2020,312,0.32154,4.28909589041096,699.98,703.063333333333,4.01979452054795
"1043","spruceT4P13SH",2020,313,0.3213,4.28909589041096,699.98,703.063333333333,4.01979452054795
"1044","spruceT4P13SH",2020,314,0.32127,4.28909589041096,699.98,703.063333333333,4.01979452054795
"1045","spruceT4P13SH",2020,315,0.3212,4.28909589041096,699.98,703.063333333333,4.01979452054795
"1046","spruceT4P13SH",2020,316,0.32118,4.28909589041096,699.98,703.063333333333,4.01979452054795
"1047","spruceT4P13SH",2020,317,0.3213,4.28909589041096,699.98,703.063333333333,4.01979452054795
"1048","spruceT4P13SH",2020,318,0.32136,4.28909589041096,699.98,703.063333333333,4.01979452054795
"1049","spruceT4P13SH",2020,319,0.32137,4.28909589041096,699.98,703.063333333333,4.01979452054795
"1050","spruceT4P13SH",2020,320,0.32145,4.28909589041096,699.98,703.063333333333,4.01979452054795
"1051","spruceT4P13SH",2020,321,0.32156,4.28909589041096,699.98,703.063333333333,4.01979452054795
"1052","spruceT4P13SH",2020,322,0.32165,4.28909589041096,699.98,703.063333333333,4.01979452054795
"1053","spruceT4P13SH",2020,323,0.32166,4.28909589041096,699.98,703.063333333333,4.01979452054795
"1054","spruceT4P13SH",2020,324,0.32159,4.28909589041096,699.98,703.063333333333,4.01979452054795
"1055","spruceT4P13SH",2020,325,0.32147,4.28909589041096,699.98,703.063333333333,4.01979452054795
"1056","spruceT4P13SH",2020,326,0.32136,4.28909589041096,699.98,703.063333333333,4.01979452054795
"1057","spruceT4P13SH",2020,327,0.32124,4.28909589041096,699.98,703.063333333333,4.01979452054795
"1058","spruceT4P13SH",2020,328,0.32107,4.28909589041096,699.98,703.063333333333,4.01979452054795
"1059","spruceT4P13SH",2020,329,0.32093,4.28909589041096,699.98,703.063333333333,4.01979452054795
"1060","spruceT4P13SH",2020,330,0.32085,4.28909589041096,699.98,703.063333333333,4.01979452054795
"1061","spruceT4P13SH",2020,331,0.32077,4.28909589041096,699.98,703.063333333333,4.01979452054795
"1062","spruceT4P13SH",2020,332,0.32068,4.28909589041096,699.98,703.063333333333,4.01979452054795
"1063","spruceT4P13SH",2020,333,0.32059,4.28909589041096,699.98,703.063333333333,4.01979452054795
"1064","spruceT4P13SH",2020,334,0.32051,4.28909589041096,699.98,703.063333333333,4.01979452054795
"1065","spruceT4P13SH",2020,335,0.32042,4.28909589041096,699.98,703.063333333333,4.01979452054795
"1066","spruceT4P13SH",2020,336,0.32029,4.28909589041096,699.98,703.063333333333,4.01979452054795
"1067","spruceT4P13SH",2020,337,0.32014,4.28909589041096,699.98,703.063333333333,4.01979452054795
"1068","spruceT4P13SH",2020,338,0.32002,4.28909589041096,699.98,703.063333333333,4.01979452054795
"1069","spruceT4P13SH",2020,339,0.31989,4.28909589041096,699.98,703.063333333333,4.01979452054795
"1070","spruceT4P13SH",2020,340,0.31974,4.28909589041096,699.98,703.063333333333,4.01979452054795
"1071","spruceT4P13SH",2020,341,0.31964,4.28909589041096,699.98,703.063333333333,4.01979452054795
"1072","spruceT4P13SH",2020,342,0.3196,4.28909589041096,699.98,703.063333333333,4.01979452054795
"1073","spruceT4P13SH",2020,343,0.31958,4.28909589041096,699.98,703.063333333333,4.01979452054795
"1074","spruceT4P13SH",2020,344,0.31958,4.28909589041096,699.98,703.063333333333,4.01979452054795
"1075","spruceT4P13SH",2020,345,0.3196,4.28909589041096,699.98,703.063333333333,4.01979452054795
"1076","spruceT4P13SH",2020,346,0.31964,4.28909589041096,699.98,703.063333333333,4.01979452054795
"1077","spruceT4P13SH",2020,347,0.31971,4.28909589041096,699.98,703.063333333333,4.01979452054795
"1078","spruceT4P13SH",2020,348,0.31981,4.28909589041096,699.98,703.063333333333,4.01979452054795
"1079","spruceT4P13SH",2020,349,0.31993,4.28909589041096,699.98,703.063333333333,4.01979452054795
"1080","spruceT4P13SH",2020,350,0.32009,4.28909589041096,699.98,703.063333333333,4.01979452054795
"1081","spruceT4P13SH",2020,351,0.3203,4.28909589041096,699.98,703.063333333333,4.01979452054795
"1082","spruceT4P13SH",2020,352,0.32049,4.28909589041096,699.98,703.063333333333,4.01979452054795
"1083","spruceT4P13SH",2020,353,0.32064,4.28909589041096,699.98,703.063333333333,4.01979452054795
"1084","spruceT4P13SH",2020,354,0.32079,4.28909589041096,699.98,703.063333333333,4.01979452054795
"1085","spruceT4P13SH",2020,355,0.32096,4.28909589041096,699.98,703.063333333333,4.01979452054795
"1086","spruceT4P13SH",2020,356,0.32116,4.28909589041096,699.98,703.063333333333,4.01979452054795
"1087","spruceT4P13SH",2020,357,0.32138,4.28909589041096,699.98,703.063333333333,4.01979452054795
"1088","spruceT4P13SH",2020,358,0.32161,4.28909589041096,699.98,703.063333333333,4.01979452054795
"1089","spruceT4P13SH",2020,359,0.32198,4.28909589041096,699.98,703.063333333333,4.01979452054795
"1090","spruceT4P13SH",2020,360,0.32246,4.28909589041096,699.98,703.063333333333,4.01979452054795
"1091","spruceT4P13SH",2020,361,0.3228,4.28909589041096,699.98,703.063333333333,4.01979452054795
"1092","spruceT4P13SH",2020,362,0.32309,4.28909589041096,699.98,703.063333333333,4.01979452054795
"1093","spruceT4P13SH",2020,363,0.32343,4.28909589041096,699.98,703.063333333333,4.01979452054795
"1094","spruceT4P13SH",2020,364,0.32361,4.28909589041096,699.98,703.063333333333,4.01979452054795
"1095","spruceT4P13SH",2020,365,0.3236,4.28909589041096,699.98,703.063333333333,4.01979452054795
"1096","spruceT4P13SH",2021,1,0.32336,5.50367123287671,616.91,703.063333333333,4.01979452054795
"1097","spruceT4P13SH",2021,2,0.32314,5.50367123287671,616.91,703.063333333333,4.01979452054795
"1098","spruceT4P13SH",2021,3,0.32287,5.50367123287671,616.91,703.063333333333,4.01979452054795
"1099","spruceT4P13SH",2021,4,0.32246,5.50367123287671,616.91,703.063333333333,4.01979452054795
"1100","spruceT4P13SH",2021,5,0.32192,5.50367123287671,616.91,703.063333333333,4.01979452054795
"1101","spruceT4P13SH",2021,6,0.32139,5.50367123287671,616.91,703.063333333333,4.01979452054795
"1102","spruceT4P13SH",2021,7,0.32078,5.50367123287671,616.91,703.063333333333,4.01979452054795
"1103","spruceT4P13SH",2021,8,0.32003,5.50367123287671,616.91,703.063333333333,4.01979452054795
"1104","spruceT4P13SH",2021,9,0.31938,5.50367123287671,616.91,703.063333333333,4.01979452054795
"1105","spruceT4P13SH",2021,10,0.31881,5.50367123287671,616.91,703.063333333333,4.01979452054795
"1106","spruceT4P13SH",2021,11,0.31821,5.50367123287671,616.91,703.063333333333,4.01979452054795
"1107","spruceT4P13SH",2021,12,0.31771,5.50367123287671,616.91,703.063333333333,4.01979452054795
"1108","spruceT4P13SH",2021,13,0.31727,5.50367123287671,616.91,703.063333333333,4.01979452054795
"1109","spruceT4P13SH",2021,14,0.31685,5.50367123287671,616.91,703.063333333333,4.01979452054795
"1110","spruceT4P13SH",2021,15,0.31653,5.50367123287671,616.91,703.063333333333,4.01979452054795
"1111","spruceT4P13SH",2021,16,0.31632,5.50367123287671,616.91,703.063333333333,4.01979452054795
"1112","spruceT4P13SH",2021,17,0.31616,5.50367123287671,616.91,703.063333333333,4.01979452054795
"1113","spruceT4P13SH",2021,18,0.31607,5.50367123287671,616.91,703.063333333333,4.01979452054795
"1114","spruceT4P13SH",2021,19,0.3161,5.50367123287671,616.91,703.063333333333,4.01979452054795
"1115","spruceT4P13SH",2021,20,0.31624,5.50367123287671,616.91,703.063333333333,4.01979452054795
"1116","spruceT4P13SH",2021,21,0.31638,5.50367123287671,616.91,703.063333333333,4.01979452054795
"1117","spruceT4P13SH",2021,22,0.31659,5.50367123287671,616.91,703.063333333333,4.01979452054795
"1118","spruceT4P13SH",2021,23,0.31696,5.50367123287671,616.91,703.063333333333,4.01979452054795
"1119","spruceT4P13SH",2021,24,0.31738,5.50367123287671,616.91,703.063333333333,4.01979452054795
"1120","spruceT4P13SH",2021,25,0.31775,5.50367123287671,616.91,703.063333333333,4.01979452054795
"1121","spruceT4P13SH",2021,26,0.31798,5.50367123287671,616.91,703.063333333333,4.01979452054795
"1122","spruceT4P13SH",2021,27,0.31808,5.50367123287671,616.91,703.063333333333,4.01979452054795
"1123","spruceT4P13SH",2021,28,0.31816,5.50367123287671,616.91,703.063333333333,4.01979452054795
"1124","spruceT4P13SH",2021,29,0.31819,5.50367123287671,616.91,703.063333333333,4.01979452054795
"1125","spruceT4P13SH",2021,30,0.31809,5.50367123287671,616.91,703.063333333333,4.01979452054795
"1126","spruceT4P13SH",2021,31,0.3179,5.50367123287671,616.91,703.063333333333,4.01979452054795
"1127","spruceT4P13SH",2021,32,0.31774,5.50367123287671,616.91,703.063333333333,4.01979452054795
"1128","spruceT4P13SH",2021,33,0.31755,5.50367123287671,616.91,703.063333333333,4.01979452054795
"1129","spruceT4P13SH",2021,34,0.31728,5.50367123287671,616.91,703.063333333333,4.01979452054795
"1130","spruceT4P13SH",2021,35,0.31706,5.50367123287671,616.91,703.063333333333,4.01979452054795
"1131","spruceT4P13SH",2021,36,0.31685,5.50367123287671,616.91,703.063333333333,4.01979452054795
"1132","spruceT4P13SH",2021,37,0.3166,5.50367123287671,616.91,703.063333333333,4.01979452054795
"1133","spruceT4P13SH",2021,38,0.31641,5.50367123287671,616.91,703.063333333333,4.01979452054795
"1134","spruceT4P13SH",2021,39,0.31628,5.50367123287671,616.91,703.063333333333,4.01979452054795
"1135","spruceT4P13SH",2021,40,0.31616,5.50367123287671,616.91,703.063333333333,4.01979452054795
"1136","spruceT4P13SH",2021,41,0.31609,5.50367123287671,616.91,703.063333333333,4.01979452054795
"1137","spruceT4P13SH",2021,42,0.31613,5.50367123287671,616.91,703.063333333333,4.01979452054795
"1138","spruceT4P13SH",2021,43,0.31624,5.50367123287671,616.91,703.063333333333,4.01979452054795
"1139","spruceT4P13SH",2021,44,0.31633,5.50367123287671,616.91,703.063333333333,4.01979452054795
"1140","spruceT4P13SH",2021,45,0.31641,5.50367123287671,616.91,703.063333333333,4.01979452054795
"1141","spruceT4P13SH",2021,46,0.31651,5.50367123287671,616.91,703.063333333333,4.01979452054795
"1142","spruceT4P13SH",2021,47,0.31663,5.50367123287671,616.91,703.063333333333,4.01979452054795
"1143","spruceT4P13SH",2021,48,0.31675,5.50367123287671,616.91,703.063333333333,4.01979452054795
"1144","spruceT4P13SH",2021,49,0.31687,5.50367123287671,616.91,703.063333333333,4.01979452054795
"1145","spruceT4P13SH",2021,50,0.31698,5.50367123287671,616.91,703.063333333333,4.01979452054795
"1146","spruceT4P13SH",2021,51,0.3171,5.50367123287671,616.91,703.063333333333,4.01979452054795
"1147","spruceT4P13SH",2021,52,0.31723,5.50367123287671,616.91,703.063333333333,4.01979452054795
"1148","spruceT4P13SH",2021,53,0.31736,5.50367123287671,616.91,703.063333333333,4.01979452054795
"1149","spruceT4P13SH",2021,54,0.31748,5.50367123287671,616.91,703.063333333333,4.01979452054795
"1150","spruceT4P13SH",2021,55,0.31763,5.50367123287671,616.91,703.063333333333,4.01979452054795
"1151","spruceT4P13SH",2021,56,0.31778,5.50367123287671,616.91,703.063333333333,4.01979452054795
"1152","spruceT4P13SH",2021,57,0.31794,5.50367123287671,616.91,703.063333333333,4.01979452054795
"1153","spruceT4P13SH",2021,58,0.3181,5.50367123287671,616.91,703.063333333333,4.01979452054795
"1154","spruceT4P13SH",2021,59,0.31828,5.50367123287671,616.91,703.063333333333,4.01979452054795
"1155","spruceT4P13SH",2021,60,0.31845,5.50367123287671,616.91,703.063333333333,4.01979452054795
"1156","spruceT4P13SH",2021,61,0.31867,5.50367123287671,616.91,703.063333333333,4.01979452054795
"1157","spruceT4P13SH",2021,62,0.31906,5.50367123287671,616.91,703.063333333333,4.01979452054795
"1158","spruceT4P13SH",2021,63,0.31955,5.50367123287671,616.91,703.063333333333,4.01979452054795
"1159","spruceT4P13SH",2021,64,0.31992,5.50367123287671,616.91,703.063333333333,4.01979452054795
"1160","spruceT4P13SH",2021,65,0.3202,5.50367123287671,616.91,703.063333333333,4.01979452054795
"1161","spruceT4P13SH",2021,66,0.3205,5.50367123287671,616.91,703.063333333333,4.01979452054795
"1162","spruceT4P13SH",2021,67,0.3207,5.50367123287671,616.91,703.063333333333,4.01979452054795
"1163","spruceT4P13SH",2021,68,0.32075,5.50367123287671,616.91,703.063333333333,4.01979452054795
"1164","spruceT4P13SH",2021,69,0.3207,5.50367123287671,616.91,703.063333333333,4.01979452054795
"1165","spruceT4P13SH",2021,70,0.32061,5.50367123287671,616.91,703.063333333333,4.01979452054795
"1166","spruceT4P13SH",2021,71,0.32053,5.50367123287671,616.91,703.063333333333,4.01979452054795
"1167","spruceT4P13SH",2021,72,0.32052,5.50367123287671,616.91,703.063333333333,4.01979452054795
"1168","spruceT4P13SH",2021,73,0.32052,5.50367123287671,616.91,703.063333333333,4.01979452054795
"1169","spruceT4P13SH",2021,74,0.3205,5.50367123287671,616.91,703.063333333333,4.01979452054795
"1170","spruceT4P13SH",2021,75,0.32048,5.50367123287671,616.91,703.063333333333,4.01979452054795
"1171","spruceT4P13SH",2021,76,0.32039,5.50367123287671,616.91,703.063333333333,4.01979452054795
"1172","spruceT4P13SH",2021,77,0.32023,5.50367123287671,616.91,703.063333333333,4.01979452054795
"1173","spruceT4P13SH",2021,78,0.32016,5.50367123287671,616.91,703.063333333333,4.01979452054795
"1174","spruceT4P13SH",2021,79,0.32022,5.50367123287671,616.91,703.063333333333,4.01979452054795
"1175","spruceT4P13SH",2021,80,0.32033,5.50367123287671,616.91,703.063333333333,4.01979452054795
"1176","spruceT4P13SH",2021,81,0.32048,5.50367123287671,616.91,703.063333333333,4.01979452054795
"1177","spruceT4P13SH",2021,82,0.32066,5.50367123287671,616.91,703.063333333333,4.01979452054795
"1178","spruceT4P13SH",2021,83,0.32087,5.50367123287671,616.91,703.063333333333,4.01979452054795
"1179","spruceT4P13SH",2021,84,0.32112,5.50367123287671,616.91,703.063333333333,4.01979452054795
"1180","spruceT4P13SH",2021,85,0.32131,5.50367123287671,616.91,703.063333333333,4.01979452054795
"1181","spruceT4P13SH",2021,86,0.32146,5.50367123287671,616.91,703.063333333333,4.01979452054795
"1182","spruceT4P13SH",2021,87,0.32172,5.50367123287671,616.91,703.063333333333,4.01979452054795
"1183","spruceT4P13SH",2021,88,0.32226,5.50367123287671,616.91,703.063333333333,4.01979452054795
"1184","spruceT4P13SH",2021,89,0.32295,5.50367123287671,616.91,703.063333333333,4.01979452054795
"1185","spruceT4P13SH",2021,90,0.32355,5.50367123287671,616.91,703.063333333333,4.01979452054795
"1186","spruceT4P13SH",2021,91,0.32411,5.50367123287671,616.91,703.063333333333,4.01979452054795
"1187","spruceT4P13SH",2021,92,0.32475,5.50367123287671,616.91,703.063333333333,4.01979452054795
"1188","spruceT4P13SH",2021,93,0.32541,5.50367123287671,616.91,703.063333333333,4.01979452054795
"1189","spruceT4P13SH",2021,94,0.32598,5.50367123287671,616.91,703.063333333333,4.01979452054795
"1190","spruceT4P13SH",2021,95,0.3264,5.50367123287671,616.91,703.063333333333,4.01979452054795
"1191","spruceT4P13SH",2021,96,0.3265,5.50367123287671,616.91,703.063333333333,4.01979452054795
"1192","spruceT4P13SH",2021,97,0.32643,5.50367123287671,616.91,703.063333333333,4.01979452054795
"1193","spruceT4P13SH",2021,98,0.32652,5.50367123287671,616.91,703.063333333333,4.01979452054795
"1194","spruceT4P13SH",2021,99,0.32669,5.50367123287671,616.91,703.063333333333,4.01979452054795
"1195","spruceT4P13SH",2021,100,0.32678,5.50367123287671,616.91,703.063333333333,4.01979452054795
"1196","spruceT4P13SH",2021,101,0.327,5.50367123287671,616.91,703.063333333333,4.01979452054795
"1197","spruceT4P13SH",2021,102,0.32734,5.50367123287671,616.91,703.063333333333,4.01979452054795
"1198","spruceT4P13SH",2021,103,0.32771,5.50367123287671,616.91,703.063333333333,4.01979452054795
"1199","spruceT4P13SH",2021,104,0.3281,5.50367123287671,616.91,703.063333333333,4.01979452054795
"1200","spruceT4P13SH",2021,105,0.32868,5.50367123287671,616.91,703.063333333333,4.01979452054795
"1201","spruceT4P13SH",2021,106,0.3294,5.50367123287671,616.91,703.063333333333,4.01979452054795
"1202","spruceT4P13SH",2021,107,0.33003,5.50367123287671,616.91,703.063333333333,4.01979452054795
"1203","spruceT4P13SH",2021,108,0.33062,5.50367123287671,616.91,703.063333333333,4.01979452054795
"1204","spruceT4P13SH",2021,109,0.33131,5.50367123287671,616.91,703.063333333333,4.01979452054795
"1205","spruceT4P13SH",2021,110,0.3319,5.50367123287671,616.91,703.063333333333,4.01979452054795
"1206","spruceT4P13SH",2021,111,0.33227,5.50367123287671,616.91,703.063333333333,4.01979452054795
"1207","spruceT4P13SH",2021,112,0.33251,5.50367123287671,616.91,703.063333333333,4.01979452054795
"1208","spruceT4P13SH",2021,113,0.33284,5.50367123287671,616.91,703.063333333333,4.01979452054795
"1209","spruceT4P13SH",2021,114,0.33324,5.50367123287671,616.91,703.063333333333,4.01979452054795
"1210","spruceT4P13SH",2021,115,0.3336,5.50367123287671,616.91,703.063333333333,4.01979452054795
"1211","spruceT4P13SH",2021,116,0.33395,5.50367123287671,616.91,703.063333333333,4.01979452054795
"1212","spruceT4P13SH",2021,117,0.33433,5.50367123287671,616.91,703.063333333333,4.01979452054795
"1213","spruceT4P13SH",2021,118,0.33478,5.50367123287671,616.91,703.063333333333,4.01979452054795
"1214","spruceT4P13SH",2021,119,0.33535,5.50367123287671,616.91,703.063333333333,4.01979452054795
"1215","spruceT4P13SH",2021,120,0.33598,5.50367123287671,616.91,703.063333333333,4.01979452054795
"1216","spruceT4P13SH",2021,121,0.33658,5.50367123287671,616.91,703.063333333333,4.01979452054795
"1217","spruceT4P13SH",2021,122,0.33707,5.50367123287671,616.91,703.063333333333,4.01979452054795
"1218","spruceT4P13SH",2021,123,0.33752,5.50367123287671,616.91,703.063333333333,4.01979452054795
"1219","spruceT4P13SH",2021,124,0.33808,5.50367123287671,616.91,703.063333333333,4.01979452054795
"1220","spruceT4P13SH",2021,125,0.33861,5.50367123287671,616.91,703.063333333333,4.01979452054795
"1221","spruceT4P13SH",2021,126,0.33904,5.50367123287671,616.91,703.063333333333,4.01979452054795
"1222","spruceT4P13SH",2021,127,0.33972,5.50367123287671,616.91,703.063333333333,4.01979452054795
"1223","spruceT4P13SH",2021,128,0.34052,5.50367123287671,616.91,703.063333333333,4.01979452054795
"1224","spruceT4P13SH",2021,129,0.34129,5.50367123287671,616.91,703.063333333333,4.01979452054795
"1225","spruceT4P13SH",2021,130,0.34236,5.50367123287671,616.91,703.063333333333,4.01979452054795
"1226","spruceT4P13SH",2021,131,0.34378,5.50367123287671,616.91,703.063333333333,4.01979452054795
"1227","spruceT4P13SH",2021,132,0.3454,5.50367123287671,616.91,703.063333333333,4.01979452054795
"1228","spruceT4P13SH",2021,133,0.34715,5.50367123287671,616.91,703.063333333333,4.01979452054795
"1229","spruceT4P13SH",2021,134,0.3494,5.50367123287671,616.91,703.063333333333,4.01979452054795
"1230","spruceT4P13SH",2021,135,0.35208,5.50367123287671,616.91,703.063333333333,4.01979452054795
"1231","spruceT4P13SH",2021,136,0.35449,5.50367123287671,616.91,703.063333333333,4.01979452054795
"1232","spruceT4P13SH",2021,137,0.35674,5.50367123287671,616.91,703.063333333333,4.01979452054795
"1233","spruceT4P13SH",2021,138,0.35924,5.50367123287671,616.91,703.063333333333,4.01979452054795
"1234","spruceT4P13SH",2021,139,0.36177,5.50367123287671,616.91,703.063333333333,4.01979452054795
"1235","spruceT4P13SH",2021,140,0.36408,5.50367123287671,616.91,703.063333333333,4.01979452054795
"1236","spruceT4P13SH",2021,141,0.36596,5.50367123287671,616.91,703.063333333333,4.01979452054795
"1237","spruceT4P13SH",2021,142,0.36737,5.50367123287671,616.91,703.063333333333,4.01979452054795
"1238","spruceT4P13SH",2021,143,0.36855,5.50367123287671,616.91,703.063333333333,4.01979452054795
"1239","spruceT4P13SH",2021,144,0.36969,5.50367123287671,616.91,703.063333333333,4.01979452054795
"1240","spruceT4P13SH",2021,145,0.3706,5.50367123287671,616.91,703.063333333333,4.01979452054795
"1241","spruceT4P13SH",2021,146,0.37122,5.50367123287671,616.91,703.063333333333,4.01979452054795
"1242","spruceT4P13SH",2021,147,0.3719,5.50367123287671,616.91,703.063333333333,4.01979452054795
"1243","spruceT4P13SH",2021,148,0.3725,5.50367123287671,616.91,703.063333333333,4.01979452054795
"1244","spruceT4P13SH",2021,149,0.37286,5.50367123287671,616.91,703.063333333333,4.01979452054795
"1245","spruceT4P13SH",2021,150,0.37333,5.50367123287671,616.91,703.063333333333,4.01979452054795
"1246","spruceT4P13SH",2021,151,0.374,5.50367123287671,616.91,703.063333333333,4.01979452054795
"1247","spruceT4P13SH",2021,152,0.3747,5.50367123287671,616.91,703.063333333333,4.01979452054795
"1248","spruceT4P13SH",2021,153,0.37533,5.50367123287671,616.91,703.063333333333,4.01979452054795
"1249","spruceT4P13SH",2021,154,0.37606,5.50367123287671,616.91,703.063333333333,4.01979452054795
"1250","spruceT4P13SH",2021,155,0.37691,5.50367123287671,616.91,703.063333333333,4.01979452054795
"1251","spruceT4P13SH",2021,156,0.37754,5.50367123287671,616.91,703.063333333333,4.01979452054795
"1252","spruceT4P13SH",2021,157,0.37788,5.50367123287671,616.91,703.063333333333,4.01979452054795
"1253","spruceT4P13SH",2021,158,0.37811,5.50367123287671,616.91,703.063333333333,4.01979452054795
"1254","spruceT4P13SH",2021,159,0.37828,5.50367123287671,616.91,703.063333333333,4.01979452054795
"1255","spruceT4P13SH",2021,160,0.37834,5.50367123287671,616.91,703.063333333333,4.01979452054795
"1256","spruceT4P13SH",2021,161,0.37824,5.50367123287671,616.91,703.063333333333,4.01979452054795
"1257","spruceT4P13SH",2021,162,0.37806,5.50367123287671,616.91,703.063333333333,4.01979452054795
"1258","spruceT4P13SH",2021,163,0.37787,5.50367123287671,616.91,703.063333333333,4.01979452054795
"1259","spruceT4P13SH",2021,164,0.37775,5.50367123287671,616.91,703.063333333333,4.01979452054795
"1260","spruceT4P13SH",2021,165,0.37758,5.50367123287671,616.91,703.063333333333,4.01979452054795
"1261","spruceT4P13SH",2021,166,0.37732,5.50367123287671,616.91,703.063333333333,4.01979452054795
"1262","spruceT4P13SH",2021,167,0.37716,5.50367123287671,616.91,703.063333333333,4.01979452054795
"1263","spruceT4P13SH",2021,168,0.37704,5.50367123287671,616.91,703.063333333333,4.01979452054795
"1264","spruceT4P13SH",2021,169,0.37689,5.50367123287671,616.91,703.063333333333,4.01979452054795
"1265","spruceT4P13SH",2021,170,0.37683,5.50367123287671,616.91,703.063333333333,4.01979452054795
"1266","spruceT4P13SH",2021,171,0.37698,5.50367123287671,616.91,703.063333333333,4.01979452054795
"1267","spruceT4P13SH",2021,172,0.37724,5.50367123287671,616.91,703.063333333333,4.01979452054795
"1268","spruceT4P13SH",2021,173,0.37745,5.50367123287671,616.91,703.063333333333,4.01979452054795
"1269","spruceT4P13SH",2021,174,0.37767,5.50367123287671,616.91,703.063333333333,4.01979452054795
"1270","spruceT4P13SH",2021,175,0.37796,5.50367123287671,616.91,703.063333333333,4.01979452054795
"1271","spruceT4P13SH",2021,176,0.37819,5.50367123287671,616.91,703.063333333333,4.01979452054795
"1272","spruceT4P13SH",2021,177,0.3784,5.50367123287671,616.91,703.063333333333,4.01979452054795
"1273","spruceT4P13SH",2021,178,0.37865,5.50367123287671,616.91,703.063333333333,4.01979452054795
"1274","spruceT4P13SH",2021,179,0.37884,5.50367123287671,616.91,703.063333333333,4.01979452054795
"1275","spruceT4P13SH",2021,180,0.37893,5.50367123287671,616.91,703.063333333333,4.01979452054795
"1276","spruceT4P13SH",2021,181,0.37899,5.50367123287671,616.91,703.063333333333,4.01979452054795
"1277","spruceT4P13SH",2021,182,0.37905,5.50367123287671,616.91,703.063333333333,4.01979452054795
"1278","spruceT4P13SH",2021,183,0.37902,5.50367123287671,616.91,703.063333333333,4.01979452054795
"1279","spruceT4P13SH",2021,184,0.37889,5.50367123287671,616.91,703.063333333333,4.01979452054795
"1280","spruceT4P13SH",2021,185,0.37872,5.50367123287671,616.91,703.063333333333,4.01979452054795
"1281","spruceT4P13SH",2021,186,0.37859,5.50367123287671,616.91,703.063333333333,4.01979452054795
"1282","spruceT4P13SH",2021,187,0.37859,5.50367123287671,616.91,703.063333333333,4.01979452054795
"1283","spruceT4P13SH",2021,188,0.37867,5.50367123287671,616.91,703.063333333333,4.01979452054795
"1284","spruceT4P13SH",2021,189,0.37879,5.50367123287671,616.91,703.063333333333,4.01979452054795
"1285","spruceT4P13SH",2021,190,0.37896,5.50367123287671,616.91,703.063333333333,4.01979452054795
"1286","spruceT4P13SH",2021,191,0.37925,5.50367123287671,616.91,703.063333333333,4.01979452054795
"1287","spruceT4P13SH",2021,192,0.37963,5.50367123287671,616.91,703.063333333333,4.01979452054795
"1288","spruceT4P13SH",2021,193,0.37997,5.50367123287671,616.91,703.063333333333,4.01979452054795
"1289","spruceT4P13SH",2021,194,0.38039,5.50367123287671,616.91,703.063333333333,4.01979452054795
"1290","spruceT4P13SH",2021,195,0.38093,5.50367123287671,616.91,703.063333333333,4.01979452054795
"1291","spruceT4P13SH",2021,196,0.38133,5.50367123287671,616.91,703.063333333333,4.01979452054795
"1292","spruceT4P13SH",2021,197,0.38167,5.50367123287671,616.91,703.063333333333,4.01979452054795
"1293","spruceT4P13SH",2021,198,0.38205,5.50367123287671,616.91,703.063333333333,4.01979452054795
"1294","spruceT4P13SH",2021,199,0.38231,5.50367123287671,616.91,703.063333333333,4.01979452054795
"1295","spruceT4P13SH",2021,200,0.3824,5.50367123287671,616.91,703.063333333333,4.01979452054795
"1296","spruceT4P13SH",2021,201,0.38241,5.50367123287671,616.91,703.063333333333,4.01979452054795
"1297","spruceT4P13SH",2021,202,0.38241,5.50367123287671,616.91,703.063333333333,4.01979452054795
"1298","spruceT4P13SH",2021,203,0.38233,5.50367123287671,616.91,703.063333333333,4.01979452054795
"1299","spruceT4P13SH",2021,204,0.38215,5.50367123287671,616.91,703.063333333333,4.01979452054795
"1300","spruceT4P13SH",2021,205,0.38202,5.50367123287671,616.91,703.063333333333,4.01979452054795
"1301","spruceT4P13SH",2021,206,0.38192,5.50367123287671,616.91,703.063333333333,4.01979452054795
"1302","spruceT4P13SH",2021,207,0.38178,5.50367123287671,616.91,703.063333333333,4.01979452054795
"1303","spruceT4P13SH",2021,208,0.38162,5.50367123287671,616.91,703.063333333333,4.01979452054795
"1304","spruceT4P13SH",2021,209,0.38148,5.50367123287671,616.91,703.063333333333,4.01979452054795
"1305","spruceT4P13SH",2021,210,0.38139,5.50367123287671,616.91,703.063333333333,4.01979452054795
"1306","spruceT4P13SH",2021,211,0.38141,5.50367123287671,616.91,703.063333333333,4.01979452054795
"1307","spruceT4P13SH",2021,212,0.38149,5.50367123287671,616.91,703.063333333333,4.01979452054795
"1308","spruceT4P13SH",2021,213,0.3815,5.50367123287671,616.91,703.063333333333,4.01979452054795
"1309","spruceT4P13SH",2021,214,0.38153,5.50367123287671,616.91,703.063333333333,4.01979452054795
"1310","spruceT4P13SH",2021,215,0.38163,5.50367123287671,616.91,703.063333333333,4.01979452054795
"1311","spruceT4P13SH",2021,216,0.38158,5.50367123287671,616.91,703.063333333333,4.01979452054795
"1312","spruceT4P13SH",2021,217,0.38131,5.50367123287671,616.91,703.063333333333,4.01979452054795
"1313","spruceT4P13SH",2021,218,0.38095,5.50367123287671,616.91,703.063333333333,4.01979452054795
"1314","spruceT4P13SH",2021,219,0.3806,5.50367123287671,616.91,703.063333333333,4.01979452054795
"1315","spruceT4P13SH",2021,220,0.38013,5.50367123287671,616.91,703.063333333333,4.01979452054795
"1316","spruceT4P13SH",2021,221,0.37954,5.50367123287671,616.91,703.063333333333,4.01979452054795
"1317","spruceT4P13SH",2021,222,0.37906,5.50367123287671,616.91,703.063333333333,4.01979452054795
"1318","spruceT4P13SH",2021,223,0.37865,5.50367123287671,616.91,703.063333333333,4.01979452054795
"1319","spruceT4P13SH",2021,224,0.37819,5.50367123287671,616.91,703.063333333333,4.01979452054795
"1320","spruceT4P13SH",2021,225,0.3778,5.50367123287671,616.91,703.063333333333,4.01979452054795
"1321","spruceT4P13SH",2021,226,0.37743,5.50367123287671,616.91,703.063333333333,4.01979452054795
"1322","spruceT4P13SH",2021,227,0.37703,5.50367123287671,616.91,703.063333333333,4.01979452054795
"1323","spruceT4P13SH",2021,228,0.37673,5.50367123287671,616.91,703.063333333333,4.01979452054795
"1324","spruceT4P13SH",2021,229,0.37662,5.50367123287671,616.91,703.063333333333,4.01979452054795
"1325","spruceT4P13SH",2021,230,0.37666,5.50367123287671,616.91,703.063333333333,4.01979452054795
"1326","spruceT4P13SH",2021,231,0.37677,5.50367123287671,616.91,703.063333333333,4.01979452054795
"1327","spruceT4P13SH",2021,232,0.37689,5.50367123287671,616.91,703.063333333333,4.01979452054795
"1328","spruceT4P13SH",2021,233,0.37695,5.50367123287671,616.91,703.063333333333,4.01979452054795
"1329","spruceT4P13SH",2021,234,0.37704,5.50367123287671,616.91,703.063333333333,4.01979452054795
"1330","spruceT4P13SH",2021,235,0.37721,5.50367123287671,616.91,703.063333333333,4.01979452054795
"1331","spruceT4P13SH",2021,236,0.37726,5.50367123287671,616.91,703.063333333333,4.01979452054795
"1332","spruceT4P13SH",2021,237,0.37717,5.50367123287671,616.91,703.063333333333,4.01979452054795
"1333","spruceT4P13SH",2021,238,0.37703,5.50367123287671,616.91,703.063333333333,4.01979452054795
"1334","spruceT4P13SH",2021,239,0.37686,5.50367123287671,616.91,703.063333333333,4.01979452054795
"1335","spruceT4P13SH",2021,240,0.37671,5.50367123287671,616.91,703.063333333333,4.01979452054795
"1336","spruceT4P13SH",2021,241,0.37656,5.50367123287671,616.91,703.063333333333,4.01979452054795
"1337","spruceT4P13SH",2021,242,0.37635,5.50367123287671,616.91,703.063333333333,4.01979452054795
"1338","spruceT4P13SH",2021,243,0.37603,5.50367123287671,616.91,703.063333333333,4.01979452054795
"1339","spruceT4P13SH",2021,244,0.37564,5.50367123287671,616.91,703.063333333333,4.01979452054795
"1340","spruceT4P13SH",2021,245,0.37524,5.50367123287671,616.91,703.063333333333,4.01979452054795
"1341","spruceT4P13SH",2021,246,0.37476,5.50367123287671,616.91,703.063333333333,4.01979452054795
"1342","spruceT4P13SH",2021,247,0.37418,5.50367123287671,616.91,703.063333333333,4.01979452054795
"1343","spruceT4P13SH",2021,248,0.37366,5.50367123287671,616.91,703.063333333333,4.01979452054795
"1344","spruceT4P13SH",2021,249,0.37325,5.50367123287671,616.91,703.063333333333,4.01979452054795
"1345","spruceT4P13SH",2021,250,0.37287,5.50367123287671,616.91,703.063333333333,4.01979452054795
"1346","spruceT4P13SH",2021,251,0.37248,5.50367123287671,616.91,703.063333333333,4.01979452054795
"1347","spruceT4P13SH",2021,252,0.37202,5.50367123287671,616.91,703.063333333333,4.01979452054795
"1348","spruceT4P13SH",2021,253,0.37152,5.50367123287671,616.91,703.063333333333,4.01979452054795
"1349","spruceT4P13SH",2021,254,0.37102,5.50367123287671,616.91,703.063333333333,4.01979452054795
"1350","spruceT4P13SH",2021,255,0.37055,5.50367123287671,616.91,703.063333333333,4.01979452054795
"1351","spruceT4P13SH",2021,256,0.37016,5.50367123287671,616.91,703.063333333333,4.01979452054795
"1352","spruceT4P13SH",2021,257,0.36986,5.50367123287671,616.91,703.063333333333,4.01979452054795
"1353","spruceT4P13SH",2021,258,0.36961,5.50367123287671,616.91,703.063333333333,4.01979452054795
"1354","spruceT4P13SH",2021,259,0.36936,5.50367123287671,616.91,703.063333333333,4.01979452054795
"1355","spruceT4P13SH",2021,260,0.36914,5.50367123287671,616.91,703.063333333333,4.01979452054795
"1356","spruceT4P13SH",2021,261,0.36896,5.50367123287671,616.91,703.063333333333,4.01979452054795
"1357","spruceT4P13SH",2021,262,0.36877,5.50367123287671,616.91,703.063333333333,4.01979452054795
"1358","spruceT4P13SH",2021,263,0.36852,5.50367123287671,616.91,703.063333333333,4.01979452054795
"1359","spruceT4P13SH",2021,264,0.36828,5.50367123287671,616.91,703.063333333333,4.01979452054795
"1360","spruceT4P13SH",2021,265,0.36808,5.50367123287671,616.91,703.063333333333,4.01979452054795
"1361","spruceT4P13SH",2021,266,0.36793,5.50367123287671,616.91,703.063333333333,4.01979452054795
"1362","spruceT4P13SH",2021,267,0.36779,5.50367123287671,616.91,703.063333333333,4.01979452054795
"1363","spruceT4P13SH",2021,268,0.36768,5.50367123287671,616.91,703.063333333333,4.01979452054795
"1364","spruceT4P13SH",2021,269,0.36757,5.50367123287671,616.91,703.063333333333,4.01979452054795
"1365","spruceT4P13SH",2021,270,0.36746,5.50367123287671,616.91,703.063333333333,4.01979452054795
"1366","spruceT4P13SH",2021,271,0.3674,5.50367123287671,616.91,703.063333333333,4.01979452054795
"1367","spruceT4P13SH",2021,272,0.36744,5.50367123287671,616.91,703.063333333333,4.01979452054795
"1368","spruceT4P13SH",2021,273,0.36755,5.50367123287671,616.91,703.063333333333,4.01979452054795
"1369","spruceT4P13SH",2021,274,0.36764,5.50367123287671,616.91,703.063333333333,4.01979452054795
"1370","spruceT4P13SH",2021,275,0.36783,5.50367123287671,616.91,703.063333333333,4.01979452054795
"1371","spruceT4P13SH",2021,276,0.36811,5.50367123287671,616.91,703.063333333333,4.01979452054795
"1372","spruceT4P13SH",2021,277,0.3683,5.50367123287671,616.91,703.063333333333,4.01979452054795
"1373","spruceT4P13SH",2021,278,0.36845,5.50367123287671,616.91,703.063333333333,4.01979452054795
"1374","spruceT4P13SH",2021,279,0.36865,5.50367123287671,616.91,703.063333333333,4.01979452054795
"1375","spruceT4P13SH",2021,280,0.36872,5.50367123287671,616.91,703.063333333333,4.01979452054795
"1376","spruceT4P13SH",2021,281,0.36866,5.50367123287671,616.91,703.063333333333,4.01979452054795
"1377","spruceT4P13SH",2021,282,0.36857,5.50367123287671,616.91,703.063333333333,4.01979452054795
"1378","spruceT4P13SH",2021,283,0.36838,5.50367123287671,616.91,703.063333333333,4.01979452054795
"1379","spruceT4P13SH",2021,284,0.36812,5.50367123287671,616.91,703.063333333333,4.01979452054795
"1380","spruceT4P13SH",2021,285,0.3678,5.50367123287671,616.91,703.063333333333,4.01979452054795
"1381","spruceT4P13SH",2021,286,0.3674,5.50367123287671,616.91,703.063333333333,4.01979452054795
"1382","spruceT4P13SH",2021,287,0.36689,5.50367123287671,616.91,703.063333333333,4.01979452054795
"1383","spruceT4P13SH",2021,288,0.36629,5.50367123287671,616.91,703.063333333333,4.01979452054795
"1384","spruceT4P13SH",2021,289,0.36564,5.50367123287671,616.91,703.063333333333,4.01979452054795
"1385","spruceT4P13SH",2021,290,0.36493,5.50367123287671,616.91,703.063333333333,4.01979452054795
"1386","spruceT4P13SH",2021,291,0.36415,5.50367123287671,616.91,703.063333333333,4.01979452054795
"1387","spruceT4P13SH",2021,292,0.3633,5.50367123287671,616.91,703.063333333333,4.01979452054795
"1388","spruceT4P13SH",2021,293,0.36241,5.50367123287671,616.91,703.063333333333,4.01979452054795
"1389","spruceT4P13SH",2021,294,0.36146,5.50367123287671,616.91,703.063333333333,4.01979452054795
"1390","spruceT4P13SH",2021,295,0.36044,5.50367123287671,616.91,703.063333333333,4.01979452054795
"1391","spruceT4P13SH",2021,296,0.35933,5.50367123287671,616.91,703.063333333333,4.01979452054795
"1392","spruceT4P13SH",2021,297,0.35815,5.50367123287671,616.91,703.063333333333,4.01979452054795
"1393","spruceT4P13SH",2021,298,0.35692,5.50367123287671,616.91,703.063333333333,4.01979452054795
"1394","spruceT4P13SH",2021,299,0.35564,5.50367123287671,616.91,703.063333333333,4.01979452054795
"1395","spruceT4P13SH",2021,300,0.3543,5.50367123287671,616.91,703.063333333333,4.01979452054795
"1396","spruceT4P13SH",2021,301,0.35289,5.50367123287671,616.91,703.063333333333,4.01979452054795
"1397","spruceT4P13SH",2021,302,0.35141,5.50367123287671,616.91,703.063333333333,4.01979452054795
"1398","spruceT4P13SH",2021,303,0.34987,5.50367123287671,616.91,703.063333333333,4.01979452054795
"1399","spruceT4P13SH",2021,304,0.34819,5.50367123287671,616.91,703.063333333333,4.01979452054795
"1400","spruceT4P13SH",2021,305,0.34639,5.50367123287671,616.91,703.063333333333,4.01979452054795
"1401","spruceT4P13SH",2021,306,0.34463,5.50367123287671,616.91,703.063333333333,4.01979452054795
"1402","spruceT4P13SH",2021,307,0.34268,5.50367123287671,616.91,703.063333333333,4.01979452054795
"1403","spruceT4P13SH",2021,308,0.34053,5.50367123287671,616.91,703.063333333333,4.01979452054795
"1404","spruceT4P13SH",2021,309,0.33866,5.50367123287671,616.91,703.063333333333,4.01979452054795
"1405","spruceT4P13SH",2021,310,0.33696,5.50367123287671,616.91,703.063333333333,4.01979452054795
"1406","spruceT4P13SH",2021,311,0.3352,5.50367123287671,616.91,703.063333333333,4.01979452054795
"1407","spruceT4P13SH",2021,312,0.33369,5.50367123287671,616.91,703.063333333333,4.01979452054795
"1408","spruceT4P13SH",2021,313,0.33244,5.50367123287671,616.91,703.063333333333,4.01979452054795
"1409","spruceT4P13SH",2021,314,0.33131,5.50367123287671,616.91,703.063333333333,4.01979452054795
"1410","spruceT4P13SH",2021,315,0.33028,5.50367123287671,616.91,703.063333333333,4.01979452054795
"1411","spruceT4P13SH",2021,316,0.32948,5.50367123287671,616.91,703.063333333333,4.01979452054795
"1412","spruceT4P13SH",2021,317,0.3289,5.50367123287671,616.91,703.063333333333,4.01979452054795
"1413","spruceT4P13SH",2021,318,0.32831,5.50367123287671,616.91,703.063333333333,4.01979452054795
"1414","spruceT4P13SH",2021,319,0.32786,5.50367123287671,616.91,703.063333333333,4.01979452054795
"1415","spruceT4P13SH",2021,320,0.32761,5.50367123287671,616.91,703.063333333333,4.01979452054795
"1416","spruceT4P13SH",2021,321,0.32728,5.50367123287671,616.91,703.063333333333,4.01979452054795
"1417","spruceT4P13SH",2021,322,0.32682,5.50367123287671,616.91,703.063333333333,4.01979452054795
"1418","spruceT4P13SH",2021,323,0.32638,5.50367123287671,616.91,703.063333333333,4.01979452054795
"1419","spruceT4P13SH",2021,324,0.32595,5.50367123287671,616.91,703.063333333333,4.01979452054795
"1420","spruceT4P13SH",2021,325,0.32551,5.50367123287671,616.91,703.063333333333,4.01979452054795
"1421","spruceT4P13SH",2021,326,0.32507,5.50367123287671,616.91,703.063333333333,4.01979452054795
"1422","spruceT4P13SH",2021,327,0.32438,5.50367123287671,616.91,703.063333333333,4.01979452054795
"1423","spruceT4P13SH",2021,328,0.32351,5.50367123287671,616.91,703.063333333333,4.01979452054795
"1424","spruceT4P13SH",2021,329,0.32295,5.50367123287671,616.91,703.063333333333,4.01979452054795
"1425","spruceT4P13SH",2021,330,0.32257,5.50367123287671,616.91,703.063333333333,4.01979452054795
"1426","spruceT4P13SH",2021,331,0.32217,5.50367123287671,616.91,703.063333333333,4.01979452054795
"1427","spruceT4P13SH",2021,332,0.32208,5.50367123287671,616.91,703.063333333333,4.01979452054795
"1428","spruceT4P13SH",2021,333,0.32254,5.50367123287671,616.91,703.063333333333,4.01979452054795
"1429","spruceT4P13SH",2021,334,0.32329,5.50367123287671,616.91,703.063333333333,4.01979452054795
"1430","spruceT4P13SH",2021,335,0.32393,5.50367123287671,616.91,703.063333333333,4.01979452054795
"1431","spruceT4P13SH",2021,336,0.32482,5.50367123287671,616.91,703.063333333333,4.01979452054795
"1432","spruceT4P13SH",2021,337,0.3261,5.50367123287671,616.91,703.063333333333,4.01979452054795
"1433","spruceT4P13SH",2021,338,0.32698,5.50367123287671,616.91,703.063333333333,4.01979452054795
"1434","spruceT4P13SH",2021,339,0.32754,5.50367123287671,616.91,703.063333333333,4.01979452054795
"1435","spruceT4P13SH",2021,340,0.32819,5.50367123287671,616.91,703.063333333333,4.01979452054795
"1436","spruceT4P13SH",2021,341,0.32857,5.50367123287671,616.91,703.063333333333,4.01979452054795
"1437","spruceT4P13SH",2021,342,0.32859,5.50367123287671,616.91,703.063333333333,4.01979452054795
"1438","spruceT4P13SH",2021,343,0.32844,5.50367123287671,616.91,703.063333333333,4.01979452054795
"1439","spruceT4P13SH",2021,344,0.32823,5.50367123287671,616.91,703.063333333333,4.01979452054795
"1440","spruceT4P13SH",2021,345,0.32773,5.50367123287671,616.91,703.063333333333,4.01979452054795
"1441","spruceT4P13SH",2021,346,0.32678,5.50367123287671,616.91,703.063333333333,4.01979452054795
"1442","spruceT4P13SH",2021,347,0.32566,5.50367123287671,616.91,703.063333333333,4.01979452054795
"1443","spruceT4P13SH",2021,348,0.32463,5.50367123287671,616.91,703.063333333333,4.01979452054795
"1444","spruceT4P13SH",2021,349,0.32397,5.50367123287671,616.91,703.063333333333,4.01979452054795
"1445","spruceT4P13SH",2021,350,0.32353,5.50367123287671,616.91,703.063333333333,4.01979452054795
"1446","spruceT4P13SH",2021,351,0.32311,5.50367123287671,616.91,703.063333333333,4.01979452054795
"1447","spruceT4P13SH",2021,352,0.3229,5.50367123287671,616.91,703.063333333333,4.01979452054795
"1448","spruceT4P13SH",2021,353,0.323,5.50367123287671,616.91,703.063333333333,4.01979452054795
"1449","spruceT4P13SH",2021,354,0.32331,5.50367123287671,616.91,703.063333333333,4.01979452054795
"1450","spruceT4P13SH",2021,355,0.32367,5.50367123287671,616.91,703.063333333333,4.01979452054795
"1451","spruceT4P13SH",2021,356,0.3242,5.50367123287671,616.91,703.063333333333,4.01979452054795
"1452","spruceT4P13SH",2021,357,0.32491,5.50367123287671,616.91,703.063333333333,4.01979452054795
"1453","spruceT4P13SH",2021,358,0.32556,5.50367123287671,616.91,703.063333333333,4.01979452054795
"1454","spruceT4P13SH",2021,359,0.32627,5.50367123287671,616.91,703.063333333333,4.01979452054795
"1455","spruceT4P13SH",2021,360,0.32715,5.50367123287671,616.91,703.063333333333,4.01979452054795
"1456","spruceT4P13SH",2021,361,0.32788,5.50367123287671,616.91,703.063333333333,4.01979452054795
"1457","spruceT4P13SH",2021,362,0.32857,5.50367123287671,616.91,703.063333333333,4.01979452054795
"1458","spruceT4P13SH",2021,363,0.32937,5.50367123287671,616.91,703.063333333333,4.01979452054795
"1459","spruceT4P13SH",2021,364,0.33,5.50367123287671,616.91,703.063333333333,4.01979452054795
"1460","spruceT4P13SH",2021,365,0.33045,5.50367123287671,616.91,703.063333333333,4.01979452054795
"1461","spruceT4P13SH",2022,1,0.33087,2.81375342465753,813.05,703.063333333333,4.01979452054795
"1462","spruceT4P13SH",2022,2,0.3312,2.81375342465753,813.05,703.063333333333,4.01979452054795
"1463","spruceT4P13SH",2022,3,0.33134,2.81375342465753,813.05,703.063333333333,4.01979452054795
"1464","spruceT4P13SH",2022,4,0.33128,2.81375342465753,813.05,703.063333333333,4.01979452054795
"1465","spruceT4P13SH",2022,5,0.33112,2.81375342465753,813.05,703.063333333333,4.01979452054795
"1466","spruceT4P13SH",2022,6,0.33095,2.81375342465753,813.05,703.063333333333,4.01979452054795
"1467","spruceT4P13SH",2022,7,0.33087,2.81375342465753,813.05,703.063333333333,4.01979452054795
"1468","spruceT4P13SH",2022,8,0.3309,2.81375342465753,813.05,703.063333333333,4.01979452054795
"1469","spruceT4P13SH",2022,9,0.33096,2.81375342465753,813.05,703.063333333333,4.01979452054795
"1470","spruceT4P13SH",2022,10,0.33098,2.81375342465753,813.05,703.063333333333,4.01979452054795
"1471","spruceT4P13SH",2022,11,0.331,2.81375342465753,813.05,703.063333333333,4.01979452054795
"1472","spruceT4P13SH",2022,12,0.33102,2.81375342465753,813.05,703.063333333333,4.01979452054795
"1473","spruceT4P13SH",2022,13,0.33101,2.81375342465753,813.05,703.063333333333,4.01979452054795
"1474","spruceT4P13SH",2022,14,0.33089,2.81375342465753,813.05,703.063333333333,4.01979452054795
"1475","spruceT4P13SH",2022,15,0.33072,2.81375342465753,813.05,703.063333333333,4.01979452054795
"1476","spruceT4P13SH",2022,16,0.33057,2.81375342465753,813.05,703.063333333333,4.01979452054795
"1477","spruceT4P13SH",2022,17,0.3304,2.81375342465753,813.05,703.063333333333,4.01979452054795
"1478","spruceT4P13SH",2022,18,0.33018,2.81375342465753,813.05,703.063333333333,4.01979452054795
"1479","spruceT4P13SH",2022,19,0.33002,2.81375342465753,813.05,703.063333333333,4.01979452054795
"1480","spruceT4P13SH",2022,20,0.32991,2.81375342465753,813.05,703.063333333333,4.01979452054795
"1481","spruceT4P13SH",2022,21,0.32979,2.81375342465753,813.05,703.063333333333,4.01979452054795
"1482","spruceT4P13SH",2022,22,0.3297,2.81375342465753,813.05,703.063333333333,4.01979452054795
"1483","spruceT4P13SH",2022,23,0.32967,2.81375342465753,813.05,703.063333333333,4.01979452054795
"1484","spruceT4P13SH",2022,24,0.32967,2.81375342465753,813.05,703.063333333333,4.01979452054795
"1485","spruceT4P13SH",2022,25,0.32965,2.81375342465753,813.05,703.063333333333,4.01979452054795
"1486","spruceT4P13SH",2022,26,0.3296,2.81375342465753,813.05,703.063333333333,4.01979452054795
"1487","spruceT4P13SH",2022,27,0.32956,2.81375342465753,813.05,703.063333333333,4.01979452054795
"1488","spruceT4P13SH",2022,28,0.32953,2.81375342465753,813.05,703.063333333333,4.01979452054795
"1489","spruceT4P13SH",2022,29,0.32951,2.81375342465753,813.05,703.063333333333,4.01979452054795
"1490","spruceT4P13SH",2022,30,0.32949,2.81375342465753,813.05,703.063333333333,4.01979452054795
"1491","spruceT4P13SH",2022,31,0.32947,2.81375342465753,813.05,703.063333333333,4.01979452054795
"1492","spruceT4P13SH",2022,32,0.32945,2.81375342465753,813.05,703.063333333333,4.01979452054795
"1493","spruceT4P13SH",2022,33,0.32943,2.81375342465753,813.05,703.063333333333,4.01979452054795
"1494","spruceT4P13SH",2022,34,0.32939,2.81375342465753,813.05,703.063333333333,4.01979452054795
"1495","spruceT4P13SH",2022,35,0.32934,2.81375342465753,813.05,703.063333333333,4.01979452054795
"1496","spruceT4P13SH",2022,36,0.3293,2.81375342465753,813.05,703.063333333333,4.01979452054795
"1497","spruceT4P13SH",2022,37,0.32929,2.81375342465753,813.05,703.063333333333,4.01979452054795
"1498","spruceT4P13SH",2022,38,0.32928,2.81375342465753,813.05,703.063333333333,4.01979452054795
"1499","spruceT4P13SH",2022,39,0.32929,2.81375342465753,813.05,703.063333333333,4.01979452054795
"1500","spruceT4P13SH",2022,40,0.3293,2.81375342465753,813.05,703.063333333333,4.01979452054795
"1501","spruceT4P13SH",2022,41,0.32932,2.81375342465753,813.05,703.063333333333,4.01979452054795
"1502","spruceT4P13SH",2022,42,0.32935,2.81375342465753,813.05,703.063333333333,4.01979452054795
"1503","spruceT4P13SH",2022,43,0.32932,2.81375342465753,813.05,703.063333333333,4.01979452054795
"1504","spruceT4P13SH",2022,44,0.32924,2.81375342465753,813.05,703.063333333333,4.01979452054795
"1505","spruceT4P13SH",2022,45,0.32925,2.81375342465753,813.05,703.063333333333,4.01979452054795
"1506","spruceT4P13SH",2022,46,0.32933,2.81375342465753,813.05,703.063333333333,4.01979452054795
"1507","spruceT4P13SH",2022,47,0.32944,2.81375342465753,813.05,703.063333333333,4.01979452054795
"1508","spruceT4P13SH",2022,48,0.32958,2.81375342465753,813.05,703.063333333333,4.01979452054795
"1509","spruceT4P13SH",2022,49,0.32981,2.81375342465753,813.05,703.063333333333,4.01979452054795
"1510","spruceT4P13SH",2022,50,0.33015,2.81375342465753,813.05,703.063333333333,4.01979452054795
"1511","spruceT4P13SH",2022,51,0.33051,2.81375342465753,813.05,703.063333333333,4.01979452054795
"1512","spruceT4P13SH",2022,52,0.33084,2.81375342465753,813.05,703.063333333333,4.01979452054795
"1513","spruceT4P13SH",2022,53,0.33107,2.81375342465753,813.05,703.063333333333,4.01979452054795
"1514","spruceT4P13SH",2022,54,0.33127,2.81375342465753,813.05,703.063333333333,4.01979452054795
"1515","spruceT4P13SH",2022,55,0.3315,2.81375342465753,813.05,703.063333333333,4.01979452054795
"1516","spruceT4P13SH",2022,56,0.33163,2.81375342465753,813.05,703.063333333333,4.01979452054795
"1517","spruceT4P13SH",2022,57,0.33167,2.81375342465753,813.05,703.063333333333,4.01979452054795
"1518","spruceT4P13SH",2022,58,0.33167,2.81375342465753,813.05,703.063333333333,4.01979452054795
"1519","spruceT4P13SH",2022,59,0.33162,2.81375342465753,813.05,703.063333333333,4.01979452054795
"1520","spruceT4P13SH",2022,60,0.33143,2.81375342465753,813.05,703.063333333333,4.01979452054795
"1521","spruceT4P13SH",2022,61,0.33113,2.81375342465753,813.05,703.063333333333,4.01979452054795
"1522","spruceT4P13SH",2022,62,0.33086,2.81375342465753,813.05,703.063333333333,4.01979452054795
"1523","spruceT4P13SH",2022,63,0.33067,2.81375342465753,813.05,703.063333333333,4.01979452054795
"1524","spruceT4P13SH",2022,64,0.33048,2.81375342465753,813.05,703.063333333333,4.01979452054795
"1525","spruceT4P13SH",2022,65,0.33022,2.81375342465753,813.05,703.063333333333,4.01979452054795
"1526","spruceT4P13SH",2022,66,0.33002,2.81375342465753,813.05,703.063333333333,4.01979452054795
"1527","spruceT4P13SH",2022,67,0.32988,2.81375342465753,813.05,703.063333333333,4.01979452054795
"1528","spruceT4P13SH",2022,68,0.32953,2.81375342465753,813.05,703.063333333333,4.01979452054795
"1529","spruceT4P13SH",2022,69,0.32901,2.81375342465753,813.05,703.063333333333,4.01979452054795
"1530","spruceT4P13SH",2022,70,0.32844,2.81375342465753,813.05,703.063333333333,4.01979452054795
"1531","spruceT4P13SH",2022,71,0.32772,2.81375342465753,813.05,703.063333333333,4.01979452054795
"1532","spruceT4P13SH",2022,72,0.32665,2.81375342465753,813.05,703.063333333333,4.01979452054795
"1533","spruceT4P13SH",2022,73,0.32526,2.81375342465753,813.05,703.063333333333,4.01979452054795
"1534","spruceT4P13SH",2022,74,0.32375,2.81375342465753,813.05,703.063333333333,4.01979452054795
"1535","spruceT4P13SH",2022,75,0.3223,2.81375342465753,813.05,703.063333333333,4.01979452054795
"1536","spruceT4P13SH",2022,76,0.3211,2.81375342465753,813.05,703.063333333333,4.01979452054795
"1537","spruceT4P13SH",2022,77,0.31981,2.81375342465753,813.05,703.063333333333,4.01979452054795
"1538","spruceT4P13SH",2022,78,0.31834,2.81375342465753,813.05,703.063333333333,4.01979452054795
"1539","spruceT4P13SH",2022,79,0.31722,2.81375342465753,813.05,703.063333333333,4.01979452054795
"1540","spruceT4P13SH",2022,80,0.31651,2.81375342465753,813.05,703.063333333333,4.01979452054795
"1541","spruceT4P13SH",2022,81,0.31592,2.81375342465753,813.05,703.063333333333,4.01979452054795
"1542","spruceT4P13SH",2022,82,0.31547,2.81375342465753,813.05,703.063333333333,4.01979452054795
"1543","spruceT4P13SH",2022,83,0.31542,2.81375342465753,813.05,703.063333333333,4.01979452054795
"1544","spruceT4P13SH",2022,84,0.31572,2.81375342465753,813.05,703.063333333333,4.01979452054795
"1545","spruceT4P13SH",2022,85,0.31588,2.81375342465753,813.05,703.063333333333,4.01979452054795
"1546","spruceT4P13SH",2022,86,0.31604,2.81375342465753,813.05,703.063333333333,4.01979452054795
"1547","spruceT4P13SH",2022,87,0.31642,2.81375342465753,813.05,703.063333333333,4.01979452054795
"1548","spruceT4P13SH",2022,88,0.31666,2.81375342465753,813.05,703.063333333333,4.01979452054795
"1549","spruceT4P13SH",2022,89,0.31672,2.81375342465753,813.05,703.063333333333,4.01979452054795
"1550","spruceT4P13SH",2022,90,0.31678,2.81375342465753,813.05,703.063333333333,4.01979452054795
"1551","spruceT4P13SH",2022,91,0.31684,2.81375342465753,813.05,703.063333333333,4.01979452054795
"1552","spruceT4P13SH",2022,92,0.31677,2.81375342465753,813.05,703.063333333333,4.01979452054795
"1553","spruceT4P13SH",2022,93,0.31659,2.81375342465753,813.05,703.063333333333,4.01979452054795
"1554","spruceT4P13SH",2022,94,0.31649,2.81375342465753,813.05,703.063333333333,4.01979452054795
"1555","spruceT4P13SH",2022,95,0.31649,2.81375342465753,813.05,703.063333333333,4.01979452054795
"1556","spruceT4P13SH",2022,96,0.31651,2.81375342465753,813.05,703.063333333333,4.01979452054795
"1557","spruceT4P13SH",2022,97,0.31654,2.81375342465753,813.05,703.063333333333,4.01979452054795
"1558","spruceT4P13SH",2022,98,0.31659,2.81375342465753,813.05,703.063333333333,4.01979452054795
"1559","spruceT4P13SH",2022,99,0.31666,2.81375342465753,813.05,703.063333333333,4.01979452054795
"1560","spruceT4P13SH",2022,100,0.31679,2.81375342465753,813.05,703.063333333333,4.01979452054795
"1561","spruceT4P13SH",2022,101,0.31697,2.81375342465753,813.05,703.063333333333,4.01979452054795
"1562","spruceT4P13SH",2022,102,0.31713,2.81375342465753,813.05,703.063333333333,4.01979452054795
"1563","spruceT4P13SH",2022,103,0.31727,2.81375342465753,813.05,703.063333333333,4.01979452054795
"1564","spruceT4P13SH",2022,104,0.31743,2.81375342465753,813.05,703.063333333333,4.01979452054795
"1565","spruceT4P13SH",2022,105,0.31757,2.81375342465753,813.05,703.063333333333,4.01979452054795
"1566","spruceT4P13SH",2022,106,0.31763,2.81375342465753,813.05,703.063333333333,4.01979452054795
"1567","spruceT4P13SH",2022,107,0.31763,2.81375342465753,813.05,703.063333333333,4.01979452054795
"1568","spruceT4P13SH",2022,108,0.31772,2.81375342465753,813.05,703.063333333333,4.01979452054795
"1569","spruceT4P13SH",2022,109,0.31793,2.81375342465753,813.05,703.063333333333,4.01979452054795
"1570","spruceT4P13SH",2022,110,0.31819,2.81375342465753,813.05,703.063333333333,4.01979452054795
"1571","spruceT4P13SH",2022,111,0.31844,2.81375342465753,813.05,703.063333333333,4.01979452054795
"1572","spruceT4P13SH",2022,112,0.31864,2.81375342465753,813.05,703.063333333333,4.01979452054795
"1573","spruceT4P13SH",2022,113,0.31882,2.81375342465753,813.05,703.063333333333,4.01979452054795
"1574","spruceT4P13SH",2022,114,0.31907,2.81375342465753,813.05,703.063333333333,4.01979452054795
"1575","spruceT4P13SH",2022,115,0.31928,2.81375342465753,813.05,703.063333333333,4.01979452054795
"1576","spruceT4P13SH",2022,116,0.31945,2.81375342465753,813.05,703.063333333333,4.01979452054795
"1577","spruceT4P13SH",2022,117,0.31978,2.81375342465753,813.05,703.063333333333,4.01979452054795
"1578","spruceT4P13SH",2022,118,0.32032,2.81375342465753,813.05,703.063333333333,4.01979452054795
"1579","spruceT4P13SH",2022,119,0.32097,2.81375342465753,813.05,703.063333333333,4.01979452054795
"1580","spruceT4P13SH",2022,120,0.32169,2.81375342465753,813.05,703.063333333333,4.01979452054795
"1581","spruceT4P13SH",2022,121,0.32246,2.81375342465753,813.05,703.063333333333,4.01979452054795
"1582","spruceT4P13SH",2022,122,0.32328,2.81375342465753,813.05,703.063333333333,4.01979452054795
"1583","spruceT4P13SH",2022,123,0.3242,2.81375342465753,813.05,703.063333333333,4.01979452054795
"1584","spruceT4P13SH",2022,124,0.32524,2.81375342465753,813.05,703.063333333333,4.01979452054795
"1585","spruceT4P13SH",2022,125,0.32624,2.81375342465753,813.05,703.063333333333,4.01979452054795
"1586","spruceT4P13SH",2022,126,0.32729,2.81375342465753,813.05,703.063333333333,4.01979452054795
"1587","spruceT4P13SH",2022,127,0.32844,2.81375342465753,813.05,703.063333333333,4.01979452054795
"1588","spruceT4P13SH",2022,128,0.32953,2.81375342465753,813.05,703.063333333333,4.01979452054795
"1589","spruceT4P13SH",2022,129,0.33059,2.81375342465753,813.05,703.063333333333,4.01979452054795
"1590","spruceT4P13SH",2022,130,0.33168,2.81375342465753,813.05,703.063333333333,4.01979452054795
"1591","spruceT4P13SH",2022,131,0.33273,2.81375342465753,813.05,703.063333333333,4.01979452054795
"1592","spruceT4P13SH",2022,132,0.33358,2.81375342465753,813.05,703.063333333333,4.01979452054795
"1593","spruceT4P13SH",2022,133,0.33429,2.81375342465753,813.05,703.063333333333,4.01979452054795
"1594","spruceT4P13SH",2022,134,0.33514,2.81375342465753,813.05,703.063333333333,4.01979452054795
"1595","spruceT4P13SH",2022,135,0.33606,2.81375342465753,813.05,703.063333333333,4.01979452054795
"1596","spruceT4P13SH",2022,136,0.33694,2.81375342465753,813.05,703.063333333333,4.01979452054795
"1597","spruceT4P13SH",2022,137,0.33797,2.81375342465753,813.05,703.063333333333,4.01979452054795
"1598","spruceT4P13SH",2022,138,0.33909,2.81375342465753,813.05,703.063333333333,4.01979452054795
"1599","spruceT4P13SH",2022,139,0.34023,2.81375342465753,813.05,703.063333333333,4.01979452054795
"1600","spruceT4P13SH",2022,140,0.34153,2.81375342465753,813.05,703.063333333333,4.01979452054795
"1601","spruceT4P13SH",2022,141,0.34312,2.81375342465753,813.05,703.063333333333,4.01979452054795
"1602","spruceT4P13SH",2022,142,0.34494,2.81375342465753,813.05,703.063333333333,4.01979452054795
"1603","spruceT4P13SH",2022,143,0.34687,2.81375342465753,813.05,703.063333333333,4.01979452054795
"1604","spruceT4P13SH",2022,144,0.34879,2.81375342465753,813.05,703.063333333333,4.01979452054795
"1605","spruceT4P13SH",2022,145,0.35059,2.81375342465753,813.05,703.063333333333,4.01979452054795
"1606","spruceT4P13SH",2022,146,0.35258,2.81375342465753,813.05,703.063333333333,4.01979452054795
"1607","spruceT4P13SH",2022,147,0.3548,2.81375342465753,813.05,703.063333333333,4.01979452054795
"1608","spruceT4P13SH",2022,148,0.35669,2.81375342465753,813.05,703.063333333333,4.01979452054795
"1609","spruceT4P13SH",2022,149,0.35836,2.81375342465753,813.05,703.063333333333,4.01979452054795
"1610","spruceT4P13SH",2022,150,0.36006,2.81375342465753,813.05,703.063333333333,4.01979452054795
"1611","spruceT4P13SH",2022,151,0.36148,2.81375342465753,813.05,703.063333333333,4.01979452054795
"1612","spruceT4P13SH",2022,152,0.36247,2.81375342465753,813.05,703.063333333333,4.01979452054795
"1613","spruceT4P13SH",2022,153,0.36323,2.81375342465753,813.05,703.063333333333,4.01979452054795
"1614","spruceT4P13SH",2022,154,0.36395,2.81375342465753,813.05,703.063333333333,4.01979452054795
"1615","spruceT4P13SH",2022,155,0.36447,2.81375342465753,813.05,703.063333333333,4.01979452054795
"1616","spruceT4P13SH",2022,156,0.36471,2.81375342465753,813.05,703.063333333333,4.01979452054795
"1617","spruceT4P13SH",2022,157,0.36504,2.81375342465753,813.05,703.063333333333,4.01979452054795
"1618","spruceT4P13SH",2022,158,0.36541,2.81375342465753,813.05,703.063333333333,4.01979452054795
"1619","spruceT4P13SH",2022,159,0.36563,2.81375342465753,813.05,703.063333333333,4.01979452054795
"1620","spruceT4P13SH",2022,160,0.3659,2.81375342465753,813.05,703.063333333333,4.01979452054795
"1621","spruceT4P13SH",2022,161,0.36633,2.81375342465753,813.05,703.063333333333,4.01979452054795
"1622","spruceT4P13SH",2022,162,0.36679,2.81375342465753,813.05,703.063333333333,4.01979452054795
"1623","spruceT4P13SH",2022,163,0.36716,2.81375342465753,813.05,703.063333333333,4.01979452054795
"1624","spruceT4P13SH",2022,164,0.36741,2.81375342465753,813.05,703.063333333333,4.01979452054795
"1625","spruceT4P13SH",2022,165,0.36762,2.81375342465753,813.05,703.063333333333,4.01979452054795
"1626","spruceT4P13SH",2022,166,0.3678,2.81375342465753,813.05,703.063333333333,4.01979452054795
"1627","spruceT4P13SH",2022,167,0.36794,2.81375342465753,813.05,703.063333333333,4.01979452054795
"1628","spruceT4P13SH",2022,168,0.36804,2.81375342465753,813.05,703.063333333333,4.01979452054795
"1629","spruceT4P13SH",2022,169,0.368,2.81375342465753,813.05,703.063333333333,4.01979452054795
"1630","spruceT4P13SH",2022,170,0.36783,2.81375342465753,813.05,703.063333333333,4.01979452054795
"1631","spruceT4P13SH",2022,171,0.36775,2.81375342465753,813.05,703.063333333333,4.01979452054795
"1632","spruceT4P13SH",2022,172,0.36767,2.81375342465753,813.05,703.063333333333,4.01979452054795
"1633","spruceT4P13SH",2022,173,0.3675,2.81375342465753,813.05,703.063333333333,4.01979452054795
"1634","spruceT4P13SH",2022,174,0.36745,2.81375342465753,813.05,703.063333333333,4.01979452054795
"1635","spruceT4P13SH",2022,175,0.36749,2.81375342465753,813.05,703.063333333333,4.01979452054795
"1636","spruceT4P13SH",2022,176,0.36752,2.81375342465753,813.05,703.063333333333,4.01979452054795
"1637","spruceT4P13SH",2022,177,0.36767,2.81375342465753,813.05,703.063333333333,4.01979452054795
"1638","spruceT4P13SH",2022,178,0.36796,2.81375342465753,813.05,703.063333333333,4.01979452054795
"1639","spruceT4P13SH",2022,179,0.36831,2.81375342465753,813.05,703.063333333333,4.01979452054795
"1640","spruceT4P13SH",2022,180,0.36873,2.81375342465753,813.05,703.063333333333,4.01979452054795
"1641","spruceT4P13SH",2022,181,0.36923,2.81375342465753,813.05,703.063333333333,4.01979452054795
"1642","spruceT4P13SH",2022,182,0.36982,2.81375342465753,813.05,703.063333333333,4.01979452054795
"1643","spruceT4P13SH",2022,183,0.37046,2.81375342465753,813.05,703.063333333333,4.01979452054795
"1644","spruceT4P13SH",2022,184,0.37122,2.81375342465753,813.05,703.063333333333,4.01979452054795
"1645","spruceT4P13SH",2022,185,0.37212,2.81375342465753,813.05,703.063333333333,4.01979452054795
"1646","spruceT4P13SH",2022,186,0.37294,2.81375342465753,813.05,703.063333333333,4.01979452054795
"1647","spruceT4P13SH",2022,187,0.37372,2.81375342465753,813.05,703.063333333333,4.01979452054795
"1648","spruceT4P13SH",2022,188,0.37459,2.81375342465753,813.05,703.063333333333,4.01979452054795
"1649","spruceT4P13SH",2022,189,0.37548,2.81375342465753,813.05,703.063333333333,4.01979452054795
"1650","spruceT4P13SH",2022,190,0.37633,2.81375342465753,813.05,703.063333333333,4.01979452054795
"1651","spruceT4P13SH",2022,191,0.37708,2.81375342465753,813.05,703.063333333333,4.01979452054795
"1652","spruceT4P13SH",2022,192,0.37779,2.81375342465753,813.05,703.063333333333,4.01979452054795
"1653","spruceT4P13SH",2022,193,0.37848,2.81375342465753,813.05,703.063333333333,4.01979452054795
"1654","spruceT4P13SH",2022,194,0.3791,2.81375342465753,813.05,703.063333333333,4.01979452054795
"1655","spruceT4P13SH",2022,195,0.37959,2.81375342465753,813.05,703.063333333333,4.01979452054795
"1656","spruceT4P13SH",2022,196,0.38,2.81375342465753,813.05,703.063333333333,4.01979452054795
"1657","spruceT4P13SH",2022,197,0.38041,2.81375342465753,813.05,703.063333333333,4.01979452054795
"1658","spruceT4P13SH",2022,198,0.38071,2.81375342465753,813.05,703.063333333333,4.01979452054795
"1659","spruceT4P13SH",2022,199,0.38088,2.81375342465753,813.05,703.063333333333,4.01979452054795
"1660","spruceT4P13SH",2022,200,0.38115,2.81375342465753,813.05,703.063333333333,4.01979452054795
"1661","spruceT4P13SH",2022,201,0.38148,2.81375342465753,813.05,703.063333333333,4.01979452054795
"1662","spruceT4P13SH",2022,202,0.3818,2.81375342465753,813.05,703.063333333333,4.01979452054795
"1663","spruceT4P13SH",2022,203,0.38217,2.81375342465753,813.05,703.063333333333,4.01979452054795
"1664","spruceT4P13SH",2022,204,0.38268,2.81375342465753,813.05,703.063333333333,4.01979452054795
"1665","spruceT4P13SH",2022,205,0.38327,2.81375342465753,813.05,703.063333333333,4.01979452054795
"1666","spruceT4P13SH",2022,206,0.38377,2.81375342465753,813.05,703.063333333333,4.01979452054795
"1667","spruceT4P13SH",2022,207,0.38429,2.81375342465753,813.05,703.063333333333,4.01979452054795
"1668","spruceT4P13SH",2022,208,0.38489,2.81375342465753,813.05,703.063333333333,4.01979452054795
"1669","spruceT4P13SH",2022,209,0.38533,2.81375342465753,813.05,703.063333333333,4.01979452054795
"1670","spruceT4P13SH",2022,210,0.38559,2.81375342465753,813.05,703.063333333333,4.01979452054795
"1671","spruceT4P13SH",2022,211,0.38583,2.81375342465753,813.05,703.063333333333,4.01979452054795
"1672","spruceT4P13SH",2022,212,0.386,2.81375342465753,813.05,703.063333333333,4.01979452054795
"1673","spruceT4P13SH",2022,213,0.38609,2.81375342465753,813.05,703.063333333333,4.01979452054795
"1674","spruceT4P13SH",2022,214,0.38607,2.81375342465753,813.05,703.063333333333,4.01979452054795
"1675","spruceT4P13SH",2022,215,0.3857,2.81375342465753,813.05,703.063333333333,4.01979452054795
"1676","spruceT4P13SH",2022,216,0.38507,2.81375342465753,813.05,703.063333333333,4.01979452054795
"1677","spruceT4P13SH",2022,217,0.38464,2.81375342465753,813.05,703.063333333333,4.01979452054795
"1678","spruceT4P13SH",2022,218,0.38434,2.81375342465753,813.05,703.063333333333,4.01979452054795
"1679","spruceT4P13SH",2022,219,0.38393,2.81375342465753,813.05,703.063333333333,4.01979452054795
"1680","spruceT4P13SH",2022,220,0.38367,2.81375342465753,813.05,703.063333333333,4.01979452054795
"1681","spruceT4P13SH",2022,221,0.38369,2.81375342465753,813.05,703.063333333333,4.01979452054795
"1682","spruceT4P13SH",2022,222,0.38382,2.81375342465753,813.05,703.063333333333,4.01979452054795
"1683","spruceT4P13SH",2022,223,0.38389,2.81375342465753,813.05,703.063333333333,4.01979452054795
"1684","spruceT4P13SH",2022,224,0.38407,2.81375342465753,813.05,703.063333333333,4.01979452054795
"1685","spruceT4P13SH",2022,225,0.3844,2.81375342465753,813.05,703.063333333333,4.01979452054795
"1686","spruceT4P13SH",2022,226,0.3846,2.81375342465753,813.05,703.063333333333,4.01979452054795
"1687","spruceT4P13SH",2022,227,0.38471,2.81375342465753,813.05,703.063333333333,4.01979452054795
"1688","spruceT4P13SH",2022,228,0.38489,2.81375342465753,813.05,703.063333333333,4.01979452054795
"1689","spruceT4P13SH",2022,229,0.38494,2.81375342465753,813.05,703.063333333333,4.01979452054795
"1690","spruceT4P13SH",2022,230,0.38485,2.81375342465753,813.05,703.063333333333,4.01979452054795
"1691","spruceT4P13SH",2022,231,0.38472,2.81375342465753,813.05,703.063333333333,4.01979452054795
"1692","spruceT4P13SH",2022,232,0.38448,2.81375342465753,813.05,703.063333333333,4.01979452054795
"1693","spruceT4P13SH",2022,233,0.38411,2.81375342465753,813.05,703.063333333333,4.01979452054795
"1694","spruceT4P13SH",2022,234,0.38362,2.81375342465753,813.05,703.063333333333,4.01979452054795
"1695","spruceT4P13SH",2022,235,0.38304,2.81375342465753,813.05,703.063333333333,4.01979452054795
"1696","spruceT4P13SH",2022,236,0.38239,2.81375342465753,813.05,703.063333333333,4.01979452054795
"1697","spruceT4P13SH",2022,237,0.38169,2.81375342465753,813.05,703.063333333333,4.01979452054795
"1698","spruceT4P13SH",2022,238,0.38072,2.81375342465753,813.05,703.063333333333,4.01979452054795
"1699","spruceT4P13SH",2022,239,0.37955,2.81375342465753,813.05,703.063333333333,4.01979452054795
"1700","spruceT4P13SH",2022,240,0.37858,2.81375342465753,813.05,703.063333333333,4.01979452054795
"1701","spruceT4P13SH",2022,241,0.37766,2.81375342465753,813.05,703.063333333333,4.01979452054795
"1702","spruceT4P13SH",2022,242,0.37659,2.81375342465753,813.05,703.063333333333,4.01979452054795
"1703","spruceT4P13SH",2022,243,0.37575,2.81375342465753,813.05,703.063333333333,4.01979452054795
"1704","spruceT4P13SH",2022,244,0.37516,2.81375342465753,813.05,703.063333333333,4.01979452054795
"1705","spruceT4P13SH",2022,245,0.37463,2.81375342465753,813.05,703.063333333333,4.01979452054795
"1706","spruceT4P13SH",2022,246,0.37417,2.81375342465753,813.05,703.063333333333,4.01979452054795
"1707","spruceT4P13SH",2022,247,0.37386,2.81375342465753,813.05,703.063333333333,4.01979452054795
"1708","spruceT4P13SH",2022,248,0.3737,2.81375342465753,813.05,703.063333333333,4.01979452054795
"1709","spruceT4P13SH",2022,249,0.37357,2.81375342465753,813.05,703.063333333333,4.01979452054795
"1710","spruceT4P13SH",2022,250,0.37362,2.81375342465753,813.05,703.063333333333,4.01979452054795
"1711","spruceT4P13SH",2022,251,0.37389,2.81375342465753,813.05,703.063333333333,4.01979452054795
"1712","spruceT4P13SH",2022,252,0.37406,2.81375342465753,813.05,703.063333333333,4.01979452054795
"1713","spruceT4P13SH",2022,253,0.37419,2.81375342465753,813.05,703.063333333333,4.01979452054795
"1714","spruceT4P13SH",2022,254,0.37441,2.81375342465753,813.05,703.063333333333,4.01979452054795
"1715","spruceT4P13SH",2022,255,0.3745,2.81375342465753,813.05,703.063333333333,4.01979452054795
"1716","spruceT4P13SH",2022,256,0.37445,2.81375342465753,813.05,703.063333333333,4.01979452054795
"1717","spruceT4P13SH",2022,257,0.37438,2.81375342465753,813.05,703.063333333333,4.01979452054795
"1718","spruceT4P13SH",2022,258,0.37429,2.81375342465753,813.05,703.063333333333,4.01979452054795
"1719","spruceT4P13SH",2022,259,0.37415,2.81375342465753,813.05,703.063333333333,4.01979452054795
"1720","spruceT4P13SH",2022,260,0.37394,2.81375342465753,813.05,703.063333333333,4.01979452054795
"1721","spruceT4P13SH",2022,261,0.37374,2.81375342465753,813.05,703.063333333333,4.01979452054795
"1722","spruceT4P13SH",2022,262,0.37354,2.81375342465753,813.05,703.063333333333,4.01979452054795
"1723","spruceT4P13SH",2022,263,0.37324,2.81375342465753,813.05,703.063333333333,4.01979452054795
"1724","spruceT4P13SH",2022,264,0.37266,2.81375342465753,813.05,703.063333333333,4.01979452054795
"1725","spruceT4P13SH",2022,265,0.37189,2.81375342465753,813.05,703.063333333333,4.01979452054795
"1726","spruceT4P13SH",2022,266,0.37123,2.81375342465753,813.05,703.063333333333,4.01979452054795
"1727","spruceT4P13SH",2022,267,0.3706,2.81375342465753,813.05,703.063333333333,4.01979452054795
"1728","spruceT4P13SH",2022,268,0.36988,2.81375342465753,813.05,703.063333333333,4.01979452054795
"1729","spruceT4P13SH",2022,269,0.36925,2.81375342465753,813.05,703.063333333333,4.01979452054795
"1730","spruceT4P13SH",2022,270,0.36877,2.81375342465753,813.05,703.063333333333,4.01979452054795
"1731","spruceT4P13SH",2022,271,0.36833,2.81375342465753,813.05,703.063333333333,4.01979452054795
"1732","spruceT4P13SH",2022,272,0.36787,2.81375342465753,813.05,703.063333333333,4.01979452054795
"1733","spruceT4P13SH",2022,273,0.36738,2.81375342465753,813.05,703.063333333333,4.01979452054795
"1734","spruceT4P13SH",2022,274,0.36691,2.81375342465753,813.05,703.063333333333,4.01979452054795
"1735","spruceT4P13SH",2022,275,0.36644,2.81375342465753,813.05,703.063333333333,4.01979452054795
"1736","spruceT4P13SH",2022,276,0.366,2.81375342465753,813.05,703.063333333333,4.01979452054795
"1737","spruceT4P13SH",2022,277,0.36559,2.81375342465753,813.05,703.063333333333,4.01979452054795
"1738","spruceT4P13SH",2022,278,0.36516,2.81375342465753,813.05,703.063333333333,4.01979452054795
"1739","spruceT4P13SH",2022,279,0.36474,2.81375342465753,813.05,703.063333333333,4.01979452054795
"1740","spruceT4P13SH",2022,280,0.36435,2.81375342465753,813.05,703.063333333333,4.01979452054795
"1741","spruceT4P13SH",2022,281,0.36394,2.81375342465753,813.05,703.063333333333,4.01979452054795
"1742","spruceT4P13SH",2022,282,0.36348,2.81375342465753,813.05,703.063333333333,4.01979452054795
"1743","spruceT4P13SH",2022,283,0.36293,2.81375342465753,813.05,703.063333333333,4.01979452054795
"1744","spruceT4P13SH",2022,284,0.36233,2.81375342465753,813.05,703.063333333333,4.01979452054795
"1745","spruceT4P13SH",2022,285,0.36173,2.81375342465753,813.05,703.063333333333,4.01979452054795
"1746","spruceT4P13SH",2022,286,0.36105,2.81375342465753,813.05,703.063333333333,4.01979452054795
"1747","spruceT4P13SH",2022,287,0.36029,2.81375342465753,813.05,703.063333333333,4.01979452054795
"1748","spruceT4P13SH",2022,288,0.35949,2.81375342465753,813.05,703.063333333333,4.01979452054795
"1749","spruceT4P13SH",2022,289,0.35864,2.81375342465753,813.05,703.063333333333,4.01979452054795
"1750","spruceT4P13SH",2022,290,0.35765,2.81375342465753,813.05,703.063333333333,4.01979452054795
"1751","spruceT4P13SH",2022,291,0.35656,2.81375342465753,813.05,703.063333333333,4.01979452054795
"1752","spruceT4P13SH",2022,292,0.3555,2.81375342465753,813.05,703.063333333333,4.01979452054795
"1753","spruceT4P13SH",2022,293,0.35436,2.81375342465753,813.05,703.063333333333,4.01979452054795
"1754","spruceT4P13SH",2022,294,0.3531,2.81375342465753,813.05,703.063333333333,4.01979452054795
"1755","spruceT4P13SH",2022,295,0.35195,2.81375342465753,813.05,703.063333333333,4.01979452054795
"1756","spruceT4P13SH",2022,296,0.35089,2.81375342465753,813.05,703.063333333333,4.01979452054795
"1757","spruceT4P13SH",2022,297,0.34981,2.81375342465753,813.05,703.063333333333,4.01979452054795
"1758","spruceT4P13SH",2022,298,0.34884,2.81375342465753,813.05,703.063333333333,4.01979452054795
"1759","spruceT4P13SH",2022,299,0.34798,2.81375342465753,813.05,703.063333333333,4.01979452054795
"1760","spruceT4P13SH",2022,300,0.34716,2.81375342465753,813.05,703.063333333333,4.01979452054795
"1761","spruceT4P13SH",2022,301,0.34641,2.81375342465753,813.05,703.063333333333,4.01979452054795
"1762","spruceT4P13SH",2022,302,0.34579,2.81375342465753,813.05,703.063333333333,4.01979452054795
"1763","spruceT4P13SH",2022,303,0.34531,2.81375342465753,813.05,703.063333333333,4.01979452054795
"1764","spruceT4P13SH",2022,304,0.3449,2.81375342465753,813.05,703.063333333333,4.01979452054795
"1765","spruceT4P13SH",2022,305,0.34447,2.81375342465753,813.05,703.063333333333,4.01979452054795
"1766","spruceT4P13SH",2022,306,0.34394,2.81375342465753,813.05,703.063333333333,4.01979452054795
"1767","spruceT4P13SH",2022,307,0.34347,2.81375342465753,813.05,703.063333333333,4.01979452054795
"1768","spruceT4P13SH",2022,308,0.34308,2.81375342465753,813.05,703.063333333333,4.01979452054795
"1769","spruceT4P13SH",2022,309,0.34255,2.81375342465753,813.05,703.063333333333,4.01979452054795
"1770","spruceT4P13SH",2022,310,0.3418,2.81375342465753,813.05,703.063333333333,4.01979452054795
"1771","spruceT4P13SH",2022,311,0.34097,2.81375342465753,813.05,703.063333333333,4.01979452054795
"1772","spruceT4P13SH",2022,312,0.34015,2.81375342465753,813.05,703.063333333333,4.01979452054795
"1773","spruceT4P13SH",2022,313,0.33918,2.81375342465753,813.05,703.063333333333,4.01979452054795
"1774","spruceT4P13SH",2022,314,0.33804,2.81375342465753,813.05,703.063333333333,4.01979452054795
"1775","spruceT4P13SH",2022,315,0.33705,2.81375342465753,813.05,703.063333333333,4.01979452054795
"1776","spruceT4P13SH",2022,316,0.33607,2.81375342465753,813.05,703.063333333333,4.01979452054795
"1777","spruceT4P13SH",2022,317,0.33496,2.81375342465753,813.05,703.063333333333,4.01979452054795
"1778","spruceT4P13SH",2022,318,0.33409,2.81375342465753,813.05,703.063333333333,4.01979452054795
"1779","spruceT4P13SH",2022,319,0.33347,2.81375342465753,813.05,703.063333333333,4.01979452054795
"1780","spruceT4P13SH",2022,320,0.33293,2.81375342465753,813.05,703.063333333333,4.01979452054795
"1781","spruceT4P13SH",2022,321,0.33249,2.81375342465753,813.05,703.063333333333,4.01979452054795
"1782","spruceT4P13SH",2022,322,0.3324,2.81375342465753,813.05,703.063333333333,4.01979452054795
"1783","spruceT4P13SH",2022,323,0.33258,2.81375342465753,813.05,703.063333333333,4.01979452054795
"1784","spruceT4P13SH",2022,324,0.33259,2.81375342465753,813.05,703.063333333333,4.01979452054795
"1785","spruceT4P13SH",2022,325,0.33243,2.81375342465753,813.05,703.063333333333,4.01979452054795
"1786","spruceT4P13SH",2022,326,0.33237,2.81375342465753,813.05,703.063333333333,4.01979452054795
"1787","spruceT4P13SH",2022,327,0.33231,2.81375342465753,813.05,703.063333333333,4.01979452054795
"1788","spruceT4P13SH",2022,328,0.3322,2.81375342465753,813.05,703.063333333333,4.01979452054795
"1789","spruceT4P13SH",2022,329,0.33196,2.81375342465753,813.05,703.063333333333,4.01979452054795
"1790","spruceT4P13SH",2022,330,0.33151,2.81375342465753,813.05,703.063333333333,4.01979452054795
"1791","spruceT4P13SH",2022,331,0.33095,2.81375342465753,813.05,703.063333333333,4.01979452054795
"1792","spruceT4P13SH",2022,332,0.33047,2.81375342465753,813.05,703.063333333333,4.01979452054795
"1793","spruceT4P13SH",2022,333,0.32993,2.81375342465753,813.05,703.063333333333,4.01979452054795
"1794","spruceT4P13SH",2022,334,0.32927,2.81375342465753,813.05,703.063333333333,4.01979452054795
"1795","spruceT4P13SH",2022,335,0.32878,2.81375342465753,813.05,703.063333333333,4.01979452054795
"1796","spruceT4P13SH",2022,336,0.32842,2.81375342465753,813.05,703.063333333333,4.01979452054795
"1797","spruceT4P13SH",2022,337,0.32807,2.81375342465753,813.05,703.063333333333,4.01979452054795
"1798","spruceT4P13SH",2022,338,0.32781,2.81375342465753,813.05,703.063333333333,4.01979452054795
"1799","spruceT4P13SH",2022,339,0.32779,2.81375342465753,813.05,703.063333333333,4.01979452054795
"1800","spruceT4P13SH",2022,340,0.32795,2.81375342465753,813.05,703.063333333333,4.01979452054795
"1801","spruceT4P13SH",2022,341,0.32804,2.81375342465753,813.05,703.063333333333,4.01979452054795
"1802","spruceT4P13SH",2022,342,0.32818,2.81375342465753,813.05,703.063333333333,4.01979452054795
"1803","spruceT4P13SH",2022,343,0.32846,2.81375342465753,813.05,703.063333333333,4.01979452054795
"1804","spruceT4P13SH",2022,344,0.32861,2.81375342465753,813.05,703.063333333333,4.01979452054795
"1805","spruceT4P13SH",2022,345,0.3286,2.81375342465753,813.05,703.063333333333,4.01979452054795
"1806","spruceT4P13SH",2022,346,0.32859,2.81375342465753,813.05,703.063333333333,4.01979452054795
"1807","spruceT4P13SH",2022,347,0.32855,2.81375342465753,813.05,703.063333333333,4.01979452054795
"1808","spruceT4P13SH",2022,348,0.32845,2.81375342465753,813.05,703.063333333333,4.01979452054795
"1809","spruceT4P13SH",2022,349,0.32826,2.81375342465753,813.05,703.063333333333,4.01979452054795
"1810","spruceT4P13SH",2022,350,0.32806,2.81375342465753,813.05,703.063333333333,4.01979452054795
"1811","spruceT4P13SH",2022,351,0.32788,2.81375342465753,813.05,703.063333333333,4.01979452054795
"1812","spruceT4P13SH",2022,352,0.32779,2.81375342465753,813.05,703.063333333333,4.01979452054795
"1813","spruceT4P13SH",2022,353,0.32775,2.81375342465753,813.05,703.063333333333,4.01979452054795
"1814","spruceT4P13SH",2022,354,0.32772,2.81375342465753,813.05,703.063333333333,4.01979452054795
"1815","spruceT4P13SH",2022,355,0.32774,2.81375342465753,813.05,703.063333333333,4.01979452054795
"1816","spruceT4P13SH",2022,356,0.32783,2.81375342465753,813.05,703.063333333333,4.01979452054795
"1817","spruceT4P13SH",2022,357,0.32797,2.81375342465753,813.05,703.063333333333,4.01979452054795
"1818","spruceT4P13SH",2022,358,0.3281,2.81375342465753,813.05,703.063333333333,4.01979452054795
"1819","spruceT4P13SH",2022,359,0.32835,2.81375342465753,813.05,703.063333333333,4.01979452054795
"1820","spruceT4P13SH",2022,360,0.32872,2.81375342465753,813.05,703.063333333333,4.01979452054795
"1821","spruceT4P13SH",2022,361,0.32895,2.81375342465753,813.05,703.063333333333,4.01979452054795
"1822","spruceT4P13SH",2022,362,0.32908,2.81375342465753,813.05,703.063333333333,4.01979452054795
"1823","spruceT4P13SH",2022,363,0.32923,2.81375342465753,813.05,703.063333333333,4.01979452054795
"1824","spruceT4P13SH",2022,364,0.32929,2.81375342465753,813.05,703.063333333333,4.01979452054795
"1825","spruceT4P13SH",2022,365,0.32923,2.81375342465753,813.05,703.063333333333,4.01979452054795
"1826","spruceT4P13SH",2023,1,0.3291,5.399,583.93,703.063333333333,4.01979452054795
"1827","spruceT4P13SH",2023,2,0.32896,5.399,583.93,703.063333333333,4.01979452054795
"1828","spruceT4P13SH",2023,3,0.32874,5.399,583.93,703.063333333333,4.01979452054795
"1829","spruceT4P13SH",2023,4,0.32843,5.399,583.93,703.063333333333,4.01979452054795
"1830","spruceT4P13SH",2023,5,0.32816,5.399,583.93,703.063333333333,4.01979452054795
"1831","spruceT4P13SH",2023,6,0.32793,5.399,583.93,703.063333333333,4.01979452054795
"1832","spruceT4P13SH",2023,7,0.32766,5.399,583.93,703.063333333333,4.01979452054795
"1833","spruceT4P13SH",2023,8,0.32738,5.399,583.93,703.063333333333,4.01979452054795
"1834","spruceT4P13SH",2023,9,0.3271,5.399,583.93,703.063333333333,4.01979452054795
"1835","spruceT4P13SH",2023,10,0.32686,5.399,583.93,703.063333333333,4.01979452054795
"1836","spruceT4P13SH",2023,11,0.32662,5.399,583.93,703.063333333333,4.01979452054795
"1837","spruceT4P13SH",2023,12,0.32637,5.399,583.93,703.063333333333,4.01979452054795
"1838","spruceT4P13SH",2023,13,0.32616,5.399,583.93,703.063333333333,4.01979452054795
"1839","spruceT4P13SH",2023,14,0.32595,5.399,583.93,703.063333333333,4.01979452054795
"1840","spruceT4P13SH",2023,15,0.32574,5.399,583.93,703.063333333333,4.01979452054795
"1841","spruceT4P13SH",2023,16,0.32556,5.399,583.93,703.063333333333,4.01979452054795
"1842","spruceT4P13SH",2023,17,0.32546,5.399,583.93,703.063333333333,4.01979452054795
"1843","spruceT4P13SH",2023,18,0.32538,5.399,583.93,703.063333333333,4.01979452054795
"1844","spruceT4P13SH",2023,19,0.32531,5.399,583.93,703.063333333333,4.01979452054795
"1845","spruceT4P13SH",2023,20,0.32527,5.399,583.93,703.063333333333,4.01979452054795
"1846","spruceT4P13SH",2023,21,0.3253,5.399,583.93,703.063333333333,4.01979452054795
"1847","spruceT4P13SH",2023,22,0.32529,5.399,583.93,703.063333333333,4.01979452054795
"1848","spruceT4P13SH",2023,23,0.32523,5.399,583.93,703.063333333333,4.01979452054795
"1849","spruceT4P13SH",2023,24,0.32518,5.399,583.93,703.063333333333,4.01979452054795
"1850","spruceT4P13SH",2023,25,0.32513,5.399,583.93,703.063333333333,4.01979452054795
"1851","spruceT4P13SH",2023,26,0.32508,5.399,583.93,703.063333333333,4.01979452054795
"1852","spruceT4P13SH",2023,27,0.32501,5.399,583.93,703.063333333333,4.01979452054795
"1853","spruceT4P13SH",2023,28,0.32498,5.399,583.93,703.063333333333,4.01979452054795
"1854","spruceT4P13SH",2023,29,0.32499,5.399,583.93,703.063333333333,4.01979452054795
"1855","spruceT4P13SH",2023,30,0.32503,5.399,583.93,703.063333333333,4.01979452054795
"1856","spruceT4P13SH",2023,31,0.32508,5.399,583.93,703.063333333333,4.01979452054795
"1857","spruceT4P13SH",2023,32,0.32512,5.399,583.93,703.063333333333,4.01979452054795
"1858","spruceT4P13SH",2023,33,0.32516,5.399,583.93,703.063333333333,4.01979452054795
"1859","spruceT4P13SH",2023,34,0.32524,5.399,583.93,703.063333333333,4.01979452054795
"1860","spruceT4P13SH",2023,35,0.32536,5.399,583.93,703.063333333333,4.01979452054795
"1861","spruceT4P13SH",2023,36,0.32543,5.399,583.93,703.063333333333,4.01979452054795
"1862","spruceT4P13SH",2023,37,0.32544,5.399,583.93,703.063333333333,4.01979452054795
"1863","spruceT4P13SH",2023,38,0.32544,5.399,583.93,703.063333333333,4.01979452054795
"1864","spruceT4P13SH",2023,39,0.32543,5.399,583.93,703.063333333333,4.01979452054795
"1865","spruceT4P13SH",2023,40,0.32526,5.399,583.93,703.063333333333,4.01979452054795
"1866","spruceT4P13SH",2023,41,0.32496,5.399,583.93,703.063333333333,4.01979452054795
"1867","spruceT4P13SH",2023,42,0.32483,5.399,583.93,703.063333333333,4.01979452054795
"1868","spruceT4P13SH",2023,43,0.32486,5.399,583.93,703.063333333333,4.01979452054795
"1869","spruceT4P13SH",2023,44,0.3249,5.399,583.93,703.063333333333,4.01979452054795
"1870","spruceT4P13SH",2023,45,0.32503,5.399,583.93,703.063333333333,4.01979452054795
"1871","spruceT4P13SH",2023,46,0.32541,5.399,583.93,703.063333333333,4.01979452054795
"1872","spruceT4P13SH",2023,47,0.32595,5.399,583.93,703.063333333333,4.01979452054795
"1873","spruceT4P13SH",2023,48,0.32638,5.399,583.93,703.063333333333,4.01979452054795
"1874","spruceT4P13SH",2023,49,0.32683,5.399,583.93,703.063333333333,4.01979452054795
"1875","spruceT4P13SH",2023,50,0.32743,5.399,583.93,703.063333333333,4.01979452054795
"1876","spruceT4P13SH",2023,51,0.32785,5.399,583.93,703.063333333333,4.01979452054795
"1877","spruceT4P13SH",2023,52,0.32811,5.399,583.93,703.063333333333,4.01979452054795
"1878","spruceT4P13SH",2023,53,0.3284,5.399,583.93,703.063333333333,4.01979452054795
"1879","spruceT4P13SH",2023,54,0.32865,5.399,583.93,703.063333333333,4.01979452054795
"1880","spruceT4P13SH",2023,55,0.3288,5.399,583.93,703.063333333333,4.01979452054795
"1881","spruceT4P13SH",2023,56,0.32879,5.399,583.93,703.063333333333,4.01979452054795
"1882","spruceT4P13SH",2023,57,0.32842,5.399,583.93,703.063333333333,4.01979452054795
"1883","spruceT4P13SH",2023,58,0.3278,5.399,583.93,703.063333333333,4.01979452054795
"1884","spruceT4P13SH",2023,59,0.32731,5.399,583.93,703.063333333333,4.01979452054795
"1885","spruceT4P13SH",2023,60,0.3267,5.399,583.93,703.063333333333,4.01979452054795
"1886","spruceT4P13SH",2023,61,0.32586,5.399,583.93,703.063333333333,4.01979452054795
"1887","spruceT4P13SH",2023,62,0.32533,5.399,583.93,703.063333333333,4.01979452054795
"1888","spruceT4P13SH",2023,63,0.3252,5.399,583.93,703.063333333333,4.01979452054795
"1889","spruceT4P13SH",2023,64,0.32516,5.399,583.93,703.063333333333,4.01979452054795
"1890","spruceT4P13SH",2023,65,0.32516,5.399,583.93,703.063333333333,4.01979452054795
"1891","spruceT4P13SH",2023,66,0.32535,5.399,583.93,703.063333333333,4.01979452054795
"1892","spruceT4P13SH",2023,67,0.32572,5.399,583.93,703.063333333333,4.01979452054795
"1893","spruceT4P13SH",2023,68,0.32597,5.399,583.93,703.063333333333,4.01979452054795
"1894","spruceT4P13SH",2023,69,0.32623,5.399,583.93,703.063333333333,4.01979452054795
"1895","spruceT4P13SH",2023,70,0.32664,5.399,583.93,703.063333333333,4.01979452054795
"1896","spruceT4P13SH",2023,71,0.32688,5.399,583.93,703.063333333333,4.01979452054795
"1897","spruceT4P13SH",2023,72,0.32698,5.399,583.93,703.063333333333,4.01979452054795
"1898","spruceT4P13SH",2023,73,0.3271,5.399,583.93,703.063333333333,4.01979452054795
"1899","spruceT4P13SH",2023,74,0.32711,5.399,583.93,703.063333333333,4.01979452054795
"1900","spruceT4P13SH",2023,75,0.32686,5.399,583.93,703.063333333333,4.01979452054795
"1901","spruceT4P13SH",2023,76,0.32638,5.399,583.93,703.063333333333,4.01979452054795
"1902","spruceT4P13SH",2023,77,0.32581,5.399,583.93,703.063333333333,4.01979452054795
"1903","spruceT4P13SH",2023,78,0.32525,5.399,583.93,703.063333333333,4.01979452054795
"1904","spruceT4P13SH",2023,79,0.32481,5.399,583.93,703.063333333333,4.01979452054795
"1905","spruceT4P13SH",2023,80,0.32438,5.399,583.93,703.063333333333,4.01979452054795
"1906","spruceT4P13SH",2023,81,0.32389,5.399,583.93,703.063333333333,4.01979452054795
"1907","spruceT4P13SH",2023,82,0.32353,5.399,583.93,703.063333333333,4.01979452054795
"1908","spruceT4P13SH",2023,83,0.32335,5.399,583.93,703.063333333333,4.01979452054795
"1909","spruceT4P13SH",2023,84,0.32325,5.399,583.93,703.063333333333,4.01979452054795
"1910","spruceT4P13SH",2023,85,0.32317,5.399,583.93,703.063333333333,4.01979452054795
"1911","spruceT4P13SH",2023,86,0.32315,5.399,583.93,703.063333333333,4.01979452054795
"1912","spruceT4P13SH",2023,87,0.32321,5.399,583.93,703.063333333333,4.01979452054795
"1913","spruceT4P13SH",2023,88,0.32325,5.399,583.93,703.063333333333,4.01979452054795
"1914","spruceT4P13SH",2023,89,0.32327,5.399,583.93,703.063333333333,4.01979452054795
"1915","spruceT4P13SH",2023,90,0.3233,5.399,583.93,703.063333333333,4.01979452054795
"1916","spruceT4P13SH",2023,91,0.32338,5.399,583.93,703.063333333333,4.01979452054795
"1917","spruceT4P13SH",2023,92,0.32346,5.399,583.93,703.063333333333,4.01979452054795
"1918","spruceT4P13SH",2023,93,0.32352,5.399,583.93,703.063333333333,4.01979452054795
"1919","spruceT4P13SH",2023,94,0.32371,5.399,583.93,703.063333333333,4.01979452054795
"1920","spruceT4P13SH",2023,95,0.32402,5.399,583.93,703.063333333333,4.01979452054795
"1921","spruceT4P13SH",2023,96,0.32439,5.399,583.93,703.063333333333,4.01979452054795
"1922","spruceT4P13SH",2023,97,0.32481,5.399,583.93,703.063333333333,4.01979452054795
"1923","spruceT4P13SH",2023,98,0.3254,5.399,583.93,703.063333333333,4.01979452054795
"1924","spruceT4P13SH",2023,99,0.32617,5.399,583.93,703.063333333333,4.01979452054795
"1925","spruceT4P13SH",2023,100,0.327,5.399,583.93,703.063333333333,4.01979452054795
"1926","spruceT4P13SH",2023,101,0.3278,5.399,583.93,703.063333333333,4.01979452054795
"1927","spruceT4P13SH",2023,102,0.32844,5.399,583.93,703.063333333333,4.01979452054795
"1928","spruceT4P13SH",2023,103,0.3291,5.399,583.93,703.063333333333,4.01979452054795
"1929","spruceT4P13SH",2023,104,0.32986,5.399,583.93,703.063333333333,4.01979452054795
"1930","spruceT4P13SH",2023,105,0.33043,5.399,583.93,703.063333333333,4.01979452054795
"1931","spruceT4P13SH",2023,106,0.33076,5.399,583.93,703.063333333333,4.01979452054795
"1932","spruceT4P13SH",2023,107,0.331,5.399,583.93,703.063333333333,4.01979452054795
"1933","spruceT4P13SH",2023,108,0.3312,5.399,583.93,703.063333333333,4.01979452054795
"1934","spruceT4P13SH",2023,109,0.33118,5.399,583.93,703.063333333333,4.01979452054795
"1935","spruceT4P13SH",2023,110,0.33096,5.399,583.93,703.063333333333,4.01979452054795
"1936","spruceT4P13SH",2023,111,0.33084,5.399,583.93,703.063333333333,4.01979452054795
"1937","spruceT4P13SH",2023,112,0.33068,5.399,583.93,703.063333333333,4.01979452054795
"1938","spruceT4P13SH",2023,113,0.33036,5.399,583.93,703.063333333333,4.01979452054795
"1939","spruceT4P13SH",2023,114,0.33025,5.399,583.93,703.063333333333,4.01979452054795
"1940","spruceT4P13SH",2023,115,0.33033,5.399,583.93,703.063333333333,4.01979452054795
"1941","spruceT4P13SH",2023,116,0.33043,5.399,583.93,703.063333333333,4.01979452054795
"1942","spruceT4P13SH",2023,117,0.33065,5.399,583.93,703.063333333333,4.01979452054795
"1943","spruceT4P13SH",2023,118,0.33105,5.399,583.93,703.063333333333,4.01979452054795
"1944","spruceT4P13SH",2023,119,0.33159,5.399,583.93,703.063333333333,4.01979452054795
"1945","spruceT4P13SH",2023,120,0.33212,5.399,583.93,703.063333333333,4.01979452054795
"1946","spruceT4P13SH",2023,121,0.33267,5.399,583.93,703.063333333333,4.01979452054795
"1947","spruceT4P13SH",2023,122,0.33328,5.399,583.93,703.063333333333,4.01979452054795
"1948","spruceT4P13SH",2023,123,0.33396,5.399,583.93,703.063333333333,4.01979452054795
"1949","spruceT4P13SH",2023,124,0.33468,5.399,583.93,703.063333333333,4.01979452054795
"1950","spruceT4P13SH",2023,125,0.33541,5.399,583.93,703.063333333333,4.01979452054795
"1951","spruceT4P13SH",2023,126,0.3362,5.399,583.93,703.063333333333,4.01979452054795
"1952","spruceT4P13SH",2023,127,0.33706,5.399,583.93,703.063333333333,4.01979452054795
"1953","spruceT4P13SH",2023,128,0.33793,5.399,583.93,703.063333333333,4.01979452054795
"1954","spruceT4P13SH",2023,129,0.33874,5.399,583.93,703.063333333333,4.01979452054795
"1955","spruceT4P13SH",2023,130,0.33952,5.399,583.93,703.063333333333,4.01979452054795
"1956","spruceT4P13SH",2023,131,0.34041,5.399,583.93,703.063333333333,4.01979452054795
"1957","spruceT4P13SH",2023,132,0.34133,5.399,583.93,703.063333333333,4.01979452054795
"1958","spruceT4P13SH",2023,133,0.34224,5.399,583.93,703.063333333333,4.01979452054795
"1959","spruceT4P13SH",2023,134,0.34332,5.399,583.93,703.063333333333,4.01979452054795
"1960","spruceT4P13SH",2023,135,0.34463,5.399,583.93,703.063333333333,4.01979452054795
"1961","spruceT4P13SH",2023,136,0.34607,5.399,583.93,703.063333333333,4.01979452054795
"1962","spruceT4P13SH",2023,137,0.34756,5.399,583.93,703.063333333333,4.01979452054795
"1963","spruceT4P13SH",2023,138,0.3492,5.399,583.93,703.063333333333,4.01979452054795
"1964","spruceT4P13SH",2023,139,0.35097,5.399,583.93,703.063333333333,4.01979452054795
"1965","spruceT4P13SH",2023,140,0.35272,5.399,583.93,703.063333333333,4.01979452054795
"1966","spruceT4P13SH",2023,141,0.35459,5.399,583.93,703.063333333333,4.01979452054795
"1967","spruceT4P13SH",2023,142,0.35664,5.399,583.93,703.063333333333,4.01979452054795
"1968","spruceT4P13SH",2023,143,0.35854,5.399,583.93,703.063333333333,4.01979452054795
"1969","spruceT4P13SH",2023,144,0.36038,5.399,583.93,703.063333333333,4.01979452054795
"1970","spruceT4P13SH",2023,145,0.36236,5.399,583.93,703.063333333333,4.01979452054795
"1971","spruceT4P13SH",2023,146,0.36433,5.399,583.93,703.063333333333,4.01979452054795
"1972","spruceT4P13SH",2023,147,0.36616,5.399,583.93,703.063333333333,4.01979452054795
"1973","spruceT4P13SH",2023,148,0.3677,5.399,583.93,703.063333333333,4.01979452054795
"1974","spruceT4P13SH",2023,149,0.36898,5.399,583.93,703.063333333333,4.01979452054795
"1975","spruceT4P13SH",2023,150,0.37013,5.399,583.93,703.063333333333,4.01979452054795
"1976","spruceT4P13SH",2023,151,0.37114,5.399,583.93,703.063333333333,4.01979452054795
"1977","spruceT4P13SH",2023,152,0.3719,5.399,583.93,703.063333333333,4.01979452054795
"1978","spruceT4P13SH",2023,153,0.37245,5.399,583.93,703.063333333333,4.01979452054795
"1979","spruceT4P13SH",2023,154,0.373,5.399,583.93,703.063333333333,4.01979452054795
"1980","spruceT4P13SH",2023,155,0.37343,5.399,583.93,703.063333333333,4.01979452054795
"1981","spruceT4P13SH",2023,156,0.37367,5.399,583.93,703.063333333333,4.01979452054795
"1982","spruceT4P13SH",2023,157,0.37397,5.399,583.93,703.063333333333,4.01979452054795
"1983","spruceT4P13SH",2023,158,0.37423,5.399,583.93,703.063333333333,4.01979452054795
"1984","spruceT4P13SH",2023,159,0.37433,5.399,583.93,703.063333333333,4.01979452054795
"1985","spruceT4P13SH",2023,160,0.37454,5.399,583.93,703.063333333333,4.01979452054795
"1986","spruceT4P13SH",2023,161,0.3748,5.399,583.93,703.063333333333,4.01979452054795
"1987","spruceT4P13SH",2023,162,0.375,5.399,583.93,703.063333333333,4.01979452054795
"1988","spruceT4P13SH",2023,163,0.37532,5.399,583.93,703.063333333333,4.01979452054795
"1989","spruceT4P13SH",2023,164,0.37572,5.399,583.93,703.063333333333,4.01979452054795
"1990","spruceT4P13SH",2023,165,0.37614,5.399,583.93,703.063333333333,4.01979452054795
"1991","spruceT4P13SH",2023,166,0.37668,5.399,583.93,703.063333333333,4.01979452054795
"1992","spruceT4P13SH",2023,167,0.37738,5.399,583.93,703.063333333333,4.01979452054795
"1993","spruceT4P13SH",2023,168,0.37818,5.399,583.93,703.063333333333,4.01979452054795
"1994","spruceT4P13SH",2023,169,0.37906,5.399,583.93,703.063333333333,4.01979452054795
"1995","spruceT4P13SH",2023,170,0.37997,5.399,583.93,703.063333333333,4.01979452054795
"1996","spruceT4P13SH",2023,171,0.38089,5.399,583.93,703.063333333333,4.01979452054795
"1997","spruceT4P13SH",2023,172,0.38195,5.399,583.93,703.063333333333,4.01979452054795
"1998","spruceT4P13SH",2023,173,0.38314,5.399,583.93,703.063333333333,4.01979452054795
"1999","spruceT4P13SH",2023,174,0.38423,5.399,583.93,703.063333333333,4.01979452054795
"2000","spruceT4P13SH",2023,175,0.38531,5.399,583.93,703.063333333333,4.01979452054795
"2001","spruceT4P13SH",2023,176,0.3865,5.399,583.93,703.063333333333,4.01979452054795
"2002","spruceT4P13SH",2023,177,0.38754,5.399,583.93,703.063333333333,4.01979452054795
"2003","spruceT4P13SH",2023,178,0.38848,5.399,583.93,703.063333333333,4.01979452054795
"2004","spruceT4P13SH",2023,179,0.38943,5.399,583.93,703.063333333333,4.01979452054795
"2005","spruceT4P13SH",2023,180,0.39023,5.399,583.93,703.063333333333,4.01979452054795
"2006","spruceT4P13SH",2023,181,0.39085,5.399,583.93,703.063333333333,4.01979452054795
"2007","spruceT4P13SH",2023,182,0.39137,5.399,583.93,703.063333333333,4.01979452054795
"2008","spruceT4P13SH",2023,183,0.3918,5.399,583.93,703.063333333333,4.01979452054795
"2009","spruceT4P13SH",2023,184,0.3921,5.399,583.93,703.063333333333,4.01979452054795
"2010","spruceT4P13SH",2023,185,0.39226,5.399,583.93,703.063333333333,4.01979452054795
"2011","spruceT4P13SH",2023,186,0.39242,5.399,583.93,703.063333333333,4.01979452054795
"2012","spruceT4P13SH",2023,187,0.39247,5.399,583.93,703.063333333333,4.01979452054795
"2013","spruceT4P13SH",2023,188,0.39239,5.399,583.93,703.063333333333,4.01979452054795
"2014","spruceT4P13SH",2023,189,0.39238,5.399,583.93,703.063333333333,4.01979452054795
"2015","spruceT4P13SH",2023,190,0.3924,5.399,583.93,703.063333333333,4.01979452054795
"2016","spruceT4P13SH",2023,191,0.39232,5.399,583.93,703.063333333333,4.01979452054795
"2017","spruceT4P13SH",2023,192,0.39221,5.399,583.93,703.063333333333,4.01979452054795
"2018","spruceT4P13SH",2023,193,0.39216,5.399,583.93,703.063333333333,4.01979452054795
"2019","spruceT4P13SH",2023,194,0.39223,5.399,583.93,703.063333333333,4.01979452054795
"2020","spruceT4P13SH",2023,195,0.39256,5.399,583.93,703.063333333333,4.01979452054795
"2021","spruceT4P13SH",2023,196,0.39304,5.399,583.93,703.063333333333,4.01979452054795
"2022","spruceT4P13SH",2023,197,0.39338,5.399,583.93,703.063333333333,4.01979452054795
"2023","spruceT4P13SH",2023,198,0.3937,5.399,583.93,703.063333333333,4.01979452054795
"2024","spruceT4P13SH",2023,199,0.39412,5.399,583.93,703.063333333333,4.01979452054795
"2025","spruceT4P13SH",2023,200,0.39437,5.399,583.93,703.063333333333,4.01979452054795
"2026","spruceT4P13SH",2023,201,0.39445,5.399,583.93,703.063333333333,4.01979452054795
"2027","spruceT4P13SH",2023,202,0.3945,5.399,583.93,703.063333333333,4.01979452054795
"2028","spruceT4P13SH",2023,203,0.39445,5.399,583.93,703.063333333333,4.01979452054795
"2029","spruceT4P13SH",2023,204,0.39423,5.399,583.93,703.063333333333,4.01979452054795
"2030","spruceT4P13SH",2023,205,0.39388,5.399,583.93,703.063333333333,4.01979452054795
"2031","spruceT4P13SH",2023,206,0.39351,5.399,583.93,703.063333333333,4.01979452054795
"2032","spruceT4P13SH",2023,207,0.39295,5.399,583.93,703.063333333333,4.01979452054795
"2033","spruceT4P13SH",2023,208,0.39218,5.399,583.93,703.063333333333,4.01979452054795
"2034","spruceT4P13SH",2023,209,0.39155,5.399,583.93,703.063333333333,4.01979452054795
"2035","spruceT4P13SH",2023,210,0.39104,5.399,583.93,703.063333333333,4.01979452054795
"2036","spruceT4P13SH",2023,211,0.39048,5.399,583.93,703.063333333333,4.01979452054795
"2037","spruceT4P13SH",2023,212,0.39,5.399,583.93,703.063333333333,4.01979452054795
"2038","spruceT4P13SH",2023,213,0.38961,5.399,583.93,703.063333333333,4.01979452054795
"2039","spruceT4P13SH",2023,214,0.38928,5.399,583.93,703.063333333333,4.01979452054795
"2040","spruceT4P13SH",2023,215,0.38898,5.399,583.93,703.063333333333,4.01979452054795
"2041","spruceT4P13SH",2023,216,0.38868,5.399,583.93,703.063333333333,4.01979452054795
"2042","spruceT4P13SH",2023,217,0.38835,5.399,583.93,703.063333333333,4.01979452054795
"2043","spruceT4P13SH",2023,218,0.38801,5.399,583.93,703.063333333333,4.01979452054795
"2044","spruceT4P13SH",2023,219,0.38767,5.399,583.93,703.063333333333,4.01979452054795
"2045","spruceT4P13SH",2023,220,0.38735,5.399,583.93,703.063333333333,4.01979452054795
"2046","spruceT4P13SH",2023,221,0.3871,5.399,583.93,703.063333333333,4.01979452054795
"2047","spruceT4P13SH",2023,222,0.3869,5.399,583.93,703.063333333333,4.01979452054795
"2048","spruceT4P13SH",2023,223,0.38666,5.399,583.93,703.063333333333,4.01979452054795
"2049","spruceT4P13SH",2023,224,0.38642,5.399,583.93,703.063333333333,4.01979452054795
"2050","spruceT4P13SH",2023,225,0.38619,5.399,583.93,703.063333333333,4.01979452054795
"2051","spruceT4P13SH",2023,226,0.3859,5.399,583.93,703.063333333333,4.01979452054795
"2052","spruceT4P13SH",2023,227,0.38561,5.399,583.93,703.063333333333,4.01979452054795
"2053","spruceT4P13SH",2023,228,0.38534,5.399,583.93,703.063333333333,4.01979452054795
"2054","spruceT4P13SH",2023,229,0.38499,5.399,583.93,703.063333333333,4.01979452054795
"2055","spruceT4P13SH",2023,230,0.3846,5.399,583.93,703.063333333333,4.01979452054795
"2056","spruceT4P13SH",2023,231,0.38422,5.399,583.93,703.063333333333,4.01979452054795
"2057","spruceT4P13SH",2023,232,0.38375,5.399,583.93,703.063333333333,4.01979452054795
"2058","spruceT4P13SH",2023,233,0.38315,5.399,583.93,703.063333333333,4.01979452054795
"2059","spruceT4P13SH",2023,234,0.38247,5.399,583.93,703.063333333333,4.01979452054795
"2060","spruceT4P13SH",2023,235,0.38178,5.399,583.93,703.063333333333,4.01979452054795
"2061","spruceT4P13SH",2023,236,0.38096,5.399,583.93,703.063333333333,4.01979452054795
"2062","spruceT4P13SH",2023,237,0.37996,5.399,583.93,703.063333333333,4.01979452054795
"2063","spruceT4P13SH",2023,238,0.37891,5.399,583.93,703.063333333333,4.01979452054795
"2064","spruceT4P13SH",2023,239,0.37795,5.399,583.93,703.063333333333,4.01979452054795
"2065","spruceT4P13SH",2023,240,0.37721,5.399,583.93,703.063333333333,4.01979452054795
"2066","spruceT4P13SH",2023,241,0.37658,5.399,583.93,703.063333333333,4.01979452054795
"2067","spruceT4P13SH",2023,242,0.37597,5.399,583.93,703.063333333333,4.01979452054795
"2068","spruceT4P13SH",2023,243,0.37549,5.399,583.93,703.063333333333,4.01979452054795
"2069","spruceT4P13SH",2023,244,0.37525,5.399,583.93,703.063333333333,4.01979452054795
"2070","spruceT4P13SH",2023,245,0.37516,5.399,583.93,703.063333333333,4.01979452054795
"2071","spruceT4P13SH",2023,246,0.37506,5.399,583.93,703.063333333333,4.01979452054795
"2072","spruceT4P13SH",2023,247,0.37512,5.399,583.93,703.063333333333,4.01979452054795
"2073","spruceT4P13SH",2023,248,0.37538,5.399,583.93,703.063333333333,4.01979452054795
"2074","spruceT4P13SH",2023,249,0.37549,5.399,583.93,703.063333333333,4.01979452054795
"2075","spruceT4P13SH",2023,250,0.37558,5.399,583.93,703.063333333333,4.01979452054795
"2076","spruceT4P13SH",2023,251,0.37579,5.399,583.93,703.063333333333,4.01979452054795
"2077","spruceT4P13SH",2023,252,0.37582,5.399,583.93,703.063333333333,4.01979452054795
"2078","spruceT4P13SH",2023,253,0.37554,5.399,583.93,703.063333333333,4.01979452054795
"2079","spruceT4P13SH",2023,254,0.37512,5.399,583.93,703.063333333333,4.01979452054795
"2080","spruceT4P13SH",2023,255,0.37477,5.399,583.93,703.063333333333,4.01979452054795
"2081","spruceT4P13SH",2023,256,0.37427,5.399,583.93,703.063333333333,4.01979452054795
"2082","spruceT4P13SH",2023,257,0.37356,5.399,583.93,703.063333333333,4.01979452054795
"2083","spruceT4P13SH",2023,258,0.37311,5.399,583.93,703.063333333333,4.01979452054795
"2084","spruceT4P13SH",2023,259,0.37296,5.399,583.93,703.063333333333,4.01979452054795
"2085","spruceT4P13SH",2023,260,0.37288,5.399,583.93,703.063333333333,4.01979452054795
"2086","spruceT4P13SH",2023,261,0.37286,5.399,583.93,703.063333333333,4.01979452054795
"2087","spruceT4P13SH",2023,262,0.37289,5.399,583.93,703.063333333333,4.01979452054795
"2088","spruceT4P13SH",2023,263,0.37296,5.399,583.93,703.063333333333,4.01979452054795
"2089","spruceT4P13SH",2023,264,0.37325,5.399,583.93,703.063333333333,4.01979452054795
"2090","spruceT4P13SH",2023,265,0.37373,5.399,583.93,703.063333333333,4.01979452054795
"2091","spruceT4P13SH",2023,266,0.37407,5.399,583.93,703.063333333333,4.01979452054795
"2092","spruceT4P13SH",2023,267,0.3744,5.399,583.93,703.063333333333,4.01979452054795
"2093","spruceT4P13SH",2023,268,0.37487,5.399,583.93,703.063333333333,4.01979452054795
"2094","spruceT4P13SH",2023,269,0.37515,5.399,583.93,703.063333333333,4.01979452054795
"2095","spruceT4P13SH",2023,270,0.37526,5.399,583.93,703.063333333333,4.01979452054795
"2096","spruceT4P13SH",2023,271,0.37534,5.399,583.93,703.063333333333,4.01979452054795
"2097","spruceT4P13SH",2023,272,0.37528,5.399,583.93,703.063333333333,4.01979452054795
"2098","spruceT4P13SH",2023,273,0.37495,5.399,583.93,703.063333333333,4.01979452054795
"2099","spruceT4P13SH",2023,274,0.37444,5.399,583.93,703.063333333333,4.01979452054795
"2100","spruceT4P13SH",2023,275,0.37396,5.399,583.93,703.063333333333,4.01979452054795
"2101","spruceT4P13SH",2023,276,0.37349,5.399,583.93,703.063333333333,4.01979452054795
"2102","spruceT4P13SH",2023,277,0.37293,5.399,583.93,703.063333333333,4.01979452054795
"2103","spruceT4P13SH",2023,278,0.37239,5.399,583.93,703.063333333333,4.01979452054795
"2104","spruceT4P13SH",2023,279,0.37182,5.399,583.93,703.063333333333,4.01979452054795
"2105","spruceT4P13SH",2023,280,0.37119,5.399,583.93,703.063333333333,4.01979452054795
"2106","spruceT4P13SH",2023,281,0.37057,5.399,583.93,703.063333333333,4.01979452054795
"2107","spruceT4P13SH",2023,282,0.36989,5.399,583.93,703.063333333333,4.01979452054795
"2108","spruceT4P13SH",2023,283,0.36914,5.399,583.93,703.063333333333,4.01979452054795
"2109","spruceT4P13SH",2023,284,0.36845,5.399,583.93,703.063333333333,4.01979452054795
"2110","spruceT4P13SH",2023,285,0.36782,5.399,583.93,703.063333333333,4.01979452054795
"2111","spruceT4P13SH",2023,286,0.36717,5.399,583.93,703.063333333333,4.01979452054795
"2112","spruceT4P13SH",2023,287,0.36657,5.399,583.93,703.063333333333,4.01979452054795
"2113","spruceT4P13SH",2023,288,0.36611,5.399,583.93,703.063333333333,4.01979452054795
"2114","spruceT4P13SH",2023,289,0.36571,5.399,583.93,703.063333333333,4.01979452054795
"2115","spruceT4P13SH",2023,290,0.36528,5.399,583.93,703.063333333333,4.01979452054795
"2116","spruceT4P13SH",2023,291,0.36488,5.399,583.93,703.063333333333,4.01979452054795
"2117","spruceT4P13SH",2023,292,0.36455,5.399,583.93,703.063333333333,4.01979452054795
"2118","spruceT4P13SH",2023,293,0.3641,5.399,583.93,703.063333333333,4.01979452054795
"2119","spruceT4P13SH",2023,294,0.3636,5.399,583.93,703.063333333333,4.01979452054795
"2120","spruceT4P13SH",2023,295,0.36312,5.399,583.93,703.063333333333,4.01979452054795
"2121","spruceT4P13SH",2023,296,0.36254,5.399,583.93,703.063333333333,4.01979452054795
"2122","spruceT4P13SH",2023,297,0.36184,5.399,583.93,703.063333333333,4.01979452054795
"2123","spruceT4P13SH",2023,298,0.3611,5.399,583.93,703.063333333333,4.01979452054795
"2124","spruceT4P13SH",2023,299,0.3603,5.399,583.93,703.063333333333,4.01979452054795
"2125","spruceT4P13SH",2023,300,0.35949,5.399,583.93,703.063333333333,4.01979452054795
"2126","spruceT4P13SH",2023,301,0.35865,5.399,583.93,703.063333333333,4.01979452054795
"2127","spruceT4P13SH",2023,302,0.35768,5.399,583.93,703.063333333333,4.01979452054795
"2128","spruceT4P13SH",2023,303,0.35664,5.399,583.93,703.063333333333,4.01979452054795
"2129","spruceT4P13SH",2023,304,0.35556,5.399,583.93,703.063333333333,4.01979452054795
"2130","spruceT4P13SH",2023,305,0.35433,5.399,583.93,703.063333333333,4.01979452054795
"2131","spruceT4P13SH",2023,306,0.35287,5.399,583.93,703.063333333333,4.01979452054795
"2132","spruceT4P13SH",2023,307,0.35126,5.399,583.93,703.063333333333,4.01979452054795
"2133","spruceT4P13SH",2023,308,0.34956,5.399,583.93,703.063333333333,4.01979452054795
"2134","spruceT4P13SH",2023,309,0.34781,5.399,583.93,703.063333333333,4.01979452054795
"2135","spruceT4P13SH",2023,310,0.34609,5.399,583.93,703.063333333333,4.01979452054795
"2136","spruceT4P13SH",2023,311,0.34413,5.399,583.93,703.063333333333,4.01979452054795
"2137","spruceT4P13SH",2023,312,0.34194,5.399,583.93,703.063333333333,4.01979452054795
"2138","spruceT4P13SH",2023,313,0.33997,5.399,583.93,703.063333333333,4.01979452054795
"2139","spruceT4P13SH",2023,314,0.33803,5.399,583.93,703.063333333333,4.01979452054795
"2140","spruceT4P13SH",2023,315,0.33594,5.399,583.93,703.063333333333,4.01979452054795
"2141","spruceT4P13SH",2023,316,0.33414,5.399,583.93,703.063333333333,4.01979452054795
"2142","spruceT4P13SH",2023,317,0.33269,5.399,583.93,703.063333333333,4.01979452054795
"2143","spruceT4P13SH",2023,318,0.33136,5.399,583.93,703.063333333333,4.01979452054795
"2144","spruceT4P13SH",2023,319,0.33014,5.399,583.93,703.063333333333,4.01979452054795
"2145","spruceT4P13SH",2023,320,0.32914,5.399,583.93,703.063333333333,4.01979452054795
"2146","spruceT4P13SH",2023,321,0.32834,5.399,583.93,703.063333333333,4.01979452054795
"2147","spruceT4P13SH",2023,322,0.32756,5.399,583.93,703.063333333333,4.01979452054795
"2148","spruceT4P13SH",2023,323,0.3268,5.399,583.93,703.063333333333,4.01979452054795
"2149","spruceT4P13SH",2023,324,0.32617,5.399,583.93,703.063333333333,4.01979452054795
"2150","spruceT4P13SH",2023,325,0.32557,5.399,583.93,703.063333333333,4.01979452054795
"2151","spruceT4P13SH",2023,326,0.32503,5.399,583.93,703.063333333333,4.01979452054795
"2152","spruceT4P13SH",2023,327,0.32459,5.399,583.93,703.063333333333,4.01979452054795
"2153","spruceT4P13SH",2023,328,0.32416,5.399,583.93,703.063333333333,4.01979452054795
"2154","spruceT4P13SH",2023,329,0.32374,5.399,583.93,703.063333333333,4.01979452054795
"2155","spruceT4P13SH",2023,330,0.32338,5.399,583.93,703.063333333333,4.01979452054795
"2156","spruceT4P13SH",2023,331,0.32307,5.399,583.93,703.063333333333,4.01979452054795
"2157","spruceT4P13SH",2023,332,0.3228,5.399,583.93,703.063333333333,4.01979452054795
"2158","spruceT4P13SH",2023,333,0.32257,5.399,583.93,703.063333333333,4.01979452054795
"2159","spruceT4P13SH",2023,334,0.32245,5.399,583.93,703.063333333333,4.01979452054795
"2160","spruceT4P13SH",2023,335,0.32243,5.399,583.93,703.063333333333,4.01979452054795
"2161","spruceT4P13SH",2023,336,0.32236,5.399,583.93,703.063333333333,4.01979452054795
"2162","spruceT4P13SH",2023,337,0.3223,5.399,583.93,703.063333333333,4.01979452054795
"2163","spruceT4P13SH",2023,338,0.3223,5.399,583.93,703.063333333333,4.01979452054795
"2164","spruceT4P13SH",2023,339,0.32222,5.399,583.93,703.063333333333,4.01979452054795
"2165","spruceT4P13SH",2023,340,0.32204,5.399,583.93,703.063333333333,4.01979452054795
"2166","spruceT4P13SH",2023,341,0.32184,5.399,583.93,703.063333333333,4.01979452054795
"2167","spruceT4P13SH",2023,342,0.32164,5.399,583.93,703.063333333333,4.01979452054795
"2168","spruceT4P13SH",2023,343,0.32138,5.399,583.93,703.063333333333,4.01979452054795
"2169","spruceT4P13SH",2023,344,0.32106,5.399,583.93,703.063333333333,4.01979452054795
"2170","spruceT4P13SH",2023,345,0.32081,5.399,583.93,703.063333333333,4.01979452054795
"2171","spruceT4P13SH",2023,346,0.32061,5.399,583.93,703.063333333333,4.01979452054795
"2172","spruceT4P13SH",2023,347,0.3204,5.399,583.93,703.063333333333,4.01979452054795
"2173","spruceT4P13SH",2023,348,0.32023,5.399,583.93,703.063333333333,4.01979452054795
"2174","spruceT4P13SH",2023,349,0.32009,5.399,583.93,703.063333333333,4.01979452054795
"2175","spruceT4P13SH",2023,350,0.31997,5.399,583.93,703.063333333333,4.01979452054795
"2176","spruceT4P13SH",2023,351,0.31986,5.399,583.93,703.063333333333,4.01979452054795
"2177","spruceT4P13SH",2023,352,0.31978,5.399,583.93,703.063333333333,4.01979452054795
"2178","spruceT4P13SH",2023,353,0.31973,5.399,583.93,703.063333333333,4.01979452054795
"2179","spruceT4P13SH",2023,354,0.31971,5.399,583.93,703.063333333333,4.01979452054795
"2180","spruceT4P13SH",2023,355,0.31974,5.399,583.93,703.063333333333,4.01979452054795
"2181","spruceT4P13SH",2023,356,0.31979,5.399,583.93,703.063333333333,4.01979452054795
"2182","spruceT4P13SH",2023,357,0.31993,5.399,583.93,703.063333333333,4.01979452054795
"2183","spruceT4P13SH",2023,358,0.32012,5.399,583.93,703.063333333333,4.01979452054795
"2184","spruceT4P13SH",2023,359,0.32027,5.399,583.93,703.063333333333,4.01979452054795
"2185","spruceT4P13SH",2023,360,0.32035,5.399,583.93,703.063333333333,4.01979452054795
"2186","spruceT4P13SH",2023,361,0.32042,5.399,583.93,703.063333333333,4.01979452054795
"2187","spruceT4P13SH",2023,362,0.32049,5.399,583.93,703.063333333333,4.01979452054795
"2188","spruceT4P13SH",2023,363,0.32061,5.399,583.93,703.063333333333,4.01979452054795
"2189","spruceT4P13SH",2023,364,0.32078,5.399,583.93,703.063333333333,4.01979452054795
"2190","spruceT4P13SH",2023,365,0.32091,5.399,583.93,703.063333333333,4.01979452054795
