"","site","year","doy","smooth_gcc_90","annual_temp","annual_precip","map","mat"
"1","spruceT6P08",2016,1,0.31323,5.40276712328767,977.99,809.995,3.89040410958904
"2","spruceT6P08",2016,2,0.3131,5.40276712328767,977.99,809.995,3.89040410958904
"3","spruceT6P08",2016,3,0.31295,5.40276712328767,977.99,809.995,3.89040410958904
"4","spruceT6P08",2016,4,0.31274,5.40276712328767,977.99,809.995,3.89040410958904
"5","spruceT6P08",2016,5,0.31242,5.40276712328767,977.99,809.995,3.89040410958904
"6","spruceT6P08",2016,6,0.31205,5.40276712328767,977.99,809.995,3.89040410958904
"7","spruceT6P08",2016,7,0.31169,5.40276712328767,977.99,809.995,3.89040410958904
"8","spruceT6P08",2016,8,0.31138,5.40276712328767,977.99,809.995,3.89040410958904
"9","spruceT6P08",2016,9,0.31118,5.40276712328767,977.99,809.995,3.89040410958904
"10","spruceT6P08",2016,10,0.31113,5.40276712328767,977.99,809.995,3.89040410958904
"11","spruceT6P08",2016,11,0.31128,5.40276712328767,977.99,809.995,3.89040410958904
"12","spruceT6P08",2016,12,0.3116,5.40276712328767,977.99,809.995,3.89040410958904
"13","spruceT6P08",2016,13,0.31202,5.40276712328767,977.99,809.995,3.89040410958904
"14","spruceT6P08",2016,14,0.3125,5.40276712328767,977.99,809.995,3.89040410958904
"15","spruceT6P08",2016,15,0.31297,5.40276712328767,977.99,809.995,3.89040410958904
"16","spruceT6P08",2016,16,0.31337,5.40276712328767,977.99,809.995,3.89040410958904
"17","spruceT6P08",2016,17,0.31366,5.40276712328767,977.99,809.995,3.89040410958904
"18","spruceT6P08",2016,18,0.31388,5.40276712328767,977.99,809.995,3.89040410958904
"19","spruceT6P08",2016,19,0.31412,5.40276712328767,977.99,809.995,3.89040410958904
"20","spruceT6P08",2016,20,0.31434,5.40276712328767,977.99,809.995,3.89040410958904
"21","spruceT6P08",2016,21,0.31453,5.40276712328767,977.99,809.995,3.89040410958904
"22","spruceT6P08",2016,22,0.31466,5.40276712328767,977.99,809.995,3.89040410958904
"23","spruceT6P08",2016,23,0.31472,5.40276712328767,977.99,809.995,3.89040410958904
"24","spruceT6P08",2016,24,0.31467,5.40276712328767,977.99,809.995,3.89040410958904
"25","spruceT6P08",2016,25,0.31447,5.40276712328767,977.99,809.995,3.89040410958904
"26","spruceT6P08",2016,26,0.31414,5.40276712328767,977.99,809.995,3.89040410958904
"27","spruceT6P08",2016,27,0.31371,5.40276712328767,977.99,809.995,3.89040410958904
"28","spruceT6P08",2016,28,0.31325,5.40276712328767,977.99,809.995,3.89040410958904
"29","spruceT6P08",2016,29,0.31279,5.40276712328767,977.99,809.995,3.89040410958904
"30","spruceT6P08",2016,30,0.3124,5.40276712328767,977.99,809.995,3.89040410958904
"31","spruceT6P08",2016,31,0.31212,5.40276712328767,977.99,809.995,3.89040410958904
"32","spruceT6P08",2016,32,0.31196,5.40276712328767,977.99,809.995,3.89040410958904
"33","spruceT6P08",2016,33,0.31188,5.40276712328767,977.99,809.995,3.89040410958904
"34","spruceT6P08",2016,34,0.31185,5.40276712328767,977.99,809.995,3.89040410958904
"35","spruceT6P08",2016,35,0.31184,5.40276712328767,977.99,809.995,3.89040410958904
"36","spruceT6P08",2016,36,0.31184,5.40276712328767,977.99,809.995,3.89040410958904
"37","spruceT6P08",2016,37,0.3118,5.40276712328767,977.99,809.995,3.89040410958904
"38","spruceT6P08",2016,38,0.31171,5.40276712328767,977.99,809.995,3.89040410958904
"39","spruceT6P08",2016,39,0.31156,5.40276712328767,977.99,809.995,3.89040410958904
"40","spruceT6P08",2016,40,0.31139,5.40276712328767,977.99,809.995,3.89040410958904
"41","spruceT6P08",2016,41,0.31118,5.40276712328767,977.99,809.995,3.89040410958904
"42","spruceT6P08",2016,42,0.31095,5.40276712328767,977.99,809.995,3.89040410958904
"43","spruceT6P08",2016,43,0.31069,5.40276712328767,977.99,809.995,3.89040410958904
"44","spruceT6P08",2016,44,0.31041,5.40276712328767,977.99,809.995,3.89040410958904
"45","spruceT6P08",2016,45,0.3101,5.40276712328767,977.99,809.995,3.89040410958904
"46","spruceT6P08",2016,46,0.30973,5.40276712328767,977.99,809.995,3.89040410958904
"47","spruceT6P08",2016,47,0.3093,5.40276712328767,977.99,809.995,3.89040410958904
"48","spruceT6P08",2016,48,0.30882,5.40276712328767,977.99,809.995,3.89040410958904
"49","spruceT6P08",2016,49,0.30836,5.40276712328767,977.99,809.995,3.89040410958904
"50","spruceT6P08",2016,50,0.30793,5.40276712328767,977.99,809.995,3.89040410958904
"51","spruceT6P08",2016,51,0.30758,5.40276712328767,977.99,809.995,3.89040410958904
"52","spruceT6P08",2016,52,0.30735,5.40276712328767,977.99,809.995,3.89040410958904
"53","spruceT6P08",2016,53,0.30725,5.40276712328767,977.99,809.995,3.89040410958904
"54","spruceT6P08",2016,54,0.30722,5.40276712328767,977.99,809.995,3.89040410958904
"55","spruceT6P08",2016,55,0.30725,5.40276712328767,977.99,809.995,3.89040410958904
"56","spruceT6P08",2016,56,0.30732,5.40276712328767,977.99,809.995,3.89040410958904
"57","spruceT6P08",2016,57,0.30739,5.40276712328767,977.99,809.995,3.89040410958904
"58","spruceT6P08",2016,58,0.30744,5.40276712328767,977.99,809.995,3.89040410958904
"59","spruceT6P08",2016,59,0.30745,5.40276712328767,977.99,809.995,3.89040410958904
"60","spruceT6P08",2016,60,0.30752,5.40276712328767,977.99,809.995,3.89040410958904
"61","spruceT6P08",2016,61,0.3077,5.40276712328767,977.99,809.995,3.89040410958904
"62","spruceT6P08",2016,62,0.30794,5.40276712328767,977.99,809.995,3.89040410958904
"63","spruceT6P08",2016,63,0.30815,5.40276712328767,977.99,809.995,3.89040410958904
"64","spruceT6P08",2016,64,0.30827,5.40276712328767,977.99,809.995,3.89040410958904
"65","spruceT6P08",2016,65,0.30822,5.40276712328767,977.99,809.995,3.89040410958904
"66","spruceT6P08",2016,66,0.30794,5.40276712328767,977.99,809.995,3.89040410958904
"67","spruceT6P08",2016,67,0.30732,5.40276712328767,977.99,809.995,3.89040410958904
"68","spruceT6P08",2016,68,0.30641,5.40276712328767,977.99,809.995,3.89040410958904
"69","spruceT6P08",2016,69,0.30532,5.40276712328767,977.99,809.995,3.89040410958904
"70","spruceT6P08",2016,70,0.30416,5.40276712328767,977.99,809.995,3.89040410958904
"71","spruceT6P08",2016,71,0.30307,5.40276712328767,977.99,809.995,3.89040410958904
"72","spruceT6P08",2016,72,0.30214,5.40276712328767,977.99,809.995,3.89040410958904
"73","spruceT6P08",2016,73,0.30151,5.40276712328767,977.99,809.995,3.89040410958904
"74","spruceT6P08",2016,74,0.3011,5.40276712328767,977.99,809.995,3.89040410958904
"75","spruceT6P08",2016,75,0.30076,5.40276712328767,977.99,809.995,3.89040410958904
"76","spruceT6P08",2016,76,0.30047,5.40276712328767,977.99,809.995,3.89040410958904
"77","spruceT6P08",2016,77,0.30025,5.40276712328767,977.99,809.995,3.89040410958904
"78","spruceT6P08",2016,78,0.30007,5.40276712328767,977.99,809.995,3.89040410958904
"79","spruceT6P08",2016,79,0.29994,5.40276712328767,977.99,809.995,3.89040410958904
"80","spruceT6P08",2016,80,0.29985,5.40276712328767,977.99,809.995,3.89040410958904
"81","spruceT6P08",2016,81,0.29995,5.40276712328767,977.99,809.995,3.89040410958904
"82","spruceT6P08",2016,82,0.30031,5.40276712328767,977.99,809.995,3.89040410958904
"83","spruceT6P08",2016,83,0.30083,5.40276712328767,977.99,809.995,3.89040410958904
"84","spruceT6P08",2016,84,0.30142,5.40276712328767,977.99,809.995,3.89040410958904
"85","spruceT6P08",2016,85,0.30197,5.40276712328767,977.99,809.995,3.89040410958904
"86","spruceT6P08",2016,86,0.30237,5.40276712328767,977.99,809.995,3.89040410958904
"87","spruceT6P08",2016,87,0.30253,5.40276712328767,977.99,809.995,3.89040410958904
"88","spruceT6P08",2016,88,0.30236,5.40276712328767,977.99,809.995,3.89040410958904
"89","spruceT6P08",2016,89,0.30192,5.40276712328767,977.99,809.995,3.89040410958904
"90","spruceT6P08",2016,90,0.30131,5.40276712328767,977.99,809.995,3.89040410958904
"91","spruceT6P08",2016,91,0.30063,5.40276712328767,977.99,809.995,3.89040410958904
"92","spruceT6P08",2016,92,0.29998,5.40276712328767,977.99,809.995,3.89040410958904
"93","spruceT6P08",2016,93,0.29947,5.40276712328767,977.99,809.995,3.89040410958904
"94","spruceT6P08",2016,94,0.29919,5.40276712328767,977.99,809.995,3.89040410958904
"95","spruceT6P08",2016,95,0.29912,5.40276712328767,977.99,809.995,3.89040410958904
"96","spruceT6P08",2016,96,0.29917,5.40276712328767,977.99,809.995,3.89040410958904
"97","spruceT6P08",2016,97,0.29928,5.40276712328767,977.99,809.995,3.89040410958904
"98","spruceT6P08",2016,98,0.29944,5.40276712328767,977.99,809.995,3.89040410958904
"99","spruceT6P08",2016,99,0.29962,5.40276712328767,977.99,809.995,3.89040410958904
"100","spruceT6P08",2016,100,0.29978,5.40276712328767,977.99,809.995,3.89040410958904
"101","spruceT6P08",2016,101,0.29989,5.40276712328767,977.99,809.995,3.89040410958904
"102","spruceT6P08",2016,102,0.29999,5.40276712328767,977.99,809.995,3.89040410958904
"103","spruceT6P08",2016,103,0.30014,5.40276712328767,977.99,809.995,3.89040410958904
"104","spruceT6P08",2016,104,0.30032,5.40276712328767,977.99,809.995,3.89040410958904
"105","spruceT6P08",2016,105,0.30053,5.40276712328767,977.99,809.995,3.89040410958904
"106","spruceT6P08",2016,106,0.30077,5.40276712328767,977.99,809.995,3.89040410958904
"107","spruceT6P08",2016,107,0.30103,5.40276712328767,977.99,809.995,3.89040410958904
"108","spruceT6P08",2016,108,0.3013,5.40276712328767,977.99,809.995,3.89040410958904
"109","spruceT6P08",2016,109,0.30144,5.40276712328767,977.99,809.995,3.89040410958904
"110","spruceT6P08",2016,110,0.30136,5.40276712328767,977.99,809.995,3.89040410958904
"111","spruceT6P08",2016,111,0.30119,5.40276712328767,977.99,809.995,3.89040410958904
"112","spruceT6P08",2016,112,0.30107,5.40276712328767,977.99,809.995,3.89040410958904
"113","spruceT6P08",2016,113,0.30111,5.40276712328767,977.99,809.995,3.89040410958904
"114","spruceT6P08",2016,114,0.30145,5.40276712328767,977.99,809.995,3.89040410958904
"115","spruceT6P08",2016,115,0.30202,5.40276712328767,977.99,809.995,3.89040410958904
"116","spruceT6P08",2016,116,0.30269,5.40276712328767,977.99,809.995,3.89040410958904
"117","spruceT6P08",2016,117,0.30349,5.40276712328767,977.99,809.995,3.89040410958904
"118","spruceT6P08",2016,118,0.30445,5.40276712328767,977.99,809.995,3.89040410958904
"119","spruceT6P08",2016,119,0.30559,5.40276712328767,977.99,809.995,3.89040410958904
"120","spruceT6P08",2016,120,0.30695,5.40276712328767,977.99,809.995,3.89040410958904
"121","spruceT6P08",2016,121,0.30854,5.40276712328767,977.99,809.995,3.89040410958904
"122","spruceT6P08",2016,122,0.31045,5.40276712328767,977.99,809.995,3.89040410958904
"123","spruceT6P08",2016,123,0.31268,5.40276712328767,977.99,809.995,3.89040410958904
"124","spruceT6P08",2016,124,0.31513,5.40276712328767,977.99,809.995,3.89040410958904
"125","spruceT6P08",2016,125,0.31772,5.40276712328767,977.99,809.995,3.89040410958904
"126","spruceT6P08",2016,126,0.32038,5.40276712328767,977.99,809.995,3.89040410958904
"127","spruceT6P08",2016,127,0.32301,5.40276712328767,977.99,809.995,3.89040410958904
"128","spruceT6P08",2016,128,0.32552,5.40276712328767,977.99,809.995,3.89040410958904
"129","spruceT6P08",2016,129,0.32806,5.40276712328767,977.99,809.995,3.89040410958904
"130","spruceT6P08",2016,130,0.33076,5.40276712328767,977.99,809.995,3.89040410958904
"131","spruceT6P08",2016,131,0.33356,5.40276712328767,977.99,809.995,3.89040410958904
"132","spruceT6P08",2016,132,0.33637,5.40276712328767,977.99,809.995,3.89040410958904
"133","spruceT6P08",2016,133,0.33914,5.40276712328767,977.99,809.995,3.89040410958904
"134","spruceT6P08",2016,134,0.34178,5.40276712328767,977.99,809.995,3.89040410958904
"135","spruceT6P08",2016,135,0.34423,5.40276712328767,977.99,809.995,3.89040410958904
"136","spruceT6P08",2016,136,0.34651,5.40276712328767,977.99,809.995,3.89040410958904
"137","spruceT6P08",2016,137,0.34871,5.40276712328767,977.99,809.995,3.89040410958904
"138","spruceT6P08",2016,138,0.35083,5.40276712328767,977.99,809.995,3.89040410958904
"139","spruceT6P08",2016,139,0.35289,5.40276712328767,977.99,809.995,3.89040410958904
"140","spruceT6P08",2016,140,0.35491,5.40276712328767,977.99,809.995,3.89040410958904
"141","spruceT6P08",2016,141,0.3569,5.40276712328767,977.99,809.995,3.89040410958904
"142","spruceT6P08",2016,142,0.35888,5.40276712328767,977.99,809.995,3.89040410958904
"143","spruceT6P08",2016,143,0.36087,5.40276712328767,977.99,809.995,3.89040410958904
"144","spruceT6P08",2016,144,0.36287,5.40276712328767,977.99,809.995,3.89040410958904
"145","spruceT6P08",2016,145,0.36485,5.40276712328767,977.99,809.995,3.89040410958904
"146","spruceT6P08",2016,146,0.36677,5.40276712328767,977.99,809.995,3.89040410958904
"147","spruceT6P08",2016,147,0.36862,5.40276712328767,977.99,809.995,3.89040410958904
"148","spruceT6P08",2016,148,0.37036,5.40276712328767,977.99,809.995,3.89040410958904
"149","spruceT6P08",2016,149,0.37196,5.40276712328767,977.99,809.995,3.89040410958904
"150","spruceT6P08",2016,150,0.37344,5.40276712328767,977.99,809.995,3.89040410958904
"151","spruceT6P08",2016,151,0.37482,5.40276712328767,977.99,809.995,3.89040410958904
"152","spruceT6P08",2016,152,0.37612,5.40276712328767,977.99,809.995,3.89040410958904
"153","spruceT6P08",2016,153,0.37736,5.40276712328767,977.99,809.995,3.89040410958904
"154","spruceT6P08",2016,154,0.37856,5.40276712328767,977.99,809.995,3.89040410958904
"155","spruceT6P08",2016,155,0.37973,5.40276712328767,977.99,809.995,3.89040410958904
"156","spruceT6P08",2016,156,0.38088,5.40276712328767,977.99,809.995,3.89040410958904
"157","spruceT6P08",2016,157,0.38199,5.40276712328767,977.99,809.995,3.89040410958904
"158","spruceT6P08",2016,158,0.38301,5.40276712328767,977.99,809.995,3.89040410958904
"159","spruceT6P08",2016,159,0.38396,5.40276712328767,977.99,809.995,3.89040410958904
"160","spruceT6P08",2016,160,0.38484,5.40276712328767,977.99,809.995,3.89040410958904
"161","spruceT6P08",2016,161,0.38565,5.40276712328767,977.99,809.995,3.89040410958904
"162","spruceT6P08",2016,162,0.3864,5.40276712328767,977.99,809.995,3.89040410958904
"163","spruceT6P08",2016,163,0.3871,5.40276712328767,977.99,809.995,3.89040410958904
"164","spruceT6P08",2016,164,0.38776,5.40276712328767,977.99,809.995,3.89040410958904
"165","spruceT6P08",2016,165,0.3884,5.40276712328767,977.99,809.995,3.89040410958904
"166","spruceT6P08",2016,166,0.38902,5.40276712328767,977.99,809.995,3.89040410958904
"167","spruceT6P08",2016,167,0.3896,5.40276712328767,977.99,809.995,3.89040410958904
"168","spruceT6P08",2016,168,0.39014,5.40276712328767,977.99,809.995,3.89040410958904
"169","spruceT6P08",2016,169,0.39063,5.40276712328767,977.99,809.995,3.89040410958904
"170","spruceT6P08",2016,170,0.39103,5.40276712328767,977.99,809.995,3.89040410958904
"171","spruceT6P08",2016,171,0.39135,5.40276712328767,977.99,809.995,3.89040410958904
"172","spruceT6P08",2016,172,0.39159,5.40276712328767,977.99,809.995,3.89040410958904
"173","spruceT6P08",2016,173,0.39175,5.40276712328767,977.99,809.995,3.89040410958904
"174","spruceT6P08",2016,174,0.39183,5.40276712328767,977.99,809.995,3.89040410958904
"175","spruceT6P08",2016,175,0.39186,5.40276712328767,977.99,809.995,3.89040410958904
"176","spruceT6P08",2016,176,0.39182,5.40276712328767,977.99,809.995,3.89040410958904
"177","spruceT6P08",2016,177,0.39165,5.40276712328767,977.99,809.995,3.89040410958904
"178","spruceT6P08",2016,178,0.39132,5.40276712328767,977.99,809.995,3.89040410958904
"179","spruceT6P08",2016,179,0.39088,5.40276712328767,977.99,809.995,3.89040410958904
"180","spruceT6P08",2016,180,0.39043,5.40276712328767,977.99,809.995,3.89040410958904
"181","spruceT6P08",2016,181,0.39002,5.40276712328767,977.99,809.995,3.89040410958904
"182","spruceT6P08",2016,182,0.38972,5.40276712328767,977.99,809.995,3.89040410958904
"183","spruceT6P08",2016,183,0.38961,5.40276712328767,977.99,809.995,3.89040410958904
"184","spruceT6P08",2016,184,0.38966,5.40276712328767,977.99,809.995,3.89040410958904
"185","spruceT6P08",2016,185,0.38978,5.40276712328767,977.99,809.995,3.89040410958904
"186","spruceT6P08",2016,186,0.38997,5.40276712328767,977.99,809.995,3.89040410958904
"187","spruceT6P08",2016,187,0.39022,5.40276712328767,977.99,809.995,3.89040410958904
"188","spruceT6P08",2016,188,0.39052,5.40276712328767,977.99,809.995,3.89040410958904
"189","spruceT6P08",2016,189,0.39087,5.40276712328767,977.99,809.995,3.89040410958904
"190","spruceT6P08",2016,190,0.39126,5.40276712328767,977.99,809.995,3.89040410958904
"191","spruceT6P08",2016,191,0.39175,5.40276712328767,977.99,809.995,3.89040410958904
"192","spruceT6P08",2016,192,0.39237,5.40276712328767,977.99,809.995,3.89040410958904
"193","spruceT6P08",2016,193,0.39306,5.40276712328767,977.99,809.995,3.89040410958904
"194","spruceT6P08",2016,194,0.39377,5.40276712328767,977.99,809.995,3.89040410958904
"195","spruceT6P08",2016,195,0.39445,5.40276712328767,977.99,809.995,3.89040410958904
"196","spruceT6P08",2016,196,0.39505,5.40276712328767,977.99,809.995,3.89040410958904
"197","spruceT6P08",2016,197,0.39551,5.40276712328767,977.99,809.995,3.89040410958904
"198","spruceT6P08",2016,198,0.39585,5.40276712328767,977.99,809.995,3.89040410958904
"199","spruceT6P08",2016,199,0.39613,5.40276712328767,977.99,809.995,3.89040410958904
"200","spruceT6P08",2016,200,0.39637,5.40276712328767,977.99,809.995,3.89040410958904
"201","spruceT6P08",2016,201,0.39658,5.40276712328767,977.99,809.995,3.89040410958904
"202","spruceT6P08",2016,202,0.39679,5.40276712328767,977.99,809.995,3.89040410958904
"203","spruceT6P08",2016,203,0.39701,5.40276712328767,977.99,809.995,3.89040410958904
"204","spruceT6P08",2016,204,0.39726,5.40276712328767,977.99,809.995,3.89040410958904
"205","spruceT6P08",2016,205,0.39759,5.40276712328767,977.99,809.995,3.89040410958904
"206","spruceT6P08",2016,206,0.39798,5.40276712328767,977.99,809.995,3.89040410958904
"207","spruceT6P08",2016,207,0.39838,5.40276712328767,977.99,809.995,3.89040410958904
"208","spruceT6P08",2016,208,0.39874,5.40276712328767,977.99,809.995,3.89040410958904
"209","spruceT6P08",2016,209,0.39898,5.40276712328767,977.99,809.995,3.89040410958904
"210","spruceT6P08",2016,210,0.39906,5.40276712328767,977.99,809.995,3.89040410958904
"211","spruceT6P08",2016,211,0.39892,5.40276712328767,977.99,809.995,3.89040410958904
"212","spruceT6P08",2016,212,0.3985,5.40276712328767,977.99,809.995,3.89040410958904
"213","spruceT6P08",2016,213,0.39785,5.40276712328767,977.99,809.995,3.89040410958904
"214","spruceT6P08",2016,214,0.39705,5.40276712328767,977.99,809.995,3.89040410958904
"215","spruceT6P08",2016,215,0.39618,5.40276712328767,977.99,809.995,3.89040410958904
"216","spruceT6P08",2016,216,0.3953,5.40276712328767,977.99,809.995,3.89040410958904
"217","spruceT6P08",2016,217,0.39451,5.40276712328767,977.99,809.995,3.89040410958904
"218","spruceT6P08",2016,218,0.39387,5.40276712328767,977.99,809.995,3.89040410958904
"219","spruceT6P08",2016,219,0.39332,5.40276712328767,977.99,809.995,3.89040410958904
"220","spruceT6P08",2016,220,0.39275,5.40276712328767,977.99,809.995,3.89040410958904
"221","spruceT6P08",2016,221,0.39217,5.40276712328767,977.99,809.995,3.89040410958904
"222","spruceT6P08",2016,222,0.39159,5.40276712328767,977.99,809.995,3.89040410958904
"223","spruceT6P08",2016,223,0.39103,5.40276712328767,977.99,809.995,3.89040410958904
"224","spruceT6P08",2016,224,0.39051,5.40276712328767,977.99,809.995,3.89040410958904
"225","spruceT6P08",2016,225,0.39007,5.40276712328767,977.99,809.995,3.89040410958904
"226","spruceT6P08",2016,226,0.38973,5.40276712328767,977.99,809.995,3.89040410958904
"227","spruceT6P08",2016,227,0.38945,5.40276712328767,977.99,809.995,3.89040410958904
"228","spruceT6P08",2016,228,0.3892,5.40276712328767,977.99,809.995,3.89040410958904
"229","spruceT6P08",2016,229,0.38893,5.40276712328767,977.99,809.995,3.89040410958904
"230","spruceT6P08",2016,230,0.3886,5.40276712328767,977.99,809.995,3.89040410958904
"231","spruceT6P08",2016,231,0.38818,5.40276712328767,977.99,809.995,3.89040410958904
"232","spruceT6P08",2016,232,0.38758,5.40276712328767,977.99,809.995,3.89040410958904
"233","spruceT6P08",2016,233,0.38678,5.40276712328767,977.99,809.995,3.89040410958904
"234","spruceT6P08",2016,234,0.38587,5.40276712328767,977.99,809.995,3.89040410958904
"235","spruceT6P08",2016,235,0.38494,5.40276712328767,977.99,809.995,3.89040410958904
"236","spruceT6P08",2016,236,0.38408,5.40276712328767,977.99,809.995,3.89040410958904
"237","spruceT6P08",2016,237,0.38337,5.40276712328767,977.99,809.995,3.89040410958904
"238","spruceT6P08",2016,238,0.3829,5.40276712328767,977.99,809.995,3.89040410958904
"239","spruceT6P08",2016,239,0.38272,5.40276712328767,977.99,809.995,3.89040410958904
"240","spruceT6P08",2016,240,0.38275,5.40276712328767,977.99,809.995,3.89040410958904
"241","spruceT6P08",2016,241,0.38294,5.40276712328767,977.99,809.995,3.89040410958904
"242","spruceT6P08",2016,242,0.3832,5.40276712328767,977.99,809.995,3.89040410958904
"243","spruceT6P08",2016,243,0.38347,5.40276712328767,977.99,809.995,3.89040410958904
"244","spruceT6P08",2016,244,0.38367,5.40276712328767,977.99,809.995,3.89040410958904
"245","spruceT6P08",2016,245,0.38375,5.40276712328767,977.99,809.995,3.89040410958904
"246","spruceT6P08",2016,246,0.38372,5.40276712328767,977.99,809.995,3.89040410958904
"247","spruceT6P08",2016,247,0.38368,5.40276712328767,977.99,809.995,3.89040410958904
"248","spruceT6P08",2016,248,0.38363,5.40276712328767,977.99,809.995,3.89040410958904
"249","spruceT6P08",2016,249,0.38356,5.40276712328767,977.99,809.995,3.89040410958904
"250","spruceT6P08",2016,250,0.38348,5.40276712328767,977.99,809.995,3.89040410958904
"251","spruceT6P08",2016,251,0.38338,5.40276712328767,977.99,809.995,3.89040410958904
"252","spruceT6P08",2016,252,0.38327,5.40276712328767,977.99,809.995,3.89040410958904
"253","spruceT6P08",2016,253,0.3831,5.40276712328767,977.99,809.995,3.89040410958904
"254","spruceT6P08",2016,254,0.38287,5.40276712328767,977.99,809.995,3.89040410958904
"255","spruceT6P08",2016,255,0.38258,5.40276712328767,977.99,809.995,3.89040410958904
"256","spruceT6P08",2016,256,0.38226,5.40276712328767,977.99,809.995,3.89040410958904
"257","spruceT6P08",2016,257,0.38192,5.40276712328767,977.99,809.995,3.89040410958904
"258","spruceT6P08",2016,258,0.38159,5.40276712328767,977.99,809.995,3.89040410958904
"259","spruceT6P08",2016,259,0.38128,5.40276712328767,977.99,809.995,3.89040410958904
"260","spruceT6P08",2016,260,0.38104,5.40276712328767,977.99,809.995,3.89040410958904
"261","spruceT6P08",2016,261,0.38088,5.40276712328767,977.99,809.995,3.89040410958904
"262","spruceT6P08",2016,262,0.38077,5.40276712328767,977.99,809.995,3.89040410958904
"263","spruceT6P08",2016,263,0.38067,5.40276712328767,977.99,809.995,3.89040410958904
"264","spruceT6P08",2016,264,0.38056,5.40276712328767,977.99,809.995,3.89040410958904
"265","spruceT6P08",2016,265,0.3804,5.40276712328767,977.99,809.995,3.89040410958904
"266","spruceT6P08",2016,266,0.38017,5.40276712328767,977.99,809.995,3.89040410958904
"267","spruceT6P08",2016,267,0.37986,5.40276712328767,977.99,809.995,3.89040410958904
"268","spruceT6P08",2016,268,0.3795,5.40276712328767,977.99,809.995,3.89040410958904
"269","spruceT6P08",2016,269,0.37909,5.40276712328767,977.99,809.995,3.89040410958904
"270","spruceT6P08",2016,270,0.37864,5.40276712328767,977.99,809.995,3.89040410958904
"271","spruceT6P08",2016,271,0.37816,5.40276712328767,977.99,809.995,3.89040410958904
"272","spruceT6P08",2016,272,0.37764,5.40276712328767,977.99,809.995,3.89040410958904
"273","spruceT6P08",2016,273,0.37711,5.40276712328767,977.99,809.995,3.89040410958904
"274","spruceT6P08",2016,274,0.37655,5.40276712328767,977.99,809.995,3.89040410958904
"275","spruceT6P08",2016,275,0.37595,5.40276712328767,977.99,809.995,3.89040410958904
"276","spruceT6P08",2016,276,0.37532,5.40276712328767,977.99,809.995,3.89040410958904
"277","spruceT6P08",2016,277,0.37467,5.40276712328767,977.99,809.995,3.89040410958904
"278","spruceT6P08",2016,278,0.37399,5.40276712328767,977.99,809.995,3.89040410958904
"279","spruceT6P08",2016,279,0.37328,5.40276712328767,977.99,809.995,3.89040410958904
"280","spruceT6P08",2016,280,0.37255,5.40276712328767,977.99,809.995,3.89040410958904
"281","spruceT6P08",2016,281,0.3718,5.40276712328767,977.99,809.995,3.89040410958904
"282","spruceT6P08",2016,282,0.37101,5.40276712328767,977.99,809.995,3.89040410958904
"283","spruceT6P08",2016,283,0.3702,5.40276712328767,977.99,809.995,3.89040410958904
"284","spruceT6P08",2016,284,0.36937,5.40276712328767,977.99,809.995,3.89040410958904
"285","spruceT6P08",2016,285,0.36853,5.40276712328767,977.99,809.995,3.89040410958904
"286","spruceT6P08",2016,286,0.36767,5.40276712328767,977.99,809.995,3.89040410958904
"287","spruceT6P08",2016,287,0.3668,5.40276712328767,977.99,809.995,3.89040410958904
"288","spruceT6P08",2016,288,0.36591,5.40276712328767,977.99,809.995,3.89040410958904
"289","spruceT6P08",2016,289,0.36497,5.40276712328767,977.99,809.995,3.89040410958904
"290","spruceT6P08",2016,290,0.36401,5.40276712328767,977.99,809.995,3.89040410958904
"291","spruceT6P08",2016,291,0.36304,5.40276712328767,977.99,809.995,3.89040410958904
"292","spruceT6P08",2016,292,0.36207,5.40276712328767,977.99,809.995,3.89040410958904
"293","spruceT6P08",2016,293,0.36112,5.40276712328767,977.99,809.995,3.89040410958904
"294","spruceT6P08",2016,294,0.36022,5.40276712328767,977.99,809.995,3.89040410958904
"295","spruceT6P08",2016,295,0.35931,5.40276712328767,977.99,809.995,3.89040410958904
"296","spruceT6P08",2016,296,0.35836,5.40276712328767,977.99,809.995,3.89040410958904
"297","spruceT6P08",2016,297,0.35741,5.40276712328767,977.99,809.995,3.89040410958904
"298","spruceT6P08",2016,298,0.35647,5.40276712328767,977.99,809.995,3.89040410958904
"299","spruceT6P08",2016,299,0.35558,5.40276712328767,977.99,809.995,3.89040410958904
"300","spruceT6P08",2016,300,0.35477,5.40276712328767,977.99,809.995,3.89040410958904
"301","spruceT6P08",2016,301,0.35406,5.40276712328767,977.99,809.995,3.89040410958904
"302","spruceT6P08",2016,302,0.35348,5.40276712328767,977.99,809.995,3.89040410958904
"303","spruceT6P08",2016,303,0.35302,5.40276712328767,977.99,809.995,3.89040410958904
"304","spruceT6P08",2016,304,0.35264,5.40276712328767,977.99,809.995,3.89040410958904
"305","spruceT6P08",2016,305,0.35232,5.40276712328767,977.99,809.995,3.89040410958904
"306","spruceT6P08",2016,306,0.35201,5.40276712328767,977.99,809.995,3.89040410958904
"307","spruceT6P08",2016,307,0.35169,5.40276712328767,977.99,809.995,3.89040410958904
"308","spruceT6P08",2016,308,0.35132,5.40276712328767,977.99,809.995,3.89040410958904
"309","spruceT6P08",2016,309,0.35104,5.40276712328767,977.99,809.995,3.89040410958904
"310","spruceT6P08",2016,310,0.35094,5.40276712328767,977.99,809.995,3.89040410958904
"311","spruceT6P08",2016,311,0.35092,5.40276712328767,977.99,809.995,3.89040410958904
"312","spruceT6P08",2016,312,0.35088,5.40276712328767,977.99,809.995,3.89040410958904
"313","spruceT6P08",2016,313,0.35073,5.40276712328767,977.99,809.995,3.89040410958904
"314","spruceT6P08",2016,314,0.35037,5.40276712328767,977.99,809.995,3.89040410958904
"315","spruceT6P08",2016,315,0.3497,5.40276712328767,977.99,809.995,3.89040410958904
"316","spruceT6P08",2016,316,0.34869,5.40276712328767,977.99,809.995,3.89040410958904
"317","spruceT6P08",2016,317,0.34741,5.40276712328767,977.99,809.995,3.89040410958904
"318","spruceT6P08",2016,318,0.34594,5.40276712328767,977.99,809.995,3.89040410958904
"319","spruceT6P08",2016,319,0.34434,5.40276712328767,977.99,809.995,3.89040410958904
"320","spruceT6P08",2016,320,0.34268,5.40276712328767,977.99,809.995,3.89040410958904
"321","spruceT6P08",2016,321,0.34103,5.40276712328767,977.99,809.995,3.89040410958904
"322","spruceT6P08",2016,322,0.33946,5.40276712328767,977.99,809.995,3.89040410958904
"323","spruceT6P08",2016,323,0.33784,5.40276712328767,977.99,809.995,3.89040410958904
"324","spruceT6P08",2016,324,0.33605,5.40276712328767,977.99,809.995,3.89040410958904
"325","spruceT6P08",2016,325,0.33416,5.40276712328767,977.99,809.995,3.89040410958904
"326","spruceT6P08",2016,326,0.33223,5.40276712328767,977.99,809.995,3.89040410958904
"327","spruceT6P08",2016,327,0.33035,5.40276712328767,977.99,809.995,3.89040410958904
"328","spruceT6P08",2016,328,0.32857,5.40276712328767,977.99,809.995,3.89040410958904
"329","spruceT6P08",2016,329,0.32696,5.40276712328767,977.99,809.995,3.89040410958904
"330","spruceT6P08",2016,330,0.32553,5.40276712328767,977.99,809.995,3.89040410958904
"331","spruceT6P08",2016,331,0.32423,5.40276712328767,977.99,809.995,3.89040410958904
"332","spruceT6P08",2016,332,0.32301,5.40276712328767,977.99,809.995,3.89040410958904
"333","spruceT6P08",2016,333,0.32184,5.40276712328767,977.99,809.995,3.89040410958904
"334","spruceT6P08",2016,334,0.32069,5.40276712328767,977.99,809.995,3.89040410958904
"335","spruceT6P08",2016,335,0.31952,5.40276712328767,977.99,809.995,3.89040410958904
"336","spruceT6P08",2016,336,0.31826,5.40276712328767,977.99,809.995,3.89040410958904
"337","spruceT6P08",2016,337,0.3169,5.40276712328767,977.99,809.995,3.89040410958904
"338","spruceT6P08",2016,338,0.31551,5.40276712328767,977.99,809.995,3.89040410958904
"339","spruceT6P08",2016,339,0.31413,5.40276712328767,977.99,809.995,3.89040410958904
"340","spruceT6P08",2016,340,0.31283,5.40276712328767,977.99,809.995,3.89040410958904
"341","spruceT6P08",2016,341,0.31167,5.40276712328767,977.99,809.995,3.89040410958904
"342","spruceT6P08",2016,342,0.3107,5.40276712328767,977.99,809.995,3.89040410958904
"343","spruceT6P08",2016,343,0.30994,5.40276712328767,977.99,809.995,3.89040410958904
"344","spruceT6P08",2016,344,0.30935,5.40276712328767,977.99,809.995,3.89040410958904
"345","spruceT6P08",2016,345,0.30889,5.40276712328767,977.99,809.995,3.89040410958904
"346","spruceT6P08",2016,346,0.30854,5.40276712328767,977.99,809.995,3.89040410958904
"347","spruceT6P08",2016,347,0.30827,5.40276712328767,977.99,809.995,3.89040410958904
"348","spruceT6P08",2016,348,0.30804,5.40276712328767,977.99,809.995,3.89040410958904
"349","spruceT6P08",2016,349,0.30783,5.40276712328767,977.99,809.995,3.89040410958904
"350","spruceT6P08",2016,350,0.30768,5.40276712328767,977.99,809.995,3.89040410958904
"351","spruceT6P08",2016,351,0.30764,5.40276712328767,977.99,809.995,3.89040410958904
"352","spruceT6P08",2016,352,0.30769,5.40276712328767,977.99,809.995,3.89040410958904
"353","spruceT6P08",2016,353,0.30781,5.40276712328767,977.99,809.995,3.89040410958904
"354","spruceT6P08",2016,354,0.30796,5.40276712328767,977.99,809.995,3.89040410958904
"355","spruceT6P08",2016,355,0.30811,5.40276712328767,977.99,809.995,3.89040410958904
"356","spruceT6P08",2016,356,0.30825,5.40276712328767,977.99,809.995,3.89040410958904
"357","spruceT6P08",2016,357,0.30839,5.40276712328767,977.99,809.995,3.89040410958904
"358","spruceT6P08",2016,358,0.30857,5.40276712328767,977.99,809.995,3.89040410958904
"359","spruceT6P08",2016,359,0.30878,5.40276712328767,977.99,809.995,3.89040410958904
"360","spruceT6P08",2016,360,0.309,5.40276712328767,977.99,809.995,3.89040410958904
"361","spruceT6P08",2016,361,0.30923,5.40276712328767,977.99,809.995,3.89040410958904
"362","spruceT6P08",2016,362,0.30946,5.40276712328767,977.99,809.995,3.89040410958904
"363","spruceT6P08",2016,363,0.30967,5.40276712328767,977.99,809.995,3.89040410958904
"364","spruceT6P08",2016,364,0.30991,5.40276712328767,977.99,809.995,3.89040410958904
"365","spruceT6P08",2016,365,0.31022,5.40276712328767,977.99,809.995,3.89040410958904
"366","spruceT6P08",2017,1,0.31091,4.04560273972603,757.48,809.995,3.89040410958904
"367","spruceT6P08",2017,2,0.31125,4.04560273972603,757.48,809.995,3.89040410958904
"368","spruceT6P08",2017,3,0.31154,4.04560273972603,757.48,809.995,3.89040410958904
"369","spruceT6P08",2017,4,0.31175,4.04560273972603,757.48,809.995,3.89040410958904
"370","spruceT6P08",2017,5,0.31194,4.04560273972603,757.48,809.995,3.89040410958904
"371","spruceT6P08",2017,6,0.31216,4.04560273972603,757.48,809.995,3.89040410958904
"372","spruceT6P08",2017,7,0.31237,4.04560273972603,757.48,809.995,3.89040410958904
"373","spruceT6P08",2017,8,0.31252,4.04560273972603,757.48,809.995,3.89040410958904
"374","spruceT6P08",2017,9,0.31259,4.04560273972603,757.48,809.995,3.89040410958904
"375","spruceT6P08",2017,10,0.31252,4.04560273972603,757.48,809.995,3.89040410958904
"376","spruceT6P08",2017,11,0.31229,4.04560273972603,757.48,809.995,3.89040410958904
"377","spruceT6P08",2017,12,0.31178,4.04560273972603,757.48,809.995,3.89040410958904
"378","spruceT6P08",2017,13,0.311,4.04560273972603,757.48,809.995,3.89040410958904
"379","spruceT6P08",2017,14,0.31006,4.04560273972603,757.48,809.995,3.89040410958904
"380","spruceT6P08",2017,15,0.30905,4.04560273972603,757.48,809.995,3.89040410958904
"381","spruceT6P08",2017,16,0.30809,4.04560273972603,757.48,809.995,3.89040410958904
"382","spruceT6P08",2017,17,0.30728,4.04560273972603,757.48,809.995,3.89040410958904
"383","spruceT6P08",2017,18,0.30672,4.04560273972603,757.48,809.995,3.89040410958904
"384","spruceT6P08",2017,19,0.3063,4.04560273972603,757.48,809.995,3.89040410958904
"385","spruceT6P08",2017,20,0.30584,4.04560273972603,757.48,809.995,3.89040410958904
"386","spruceT6P08",2017,21,0.30541,4.04560273972603,757.48,809.995,3.89040410958904
"387","spruceT6P08",2017,22,0.30506,4.04560273972603,757.48,809.995,3.89040410958904
"388","spruceT6P08",2017,23,0.30484,4.04560273972603,757.48,809.995,3.89040410958904
"389","spruceT6P08",2017,24,0.30481,4.04560273972603,757.48,809.995,3.89040410958904
"390","spruceT6P08",2017,25,0.30511,4.04560273972603,757.48,809.995,3.89040410958904
"391","spruceT6P08",2017,26,0.30577,4.04560273972603,757.48,809.995,3.89040410958904
"392","spruceT6P08",2017,27,0.30667,4.04560273972603,757.48,809.995,3.89040410958904
"393","spruceT6P08",2017,28,0.30767,4.04560273972603,757.48,809.995,3.89040410958904
"394","spruceT6P08",2017,29,0.30866,4.04560273972603,757.48,809.995,3.89040410958904
"395","spruceT6P08",2017,30,0.3095,4.04560273972603,757.48,809.995,3.89040410958904
"396","spruceT6P08",2017,31,0.31007,4.04560273972603,757.48,809.995,3.89040410958904
"397","spruceT6P08",2017,32,0.31041,4.04560273972603,757.48,809.995,3.89040410958904
"398","spruceT6P08",2017,33,0.31066,4.04560273972603,757.48,809.995,3.89040410958904
"399","spruceT6P08",2017,34,0.31082,4.04560273972603,757.48,809.995,3.89040410958904
"400","spruceT6P08",2017,35,0.31089,4.04560273972603,757.48,809.995,3.89040410958904
"401","spruceT6P08",2017,36,0.31088,4.04560273972603,757.48,809.995,3.89040410958904
"402","spruceT6P08",2017,37,0.31078,4.04560273972603,757.48,809.995,3.89040410958904
"403","spruceT6P08",2017,38,0.3106,4.04560273972603,757.48,809.995,3.89040410958904
"404","spruceT6P08",2017,39,0.3103,4.04560273972603,757.48,809.995,3.89040410958904
"405","spruceT6P08",2017,40,0.30985,4.04560273972603,757.48,809.995,3.89040410958904
"406","spruceT6P08",2017,41,0.3093,4.04560273972603,757.48,809.995,3.89040410958904
"407","spruceT6P08",2017,42,0.3087,4.04560273972603,757.48,809.995,3.89040410958904
"408","spruceT6P08",2017,43,0.3081,4.04560273972603,757.48,809.995,3.89040410958904
"409","spruceT6P08",2017,44,0.30754,4.04560273972603,757.48,809.995,3.89040410958904
"410","spruceT6P08",2017,45,0.30706,4.04560273972603,757.48,809.995,3.89040410958904
"411","spruceT6P08",2017,46,0.30661,4.04560273972603,757.48,809.995,3.89040410958904
"412","spruceT6P08",2017,47,0.3061,4.04560273972603,757.48,809.995,3.89040410958904
"413","spruceT6P08",2017,48,0.30558,4.04560273972603,757.48,809.995,3.89040410958904
"414","spruceT6P08",2017,49,0.30508,4.04560273972603,757.48,809.995,3.89040410958904
"415","spruceT6P08",2017,50,0.30464,4.04560273972603,757.48,809.995,3.89040410958904
"416","spruceT6P08",2017,51,0.30429,4.04560273972603,757.48,809.995,3.89040410958904
"417","spruceT6P08",2017,52,0.30407,4.04560273972603,757.48,809.995,3.89040410958904
"418","spruceT6P08",2017,53,0.30399,4.04560273972603,757.48,809.995,3.89040410958904
"419","spruceT6P08",2017,54,0.30401,4.04560273972603,757.48,809.995,3.89040410958904
"420","spruceT6P08",2017,55,0.3041,4.04560273972603,757.48,809.995,3.89040410958904
"421","spruceT6P08",2017,56,0.30424,4.04560273972603,757.48,809.995,3.89040410958904
"422","spruceT6P08",2017,57,0.30439,4.04560273972603,757.48,809.995,3.89040410958904
"423","spruceT6P08",2017,58,0.30452,4.04560273972603,757.48,809.995,3.89040410958904
"424","spruceT6P08",2017,59,0.30461,4.04560273972603,757.48,809.995,3.89040410958904
"425","spruceT6P08",2017,60,0.30472,4.04560273972603,757.48,809.995,3.89040410958904
"426","spruceT6P08",2017,61,0.30492,4.04560273972603,757.48,809.995,3.89040410958904
"427","spruceT6P08",2017,62,0.30517,4.04560273972603,757.48,809.995,3.89040410958904
"428","spruceT6P08",2017,63,0.30543,4.04560273972603,757.48,809.995,3.89040410958904
"429","spruceT6P08",2017,64,0.30566,4.04560273972603,757.48,809.995,3.89040410958904
"430","spruceT6P08",2017,65,0.30581,4.04560273972603,757.48,809.995,3.89040410958904
"431","spruceT6P08",2017,66,0.30584,4.04560273972603,757.48,809.995,3.89040410958904
"432","spruceT6P08",2017,67,0.30578,4.04560273972603,757.48,809.995,3.89040410958904
"433","spruceT6P08",2017,68,0.30566,4.04560273972603,757.48,809.995,3.89040410958904
"434","spruceT6P08",2017,69,0.30548,4.04560273972603,757.48,809.995,3.89040410958904
"435","spruceT6P08",2017,70,0.30525,4.04560273972603,757.48,809.995,3.89040410958904
"436","spruceT6P08",2017,71,0.30496,4.04560273972603,757.48,809.995,3.89040410958904
"437","spruceT6P08",2017,72,0.30463,4.04560273972603,757.48,809.995,3.89040410958904
"438","spruceT6P08",2017,73,0.30425,4.04560273972603,757.48,809.995,3.89040410958904
"439","spruceT6P08",2017,74,0.30372,4.04560273972603,757.48,809.995,3.89040410958904
"440","spruceT6P08",2017,75,0.30301,4.04560273972603,757.48,809.995,3.89040410958904
"441","spruceT6P08",2017,76,0.30222,4.04560273972603,757.48,809.995,3.89040410958904
"442","spruceT6P08",2017,77,0.30145,4.04560273972603,757.48,809.995,3.89040410958904
"443","spruceT6P08",2017,78,0.30079,4.04560273972603,757.48,809.995,3.89040410958904
"444","spruceT6P08",2017,79,0.30035,4.04560273972603,757.48,809.995,3.89040410958904
"445","spruceT6P08",2017,80,0.30006,4.04560273972603,757.48,809.995,3.89040410958904
"446","spruceT6P08",2017,81,0.29982,4.04560273972603,757.48,809.995,3.89040410958904
"447","spruceT6P08",2017,82,0.29962,4.04560273972603,757.48,809.995,3.89040410958904
"448","spruceT6P08",2017,83,0.29949,4.04560273972603,757.48,809.995,3.89040410958904
"449","spruceT6P08",2017,84,0.29941,4.04560273972603,757.48,809.995,3.89040410958904
"450","spruceT6P08",2017,85,0.29941,4.04560273972603,757.48,809.995,3.89040410958904
"451","spruceT6P08",2017,86,0.29947,4.04560273972603,757.48,809.995,3.89040410958904
"452","spruceT6P08",2017,87,0.29968,4.04560273972603,757.48,809.995,3.89040410958904
"453","spruceT6P08",2017,88,0.30007,4.04560273972603,757.48,809.995,3.89040410958904
"454","spruceT6P08",2017,89,0.30058,4.04560273972603,757.48,809.995,3.89040410958904
"455","spruceT6P08",2017,90,0.30115,4.04560273972603,757.48,809.995,3.89040410958904
"456","spruceT6P08",2017,91,0.30172,4.04560273972603,757.48,809.995,3.89040410958904
"457","spruceT6P08",2017,92,0.30223,4.04560273972603,757.48,809.995,3.89040410958904
"458","spruceT6P08",2017,93,0.30262,4.04560273972603,757.48,809.995,3.89040410958904
"459","spruceT6P08",2017,94,0.30293,4.04560273972603,757.48,809.995,3.89040410958904
"460","spruceT6P08",2017,95,0.30321,4.04560273972603,757.48,809.995,3.89040410958904
"461","spruceT6P08",2017,96,0.30346,4.04560273972603,757.48,809.995,3.89040410958904
"462","spruceT6P08",2017,97,0.30367,4.04560273972603,757.48,809.995,3.89040410958904
"463","spruceT6P08",2017,98,0.30383,4.04560273972603,757.48,809.995,3.89040410958904
"464","spruceT6P08",2017,99,0.30394,4.04560273972603,757.48,809.995,3.89040410958904
"465","spruceT6P08",2017,100,0.304,4.04560273972603,757.48,809.995,3.89040410958904
"466","spruceT6P08",2017,101,0.30395,4.04560273972603,757.48,809.995,3.89040410958904
"467","spruceT6P08",2017,102,0.30381,4.04560273972603,757.48,809.995,3.89040410958904
"468","spruceT6P08",2017,103,0.3036,4.04560273972603,757.48,809.995,3.89040410958904
"469","spruceT6P08",2017,104,0.30337,4.04560273972603,757.48,809.995,3.89040410958904
"470","spruceT6P08",2017,105,0.30315,4.04560273972603,757.48,809.995,3.89040410958904
"471","spruceT6P08",2017,106,0.30298,4.04560273972603,757.48,809.995,3.89040410958904
"472","spruceT6P08",2017,107,0.3029,4.04560273972603,757.48,809.995,3.89040410958904
"473","spruceT6P08",2017,108,0.30279,4.04560273972603,757.48,809.995,3.89040410958904
"474","spruceT6P08",2017,109,0.30255,4.04560273972603,757.48,809.995,3.89040410958904
"475","spruceT6P08",2017,110,0.30225,4.04560273972603,757.48,809.995,3.89040410958904
"476","spruceT6P08",2017,111,0.30197,4.04560273972603,757.48,809.995,3.89040410958904
"477","spruceT6P08",2017,112,0.30178,4.04560273972603,757.48,809.995,3.89040410958904
"478","spruceT6P08",2017,113,0.30174,4.04560273972603,757.48,809.995,3.89040410958904
"479","spruceT6P08",2017,114,0.30194,4.04560273972603,757.48,809.995,3.89040410958904
"480","spruceT6P08",2017,115,0.30233,4.04560273972603,757.48,809.995,3.89040410958904
"481","spruceT6P08",2017,116,0.3028,4.04560273972603,757.48,809.995,3.89040410958904
"482","spruceT6P08",2017,117,0.30339,4.04560273972603,757.48,809.995,3.89040410958904
"483","spruceT6P08",2017,118,0.30411,4.04560273972603,757.48,809.995,3.89040410958904
"484","spruceT6P08",2017,119,0.30498,4.04560273972603,757.48,809.995,3.89040410958904
"485","spruceT6P08",2017,120,0.30602,4.04560273972603,757.48,809.995,3.89040410958904
"486","spruceT6P08",2017,121,0.30725,4.04560273972603,757.48,809.995,3.89040410958904
"487","spruceT6P08",2017,122,0.3087,4.04560273972603,757.48,809.995,3.89040410958904
"488","spruceT6P08",2017,123,0.3104,4.04560273972603,757.48,809.995,3.89040410958904
"489","spruceT6P08",2017,124,0.31229,4.04560273972603,757.48,809.995,3.89040410958904
"490","spruceT6P08",2017,125,0.31433,4.04560273972603,757.48,809.995,3.89040410958904
"491","spruceT6P08",2017,126,0.31648,4.04560273972603,757.48,809.995,3.89040410958904
"492","spruceT6P08",2017,127,0.31871,4.04560273972603,757.48,809.995,3.89040410958904
"493","spruceT6P08",2017,128,0.32095,4.04560273972603,757.48,809.995,3.89040410958904
"494","spruceT6P08",2017,129,0.32331,4.04560273972603,757.48,809.995,3.89040410958904
"495","spruceT6P08",2017,130,0.32586,4.04560273972603,757.48,809.995,3.89040410958904
"496","spruceT6P08",2017,131,0.32851,4.04560273972603,757.48,809.995,3.89040410958904
"497","spruceT6P08",2017,132,0.33122,4.04560273972603,757.48,809.995,3.89040410958904
"498","spruceT6P08",2017,133,0.3339,4.04560273972603,757.48,809.995,3.89040410958904
"499","spruceT6P08",2017,134,0.3365,4.04560273972603,757.48,809.995,3.89040410958904
"500","spruceT6P08",2017,135,0.33895,4.04560273972603,757.48,809.995,3.89040410958904
"501","spruceT6P08",2017,136,0.34127,4.04560273972603,757.48,809.995,3.89040410958904
"502","spruceT6P08",2017,137,0.34356,4.04560273972603,757.48,809.995,3.89040410958904
"503","spruceT6P08",2017,138,0.34583,4.04560273972603,757.48,809.995,3.89040410958904
"504","spruceT6P08",2017,139,0.34811,4.04560273972603,757.48,809.995,3.89040410958904
"505","spruceT6P08",2017,140,0.3504,4.04560273972603,757.48,809.995,3.89040410958904
"506","spruceT6P08",2017,141,0.35272,4.04560273972603,757.48,809.995,3.89040410958904
"507","spruceT6P08",2017,142,0.3551,4.04560273972603,757.48,809.995,3.89040410958904
"508","spruceT6P08",2017,143,0.35764,4.04560273972603,757.48,809.995,3.89040410958904
"509","spruceT6P08",2017,144,0.3604,4.04560273972603,757.48,809.995,3.89040410958904
"510","spruceT6P08",2017,145,0.36325,4.04560273972603,757.48,809.995,3.89040410958904
"511","spruceT6P08",2017,146,0.36608,4.04560273972603,757.48,809.995,3.89040410958904
"512","spruceT6P08",2017,147,0.36875,4.04560273972603,757.48,809.995,3.89040410958904
"513","spruceT6P08",2017,148,0.37116,4.04560273972603,757.48,809.995,3.89040410958904
"514","spruceT6P08",2017,149,0.37319,4.04560273972603,757.48,809.995,3.89040410958904
"515","spruceT6P08",2017,150,0.3749,4.04560273972603,757.48,809.995,3.89040410958904
"516","spruceT6P08",2017,151,0.37644,4.04560273972603,757.48,809.995,3.89040410958904
"517","spruceT6P08",2017,152,0.37782,4.04560273972603,757.48,809.995,3.89040410958904
"518","spruceT6P08",2017,153,0.37902,4.04560273972603,757.48,809.995,3.89040410958904
"519","spruceT6P08",2017,154,0.38005,4.04560273972603,757.48,809.995,3.89040410958904
"520","spruceT6P08",2017,155,0.38089,4.04560273972603,757.48,809.995,3.89040410958904
"521","spruceT6P08",2017,156,0.38156,4.04560273972603,757.48,809.995,3.89040410958904
"522","spruceT6P08",2017,157,0.38189,4.04560273972603,757.48,809.995,3.89040410958904
"523","spruceT6P08",2017,158,0.38182,4.04560273972603,757.48,809.995,3.89040410958904
"524","spruceT6P08",2017,159,0.38148,4.04560273972603,757.48,809.995,3.89040410958904
"525","spruceT6P08",2017,160,0.38097,4.04560273972603,757.48,809.995,3.89040410958904
"526","spruceT6P08",2017,161,0.38044,4.04560273972603,757.48,809.995,3.89040410958904
"527","spruceT6P08",2017,162,0.37999,4.04560273972603,757.48,809.995,3.89040410958904
"528","spruceT6P08",2017,163,0.37975,4.04560273972603,757.48,809.995,3.89040410958904
"529","spruceT6P08",2017,164,0.37965,4.04560273972603,757.48,809.995,3.89040410958904
"530","spruceT6P08",2017,165,0.37957,4.04560273972603,757.48,809.995,3.89040410958904
"531","spruceT6P08",2017,166,0.3795,4.04560273972603,757.48,809.995,3.89040410958904
"532","spruceT6P08",2017,167,0.37946,4.04560273972603,757.48,809.995,3.89040410958904
"533","spruceT6P08",2017,168,0.37944,4.04560273972603,757.48,809.995,3.89040410958904
"534","spruceT6P08",2017,169,0.37946,4.04560273972603,757.48,809.995,3.89040410958904
"535","spruceT6P08",2017,170,0.37951,4.04560273972603,757.48,809.995,3.89040410958904
"536","spruceT6P08",2017,171,0.37961,4.04560273972603,757.48,809.995,3.89040410958904
"537","spruceT6P08",2017,172,0.37976,4.04560273972603,757.48,809.995,3.89040410958904
"538","spruceT6P08",2017,173,0.37995,4.04560273972603,757.48,809.995,3.89040410958904
"539","spruceT6P08",2017,174,0.38015,4.04560273972603,757.48,809.995,3.89040410958904
"540","spruceT6P08",2017,175,0.38037,4.04560273972603,757.48,809.995,3.89040410958904
"541","spruceT6P08",2017,176,0.3806,4.04560273972603,757.48,809.995,3.89040410958904
"542","spruceT6P08",2017,177,0.38081,4.04560273972603,757.48,809.995,3.89040410958904
"543","spruceT6P08",2017,178,0.38101,4.04560273972603,757.48,809.995,3.89040410958904
"544","spruceT6P08",2017,179,0.38122,4.04560273972603,757.48,809.995,3.89040410958904
"545","spruceT6P08",2017,180,0.38142,4.04560273972603,757.48,809.995,3.89040410958904
"546","spruceT6P08",2017,181,0.38159,4.04560273972603,757.48,809.995,3.89040410958904
"547","spruceT6P08",2017,182,0.38174,4.04560273972603,757.48,809.995,3.89040410958904
"548","spruceT6P08",2017,183,0.38184,4.04560273972603,757.48,809.995,3.89040410958904
"549","spruceT6P08",2017,184,0.38188,4.04560273972603,757.48,809.995,3.89040410958904
"550","spruceT6P08",2017,185,0.38176,4.04560273972603,757.48,809.995,3.89040410958904
"551","spruceT6P08",2017,186,0.38148,4.04560273972603,757.48,809.995,3.89040410958904
"552","spruceT6P08",2017,187,0.38114,4.04560273972603,757.48,809.995,3.89040410958904
"553","spruceT6P08",2017,188,0.38084,4.04560273972603,757.48,809.995,3.89040410958904
"554","spruceT6P08",2017,189,0.38071,4.04560273972603,757.48,809.995,3.89040410958904
"555","spruceT6P08",2017,190,0.38083,4.04560273972603,757.48,809.995,3.89040410958904
"556","spruceT6P08",2017,191,0.3812,4.04560273972603,757.48,809.995,3.89040410958904
"557","spruceT6P08",2017,192,0.38171,4.04560273972603,757.48,809.995,3.89040410958904
"558","spruceT6P08",2017,193,0.38231,4.04560273972603,757.48,809.995,3.89040410958904
"559","spruceT6P08",2017,194,0.38297,4.04560273972603,757.48,809.995,3.89040410958904
"560","spruceT6P08",2017,195,0.38366,4.04560273972603,757.48,809.995,3.89040410958904
"561","spruceT6P08",2017,196,0.38432,4.04560273972603,757.48,809.995,3.89040410958904
"562","spruceT6P08",2017,197,0.38493,4.04560273972603,757.48,809.995,3.89040410958904
"563","spruceT6P08",2017,198,0.38563,4.04560273972603,757.48,809.995,3.89040410958904
"564","spruceT6P08",2017,199,0.38654,4.04560273972603,757.48,809.995,3.89040410958904
"565","spruceT6P08",2017,200,0.38756,4.04560273972603,757.48,809.995,3.89040410958904
"566","spruceT6P08",2017,201,0.3886,4.04560273972603,757.48,809.995,3.89040410958904
"567","spruceT6P08",2017,202,0.38957,4.04560273972603,757.48,809.995,3.89040410958904
"568","spruceT6P08",2017,203,0.39036,4.04560273972603,757.48,809.995,3.89040410958904
"569","spruceT6P08",2017,204,0.39089,4.04560273972603,757.48,809.995,3.89040410958904
"570","spruceT6P08",2017,205,0.39115,4.04560273972603,757.48,809.995,3.89040410958904
"571","spruceT6P08",2017,206,0.39124,4.04560273972603,757.48,809.995,3.89040410958904
"572","spruceT6P08",2017,207,0.39118,4.04560273972603,757.48,809.995,3.89040410958904
"573","spruceT6P08",2017,208,0.39101,4.04560273972603,757.48,809.995,3.89040410958904
"574","spruceT6P08",2017,209,0.39077,4.04560273972603,757.48,809.995,3.89040410958904
"575","spruceT6P08",2017,210,0.39049,4.04560273972603,757.48,809.995,3.89040410958904
"576","spruceT6P08",2017,211,0.3902,4.04560273972603,757.48,809.995,3.89040410958904
"577","spruceT6P08",2017,212,0.38982,4.04560273972603,757.48,809.995,3.89040410958904
"578","spruceT6P08",2017,213,0.38929,4.04560273972603,757.48,809.995,3.89040410958904
"579","spruceT6P08",2017,214,0.38866,4.04560273972603,757.48,809.995,3.89040410958904
"580","spruceT6P08",2017,215,0.38798,4.04560273972603,757.48,809.995,3.89040410958904
"581","spruceT6P08",2017,216,0.3873,4.04560273972603,757.48,809.995,3.89040410958904
"582","spruceT6P08",2017,217,0.38666,4.04560273972603,757.48,809.995,3.89040410958904
"583","spruceT6P08",2017,218,0.38611,4.04560273972603,757.48,809.995,3.89040410958904
"584","spruceT6P08",2017,219,0.38563,4.04560273972603,757.48,809.995,3.89040410958904
"585","spruceT6P08",2017,220,0.38517,4.04560273972603,757.48,809.995,3.89040410958904
"586","spruceT6P08",2017,221,0.38472,4.04560273972603,757.48,809.995,3.89040410958904
"587","spruceT6P08",2017,222,0.38432,4.04560273972603,757.48,809.995,3.89040410958904
"588","spruceT6P08",2017,223,0.38396,4.04560273972603,757.48,809.995,3.89040410958904
"589","spruceT6P08",2017,224,0.38366,4.04560273972603,757.48,809.995,3.89040410958904
"590","spruceT6P08",2017,225,0.38343,4.04560273972603,757.48,809.995,3.89040410958904
"591","spruceT6P08",2017,226,0.38332,4.04560273972603,757.48,809.995,3.89040410958904
"592","spruceT6P08",2017,227,0.38332,4.04560273972603,757.48,809.995,3.89040410958904
"593","spruceT6P08",2017,228,0.38338,4.04560273972603,757.48,809.995,3.89040410958904
"594","spruceT6P08",2017,229,0.38341,4.04560273972603,757.48,809.995,3.89040410958904
"595","spruceT6P08",2017,230,0.38336,4.04560273972603,757.48,809.995,3.89040410958904
"596","spruceT6P08",2017,231,0.38315,4.04560273972603,757.48,809.995,3.89040410958904
"597","spruceT6P08",2017,232,0.38272,4.04560273972603,757.48,809.995,3.89040410958904
"598","spruceT6P08",2017,233,0.38204,4.04560273972603,757.48,809.995,3.89040410958904
"599","spruceT6P08",2017,234,0.38118,4.04560273972603,757.48,809.995,3.89040410958904
"600","spruceT6P08",2017,235,0.3802,4.04560273972603,757.48,809.995,3.89040410958904
"601","spruceT6P08",2017,236,0.37918,4.04560273972603,757.48,809.995,3.89040410958904
"602","spruceT6P08",2017,237,0.37819,4.04560273972603,757.48,809.995,3.89040410958904
"603","spruceT6P08",2017,238,0.3773,4.04560273972603,757.48,809.995,3.89040410958904
"604","spruceT6P08",2017,239,0.37657,4.04560273972603,757.48,809.995,3.89040410958904
"605","spruceT6P08",2017,240,0.37593,4.04560273972603,757.48,809.995,3.89040410958904
"606","spruceT6P08",2017,241,0.37527,4.04560273972603,757.48,809.995,3.89040410958904
"607","spruceT6P08",2017,242,0.37459,4.04560273972603,757.48,809.995,3.89040410958904
"608","spruceT6P08",2017,243,0.37391,4.04560273972603,757.48,809.995,3.89040410958904
"609","spruceT6P08",2017,244,0.37325,4.04560273972603,757.48,809.995,3.89040410958904
"610","spruceT6P08",2017,245,0.37261,4.04560273972603,757.48,809.995,3.89040410958904
"611","spruceT6P08",2017,246,0.372,4.04560273972603,757.48,809.995,3.89040410958904
"612","spruceT6P08",2017,247,0.37143,4.04560273972603,757.48,809.995,3.89040410958904
"613","spruceT6P08",2017,248,0.37091,4.04560273972603,757.48,809.995,3.89040410958904
"614","spruceT6P08",2017,249,0.37047,4.04560273972603,757.48,809.995,3.89040410958904
"615","spruceT6P08",2017,250,0.37012,4.04560273972603,757.48,809.995,3.89040410958904
"616","spruceT6P08",2017,251,0.36987,4.04560273972603,757.48,809.995,3.89040410958904
"617","spruceT6P08",2017,252,0.36975,4.04560273972603,757.48,809.995,3.89040410958904
"618","spruceT6P08",2017,253,0.36973,4.04560273972603,757.48,809.995,3.89040410958904
"619","spruceT6P08",2017,254,0.36978,4.04560273972603,757.48,809.995,3.89040410958904
"620","spruceT6P08",2017,255,0.36988,4.04560273972603,757.48,809.995,3.89040410958904
"621","spruceT6P08",2017,256,0.37002,4.04560273972603,757.48,809.995,3.89040410958904
"622","spruceT6P08",2017,257,0.37017,4.04560273972603,757.48,809.995,3.89040410958904
"623","spruceT6P08",2017,258,0.37032,4.04560273972603,757.48,809.995,3.89040410958904
"624","spruceT6P08",2017,259,0.37044,4.04560273972603,757.48,809.995,3.89040410958904
"625","spruceT6P08",2017,260,0.37068,4.04560273972603,757.48,809.995,3.89040410958904
"626","spruceT6P08",2017,261,0.37112,4.04560273972603,757.48,809.995,3.89040410958904
"627","spruceT6P08",2017,262,0.37168,4.04560273972603,757.48,809.995,3.89040410958904
"628","spruceT6P08",2017,263,0.37224,4.04560273972603,757.48,809.995,3.89040410958904
"629","spruceT6P08",2017,264,0.37273,4.04560273972603,757.48,809.995,3.89040410958904
"630","spruceT6P08",2017,265,0.37305,4.04560273972603,757.48,809.995,3.89040410958904
"631","spruceT6P08",2017,266,0.37311,4.04560273972603,757.48,809.995,3.89040410958904
"632","spruceT6P08",2017,267,0.37293,4.04560273972603,757.48,809.995,3.89040410958904
"633","spruceT6P08",2017,268,0.3726,4.04560273972603,757.48,809.995,3.89040410958904
"634","spruceT6P08",2017,269,0.37214,4.04560273972603,757.48,809.995,3.89040410958904
"635","spruceT6P08",2017,270,0.37159,4.04560273972603,757.48,809.995,3.89040410958904
"636","spruceT6P08",2017,271,0.37095,4.04560273972603,757.48,809.995,3.89040410958904
"637","spruceT6P08",2017,272,0.37026,4.04560273972603,757.48,809.995,3.89040410958904
"638","spruceT6P08",2017,273,0.36954,4.04560273972603,757.48,809.995,3.89040410958904
"639","spruceT6P08",2017,274,0.3687,4.04560273972603,757.48,809.995,3.89040410958904
"640","spruceT6P08",2017,275,0.36767,4.04560273972603,757.48,809.995,3.89040410958904
"641","spruceT6P08",2017,276,0.36653,4.04560273972603,757.48,809.995,3.89040410958904
"642","spruceT6P08",2017,277,0.36532,4.04560273972603,757.48,809.995,3.89040410958904
"643","spruceT6P08",2017,278,0.36411,4.04560273972603,757.48,809.995,3.89040410958904
"644","spruceT6P08",2017,279,0.36294,4.04560273972603,757.48,809.995,3.89040410958904
"645","spruceT6P08",2017,280,0.36189,4.04560273972603,757.48,809.995,3.89040410958904
"646","spruceT6P08",2017,281,0.36086,4.04560273972603,757.48,809.995,3.89040410958904
"647","spruceT6P08",2017,282,0.35976,4.04560273972603,757.48,809.995,3.89040410958904
"648","spruceT6P08",2017,283,0.35866,4.04560273972603,757.48,809.995,3.89040410958904
"649","spruceT6P08",2017,284,0.3576,4.04560273972603,757.48,809.995,3.89040410958904
"650","spruceT6P08",2017,285,0.35664,4.04560273972603,757.48,809.995,3.89040410958904
"651","spruceT6P08",2017,286,0.35584,4.04560273972603,757.48,809.995,3.89040410958904
"652","spruceT6P08",2017,287,0.35526,4.04560273972603,757.48,809.995,3.89040410958904
"653","spruceT6P08",2017,288,0.35502,4.04560273972603,757.48,809.995,3.89040410958904
"654","spruceT6P08",2017,289,0.35512,4.04560273972603,757.48,809.995,3.89040410958904
"655","spruceT6P08",2017,290,0.35542,4.04560273972603,757.48,809.995,3.89040410958904
"656","spruceT6P08",2017,291,0.35578,4.04560273972603,757.48,809.995,3.89040410958904
"657","spruceT6P08",2017,292,0.35605,4.04560273972603,757.48,809.995,3.89040410958904
"658","spruceT6P08",2017,293,0.3561,4.04560273972603,757.48,809.995,3.89040410958904
"659","spruceT6P08",2017,294,0.35577,4.04560273972603,757.48,809.995,3.89040410958904
"660","spruceT6P08",2017,295,0.35519,4.04560273972603,757.48,809.995,3.89040410958904
"661","spruceT6P08",2017,296,0.35453,4.04560273972603,757.48,809.995,3.89040410958904
"662","spruceT6P08",2017,297,0.35378,4.04560273972603,757.48,809.995,3.89040410958904
"663","spruceT6P08",2017,298,0.35292,4.04560273972603,757.48,809.995,3.89040410958904
"664","spruceT6P08",2017,299,0.35193,4.04560273972603,757.48,809.995,3.89040410958904
"665","spruceT6P08",2017,300,0.3508,4.04560273972603,757.48,809.995,3.89040410958904
"666","spruceT6P08",2017,301,0.34937,4.04560273972603,757.48,809.995,3.89040410958904
"667","spruceT6P08",2017,302,0.3476,4.04560273972603,757.48,809.995,3.89040410958904
"668","spruceT6P08",2017,303,0.3456,4.04560273972603,757.48,809.995,3.89040410958904
"669","spruceT6P08",2017,304,0.34349,4.04560273972603,757.48,809.995,3.89040410958904
"670","spruceT6P08",2017,305,0.34139,4.04560273972603,757.48,809.995,3.89040410958904
"671","spruceT6P08",2017,306,0.33941,4.04560273972603,757.48,809.995,3.89040410958904
"672","spruceT6P08",2017,307,0.33769,4.04560273972603,757.48,809.995,3.89040410958904
"673","spruceT6P08",2017,308,0.33615,4.04560273972603,757.48,809.995,3.89040410958904
"674","spruceT6P08",2017,309,0.33467,4.04560273972603,757.48,809.995,3.89040410958904
"675","spruceT6P08",2017,310,0.33322,4.04560273972603,757.48,809.995,3.89040410958904
"676","spruceT6P08",2017,311,0.33181,4.04560273972603,757.48,809.995,3.89040410958904
"677","spruceT6P08",2017,312,0.33041,4.04560273972603,757.48,809.995,3.89040410958904
"678","spruceT6P08",2017,313,0.32902,4.04560273972603,757.48,809.995,3.89040410958904
"679","spruceT6P08",2017,314,0.32762,4.04560273972603,757.48,809.995,3.89040410958904
"680","spruceT6P08",2017,315,0.3262,4.04560273972603,757.48,809.995,3.89040410958904
"681","spruceT6P08",2017,316,0.32477,4.04560273972603,757.48,809.995,3.89040410958904
"682","spruceT6P08",2017,317,0.32336,4.04560273972603,757.48,809.995,3.89040410958904
"683","spruceT6P08",2017,318,0.322,4.04560273972603,757.48,809.995,3.89040410958904
"684","spruceT6P08",2017,319,0.32073,4.04560273972603,757.48,809.995,3.89040410958904
"685","spruceT6P08",2017,320,0.31957,4.04560273972603,757.48,809.995,3.89040410958904
"686","spruceT6P08",2017,321,0.31856,4.04560273972603,757.48,809.995,3.89040410958904
"687","spruceT6P08",2017,322,0.3177,4.04560273972603,757.48,809.995,3.89040410958904
"688","spruceT6P08",2017,323,0.31695,4.04560273972603,757.48,809.995,3.89040410958904
"689","spruceT6P08",2017,324,0.31629,4.04560273972603,757.48,809.995,3.89040410958904
"690","spruceT6P08",2017,325,0.31568,4.04560273972603,757.48,809.995,3.89040410958904
"691","spruceT6P08",2017,326,0.3151,4.04560273972603,757.48,809.995,3.89040410958904
"692","spruceT6P08",2017,327,0.31452,4.04560273972603,757.48,809.995,3.89040410958904
"693","spruceT6P08",2017,328,0.3139,4.04560273972603,757.48,809.995,3.89040410958904
"694","spruceT6P08",2017,329,0.3133,4.04560273972603,757.48,809.995,3.89040410958904
"695","spruceT6P08",2017,330,0.31278,4.04560273972603,757.48,809.995,3.89040410958904
"696","spruceT6P08",2017,331,0.31232,4.04560273972603,757.48,809.995,3.89040410958904
"697","spruceT6P08",2017,332,0.31188,4.04560273972603,757.48,809.995,3.89040410958904
"698","spruceT6P08",2017,333,0.31145,4.04560273972603,757.48,809.995,3.89040410958904
"699","spruceT6P08",2017,334,0.311,4.04560273972603,757.48,809.995,3.89040410958904
"700","spruceT6P08",2017,335,0.3105,4.04560273972603,757.48,809.995,3.89040410958904
"701","spruceT6P08",2017,336,0.30998,4.04560273972603,757.48,809.995,3.89040410958904
"702","spruceT6P08",2017,337,0.30948,4.04560273972603,757.48,809.995,3.89040410958904
"703","spruceT6P08",2017,338,0.30898,4.04560273972603,757.48,809.995,3.89040410958904
"704","spruceT6P08",2017,339,0.30848,4.04560273972603,757.48,809.995,3.89040410958904
"705","spruceT6P08",2017,340,0.30797,4.04560273972603,757.48,809.995,3.89040410958904
"706","spruceT6P08",2017,341,0.30744,4.04560273972603,757.48,809.995,3.89040410958904
"707","spruceT6P08",2017,342,0.30689,4.04560273972603,757.48,809.995,3.89040410958904
"708","spruceT6P08",2017,343,0.3063,4.04560273972603,757.48,809.995,3.89040410958904
"709","spruceT6P08",2017,344,0.3057,4.04560273972603,757.48,809.995,3.89040410958904
"710","spruceT6P08",2017,345,0.30509,4.04560273972603,757.48,809.995,3.89040410958904
"711","spruceT6P08",2017,346,0.30449,4.04560273972603,757.48,809.995,3.89040410958904
"712","spruceT6P08",2017,347,0.3039,4.04560273972603,757.48,809.995,3.89040410958904
"713","spruceT6P08",2017,348,0.30334,4.04560273972603,757.48,809.995,3.89040410958904
"714","spruceT6P08",2017,349,0.30281,4.04560273972603,757.48,809.995,3.89040410958904
"715","spruceT6P08",2017,350,0.30226,4.04560273972603,757.48,809.995,3.89040410958904
"716","spruceT6P08",2017,351,0.30163,4.04560273972603,757.48,809.995,3.89040410958904
"717","spruceT6P08",2017,352,0.30096,4.04560273972603,757.48,809.995,3.89040410958904
"718","spruceT6P08",2017,353,0.3003,4.04560273972603,757.48,809.995,3.89040410958904
"719","spruceT6P08",2017,354,0.29968,4.04560273972603,757.48,809.995,3.89040410958904
"720","spruceT6P08",2017,355,0.29915,4.04560273972603,757.48,809.995,3.89040410958904
"721","spruceT6P08",2017,356,0.29874,4.04560273972603,757.48,809.995,3.89040410958904
"722","spruceT6P08",2017,357,0.29846,4.04560273972603,757.48,809.995,3.89040410958904
"723","spruceT6P08",2017,358,0.2983,4.04560273972603,757.48,809.995,3.89040410958904
"724","spruceT6P08",2017,359,0.29824,4.04560273972603,757.48,809.995,3.89040410958904
"725","spruceT6P08",2017,360,0.29825,4.04560273972603,757.48,809.995,3.89040410958904
"726","spruceT6P08",2017,361,0.29831,4.04560273972603,757.48,809.995,3.89040410958904
"727","spruceT6P08",2017,362,0.29841,4.04560273972603,757.48,809.995,3.89040410958904
"728","spruceT6P08",2017,363,0.29853,4.04560273972603,757.48,809.995,3.89040410958904
"729","spruceT6P08",2017,364,0.29864,4.04560273972603,757.48,809.995,3.89040410958904
"730","spruceT6P08",2017,365,0.29877,4.04560273972603,757.48,809.995,3.89040410958904
"731","spruceT6P08",2018,1,0.29892,3.41960273972603,741.09,809.995,3.89040410958904
"732","spruceT6P08",2018,2,0.29912,3.41960273972603,741.09,809.995,3.89040410958904
"733","spruceT6P08",2018,3,0.29939,3.41960273972603,741.09,809.995,3.89040410958904
"734","spruceT6P08",2018,4,0.29974,3.41960273972603,741.09,809.995,3.89040410958904
"735","spruceT6P08",2018,5,0.3002,3.41960273972603,741.09,809.995,3.89040410958904
"736","spruceT6P08",2018,6,0.30091,3.41960273972603,741.09,809.995,3.89040410958904
"737","spruceT6P08",2018,7,0.30194,3.41960273972603,741.09,809.995,3.89040410958904
"738","spruceT6P08",2018,8,0.30313,3.41960273972603,741.09,809.995,3.89040410958904
"739","spruceT6P08",2018,9,0.30434,3.41960273972603,741.09,809.995,3.89040410958904
"740","spruceT6P08",2018,10,0.30541,3.41960273972603,741.09,809.995,3.89040410958904
"741","spruceT6P08",2018,11,0.30622,3.41960273972603,741.09,809.995,3.89040410958904
"742","spruceT6P08",2018,12,0.3066,3.41960273972603,741.09,809.995,3.89040410958904
"743","spruceT6P08",2018,13,0.30656,3.41960273972603,741.09,809.995,3.89040410958904
"744","spruceT6P08",2018,14,0.30624,3.41960273972603,741.09,809.995,3.89040410958904
"745","spruceT6P08",2018,15,0.30572,3.41960273972603,741.09,809.995,3.89040410958904
"746","spruceT6P08",2018,16,0.30505,3.41960273972603,741.09,809.995,3.89040410958904
"747","spruceT6P08",2018,17,0.30431,3.41960273972603,741.09,809.995,3.89040410958904
"748","spruceT6P08",2018,18,0.30355,3.41960273972603,741.09,809.995,3.89040410958904
"749","spruceT6P08",2018,19,0.30284,3.41960273972603,741.09,809.995,3.89040410958904
"750","spruceT6P08",2018,20,0.30197,3.41960273972603,741.09,809.995,3.89040410958904
"751","spruceT6P08",2018,21,0.3008,3.41960273972603,741.09,809.995,3.89040410958904
"752","spruceT6P08",2018,22,0.29946,3.41960273972603,741.09,809.995,3.89040410958904
"753","spruceT6P08",2018,23,0.29811,3.41960273972603,741.09,809.995,3.89040410958904
"754","spruceT6P08",2018,24,0.29689,3.41960273972603,741.09,809.995,3.89040410958904
"755","spruceT6P08",2018,25,0.29597,3.41960273972603,741.09,809.995,3.89040410958904
"756","spruceT6P08",2018,26,0.29548,3.41960273972603,741.09,809.995,3.89040410958904
"757","spruceT6P08",2018,27,0.29551,3.41960273972603,741.09,809.995,3.89040410958904
"758","spruceT6P08",2018,28,0.29593,3.41960273972603,741.09,809.995,3.89040410958904
"759","spruceT6P08",2018,29,0.29663,3.41960273972603,741.09,809.995,3.89040410958904
"760","spruceT6P08",2018,30,0.29748,3.41960273972603,741.09,809.995,3.89040410958904
"761","spruceT6P08",2018,31,0.29836,3.41960273972603,741.09,809.995,3.89040410958904
"762","spruceT6P08",2018,32,0.29915,3.41960273972603,741.09,809.995,3.89040410958904
"763","spruceT6P08",2018,33,0.29972,3.41960273972603,741.09,809.995,3.89040410958904
"764","spruceT6P08",2018,34,0.30009,3.41960273972603,741.09,809.995,3.89040410958904
"765","spruceT6P08",2018,35,0.3004,3.41960273972603,741.09,809.995,3.89040410958904
"766","spruceT6P08",2018,36,0.30066,3.41960273972603,741.09,809.995,3.89040410958904
"767","spruceT6P08",2018,37,0.3009,3.41960273972603,741.09,809.995,3.89040410958904
"768","spruceT6P08",2018,38,0.30114,3.41960273972603,741.09,809.995,3.89040410958904
"769","spruceT6P08",2018,39,0.30141,3.41960273972603,741.09,809.995,3.89040410958904
"770","spruceT6P08",2018,40,0.30172,3.41960273972603,741.09,809.995,3.89040410958904
"771","spruceT6P08",2018,41,0.30207,3.41960273972603,741.09,809.995,3.89040410958904
"772","spruceT6P08",2018,42,0.30244,3.41960273972603,741.09,809.995,3.89040410958904
"773","spruceT6P08",2018,43,0.30285,3.41960273972603,741.09,809.995,3.89040410958904
"774","spruceT6P08",2018,44,0.30327,3.41960273972603,741.09,809.995,3.89040410958904
"775","spruceT6P08",2018,45,0.30372,3.41960273972603,741.09,809.995,3.89040410958904
"776","spruceT6P08",2018,46,0.3042,3.41960273972603,741.09,809.995,3.89040410958904
"777","spruceT6P08",2018,47,0.30484,3.41960273972603,741.09,809.995,3.89040410958904
"778","spruceT6P08",2018,48,0.30572,3.41960273972603,741.09,809.995,3.89040410958904
"779","spruceT6P08",2018,49,0.3067,3.41960273972603,741.09,809.995,3.89040410958904
"780","spruceT6P08",2018,50,0.30764,3.41960273972603,741.09,809.995,3.89040410958904
"781","spruceT6P08",2018,51,0.30841,3.41960273972603,741.09,809.995,3.89040410958904
"782","spruceT6P08",2018,52,0.30889,3.41960273972603,741.09,809.995,3.89040410958904
"783","spruceT6P08",2018,53,0.30893,3.41960273972603,741.09,809.995,3.89040410958904
"784","spruceT6P08",2018,54,0.30849,3.41960273972603,741.09,809.995,3.89040410958904
"785","spruceT6P08",2018,55,0.30765,3.41960273972603,741.09,809.995,3.89040410958904
"786","spruceT6P08",2018,56,0.30655,3.41960273972603,741.09,809.995,3.89040410958904
"787","spruceT6P08",2018,57,0.3053,3.41960273972603,741.09,809.995,3.89040410958904
"788","spruceT6P08",2018,58,0.30401,3.41960273972603,741.09,809.995,3.89040410958904
"789","spruceT6P08",2018,59,0.30281,3.41960273972603,741.09,809.995,3.89040410958904
"790","spruceT6P08",2018,60,0.3018,3.41960273972603,741.09,809.995,3.89040410958904
"791","spruceT6P08",2018,61,0.30087,3.41960273972603,741.09,809.995,3.89040410958904
"792","spruceT6P08",2018,62,0.29986,3.41960273972603,741.09,809.995,3.89040410958904
"793","spruceT6P08",2018,63,0.29882,3.41960273972603,741.09,809.995,3.89040410958904
"794","spruceT6P08",2018,64,0.29783,3.41960273972603,741.09,809.995,3.89040410958904
"795","spruceT6P08",2018,65,0.29692,3.41960273972603,741.09,809.995,3.89040410958904
"796","spruceT6P08",2018,66,0.29617,3.41960273972603,741.09,809.995,3.89040410958904
"797","spruceT6P08",2018,67,0.29563,3.41960273972603,741.09,809.995,3.89040410958904
"798","spruceT6P08",2018,68,0.29536,3.41960273972603,741.09,809.995,3.89040410958904
"799","spruceT6P08",2018,69,0.29532,3.41960273972603,741.09,809.995,3.89040410958904
"800","spruceT6P08",2018,70,0.29543,3.41960273972603,741.09,809.995,3.89040410958904
"801","spruceT6P08",2018,71,0.2956,3.41960273972603,741.09,809.995,3.89040410958904
"802","spruceT6P08",2018,72,0.29574,3.41960273972603,741.09,809.995,3.89040410958904
"803","spruceT6P08",2018,73,0.29575,3.41960273972603,741.09,809.995,3.89040410958904
"804","spruceT6P08",2018,74,0.29556,3.41960273972603,741.09,809.995,3.89040410958904
"805","spruceT6P08",2018,75,0.29516,3.41960273972603,741.09,809.995,3.89040410958904
"806","spruceT6P08",2018,76,0.29462,3.41960273972603,741.09,809.995,3.89040410958904
"807","spruceT6P08",2018,77,0.29401,3.41960273972603,741.09,809.995,3.89040410958904
"808","spruceT6P08",2018,78,0.29334,3.41960273972603,741.09,809.995,3.89040410958904
"809","spruceT6P08",2018,79,0.29268,3.41960273972603,741.09,809.995,3.89040410958904
"810","spruceT6P08",2018,80,0.29205,3.41960273972603,741.09,809.995,3.89040410958904
"811","spruceT6P08",2018,81,0.2915,3.41960273972603,741.09,809.995,3.89040410958904
"812","spruceT6P08",2018,82,0.29099,3.41960273972603,741.09,809.995,3.89040410958904
"813","spruceT6P08",2018,83,0.29046,3.41960273972603,741.09,809.995,3.89040410958904
"814","spruceT6P08",2018,84,0.28992,3.41960273972603,741.09,809.995,3.89040410958904
"815","spruceT6P08",2018,85,0.28941,3.41960273972603,741.09,809.995,3.89040410958904
"816","spruceT6P08",2018,86,0.28895,3.41960273972603,741.09,809.995,3.89040410958904
"817","spruceT6P08",2018,87,0.28857,3.41960273972603,741.09,809.995,3.89040410958904
"818","spruceT6P08",2018,88,0.28829,3.41960273972603,741.09,809.995,3.89040410958904
"819","spruceT6P08",2018,89,0.28806,3.41960273972603,741.09,809.995,3.89040410958904
"820","spruceT6P08",2018,90,0.28783,3.41960273972603,741.09,809.995,3.89040410958904
"821","spruceT6P08",2018,91,0.2876,3.41960273972603,741.09,809.995,3.89040410958904
"822","spruceT6P08",2018,92,0.28738,3.41960273972603,741.09,809.995,3.89040410958904
"823","spruceT6P08",2018,93,0.28718,3.41960273972603,741.09,809.995,3.89040410958904
"824","spruceT6P08",2018,94,0.28701,3.41960273972603,741.09,809.995,3.89040410958904
"825","spruceT6P08",2018,95,0.28687,3.41960273972603,741.09,809.995,3.89040410958904
"826","spruceT6P08",2018,96,0.28676,3.41960273972603,741.09,809.995,3.89040410958904
"827","spruceT6P08",2018,97,0.28668,3.41960273972603,741.09,809.995,3.89040410958904
"828","spruceT6P08",2018,98,0.28665,3.41960273972603,741.09,809.995,3.89040410958904
"829","spruceT6P08",2018,99,0.28669,3.41960273972603,741.09,809.995,3.89040410958904
"830","spruceT6P08",2018,100,0.28682,3.41960273972603,741.09,809.995,3.89040410958904
"831","spruceT6P08",2018,101,0.28707,3.41960273972603,741.09,809.995,3.89040410958904
"832","spruceT6P08",2018,102,0.28746,3.41960273972603,741.09,809.995,3.89040410958904
"833","spruceT6P08",2018,103,0.2881,3.41960273972603,741.09,809.995,3.89040410958904
"834","spruceT6P08",2018,104,0.28899,3.41960273972603,741.09,809.995,3.89040410958904
"835","spruceT6P08",2018,105,0.29003,3.41960273972603,741.09,809.995,3.89040410958904
"836","spruceT6P08",2018,106,0.29111,3.41960273972603,741.09,809.995,3.89040410958904
"837","spruceT6P08",2018,107,0.29212,3.41960273972603,741.09,809.995,3.89040410958904
"838","spruceT6P08",2018,108,0.29295,3.41960273972603,741.09,809.995,3.89040410958904
"839","spruceT6P08",2018,109,0.2935,3.41960273972603,741.09,809.995,3.89040410958904
"840","spruceT6P08",2018,110,0.29383,3.41960273972603,741.09,809.995,3.89040410958904
"841","spruceT6P08",2018,111,0.29411,3.41960273972603,741.09,809.995,3.89040410958904
"842","spruceT6P08",2018,112,0.29431,3.41960273972603,741.09,809.995,3.89040410958904
"843","spruceT6P08",2018,113,0.29443,3.41960273972603,741.09,809.995,3.89040410958904
"844","spruceT6P08",2018,114,0.29444,3.41960273972603,741.09,809.995,3.89040410958904
"845","spruceT6P08",2018,115,0.29435,3.41960273972603,741.09,809.995,3.89040410958904
"846","spruceT6P08",2018,116,0.29413,3.41960273972603,741.09,809.995,3.89040410958904
"847","spruceT6P08",2018,117,0.29363,3.41960273972603,741.09,809.995,3.89040410958904
"848","spruceT6P08",2018,118,0.29277,3.41960273972603,741.09,809.995,3.89040410958904
"849","spruceT6P08",2018,119,0.29171,3.41960273972603,741.09,809.995,3.89040410958904
"850","spruceT6P08",2018,120,0.29059,3.41960273972603,741.09,809.995,3.89040410958904
"851","spruceT6P08",2018,121,0.28954,3.41960273972603,741.09,809.995,3.89040410958904
"852","spruceT6P08",2018,122,0.28872,3.41960273972603,741.09,809.995,3.89040410958904
"853","spruceT6P08",2018,123,0.28828,3.41960273972603,741.09,809.995,3.89040410958904
"854","spruceT6P08",2018,124,0.2881,3.41960273972603,741.09,809.995,3.89040410958904
"855","spruceT6P08",2018,125,0.28802,3.41960273972603,741.09,809.995,3.89040410958904
"856","spruceT6P08",2018,126,0.28806,3.41960273972603,741.09,809.995,3.89040410958904
"857","spruceT6P08",2018,127,0.28823,3.41960273972603,741.09,809.995,3.89040410958904
"858","spruceT6P08",2018,128,0.28855,3.41960273972603,741.09,809.995,3.89040410958904
"859","spruceT6P08",2018,129,0.28904,3.41960273972603,741.09,809.995,3.89040410958904
"860","spruceT6P08",2018,130,0.28972,3.41960273972603,741.09,809.995,3.89040410958904
"861","spruceT6P08",2018,131,0.29067,3.41960273972603,741.09,809.995,3.89040410958904
"862","spruceT6P08",2018,132,0.29191,3.41960273972603,741.09,809.995,3.89040410958904
"863","spruceT6P08",2018,133,0.29337,3.41960273972603,741.09,809.995,3.89040410958904
"864","spruceT6P08",2018,134,0.29497,3.41960273972603,741.09,809.995,3.89040410958904
"865","spruceT6P08",2018,135,0.29663,3.41960273972603,741.09,809.995,3.89040410958904
"866","spruceT6P08",2018,136,0.2983,3.41960273972603,741.09,809.995,3.89040410958904
"867","spruceT6P08",2018,137,0.29989,3.41960273972603,741.09,809.995,3.89040410958904
"868","spruceT6P08",2018,138,0.30156,3.41960273972603,741.09,809.995,3.89040410958904
"869","spruceT6P08",2018,139,0.30343,3.41960273972603,741.09,809.995,3.89040410958904
"870","spruceT6P08",2018,140,0.3054,3.41960273972603,741.09,809.995,3.89040410958904
"871","spruceT6P08",2018,141,0.30735,3.41960273972603,741.09,809.995,3.89040410958904
"872","spruceT6P08",2018,142,0.30918,3.41960273972603,741.09,809.995,3.89040410958904
"873","spruceT6P08",2018,143,0.31078,3.41960273972603,741.09,809.995,3.89040410958904
"874","spruceT6P08",2018,144,0.31203,3.41960273972603,741.09,809.995,3.89040410958904
"875","spruceT6P08",2018,145,0.31299,3.41960273972603,741.09,809.995,3.89040410958904
"876","spruceT6P08",2018,146,0.31378,3.41960273972603,741.09,809.995,3.89040410958904
"877","spruceT6P08",2018,147,0.31443,3.41960273972603,741.09,809.995,3.89040410958904
"878","spruceT6P08",2018,148,0.31496,3.41960273972603,741.09,809.995,3.89040410958904
"879","spruceT6P08",2018,149,0.31541,3.41960273972603,741.09,809.995,3.89040410958904
"880","spruceT6P08",2018,150,0.31578,3.41960273972603,741.09,809.995,3.89040410958904
"881","spruceT6P08",2018,151,0.31611,3.41960273972603,741.09,809.995,3.89040410958904
"882","spruceT6P08",2018,152,0.31618,3.41960273972603,741.09,809.995,3.89040410958904
"883","spruceT6P08",2018,153,0.31588,3.41960273972603,741.09,809.995,3.89040410958904
"884","spruceT6P08",2018,154,0.31539,3.41960273972603,741.09,809.995,3.89040410958904
"885","spruceT6P08",2018,155,0.3149,3.41960273972603,741.09,809.995,3.89040410958904
"886","spruceT6P08",2018,156,0.31458,3.41960273972603,741.09,809.995,3.89040410958904
"887","spruceT6P08",2018,157,0.31463,3.41960273972603,741.09,809.995,3.89040410958904
"888","spruceT6P08",2018,158,0.31501,3.41960273972603,741.09,809.995,3.89040410958904
"889","spruceT6P08",2018,159,0.31553,3.41960273972603,741.09,809.995,3.89040410958904
"890","spruceT6P08",2018,160,0.31617,3.41960273972603,741.09,809.995,3.89040410958904
"891","spruceT6P08",2018,161,0.31686,3.41960273972603,741.09,809.995,3.89040410958904
"892","spruceT6P08",2018,162,0.31756,3.41960273972603,741.09,809.995,3.89040410958904
"893","spruceT6P08",2018,163,0.31823,3.41960273972603,741.09,809.995,3.89040410958904
"894","spruceT6P08",2018,164,0.31881,3.41960273972603,741.09,809.995,3.89040410958904
"895","spruceT6P08",2018,165,0.31934,3.41960273972603,741.09,809.995,3.89040410958904
"896","spruceT6P08",2018,166,0.31985,3.41960273972603,741.09,809.995,3.89040410958904
"897","spruceT6P08",2018,167,0.32037,3.41960273972603,741.09,809.995,3.89040410958904
"898","spruceT6P08",2018,168,0.32091,3.41960273972603,741.09,809.995,3.89040410958904
"899","spruceT6P08",2018,169,0.32149,3.41960273972603,741.09,809.995,3.89040410958904
"900","spruceT6P08",2018,170,0.32212,3.41960273972603,741.09,809.995,3.89040410958904
"901","spruceT6P08",2018,171,0.32283,3.41960273972603,741.09,809.995,3.89040410958904
"902","spruceT6P08",2018,172,0.32356,3.41960273972603,741.09,809.995,3.89040410958904
"903","spruceT6P08",2018,173,0.32426,3.41960273972603,741.09,809.995,3.89040410958904
"904","spruceT6P08",2018,174,0.32497,3.41960273972603,741.09,809.995,3.89040410958904
"905","spruceT6P08",2018,175,0.3257,3.41960273972603,741.09,809.995,3.89040410958904
"906","spruceT6P08",2018,176,0.32649,3.41960273972603,741.09,809.995,3.89040410958904
"907","spruceT6P08",2018,177,0.32735,3.41960273972603,741.09,809.995,3.89040410958904
"908","spruceT6P08",2018,178,0.32832,3.41960273972603,741.09,809.995,3.89040410958904
"909","spruceT6P08",2018,179,0.32951,3.41960273972603,741.09,809.995,3.89040410958904
"910","spruceT6P08",2018,180,0.33095,3.41960273972603,741.09,809.995,3.89040410958904
"911","spruceT6P08",2018,181,0.33253,3.41960273972603,741.09,809.995,3.89040410958904
"912","spruceT6P08",2018,182,0.33416,3.41960273972603,741.09,809.995,3.89040410958904
"913","spruceT6P08",2018,183,0.33574,3.41960273972603,741.09,809.995,3.89040410958904
"914","spruceT6P08",2018,184,0.33717,3.41960273972603,741.09,809.995,3.89040410958904
"915","spruceT6P08",2018,185,0.33835,3.41960273972603,741.09,809.995,3.89040410958904
"916","spruceT6P08",2018,186,0.33931,3.41960273972603,741.09,809.995,3.89040410958904
"917","spruceT6P08",2018,187,0.34016,3.41960273972603,741.09,809.995,3.89040410958904
"918","spruceT6P08",2018,188,0.34091,3.41960273972603,741.09,809.995,3.89040410958904
"919","spruceT6P08",2018,189,0.34157,3.41960273972603,741.09,809.995,3.89040410958904
"920","spruceT6P08",2018,190,0.34214,3.41960273972603,741.09,809.995,3.89040410958904
"921","spruceT6P08",2018,191,0.34264,3.41960273972603,741.09,809.995,3.89040410958904
"922","spruceT6P08",2018,192,0.34305,3.41960273972603,741.09,809.995,3.89040410958904
"923","spruceT6P08",2018,193,0.34337,3.41960273972603,741.09,809.995,3.89040410958904
"924","spruceT6P08",2018,194,0.34358,3.41960273972603,741.09,809.995,3.89040410958904
"925","spruceT6P08",2018,195,0.34369,3.41960273972603,741.09,809.995,3.89040410958904
"926","spruceT6P08",2018,196,0.34372,3.41960273972603,741.09,809.995,3.89040410958904
"927","spruceT6P08",2018,197,0.34371,3.41960273972603,741.09,809.995,3.89040410958904
"928","spruceT6P08",2018,198,0.34365,3.41960273972603,741.09,809.995,3.89040410958904
"929","spruceT6P08",2018,199,0.34358,3.41960273972603,741.09,809.995,3.89040410958904
"930","spruceT6P08",2018,200,0.34347,3.41960273972603,741.09,809.995,3.89040410958904
"931","spruceT6P08",2018,201,0.34329,3.41960273972603,741.09,809.995,3.89040410958904
"932","spruceT6P08",2018,202,0.34305,3.41960273972603,741.09,809.995,3.89040410958904
"933","spruceT6P08",2018,203,0.34277,3.41960273972603,741.09,809.995,3.89040410958904
"934","spruceT6P08",2018,204,0.34245,3.41960273972603,741.09,809.995,3.89040410958904
"935","spruceT6P08",2018,205,0.34211,3.41960273972603,741.09,809.995,3.89040410958904
"936","spruceT6P08",2018,206,0.34176,3.41960273972603,741.09,809.995,3.89040410958904
"937","spruceT6P08",2018,207,0.34134,3.41960273972603,741.09,809.995,3.89040410958904
"938","spruceT6P08",2018,208,0.34083,3.41960273972603,741.09,809.995,3.89040410958904
"939","spruceT6P08",2018,209,0.34026,3.41960273972603,741.09,809.995,3.89040410958904
"940","spruceT6P08",2018,210,0.33967,3.41960273972603,741.09,809.995,3.89040410958904
"941","spruceT6P08",2018,211,0.33909,3.41960273972603,741.09,809.995,3.89040410958904
"942","spruceT6P08",2018,212,0.33855,3.41960273972603,741.09,809.995,3.89040410958904
"943","spruceT6P08",2018,213,0.33809,3.41960273972603,741.09,809.995,3.89040410958904
"944","spruceT6P08",2018,214,0.33773,3.41960273972603,741.09,809.995,3.89040410958904
"945","spruceT6P08",2018,215,0.33743,3.41960273972603,741.09,809.995,3.89040410958904
"946","spruceT6P08",2018,216,0.33717,3.41960273972603,741.09,809.995,3.89040410958904
"947","spruceT6P08",2018,217,0.33693,3.41960273972603,741.09,809.995,3.89040410958904
"948","spruceT6P08",2018,218,0.3367,3.41960273972603,741.09,809.995,3.89040410958904
"949","spruceT6P08",2018,219,0.33645,3.41960273972603,741.09,809.995,3.89040410958904
"950","spruceT6P08",2018,220,0.33616,3.41960273972603,741.09,809.995,3.89040410958904
"951","spruceT6P08",2018,221,0.3358,3.41960273972603,741.09,809.995,3.89040410958904
"952","spruceT6P08",2018,222,0.33538,3.41960273972603,741.09,809.995,3.89040410958904
"953","spruceT6P08",2018,223,0.33492,3.41960273972603,741.09,809.995,3.89040410958904
"954","spruceT6P08",2018,224,0.33445,3.41960273972603,741.09,809.995,3.89040410958904
"955","spruceT6P08",2018,225,0.33402,3.41960273972603,741.09,809.995,3.89040410958904
"956","spruceT6P08",2018,226,0.33365,3.41960273972603,741.09,809.995,3.89040410958904
"957","spruceT6P08",2018,227,0.33337,3.41960273972603,741.09,809.995,3.89040410958904
"958","spruceT6P08",2018,228,0.33315,3.41960273972603,741.09,809.995,3.89040410958904
"959","spruceT6P08",2018,229,0.33297,3.41960273972603,741.09,809.995,3.89040410958904
"960","spruceT6P08",2018,230,0.33281,3.41960273972603,741.09,809.995,3.89040410958904
"961","spruceT6P08",2018,231,0.33269,3.41960273972603,741.09,809.995,3.89040410958904
"962","spruceT6P08",2018,232,0.33261,3.41960273972603,741.09,809.995,3.89040410958904
"963","spruceT6P08",2018,233,0.33259,3.41960273972603,741.09,809.995,3.89040410958904
"964","spruceT6P08",2018,234,0.33262,3.41960273972603,741.09,809.995,3.89040410958904
"965","spruceT6P08",2018,235,0.33276,3.41960273972603,741.09,809.995,3.89040410958904
"966","spruceT6P08",2018,236,0.333,3.41960273972603,741.09,809.995,3.89040410958904
"967","spruceT6P08",2018,237,0.33331,3.41960273972603,741.09,809.995,3.89040410958904
"968","spruceT6P08",2018,238,0.33364,3.41960273972603,741.09,809.995,3.89040410958904
"969","spruceT6P08",2018,239,0.33393,3.41960273972603,741.09,809.995,3.89040410958904
"970","spruceT6P08",2018,240,0.33415,3.41960273972603,741.09,809.995,3.89040410958904
"971","spruceT6P08",2018,241,0.33423,3.41960273972603,741.09,809.995,3.89040410958904
"972","spruceT6P08",2018,242,0.33421,3.41960273972603,741.09,809.995,3.89040410958904
"973","spruceT6P08",2018,243,0.33414,3.41960273972603,741.09,809.995,3.89040410958904
"974","spruceT6P08",2018,244,0.33403,3.41960273972603,741.09,809.995,3.89040410958904
"975","spruceT6P08",2018,245,0.33388,3.41960273972603,741.09,809.995,3.89040410958904
"976","spruceT6P08",2018,246,0.33372,3.41960273972603,741.09,809.995,3.89040410958904
"977","spruceT6P08",2018,247,0.33355,3.41960273972603,741.09,809.995,3.89040410958904
"978","spruceT6P08",2018,248,0.33339,3.41960273972603,741.09,809.995,3.89040410958904
"979","spruceT6P08",2018,249,0.33317,3.41960273972603,741.09,809.995,3.89040410958904
"980","spruceT6P08",2018,250,0.33286,3.41960273972603,741.09,809.995,3.89040410958904
"981","spruceT6P08",2018,251,0.33249,3.41960273972603,741.09,809.995,3.89040410958904
"982","spruceT6P08",2018,252,0.33208,3.41960273972603,741.09,809.995,3.89040410958904
"983","spruceT6P08",2018,253,0.33166,3.41960273972603,741.09,809.995,3.89040410958904
"984","spruceT6P08",2018,254,0.33126,3.41960273972603,741.09,809.995,3.89040410958904
"985","spruceT6P08",2018,255,0.33092,3.41960273972603,741.09,809.995,3.89040410958904
"986","spruceT6P08",2018,256,0.33066,3.41960273972603,741.09,809.995,3.89040410958904
"987","spruceT6P08",2018,257,0.33045,3.41960273972603,741.09,809.995,3.89040410958904
"988","spruceT6P08",2018,258,0.33029,3.41960273972603,741.09,809.995,3.89040410958904
"989","spruceT6P08",2018,259,0.33014,3.41960273972603,741.09,809.995,3.89040410958904
"990","spruceT6P08",2018,260,0.32999,3.41960273972603,741.09,809.995,3.89040410958904
"991","spruceT6P08",2018,261,0.32981,3.41960273972603,741.09,809.995,3.89040410958904
"992","spruceT6P08",2018,262,0.32958,3.41960273972603,741.09,809.995,3.89040410958904
"993","spruceT6P08",2018,263,0.32931,3.41960273972603,741.09,809.995,3.89040410958904
"994","spruceT6P08",2018,264,0.32903,3.41960273972603,741.09,809.995,3.89040410958904
"995","spruceT6P08",2018,265,0.32873,3.41960273972603,741.09,809.995,3.89040410958904
"996","spruceT6P08",2018,266,0.32843,3.41960273972603,741.09,809.995,3.89040410958904
"997","spruceT6P08",2018,267,0.32811,3.41960273972603,741.09,809.995,3.89040410958904
"998","spruceT6P08",2018,268,0.32779,3.41960273972603,741.09,809.995,3.89040410958904
"999","spruceT6P08",2018,269,0.32746,3.41960273972603,741.09,809.995,3.89040410958904
"1000","spruceT6P08",2018,270,0.32712,3.41960273972603,741.09,809.995,3.89040410958904
"1001","spruceT6P08",2018,271,0.32677,3.41960273972603,741.09,809.995,3.89040410958904
"1002","spruceT6P08",2018,272,0.32639,3.41960273972603,741.09,809.995,3.89040410958904
"1003","spruceT6P08",2018,273,0.326,3.41960273972603,741.09,809.995,3.89040410958904
"1004","spruceT6P08",2018,274,0.32559,3.41960273972603,741.09,809.995,3.89040410958904
"1005","spruceT6P08",2018,275,0.32515,3.41960273972603,741.09,809.995,3.89040410958904
"1006","spruceT6P08",2018,276,0.32464,3.41960273972603,741.09,809.995,3.89040410958904
"1007","spruceT6P08",2018,277,0.32406,3.41960273972603,741.09,809.995,3.89040410958904
"1008","spruceT6P08",2018,278,0.32343,3.41960273972603,741.09,809.995,3.89040410958904
"1009","spruceT6P08",2018,279,0.32282,3.41960273972603,741.09,809.995,3.89040410958904
"1010","spruceT6P08",2018,280,0.32226,3.41960273972603,741.09,809.995,3.89040410958904
"1011","spruceT6P08",2018,281,0.3218,3.41960273972603,741.09,809.995,3.89040410958904
"1012","spruceT6P08",2018,282,0.32148,3.41960273972603,741.09,809.995,3.89040410958904
"1013","spruceT6P08",2018,283,0.32136,3.41960273972603,741.09,809.995,3.89040410958904
"1014","spruceT6P08",2018,284,0.32144,3.41960273972603,741.09,809.995,3.89040410958904
"1015","spruceT6P08",2018,285,0.32161,3.41960273972603,741.09,809.995,3.89040410958904
"1016","spruceT6P08",2018,286,0.32181,3.41960273972603,741.09,809.995,3.89040410958904
"1017","spruceT6P08",2018,287,0.32196,3.41960273972603,741.09,809.995,3.89040410958904
"1018","spruceT6P08",2018,288,0.32197,3.41960273972603,741.09,809.995,3.89040410958904
"1019","spruceT6P08",2018,289,0.32177,3.41960273972603,741.09,809.995,3.89040410958904
"1020","spruceT6P08",2018,290,0.32138,3.41960273972603,741.09,809.995,3.89040410958904
"1021","spruceT6P08",2018,291,0.3209,3.41960273972603,741.09,809.995,3.89040410958904
"1022","spruceT6P08",2018,292,0.32035,3.41960273972603,741.09,809.995,3.89040410958904
"1023","spruceT6P08",2018,293,0.31974,3.41960273972603,741.09,809.995,3.89040410958904
"1024","spruceT6P08",2018,294,0.3191,3.41960273972603,741.09,809.995,3.89040410958904
"1025","spruceT6P08",2018,295,0.31842,3.41960273972603,741.09,809.995,3.89040410958904
"1026","spruceT6P08",2018,296,0.31774,3.41960273972603,741.09,809.995,3.89040410958904
"1027","spruceT6P08",2018,297,0.31697,3.41960273972603,741.09,809.995,3.89040410958904
"1028","spruceT6P08",2018,298,0.31606,3.41960273972603,741.09,809.995,3.89040410958904
"1029","spruceT6P08",2018,299,0.31504,3.41960273972603,741.09,809.995,3.89040410958904
"1030","spruceT6P08",2018,300,0.31396,3.41960273972603,741.09,809.995,3.89040410958904
"1031","spruceT6P08",2018,301,0.31288,3.41960273972603,741.09,809.995,3.89040410958904
"1032","spruceT6P08",2018,302,0.31184,3.41960273972603,741.09,809.995,3.89040410958904
"1033","spruceT6P08",2018,303,0.31089,3.41960273972603,741.09,809.995,3.89040410958904
"1034","spruceT6P08",2018,304,0.31004,3.41960273972603,741.09,809.995,3.89040410958904
"1035","spruceT6P08",2018,305,0.30926,3.41960273972603,741.09,809.995,3.89040410958904
"1036","spruceT6P08",2018,306,0.30852,3.41960273972603,741.09,809.995,3.89040410958904
"1037","spruceT6P08",2018,307,0.3078,3.41960273972603,741.09,809.995,3.89040410958904
"1038","spruceT6P08",2018,308,0.30709,3.41960273972603,741.09,809.995,3.89040410958904
"1039","spruceT6P08",2018,309,0.30635,3.41960273972603,741.09,809.995,3.89040410958904
"1040","spruceT6P08",2018,310,0.30558,3.41960273972603,741.09,809.995,3.89040410958904
"1041","spruceT6P08",2018,311,0.30472,3.41960273972603,741.09,809.995,3.89040410958904
"1042","spruceT6P08",2018,312,0.30381,3.41960273972603,741.09,809.995,3.89040410958904
"1043","spruceT6P08",2018,313,0.30287,3.41960273972603,741.09,809.995,3.89040410958904
"1044","spruceT6P08",2018,314,0.30195,3.41960273972603,741.09,809.995,3.89040410958904
"1045","spruceT6P08",2018,315,0.30109,3.41960273972603,741.09,809.995,3.89040410958904
"1046","spruceT6P08",2018,316,0.30032,3.41960273972603,741.09,809.995,3.89040410958904
"1047","spruceT6P08",2018,317,0.29971,3.41960273972603,741.09,809.995,3.89040410958904
"1048","spruceT6P08",2018,318,0.29928,3.41960273972603,741.09,809.995,3.89040410958904
"1049","spruceT6P08",2018,319,0.29903,3.41960273972603,741.09,809.995,3.89040410958904
"1050","spruceT6P08",2018,320,0.29886,3.41960273972603,741.09,809.995,3.89040410958904
"1051","spruceT6P08",2018,321,0.29872,3.41960273972603,741.09,809.995,3.89040410958904
"1052","spruceT6P08",2018,322,0.29851,3.41960273972603,741.09,809.995,3.89040410958904
"1053","spruceT6P08",2018,323,0.29816,3.41960273972603,741.09,809.995,3.89040410958904
"1054","spruceT6P08",2018,324,0.29771,3.41960273972603,741.09,809.995,3.89040410958904
"1055","spruceT6P08",2018,325,0.29723,3.41960273972603,741.09,809.995,3.89040410958904
"1056","spruceT6P08",2018,326,0.29674,3.41960273972603,741.09,809.995,3.89040410958904
"1057","spruceT6P08",2018,327,0.29624,3.41960273972603,741.09,809.995,3.89040410958904
"1058","spruceT6P08",2018,328,0.29573,3.41960273972603,741.09,809.995,3.89040410958904
"1059","spruceT6P08",2018,329,0.29523,3.41960273972603,741.09,809.995,3.89040410958904
"1060","spruceT6P08",2018,330,0.29474,3.41960273972603,741.09,809.995,3.89040410958904
"1061","spruceT6P08",2018,331,0.29415,3.41960273972603,741.09,809.995,3.89040410958904
"1062","spruceT6P08",2018,332,0.29342,3.41960273972603,741.09,809.995,3.89040410958904
"1063","spruceT6P08",2018,333,0.2926,3.41960273972603,741.09,809.995,3.89040410958904
"1064","spruceT6P08",2018,334,0.29179,3.41960273972603,741.09,809.995,3.89040410958904
"1065","spruceT6P08",2018,335,0.29106,3.41960273972603,741.09,809.995,3.89040410958904
"1066","spruceT6P08",2018,336,0.29048,3.41960273972603,741.09,809.995,3.89040410958904
"1067","spruceT6P08",2018,337,0.29013,3.41960273972603,741.09,809.995,3.89040410958904
"1068","spruceT6P08",2018,338,0.29002,3.41960273972603,741.09,809.995,3.89040410958904
"1069","spruceT6P08",2018,339,0.29007,3.41960273972603,741.09,809.995,3.89040410958904
"1070","spruceT6P08",2018,340,0.29023,3.41960273972603,741.09,809.995,3.89040410958904
"1071","spruceT6P08",2018,341,0.29047,3.41960273972603,741.09,809.995,3.89040410958904
"1072","spruceT6P08",2018,342,0.29077,3.41960273972603,741.09,809.995,3.89040410958904
"1073","spruceT6P08",2018,343,0.29108,3.41960273972603,741.09,809.995,3.89040410958904
"1074","spruceT6P08",2018,344,0.29136,3.41960273972603,741.09,809.995,3.89040410958904
"1075","spruceT6P08",2018,345,0.29168,3.41960273972603,741.09,809.995,3.89040410958904
"1076","spruceT6P08",2018,346,0.2921,3.41960273972603,741.09,809.995,3.89040410958904
"1077","spruceT6P08",2018,347,0.29258,3.41960273972603,741.09,809.995,3.89040410958904
"1078","spruceT6P08",2018,348,0.29312,3.41960273972603,741.09,809.995,3.89040410958904
"1079","spruceT6P08",2018,349,0.29369,3.41960273972603,741.09,809.995,3.89040410958904
"1080","spruceT6P08",2018,350,0.29426,3.41960273972603,741.09,809.995,3.89040410958904
"1081","spruceT6P08",2018,351,0.29481,3.41960273972603,741.09,809.995,3.89040410958904
"1082","spruceT6P08",2018,352,0.29542,3.41960273972603,741.09,809.995,3.89040410958904
"1083","spruceT6P08",2018,353,0.29613,3.41960273972603,741.09,809.995,3.89040410958904
"1084","spruceT6P08",2018,354,0.2969,3.41960273972603,741.09,809.995,3.89040410958904
"1085","spruceT6P08",2018,355,0.29768,3.41960273972603,741.09,809.995,3.89040410958904
"1086","spruceT6P08",2018,356,0.29842,3.41960273972603,741.09,809.995,3.89040410958904
"1087","spruceT6P08",2018,357,0.29909,3.41960273972603,741.09,809.995,3.89040410958904
"1088","spruceT6P08",2018,358,0.29963,3.41960273972603,741.09,809.995,3.89040410958904
"1089","spruceT6P08",2018,359,0.30013,3.41960273972603,741.09,809.995,3.89040410958904
"1090","spruceT6P08",2018,360,0.30069,3.41960273972603,741.09,809.995,3.89040410958904
"1091","spruceT6P08",2018,361,0.30124,3.41960273972603,741.09,809.995,3.89040410958904
"1092","spruceT6P08",2018,362,0.30172,3.41960273972603,741.09,809.995,3.89040410958904
"1093","spruceT6P08",2018,363,0.30208,3.41960273972603,741.09,809.995,3.89040410958904
"1094","spruceT6P08",2018,364,0.30225,3.41960273972603,741.09,809.995,3.89040410958904
"1095","spruceT6P08",2018,365,0.30217,3.41960273972603,741.09,809.995,3.89040410958904
"1096","spruceT6P08",2019,1,0.30178,2.69364383561644,763.42,809.995,3.89040410958904
"1097","spruceT6P08",2019,2,0.30111,2.69364383561644,763.42,809.995,3.89040410958904
"1098","spruceT6P08",2019,3,0.30023,2.69364383561644,763.42,809.995,3.89040410958904
"1099","spruceT6P08",2019,4,0.29924,2.69364383561644,763.42,809.995,3.89040410958904
"1100","spruceT6P08",2019,5,0.29821,2.69364383561644,763.42,809.995,3.89040410958904
"1101","spruceT6P08",2019,6,0.29723,2.69364383561644,763.42,809.995,3.89040410958904
"1102","spruceT6P08",2019,7,0.29639,2.69364383561644,763.42,809.995,3.89040410958904
"1103","spruceT6P08",2019,8,0.29544,2.69364383561644,763.42,809.995,3.89040410958904
"1104","spruceT6P08",2019,9,0.29423,2.69364383561644,763.42,809.995,3.89040410958904
"1105","spruceT6P08",2019,10,0.29293,2.69364383561644,763.42,809.995,3.89040410958904
"1106","spruceT6P08",2019,11,0.29173,2.69364383561644,763.42,809.995,3.89040410958904
"1107","spruceT6P08",2019,12,0.29082,2.69364383561644,763.42,809.995,3.89040410958904
"1108","spruceT6P08",2019,13,0.29038,2.69364383561644,763.42,809.995,3.89040410958904
"1109","spruceT6P08",2019,14,0.2904,2.69364383561644,763.42,809.995,3.89040410958904
"1110","spruceT6P08",2019,15,0.29072,2.69364383561644,763.42,809.995,3.89040410958904
"1111","spruceT6P08",2019,16,0.29125,2.69364383561644,763.42,809.995,3.89040410958904
"1112","spruceT6P08",2019,17,0.29195,2.69364383561644,763.42,809.995,3.89040410958904
"1113","spruceT6P08",2019,18,0.29273,2.69364383561644,763.42,809.995,3.89040410958904
"1114","spruceT6P08",2019,19,0.29354,2.69364383561644,763.42,809.995,3.89040410958904
"1115","spruceT6P08",2019,20,0.29431,2.69364383561644,763.42,809.995,3.89040410958904
"1116","spruceT6P08",2019,21,0.29516,2.69364383561644,763.42,809.995,3.89040410958904
"1117","spruceT6P08",2019,22,0.29622,2.69364383561644,763.42,809.995,3.89040410958904
"1118","spruceT6P08",2019,23,0.29744,2.69364383561644,763.42,809.995,3.89040410958904
"1119","spruceT6P08",2019,24,0.29876,2.69364383561644,763.42,809.995,3.89040410958904
"1120","spruceT6P08",2019,25,0.3001,2.69364383561644,763.42,809.995,3.89040410958904
"1121","spruceT6P08",2019,26,0.30141,2.69364383561644,763.42,809.995,3.89040410958904
"1122","spruceT6P08",2019,27,0.30262,2.69364383561644,763.42,809.995,3.89040410958904
"1123","spruceT6P08",2019,28,0.30375,2.69364383561644,763.42,809.995,3.89040410958904
"1124","spruceT6P08",2019,29,0.30488,2.69364383561644,763.42,809.995,3.89040410958904
"1125","spruceT6P08",2019,30,0.30598,2.69364383561644,763.42,809.995,3.89040410958904
"1126","spruceT6P08",2019,31,0.30706,2.69364383561644,763.42,809.995,3.89040410958904
"1127","spruceT6P08",2019,32,0.3081,2.69364383561644,763.42,809.995,3.89040410958904
"1128","spruceT6P08",2019,33,0.30909,2.69364383561644,763.42,809.995,3.89040410958904
"1129","spruceT6P08",2019,34,0.31003,2.69364383561644,763.42,809.995,3.89040410958904
"1130","spruceT6P08",2019,35,0.31099,2.69364383561644,763.42,809.995,3.89040410958904
"1131","spruceT6P08",2019,36,0.31204,2.69364383561644,763.42,809.995,3.89040410958904
"1132","spruceT6P08",2019,37,0.3131,2.69364383561644,763.42,809.995,3.89040410958904
"1133","spruceT6P08",2019,38,0.31413,2.69364383561644,763.42,809.995,3.89040410958904
"1134","spruceT6P08",2019,39,0.31506,2.69364383561644,763.42,809.995,3.89040410958904
"1135","spruceT6P08",2019,40,0.31583,2.69364383561644,763.42,809.995,3.89040410958904
"1136","spruceT6P08",2019,41,0.31639,2.69364383561644,763.42,809.995,3.89040410958904
"1137","spruceT6P08",2019,42,0.31672,2.69364383561644,763.42,809.995,3.89040410958904
"1138","spruceT6P08",2019,43,0.31685,2.69364383561644,763.42,809.995,3.89040410958904
"1139","spruceT6P08",2019,44,0.31683,2.69364383561644,763.42,809.995,3.89040410958904
"1140","spruceT6P08",2019,45,0.3167,2.69364383561644,763.42,809.995,3.89040410958904
"1141","spruceT6P08",2019,46,0.31651,2.69364383561644,763.42,809.995,3.89040410958904
"1142","spruceT6P08",2019,47,0.31631,2.69364383561644,763.42,809.995,3.89040410958904
"1143","spruceT6P08",2019,48,0.31612,2.69364383561644,763.42,809.995,3.89040410958904
"1144","spruceT6P08",2019,49,0.31592,2.69364383561644,763.42,809.995,3.89040410958904
"1145","spruceT6P08",2019,50,0.31563,2.69364383561644,763.42,809.995,3.89040410958904
"1146","spruceT6P08",2019,51,0.31528,2.69364383561644,763.42,809.995,3.89040410958904
"1147","spruceT6P08",2019,52,0.3149,2.69364383561644,763.42,809.995,3.89040410958904
"1148","spruceT6P08",2019,53,0.31452,2.69364383561644,763.42,809.995,3.89040410958904
"1149","spruceT6P08",2019,54,0.31416,2.69364383561644,763.42,809.995,3.89040410958904
"1150","spruceT6P08",2019,55,0.31386,2.69364383561644,763.42,809.995,3.89040410958904
"1151","spruceT6P08",2019,56,0.31372,2.69364383561644,763.42,809.995,3.89040410958904
"1152","spruceT6P08",2019,57,0.31378,2.69364383561644,763.42,809.995,3.89040410958904
"1153","spruceT6P08",2019,58,0.31391,2.69364383561644,763.42,809.995,3.89040410958904
"1154","spruceT6P08",2019,59,0.31399,2.69364383561644,763.42,809.995,3.89040410958904
"1155","spruceT6P08",2019,60,0.3139,2.69364383561644,763.42,809.995,3.89040410958904
"1156","spruceT6P08",2019,61,0.31352,2.69364383561644,763.42,809.995,3.89040410958904
"1157","spruceT6P08",2019,62,0.31272,2.69364383561644,763.42,809.995,3.89040410958904
"1158","spruceT6P08",2019,63,0.31141,2.69364383561644,763.42,809.995,3.89040410958904
"1159","spruceT6P08",2019,64,0.30967,2.69364383561644,763.42,809.995,3.89040410958904
"1160","spruceT6P08",2019,65,0.30765,2.69364383561644,763.42,809.995,3.89040410958904
"1161","spruceT6P08",2019,66,0.3055,2.69364383561644,763.42,809.995,3.89040410958904
"1162","spruceT6P08",2019,67,0.30334,2.69364383561644,763.42,809.995,3.89040410958904
"1163","spruceT6P08",2019,68,0.30134,2.69364383561644,763.42,809.995,3.89040410958904
"1164","spruceT6P08",2019,69,0.29963,2.69364383561644,763.42,809.995,3.89040410958904
"1165","spruceT6P08",2019,70,0.29799,2.69364383561644,763.42,809.995,3.89040410958904
"1166","spruceT6P08",2019,71,0.29616,2.69364383561644,763.42,809.995,3.89040410958904
"1167","spruceT6P08",2019,72,0.29427,2.69364383561644,763.42,809.995,3.89040410958904
"1168","spruceT6P08",2019,73,0.29244,2.69364383561644,763.42,809.995,3.89040410958904
"1169","spruceT6P08",2019,74,0.29079,2.69364383561644,763.42,809.995,3.89040410958904
"1170","spruceT6P08",2019,75,0.28945,2.69364383561644,763.42,809.995,3.89040410958904
"1171","spruceT6P08",2019,76,0.28852,2.69364383561644,763.42,809.995,3.89040410958904
"1172","spruceT6P08",2019,77,0.28818,2.69364383561644,763.42,809.995,3.89040410958904
"1173","spruceT6P08",2019,78,0.28839,2.69364383561644,763.42,809.995,3.89040410958904
"1174","spruceT6P08",2019,79,0.28896,2.69364383561644,763.42,809.995,3.89040410958904
"1175","spruceT6P08",2019,80,0.28972,2.69364383561644,763.42,809.995,3.89040410958904
"1176","spruceT6P08",2019,81,0.29048,2.69364383561644,763.42,809.995,3.89040410958904
"1177","spruceT6P08",2019,82,0.29106,2.69364383561644,763.42,809.995,3.89040410958904
"1178","spruceT6P08",2019,83,0.29129,2.69364383561644,763.42,809.995,3.89040410958904
"1179","spruceT6P08",2019,84,0.2911,2.69364383561644,763.42,809.995,3.89040410958904
"1180","spruceT6P08",2019,85,0.29063,2.69364383561644,763.42,809.995,3.89040410958904
"1181","spruceT6P08",2019,86,0.29,2.69364383561644,763.42,809.995,3.89040410958904
"1182","spruceT6P08",2019,87,0.28931,2.69364383561644,763.42,809.995,3.89040410958904
"1183","spruceT6P08",2019,88,0.28867,2.69364383561644,763.42,809.995,3.89040410958904
"1184","spruceT6P08",2019,89,0.28818,2.69364383561644,763.42,809.995,3.89040410958904
"1185","spruceT6P08",2019,90,0.28795,2.69364383561644,763.42,809.995,3.89040410958904
"1186","spruceT6P08",2019,91,0.28799,2.69364383561644,763.42,809.995,3.89040410958904
"1187","spruceT6P08",2019,92,0.28822,2.69364383561644,763.42,809.995,3.89040410958904
"1188","spruceT6P08",2019,93,0.28858,2.69364383561644,763.42,809.995,3.89040410958904
"1189","spruceT6P08",2019,94,0.28903,2.69364383561644,763.42,809.995,3.89040410958904
"1190","spruceT6P08",2019,95,0.28951,2.69364383561644,763.42,809.995,3.89040410958904
"1191","spruceT6P08",2019,96,0.28998,2.69364383561644,763.42,809.995,3.89040410958904
"1192","spruceT6P08",2019,97,0.29037,2.69364383561644,763.42,809.995,3.89040410958904
"1193","spruceT6P08",2019,98,0.2908,2.69364383561644,763.42,809.995,3.89040410958904
"1194","spruceT6P08",2019,99,0.29135,2.69364383561644,763.42,809.995,3.89040410958904
"1195","spruceT6P08",2019,100,0.29197,2.69364383561644,763.42,809.995,3.89040410958904
"1196","spruceT6P08",2019,101,0.29261,2.69364383561644,763.42,809.995,3.89040410958904
"1197","spruceT6P08",2019,102,0.29321,2.69364383561644,763.42,809.995,3.89040410958904
"1198","spruceT6P08",2019,103,0.29373,2.69364383561644,763.42,809.995,3.89040410958904
"1199","spruceT6P08",2019,104,0.2941,2.69364383561644,763.42,809.995,3.89040410958904
"1200","spruceT6P08",2019,105,0.29429,2.69364383561644,763.42,809.995,3.89040410958904
"1201","spruceT6P08",2019,106,0.29431,2.69364383561644,763.42,809.995,3.89040410958904
"1202","spruceT6P08",2019,107,0.29419,2.69364383561644,763.42,809.995,3.89040410958904
"1203","spruceT6P08",2019,108,0.29398,2.69364383561644,763.42,809.995,3.89040410958904
"1204","spruceT6P08",2019,109,0.29371,2.69364383561644,763.42,809.995,3.89040410958904
"1205","spruceT6P08",2019,110,0.29342,2.69364383561644,763.42,809.995,3.89040410958904
"1206","spruceT6P08",2019,111,0.29313,2.69364383561644,763.42,809.995,3.89040410958904
"1207","spruceT6P08",2019,112,0.29282,2.69364383561644,763.42,809.995,3.89040410958904
"1208","spruceT6P08",2019,113,0.29244,2.69364383561644,763.42,809.995,3.89040410958904
"1209","spruceT6P08",2019,114,0.29206,2.69364383561644,763.42,809.995,3.89040410958904
"1210","spruceT6P08",2019,115,0.29172,2.69364383561644,763.42,809.995,3.89040410958904
"1211","spruceT6P08",2019,116,0.29149,2.69364383561644,763.42,809.995,3.89040410958904
"1212","spruceT6P08",2019,117,0.29143,2.69364383561644,763.42,809.995,3.89040410958904
"1213","spruceT6P08",2019,118,0.29158,2.69364383561644,763.42,809.995,3.89040410958904
"1214","spruceT6P08",2019,119,0.29174,2.69364383561644,763.42,809.995,3.89040410958904
"1215","spruceT6P08",2019,120,0.29175,2.69364383561644,763.42,809.995,3.89040410958904
"1216","spruceT6P08",2019,121,0.29174,2.69364383561644,763.42,809.995,3.89040410958904
"1217","spruceT6P08",2019,122,0.29186,2.69364383561644,763.42,809.995,3.89040410958904
"1218","spruceT6P08",2019,123,0.29226,2.69364383561644,763.42,809.995,3.89040410958904
"1219","spruceT6P08",2019,124,0.29306,2.69364383561644,763.42,809.995,3.89040410958904
"1220","spruceT6P08",2019,125,0.2944,2.69364383561644,763.42,809.995,3.89040410958904
"1221","spruceT6P08",2019,126,0.29622,2.69364383561644,763.42,809.995,3.89040410958904
"1222","spruceT6P08",2019,127,0.29837,2.69364383561644,763.42,809.995,3.89040410958904
"1223","spruceT6P08",2019,128,0.30074,2.69364383561644,763.42,809.995,3.89040410958904
"1224","spruceT6P08",2019,129,0.30318,2.69364383561644,763.42,809.995,3.89040410958904
"1225","spruceT6P08",2019,130,0.30555,2.69364383561644,763.42,809.995,3.89040410958904
"1226","spruceT6P08",2019,131,0.30773,2.69364383561644,763.42,809.995,3.89040410958904
"1227","spruceT6P08",2019,132,0.30989,2.69364383561644,763.42,809.995,3.89040410958904
"1228","spruceT6P08",2019,133,0.31223,2.69364383561644,763.42,809.995,3.89040410958904
"1229","spruceT6P08",2019,134,0.31465,2.69364383561644,763.42,809.995,3.89040410958904
"1230","spruceT6P08",2019,135,0.31705,2.69364383561644,763.42,809.995,3.89040410958904
"1231","spruceT6P08",2019,136,0.31936,2.69364383561644,763.42,809.995,3.89040410958904
"1232","spruceT6P08",2019,137,0.32148,2.69364383561644,763.42,809.995,3.89040410958904
"1233","spruceT6P08",2019,138,0.32331,2.69364383561644,763.42,809.995,3.89040410958904
"1234","spruceT6P08",2019,139,0.3249,2.69364383561644,763.42,809.995,3.89040410958904
"1235","spruceT6P08",2019,140,0.32634,2.69364383561644,763.42,809.995,3.89040410958904
"1236","spruceT6P08",2019,141,0.32763,2.69364383561644,763.42,809.995,3.89040410958904
"1237","spruceT6P08",2019,142,0.32878,2.69364383561644,763.42,809.995,3.89040410958904
"1238","spruceT6P08",2019,143,0.32979,2.69364383561644,763.42,809.995,3.89040410958904
"1239","spruceT6P08",2019,144,0.33065,2.69364383561644,763.42,809.995,3.89040410958904
"1240","spruceT6P08",2019,145,0.33137,2.69364383561644,763.42,809.995,3.89040410958904
"1241","spruceT6P08",2019,146,0.33187,2.69364383561644,763.42,809.995,3.89040410958904
"1242","spruceT6P08",2019,147,0.33214,2.69364383561644,763.42,809.995,3.89040410958904
"1243","spruceT6P08",2019,148,0.33224,2.69364383561644,763.42,809.995,3.89040410958904
"1244","spruceT6P08",2019,149,0.33224,2.69364383561644,763.42,809.995,3.89040410958904
"1245","spruceT6P08",2019,150,0.33222,2.69364383561644,763.42,809.995,3.89040410958904
"1246","spruceT6P08",2019,151,0.33224,2.69364383561644,763.42,809.995,3.89040410958904
"1247","spruceT6P08",2019,152,0.33238,2.69364383561644,763.42,809.995,3.89040410958904
"1248","spruceT6P08",2019,153,0.33257,2.69364383561644,763.42,809.995,3.89040410958904
"1249","spruceT6P08",2019,154,0.33272,2.69364383561644,763.42,809.995,3.89040410958904
"1250","spruceT6P08",2019,155,0.33284,2.69364383561644,763.42,809.995,3.89040410958904
"1251","spruceT6P08",2019,156,0.33294,2.69364383561644,763.42,809.995,3.89040410958904
"1252","spruceT6P08",2019,157,0.33303,2.69364383561644,763.42,809.995,3.89040410958904
"1253","spruceT6P08",2019,158,0.33313,2.69364383561644,763.42,809.995,3.89040410958904
"1254","spruceT6P08",2019,159,0.33324,2.69364383561644,763.42,809.995,3.89040410958904
"1255","spruceT6P08",2019,160,0.33331,2.69364383561644,763.42,809.995,3.89040410958904
"1256","spruceT6P08",2019,161,0.3333,2.69364383561644,763.42,809.995,3.89040410958904
"1257","spruceT6P08",2019,162,0.33325,2.69364383561644,763.42,809.995,3.89040410958904
"1258","spruceT6P08",2019,163,0.33321,2.69364383561644,763.42,809.995,3.89040410958904
"1259","spruceT6P08",2019,164,0.33323,2.69364383561644,763.42,809.995,3.89040410958904
"1260","spruceT6P08",2019,165,0.33336,2.69364383561644,763.42,809.995,3.89040410958904
"1261","spruceT6P08",2019,166,0.33365,2.69364383561644,763.42,809.995,3.89040410958904
"1262","spruceT6P08",2019,167,0.33407,2.69364383561644,763.42,809.995,3.89040410958904
"1263","spruceT6P08",2019,168,0.33458,2.69364383561644,763.42,809.995,3.89040410958904
"1264","spruceT6P08",2019,169,0.33515,2.69364383561644,763.42,809.995,3.89040410958904
"1265","spruceT6P08",2019,170,0.3358,2.69364383561644,763.42,809.995,3.89040410958904
"1266","spruceT6P08",2019,171,0.33652,2.69364383561644,763.42,809.995,3.89040410958904
"1267","spruceT6P08",2019,172,0.3373,2.69364383561644,763.42,809.995,3.89040410958904
"1268","spruceT6P08",2019,173,0.33813,2.69364383561644,763.42,809.995,3.89040410958904
"1269","spruceT6P08",2019,174,0.3391,2.69364383561644,763.42,809.995,3.89040410958904
"1270","spruceT6P08",2019,175,0.34024,2.69364383561644,763.42,809.995,3.89040410958904
"1271","spruceT6P08",2019,176,0.34148,2.69364383561644,763.42,809.995,3.89040410958904
"1272","spruceT6P08",2019,177,0.34276,2.69364383561644,763.42,809.995,3.89040410958904
"1273","spruceT6P08",2019,178,0.34402,2.69364383561644,763.42,809.995,3.89040410958904
"1274","spruceT6P08",2019,179,0.34518,2.69364383561644,763.42,809.995,3.89040410958904
"1275","spruceT6P08",2019,180,0.34626,2.69364383561644,763.42,809.995,3.89040410958904
"1276","spruceT6P08",2019,181,0.34733,2.69364383561644,763.42,809.995,3.89040410958904
"1277","spruceT6P08",2019,182,0.34839,2.69364383561644,763.42,809.995,3.89040410958904
"1278","spruceT6P08",2019,183,0.34944,2.69364383561644,763.42,809.995,3.89040410958904
"1279","spruceT6P08",2019,184,0.35048,2.69364383561644,763.42,809.995,3.89040410958904
"1280","spruceT6P08",2019,185,0.3515,2.69364383561644,763.42,809.995,3.89040410958904
"1281","spruceT6P08",2019,186,0.35252,2.69364383561644,763.42,809.995,3.89040410958904
"1282","spruceT6P08",2019,187,0.35359,2.69364383561644,763.42,809.995,3.89040410958904
"1283","spruceT6P08",2019,188,0.35475,2.69364383561644,763.42,809.995,3.89040410958904
"1284","spruceT6P08",2019,189,0.35595,2.69364383561644,763.42,809.995,3.89040410958904
"1285","spruceT6P08",2019,190,0.35712,2.69364383561644,763.42,809.995,3.89040410958904
"1286","spruceT6P08",2019,191,0.35821,2.69364383561644,763.42,809.995,3.89040410958904
"1287","spruceT6P08",2019,192,0.35918,2.69364383561644,763.42,809.995,3.89040410958904
"1288","spruceT6P08",2019,193,0.35996,2.69364383561644,763.42,809.995,3.89040410958904
"1289","spruceT6P08",2019,194,0.36056,2.69364383561644,763.42,809.995,3.89040410958904
"1290","spruceT6P08",2019,195,0.36106,2.69364383561644,763.42,809.995,3.89040410958904
"1291","spruceT6P08",2019,196,0.36145,2.69364383561644,763.42,809.995,3.89040410958904
"1292","spruceT6P08",2019,197,0.36178,2.69364383561644,763.42,809.995,3.89040410958904
"1293","spruceT6P08",2019,198,0.36204,2.69364383561644,763.42,809.995,3.89040410958904
"1294","spruceT6P08",2019,199,0.36228,2.69364383561644,763.42,809.995,3.89040410958904
"1295","spruceT6P08",2019,200,0.3625,2.69364383561644,763.42,809.995,3.89040410958904
"1296","spruceT6P08",2019,201,0.36268,2.69364383561644,763.42,809.995,3.89040410958904
"1297","spruceT6P08",2019,202,0.36277,2.69364383561644,763.42,809.995,3.89040410958904
"1298","spruceT6P08",2019,203,0.3628,2.69364383561644,763.42,809.995,3.89040410958904
"1299","spruceT6P08",2019,204,0.36277,2.69364383561644,763.42,809.995,3.89040410958904
"1300","spruceT6P08",2019,205,0.3627,2.69364383561644,763.42,809.995,3.89040410958904
"1301","spruceT6P08",2019,206,0.36259,2.69364383561644,763.42,809.995,3.89040410958904
"1302","spruceT6P08",2019,207,0.36246,2.69364383561644,763.42,809.995,3.89040410958904
"1303","spruceT6P08",2019,208,0.36231,2.69364383561644,763.42,809.995,3.89040410958904
"1304","spruceT6P08",2019,209,0.36212,2.69364383561644,763.42,809.995,3.89040410958904
"1305","spruceT6P08",2019,210,0.3619,2.69364383561644,763.42,809.995,3.89040410958904
"1306","spruceT6P08",2019,211,0.36166,2.69364383561644,763.42,809.995,3.89040410958904
"1307","spruceT6P08",2019,212,0.3614,2.69364383561644,763.42,809.995,3.89040410958904
"1308","spruceT6P08",2019,213,0.36113,2.69364383561644,763.42,809.995,3.89040410958904
"1309","spruceT6P08",2019,214,0.36086,2.69364383561644,763.42,809.995,3.89040410958904
"1310","spruceT6P08",2019,215,0.36052,2.69364383561644,763.42,809.995,3.89040410958904
"1311","spruceT6P08",2019,216,0.3601,2.69364383561644,763.42,809.995,3.89040410958904
"1312","spruceT6P08",2019,217,0.35964,2.69364383561644,763.42,809.995,3.89040410958904
"1313","spruceT6P08",2019,218,0.35917,2.69364383561644,763.42,809.995,3.89040410958904
"1314","spruceT6P08",2019,219,0.35875,2.69364383561644,763.42,809.995,3.89040410958904
"1315","spruceT6P08",2019,220,0.35841,2.69364383561644,763.42,809.995,3.89040410958904
"1316","spruceT6P08",2019,221,0.35819,2.69364383561644,763.42,809.995,3.89040410958904
"1317","spruceT6P08",2019,222,0.35809,2.69364383561644,763.42,809.995,3.89040410958904
"1318","spruceT6P08",2019,223,0.35803,2.69364383561644,763.42,809.995,3.89040410958904
"1319","spruceT6P08",2019,224,0.358,2.69364383561644,763.42,809.995,3.89040410958904
"1320","spruceT6P08",2019,225,0.35799,2.69364383561644,763.42,809.995,3.89040410958904
"1321","spruceT6P08",2019,226,0.35797,2.69364383561644,763.42,809.995,3.89040410958904
"1322","spruceT6P08",2019,227,0.35795,2.69364383561644,763.42,809.995,3.89040410958904
"1323","spruceT6P08",2019,228,0.35789,2.69364383561644,763.42,809.995,3.89040410958904
"1324","spruceT6P08",2019,229,0.35784,2.69364383561644,763.42,809.995,3.89040410958904
"1325","spruceT6P08",2019,230,0.35783,2.69364383561644,763.42,809.995,3.89040410958904
"1326","spruceT6P08",2019,231,0.35785,2.69364383561644,763.42,809.995,3.89040410958904
"1327","spruceT6P08",2019,232,0.35789,2.69364383561644,763.42,809.995,3.89040410958904
"1328","spruceT6P08",2019,233,0.35795,2.69364383561644,763.42,809.995,3.89040410958904
"1329","spruceT6P08",2019,234,0.35799,2.69364383561644,763.42,809.995,3.89040410958904
"1330","spruceT6P08",2019,235,0.35803,2.69364383561644,763.42,809.995,3.89040410958904
"1331","spruceT6P08",2019,236,0.35805,2.69364383561644,763.42,809.995,3.89040410958904
"1332","spruceT6P08",2019,237,0.35804,2.69364383561644,763.42,809.995,3.89040410958904
"1333","spruceT6P08",2019,238,0.35802,2.69364383561644,763.42,809.995,3.89040410958904
"1334","spruceT6P08",2019,239,0.35797,2.69364383561644,763.42,809.995,3.89040410958904
"1335","spruceT6P08",2019,240,0.3579,2.69364383561644,763.42,809.995,3.89040410958904
"1336","spruceT6P08",2019,241,0.35781,2.69364383561644,763.42,809.995,3.89040410958904
"1337","spruceT6P08",2019,242,0.35768,2.69364383561644,763.42,809.995,3.89040410958904
"1338","spruceT6P08",2019,243,0.35752,2.69364383561644,763.42,809.995,3.89040410958904
"1339","spruceT6P08",2019,244,0.35735,2.69364383561644,763.42,809.995,3.89040410958904
"1340","spruceT6P08",2019,245,0.35718,2.69364383561644,763.42,809.995,3.89040410958904
"1341","spruceT6P08",2019,246,0.35702,2.69364383561644,763.42,809.995,3.89040410958904
"1342","spruceT6P08",2019,247,0.35691,2.69364383561644,763.42,809.995,3.89040410958904
"1343","spruceT6P08",2019,248,0.35684,2.69364383561644,763.42,809.995,3.89040410958904
"1344","spruceT6P08",2019,249,0.35689,2.69364383561644,763.42,809.995,3.89040410958904
"1345","spruceT6P08",2019,250,0.35707,2.69364383561644,763.42,809.995,3.89040410958904
"1346","spruceT6P08",2019,251,0.35734,2.69364383561644,763.42,809.995,3.89040410958904
"1347","spruceT6P08",2019,252,0.35762,2.69364383561644,763.42,809.995,3.89040410958904
"1348","spruceT6P08",2019,253,0.35788,2.69364383561644,763.42,809.995,3.89040410958904
"1349","spruceT6P08",2019,254,0.35805,2.69364383561644,763.42,809.995,3.89040410958904
"1350","spruceT6P08",2019,255,0.35808,2.69364383561644,763.42,809.995,3.89040410958904
"1351","spruceT6P08",2019,256,0.35797,2.69364383561644,763.42,809.995,3.89040410958904
"1352","spruceT6P08",2019,257,0.35776,2.69364383561644,763.42,809.995,3.89040410958904
"1353","spruceT6P08",2019,258,0.35747,2.69364383561644,763.42,809.995,3.89040410958904
"1354","spruceT6P08",2019,259,0.3571,2.69364383561644,763.42,809.995,3.89040410958904
"1355","spruceT6P08",2019,260,0.35667,2.69364383561644,763.42,809.995,3.89040410958904
"1356","spruceT6P08",2019,261,0.35619,2.69364383561644,763.42,809.995,3.89040410958904
"1357","spruceT6P08",2019,262,0.35568,2.69364383561644,763.42,809.995,3.89040410958904
"1358","spruceT6P08",2019,263,0.35504,2.69364383561644,763.42,809.995,3.89040410958904
"1359","spruceT6P08",2019,264,0.35426,2.69364383561644,763.42,809.995,3.89040410958904
"1360","spruceT6P08",2019,265,0.35339,2.69364383561644,763.42,809.995,3.89040410958904
"1361","spruceT6P08",2019,266,0.35249,2.69364383561644,763.42,809.995,3.89040410958904
"1362","spruceT6P08",2019,267,0.35163,2.69364383561644,763.42,809.995,3.89040410958904
"1363","spruceT6P08",2019,268,0.35086,2.69364383561644,763.42,809.995,3.89040410958904
"1364","spruceT6P08",2019,269,0.35026,2.69364383561644,763.42,809.995,3.89040410958904
"1365","spruceT6P08",2019,270,0.34986,2.69364383561644,763.42,809.995,3.89040410958904
"1366","spruceT6P08",2019,271,0.34961,2.69364383561644,763.42,809.995,3.89040410958904
"1367","spruceT6P08",2019,272,0.34946,2.69364383561644,763.42,809.995,3.89040410958904
"1368","spruceT6P08",2019,273,0.34937,2.69364383561644,763.42,809.995,3.89040410958904
"1369","spruceT6P08",2019,274,0.34927,2.69364383561644,763.42,809.995,3.89040410958904
"1370","spruceT6P08",2019,275,0.34912,2.69364383561644,763.42,809.995,3.89040410958904
"1371","spruceT6P08",2019,276,0.34887,2.69364383561644,763.42,809.995,3.89040410958904
"1372","spruceT6P08",2019,277,0.3485,2.69364383561644,763.42,809.995,3.89040410958904
"1373","spruceT6P08",2019,278,0.34807,2.69364383561644,763.42,809.995,3.89040410958904
"1374","spruceT6P08",2019,279,0.34759,2.69364383561644,763.42,809.995,3.89040410958904
"1375","spruceT6P08",2019,280,0.34708,2.69364383561644,763.42,809.995,3.89040410958904
"1376","spruceT6P08",2019,281,0.34653,2.69364383561644,763.42,809.995,3.89040410958904
"1377","spruceT6P08",2019,282,0.34597,2.69364383561644,763.42,809.995,3.89040410958904
"1378","spruceT6P08",2019,283,0.34542,2.69364383561644,763.42,809.995,3.89040410958904
"1379","spruceT6P08",2019,284,0.34488,2.69364383561644,763.42,809.995,3.89040410958904
"1380","spruceT6P08",2019,285,0.34435,2.69364383561644,763.42,809.995,3.89040410958904
"1381","spruceT6P08",2019,286,0.34384,2.69364383561644,763.42,809.995,3.89040410958904
"1382","spruceT6P08",2019,287,0.34333,2.69364383561644,763.42,809.995,3.89040410958904
"1383","spruceT6P08",2019,288,0.34282,2.69364383561644,763.42,809.995,3.89040410958904
"1384","spruceT6P08",2019,289,0.34229,2.69364383561644,763.42,809.995,3.89040410958904
"1385","spruceT6P08",2019,290,0.34174,2.69364383561644,763.42,809.995,3.89040410958904
"1386","spruceT6P08",2019,291,0.34122,2.69364383561644,763.42,809.995,3.89040410958904
"1387","spruceT6P08",2019,292,0.34074,2.69364383561644,763.42,809.995,3.89040410958904
"1388","spruceT6P08",2019,293,0.34027,2.69364383561644,763.42,809.995,3.89040410958904
"1389","spruceT6P08",2019,294,0.33975,2.69364383561644,763.42,809.995,3.89040410958904
"1390","spruceT6P08",2019,295,0.33914,2.69364383561644,763.42,809.995,3.89040410958904
"1391","spruceT6P08",2019,296,0.33838,2.69364383561644,763.42,809.995,3.89040410958904
"1392","spruceT6P08",2019,297,0.33743,2.69364383561644,763.42,809.995,3.89040410958904
"1393","spruceT6P08",2019,298,0.33626,2.69364383561644,763.42,809.995,3.89040410958904
"1394","spruceT6P08",2019,299,0.33491,2.69364383561644,763.42,809.995,3.89040410958904
"1395","spruceT6P08",2019,300,0.33342,2.69364383561644,763.42,809.995,3.89040410958904
"1396","spruceT6P08",2019,301,0.33184,2.69364383561644,763.42,809.995,3.89040410958904
"1397","spruceT6P08",2019,302,0.33021,2.69364383561644,763.42,809.995,3.89040410958904
"1398","spruceT6P08",2019,303,0.32858,2.69364383561644,763.42,809.995,3.89040410958904
"1399","spruceT6P08",2019,304,0.32699,2.69364383561644,763.42,809.995,3.89040410958904
"1400","spruceT6P08",2019,305,0.32531,2.69364383561644,763.42,809.995,3.89040410958904
"1401","spruceT6P08",2019,306,0.32343,2.69364383561644,763.42,809.995,3.89040410958904
"1402","spruceT6P08",2019,307,0.32146,2.69364383561644,763.42,809.995,3.89040410958904
"1403","spruceT6P08",2019,308,0.31949,2.69364383561644,763.42,809.995,3.89040410958904
"1404","spruceT6P08",2019,309,0.31763,2.69364383561644,763.42,809.995,3.89040410958904
"1405","spruceT6P08",2019,310,0.31597,2.69364383561644,763.42,809.995,3.89040410958904
"1406","spruceT6P08",2019,311,0.31461,2.69364383561644,763.42,809.995,3.89040410958904
"1407","spruceT6P08",2019,312,0.31353,2.69364383561644,763.42,809.995,3.89040410958904
"1408","spruceT6P08",2019,313,0.31262,2.69364383561644,763.42,809.995,3.89040410958904
"1409","spruceT6P08",2019,314,0.31186,2.69364383561644,763.42,809.995,3.89040410958904
"1410","spruceT6P08",2019,315,0.31122,2.69364383561644,763.42,809.995,3.89040410958904
"1411","spruceT6P08",2019,316,0.31066,2.69364383561644,763.42,809.995,3.89040410958904
"1412","spruceT6P08",2019,317,0.31015,2.69364383561644,763.42,809.995,3.89040410958904
"1413","spruceT6P08",2019,318,0.30967,2.69364383561644,763.42,809.995,3.89040410958904
"1414","spruceT6P08",2019,319,0.30926,2.69364383561644,763.42,809.995,3.89040410958904
"1415","spruceT6P08",2019,320,0.30899,2.69364383561644,763.42,809.995,3.89040410958904
"1416","spruceT6P08",2019,321,0.30883,2.69364383561644,763.42,809.995,3.89040410958904
"1417","spruceT6P08",2019,322,0.30873,2.69364383561644,763.42,809.995,3.89040410958904
"1418","spruceT6P08",2019,323,0.30867,2.69364383561644,763.42,809.995,3.89040410958904
"1419","spruceT6P08",2019,324,0.30861,2.69364383561644,763.42,809.995,3.89040410958904
"1420","spruceT6P08",2019,325,0.30852,2.69364383561644,763.42,809.995,3.89040410958904
"1421","spruceT6P08",2019,326,0.30844,2.69364383561644,763.42,809.995,3.89040410958904
"1422","spruceT6P08",2019,327,0.30842,2.69364383561644,763.42,809.995,3.89040410958904
"1423","spruceT6P08",2019,328,0.30844,2.69364383561644,763.42,809.995,3.89040410958904
"1424","spruceT6P08",2019,329,0.30845,2.69364383561644,763.42,809.995,3.89040410958904
"1425","spruceT6P08",2019,330,0.30843,2.69364383561644,763.42,809.995,3.89040410958904
"1426","spruceT6P08",2019,331,0.30834,2.69364383561644,763.42,809.995,3.89040410958904
"1427","spruceT6P08",2019,332,0.30816,2.69364383561644,763.42,809.995,3.89040410958904
"1428","spruceT6P08",2019,333,0.30784,2.69364383561644,763.42,809.995,3.89040410958904
"1429","spruceT6P08",2019,334,0.30738,2.69364383561644,763.42,809.995,3.89040410958904
"1430","spruceT6P08",2019,335,0.30686,2.69364383561644,763.42,809.995,3.89040410958904
"1431","spruceT6P08",2019,336,0.30634,2.69364383561644,763.42,809.995,3.89040410958904
"1432","spruceT6P08",2019,337,0.30589,2.69364383561644,763.42,809.995,3.89040410958904
"1433","spruceT6P08",2019,338,0.30557,2.69364383561644,763.42,809.995,3.89040410958904
"1434","spruceT6P08",2019,339,0.30544,2.69364383561644,763.42,809.995,3.89040410958904
"1435","spruceT6P08",2019,340,0.30555,2.69364383561644,763.42,809.995,3.89040410958904
"1436","spruceT6P08",2019,341,0.30584,2.69364383561644,763.42,809.995,3.89040410958904
"1437","spruceT6P08",2019,342,0.30624,2.69364383561644,763.42,809.995,3.89040410958904
"1438","spruceT6P08",2019,343,0.30665,2.69364383561644,763.42,809.995,3.89040410958904
"1439","spruceT6P08",2019,344,0.307,2.69364383561644,763.42,809.995,3.89040410958904
"1440","spruceT6P08",2019,345,0.30721,2.69364383561644,763.42,809.995,3.89040410958904
"1441","spruceT6P08",2019,346,0.30739,2.69364383561644,763.42,809.995,3.89040410958904
"1442","spruceT6P08",2019,347,0.30769,2.69364383561644,763.42,809.995,3.89040410958904
"1443","spruceT6P08",2019,348,0.30802,2.69364383561644,763.42,809.995,3.89040410958904
"1444","spruceT6P08",2019,349,0.30833,2.69364383561644,763.42,809.995,3.89040410958904
"1445","spruceT6P08",2019,350,0.30855,2.69364383561644,763.42,809.995,3.89040410958904
"1446","spruceT6P08",2019,351,0.30861,2.69364383561644,763.42,809.995,3.89040410958904
"1447","spruceT6P08",2019,352,0.30844,2.69364383561644,763.42,809.995,3.89040410958904
"1448","spruceT6P08",2019,353,0.30789,2.69364383561644,763.42,809.995,3.89040410958904
"1449","spruceT6P08",2019,354,0.30694,2.69364383561644,763.42,809.995,3.89040410958904
"1450","spruceT6P08",2019,355,0.30576,2.69364383561644,763.42,809.995,3.89040410958904
"1451","spruceT6P08",2019,356,0.30452,2.69364383561644,763.42,809.995,3.89040410958904
"1452","spruceT6P08",2019,357,0.30339,2.69364383561644,763.42,809.995,3.89040410958904
"1453","spruceT6P08",2019,358,0.30252,2.69364383561644,763.42,809.995,3.89040410958904
"1454","spruceT6P08",2019,359,0.30209,2.69364383561644,763.42,809.995,3.89040410958904
"1455","spruceT6P08",2019,360,0.30204,2.69364383561644,763.42,809.995,3.89040410958904
"1456","spruceT6P08",2019,361,0.30228,2.69364383561644,763.42,809.995,3.89040410958904
"1457","spruceT6P08",2019,362,0.30291,2.69364383561644,763.42,809.995,3.89040410958904
"1458","spruceT6P08",2019,363,0.30402,2.69364383561644,763.42,809.995,3.89040410958904
"1459","spruceT6P08",2019,364,0.30572,2.69364383561644,763.42,809.995,3.89040410958904
"1460","spruceT6P08",2019,365,0.3081,2.69364383561644,763.42,809.995,3.89040410958904
