"","site","year","doy","smooth_gcc_90","annual_temp","annual_precip","map","mat"
"1","uiefmaize",2009,1,0.33489,10.4531506849315,1249.39,1057.68222222222,11.3344094368341
"2","uiefmaize",2009,2,0.33507,10.4531506849315,1249.39,1057.68222222222,11.3344094368341
"3","uiefmaize",2009,3,0.3352,10.4531506849315,1249.39,1057.68222222222,11.3344094368341
"4","uiefmaize",2009,4,0.33527,10.4531506849315,1249.39,1057.68222222222,11.3344094368341
"5","uiefmaize",2009,5,0.33527,10.4531506849315,1249.39,1057.68222222222,11.3344094368341
"6","uiefmaize",2009,6,0.33521,10.4531506849315,1249.39,1057.68222222222,11.3344094368341
"7","uiefmaize",2009,7,0.33503,10.4531506849315,1249.39,1057.68222222222,11.3344094368341
"8","uiefmaize",2009,8,0.33473,10.4531506849315,1249.39,1057.68222222222,11.3344094368341
"9","uiefmaize",2009,9,0.33436,10.4531506849315,1249.39,1057.68222222222,11.3344094368341
"10","uiefmaize",2009,10,0.33395,10.4531506849315,1249.39,1057.68222222222,11.3344094368341
"11","uiefmaize",2009,11,0.33357,10.4531506849315,1249.39,1057.68222222222,11.3344094368341
"12","uiefmaize",2009,12,0.33324,10.4531506849315,1249.39,1057.68222222222,11.3344094368341
"13","uiefmaize",2009,13,0.33303,10.4531506849315,1249.39,1057.68222222222,11.3344094368341
"14","uiefmaize",2009,14,0.3329,10.4531506849315,1249.39,1057.68222222222,11.3344094368341
"15","uiefmaize",2009,15,0.3328,10.4531506849315,1249.39,1057.68222222222,11.3344094368341
"16","uiefmaize",2009,16,0.33272,10.4531506849315,1249.39,1057.68222222222,11.3344094368341
"17","uiefmaize",2009,17,0.33263,10.4531506849315,1249.39,1057.68222222222,11.3344094368341
"18","uiefmaize",2009,18,0.33254,10.4531506849315,1249.39,1057.68222222222,11.3344094368341
"19","uiefmaize",2009,19,0.3324,10.4531506849315,1249.39,1057.68222222222,11.3344094368341
"20","uiefmaize",2009,20,0.33226,10.4531506849315,1249.39,1057.68222222222,11.3344094368341
"21","uiefmaize",2009,21,0.33212,10.4531506849315,1249.39,1057.68222222222,11.3344094368341
"22","uiefmaize",2009,22,0.33199,10.4531506849315,1249.39,1057.68222222222,11.3344094368341
"23","uiefmaize",2009,23,0.33187,10.4531506849315,1249.39,1057.68222222222,11.3344094368341
"24","uiefmaize",2009,24,0.33176,10.4531506849315,1249.39,1057.68222222222,11.3344094368341
"25","uiefmaize",2009,25,0.33166,10.4531506849315,1249.39,1057.68222222222,11.3344094368341
"26","uiefmaize",2009,26,0.33157,10.4531506849315,1249.39,1057.68222222222,11.3344094368341
"27","uiefmaize",2009,27,0.33145,10.4531506849315,1249.39,1057.68222222222,11.3344094368341
"28","uiefmaize",2009,28,0.33129,10.4531506849315,1249.39,1057.68222222222,11.3344094368341
"29","uiefmaize",2009,29,0.33111,10.4531506849315,1249.39,1057.68222222222,11.3344094368341
"30","uiefmaize",2009,30,0.33093,10.4531506849315,1249.39,1057.68222222222,11.3344094368341
"31","uiefmaize",2009,31,0.33078,10.4531506849315,1249.39,1057.68222222222,11.3344094368341
"32","uiefmaize",2009,32,0.33069,10.4531506849315,1249.39,1057.68222222222,11.3344094368341
"33","uiefmaize",2009,33,0.33068,10.4531506849315,1249.39,1057.68222222222,11.3344094368341
"34","uiefmaize",2009,34,0.33077,10.4531506849315,1249.39,1057.68222222222,11.3344094368341
"35","uiefmaize",2009,35,0.33096,10.4531506849315,1249.39,1057.68222222222,11.3344094368341
"36","uiefmaize",2009,36,0.33121,10.4531506849315,1249.39,1057.68222222222,11.3344094368341
"37","uiefmaize",2009,37,0.33149,10.4531506849315,1249.39,1057.68222222222,11.3344094368341
"38","uiefmaize",2009,38,0.33178,10.4531506849315,1249.39,1057.68222222222,11.3344094368341
"39","uiefmaize",2009,39,0.33203,10.4531506849315,1249.39,1057.68222222222,11.3344094368341
"40","uiefmaize",2009,40,0.33221,10.4531506849315,1249.39,1057.68222222222,11.3344094368341
"41","uiefmaize",2009,41,0.33233,10.4531506849315,1249.39,1057.68222222222,11.3344094368341
"42","uiefmaize",2009,42,0.33243,10.4531506849315,1249.39,1057.68222222222,11.3344094368341
"43","uiefmaize",2009,43,0.33252,10.4531506849315,1249.39,1057.68222222222,11.3344094368341
"44","uiefmaize",2009,44,0.33261,10.4531506849315,1249.39,1057.68222222222,11.3344094368341
"45","uiefmaize",2009,45,0.33271,10.4531506849315,1249.39,1057.68222222222,11.3344094368341
"46","uiefmaize",2009,46,0.33284,10.4531506849315,1249.39,1057.68222222222,11.3344094368341
"47","uiefmaize",2009,47,0.333,10.4531506849315,1249.39,1057.68222222222,11.3344094368341
"48","uiefmaize",2009,48,0.3332,10.4531506849315,1249.39,1057.68222222222,11.3344094368341
"49","uiefmaize",2009,49,0.33341,10.4531506849315,1249.39,1057.68222222222,11.3344094368341
"50","uiefmaize",2009,50,0.33364,10.4531506849315,1249.39,1057.68222222222,11.3344094368341
"51","uiefmaize",2009,51,0.33388,10.4531506849315,1249.39,1057.68222222222,11.3344094368341
"52","uiefmaize",2009,52,0.33413,10.4531506849315,1249.39,1057.68222222222,11.3344094368341
"53","uiefmaize",2009,53,0.33439,10.4531506849315,1249.39,1057.68222222222,11.3344094368341
"54","uiefmaize",2009,54,0.33465,10.4531506849315,1249.39,1057.68222222222,11.3344094368341
"55","uiefmaize",2009,55,0.33496,10.4531506849315,1249.39,1057.68222222222,11.3344094368341
"56","uiefmaize",2009,56,0.33534,10.4531506849315,1249.39,1057.68222222222,11.3344094368341
"57","uiefmaize",2009,57,0.33576,10.4531506849315,1249.39,1057.68222222222,11.3344094368341
"58","uiefmaize",2009,58,0.33616,10.4531506849315,1249.39,1057.68222222222,11.3344094368341
"59","uiefmaize",2009,59,0.33652,10.4531506849315,1249.39,1057.68222222222,11.3344094368341
"60","uiefmaize",2009,60,0.33681,10.4531506849315,1249.39,1057.68222222222,11.3344094368341
"61","uiefmaize",2009,61,0.33698,10.4531506849315,1249.39,1057.68222222222,11.3344094368341
"62","uiefmaize",2009,62,0.33703,10.4531506849315,1249.39,1057.68222222222,11.3344094368341
"63","uiefmaize",2009,63,0.33701,10.4531506849315,1249.39,1057.68222222222,11.3344094368341
"64","uiefmaize",2009,64,0.33692,10.4531506849315,1249.39,1057.68222222222,11.3344094368341
"65","uiefmaize",2009,65,0.3368,10.4531506849315,1249.39,1057.68222222222,11.3344094368341
"66","uiefmaize",2009,66,0.33667,10.4531506849315,1249.39,1057.68222222222,11.3344094368341
"67","uiefmaize",2009,67,0.33655,10.4531506849315,1249.39,1057.68222222222,11.3344094368341
"68","uiefmaize",2009,68,0.33646,10.4531506849315,1249.39,1057.68222222222,11.3344094368341
"69","uiefmaize",2009,69,0.33635,10.4531506849315,1249.39,1057.68222222222,11.3344094368341
"70","uiefmaize",2009,70,0.33615,10.4531506849315,1249.39,1057.68222222222,11.3344094368341
"71","uiefmaize",2009,71,0.33591,10.4531506849315,1249.39,1057.68222222222,11.3344094368341
"72","uiefmaize",2009,72,0.33568,10.4531506849315,1249.39,1057.68222222222,11.3344094368341
"73","uiefmaize",2009,73,0.3355,10.4531506849315,1249.39,1057.68222222222,11.3344094368341
"74","uiefmaize",2009,74,0.33542,10.4531506849315,1249.39,1057.68222222222,11.3344094368341
"75","uiefmaize",2009,75,0.33549,10.4531506849315,1249.39,1057.68222222222,11.3344094368341
"76","uiefmaize",2009,76,0.33566,10.4531506849315,1249.39,1057.68222222222,11.3344094368341
"77","uiefmaize",2009,77,0.33591,10.4531506849315,1249.39,1057.68222222222,11.3344094368341
"78","uiefmaize",2009,78,0.33618,10.4531506849315,1249.39,1057.68222222222,11.3344094368341
"79","uiefmaize",2009,79,0.33643,10.4531506849315,1249.39,1057.68222222222,11.3344094368341
"80","uiefmaize",2009,80,0.33662,10.4531506849315,1249.39,1057.68222222222,11.3344094368341
"81","uiefmaize",2009,81,0.33671,10.4531506849315,1249.39,1057.68222222222,11.3344094368341
"82","uiefmaize",2009,82,0.33669,10.4531506849315,1249.39,1057.68222222222,11.3344094368341
"83","uiefmaize",2009,83,0.33661,10.4531506849315,1249.39,1057.68222222222,11.3344094368341
"84","uiefmaize",2009,84,0.33649,10.4531506849315,1249.39,1057.68222222222,11.3344094368341
"85","uiefmaize",2009,85,0.33633,10.4531506849315,1249.39,1057.68222222222,11.3344094368341
"86","uiefmaize",2009,86,0.33615,10.4531506849315,1249.39,1057.68222222222,11.3344094368341
"87","uiefmaize",2009,87,0.33596,10.4531506849315,1249.39,1057.68222222222,11.3344094368341
"88","uiefmaize",2009,88,0.33578,10.4531506849315,1249.39,1057.68222222222,11.3344094368341
"89","uiefmaize",2009,89,0.33555,10.4531506849315,1249.39,1057.68222222222,11.3344094368341
"90","uiefmaize",2009,90,0.33527,10.4531506849315,1249.39,1057.68222222222,11.3344094368341
"91","uiefmaize",2009,91,0.33494,10.4531506849315,1249.39,1057.68222222222,11.3344094368341
"92","uiefmaize",2009,92,0.33461,10.4531506849315,1249.39,1057.68222222222,11.3344094368341
"93","uiefmaize",2009,93,0.3343,10.4531506849315,1249.39,1057.68222222222,11.3344094368341
"94","uiefmaize",2009,94,0.33403,10.4531506849315,1249.39,1057.68222222222,11.3344094368341
"95","uiefmaize",2009,95,0.33383,10.4531506849315,1249.39,1057.68222222222,11.3344094368341
"96","uiefmaize",2009,96,0.33369,10.4531506849315,1249.39,1057.68222222222,11.3344094368341
"97","uiefmaize",2009,97,0.33356,10.4531506849315,1249.39,1057.68222222222,11.3344094368341
"98","uiefmaize",2009,98,0.33345,10.4531506849315,1249.39,1057.68222222222,11.3344094368341
"99","uiefmaize",2009,99,0.33337,10.4531506849315,1249.39,1057.68222222222,11.3344094368341
"100","uiefmaize",2009,100,0.3333,10.4531506849315,1249.39,1057.68222222222,11.3344094368341
"101","uiefmaize",2009,101,0.33327,10.4531506849315,1249.39,1057.68222222222,11.3344094368341
"102","uiefmaize",2009,102,0.33328,10.4531506849315,1249.39,1057.68222222222,11.3344094368341
"103","uiefmaize",2009,103,0.33335,10.4531506849315,1249.39,1057.68222222222,11.3344094368341
"104","uiefmaize",2009,104,0.33351,10.4531506849315,1249.39,1057.68222222222,11.3344094368341
"105","uiefmaize",2009,105,0.33373,10.4531506849315,1249.39,1057.68222222222,11.3344094368341
"106","uiefmaize",2009,106,0.33397,10.4531506849315,1249.39,1057.68222222222,11.3344094368341
"107","uiefmaize",2009,107,0.33421,10.4531506849315,1249.39,1057.68222222222,11.3344094368341
"108","uiefmaize",2009,108,0.33442,10.4531506849315,1249.39,1057.68222222222,11.3344094368341
"109","uiefmaize",2009,109,0.33457,10.4531506849315,1249.39,1057.68222222222,11.3344094368341
"110","uiefmaize",2009,110,0.33469,10.4531506849315,1249.39,1057.68222222222,11.3344094368341
"111","uiefmaize",2009,111,0.3348,10.4531506849315,1249.39,1057.68222222222,11.3344094368341
"112","uiefmaize",2009,112,0.33492,10.4531506849315,1249.39,1057.68222222222,11.3344094368341
"113","uiefmaize",2009,113,0.33504,10.4531506849315,1249.39,1057.68222222222,11.3344094368341
"114","uiefmaize",2009,114,0.33514,10.4531506849315,1249.39,1057.68222222222,11.3344094368341
"115","uiefmaize",2009,115,0.33524,10.4531506849315,1249.39,1057.68222222222,11.3344094368341
"116","uiefmaize",2009,116,0.33531,10.4531506849315,1249.39,1057.68222222222,11.3344094368341
"117","uiefmaize",2009,117,0.33535,10.4531506849315,1249.39,1057.68222222222,11.3344094368341
"118","uiefmaize",2009,118,0.33536,10.4531506849315,1249.39,1057.68222222222,11.3344094368341
"119","uiefmaize",2009,119,0.33534,10.4531506849315,1249.39,1057.68222222222,11.3344094368341
"120","uiefmaize",2009,120,0.3353,10.4531506849315,1249.39,1057.68222222222,11.3344094368341
"121","uiefmaize",2009,121,0.33524,10.4531506849315,1249.39,1057.68222222222,11.3344094368341
"122","uiefmaize",2009,122,0.33517,10.4531506849315,1249.39,1057.68222222222,11.3344094368341
"123","uiefmaize",2009,123,0.33509,10.4531506849315,1249.39,1057.68222222222,11.3344094368341
"124","uiefmaize",2009,124,0.33499,10.4531506849315,1249.39,1057.68222222222,11.3344094368341
"125","uiefmaize",2009,125,0.33487,10.4531506849315,1249.39,1057.68222222222,11.3344094368341
"126","uiefmaize",2009,126,0.33473,10.4531506849315,1249.39,1057.68222222222,11.3344094368341
"127","uiefmaize",2009,127,0.33459,10.4531506849315,1249.39,1057.68222222222,11.3344094368341
"128","uiefmaize",2009,128,0.33449,10.4531506849315,1249.39,1057.68222222222,11.3344094368341
"129","uiefmaize",2009,129,0.33443,10.4531506849315,1249.39,1057.68222222222,11.3344094368341
"130","uiefmaize",2009,130,0.33438,10.4531506849315,1249.39,1057.68222222222,11.3344094368341
"131","uiefmaize",2009,131,0.33428,10.4531506849315,1249.39,1057.68222222222,11.3344094368341
"132","uiefmaize",2009,132,0.33416,10.4531506849315,1249.39,1057.68222222222,11.3344094368341
"133","uiefmaize",2009,133,0.33407,10.4531506849315,1249.39,1057.68222222222,11.3344094368341
"134","uiefmaize",2009,134,0.33403,10.4531506849315,1249.39,1057.68222222222,11.3344094368341
"135","uiefmaize",2009,135,0.33408,10.4531506849315,1249.39,1057.68222222222,11.3344094368341
"136","uiefmaize",2009,136,0.33424,10.4531506849315,1249.39,1057.68222222222,11.3344094368341
"137","uiefmaize",2009,137,0.33453,10.4531506849315,1249.39,1057.68222222222,11.3344094368341
"138","uiefmaize",2009,138,0.33493,10.4531506849315,1249.39,1057.68222222222,11.3344094368341
"139","uiefmaize",2009,139,0.3354,10.4531506849315,1249.39,1057.68222222222,11.3344094368341
"140","uiefmaize",2009,140,0.33593,10.4531506849315,1249.39,1057.68222222222,11.3344094368341
"141","uiefmaize",2009,141,0.3365,10.4531506849315,1249.39,1057.68222222222,11.3344094368341
"142","uiefmaize",2009,142,0.33708,10.4531506849315,1249.39,1057.68222222222,11.3344094368341
"143","uiefmaize",2009,143,0.33764,10.4531506849315,1249.39,1057.68222222222,11.3344094368341
"144","uiefmaize",2009,144,0.33814,10.4531506849315,1249.39,1057.68222222222,11.3344094368341
"145","uiefmaize",2009,145,0.33856,10.4531506849315,1249.39,1057.68222222222,11.3344094368341
"146","uiefmaize",2009,146,0.33895,10.4531506849315,1249.39,1057.68222222222,11.3344094368341
"147","uiefmaize",2009,147,0.33939,10.4531506849315,1249.39,1057.68222222222,11.3344094368341
"148","uiefmaize",2009,148,0.33991,10.4531506849315,1249.39,1057.68222222222,11.3344094368341
"149","uiefmaize",2009,149,0.34057,10.4531506849315,1249.39,1057.68222222222,11.3344094368341
"150","uiefmaize",2009,150,0.34143,10.4531506849315,1249.39,1057.68222222222,11.3344094368341
"151","uiefmaize",2009,151,0.34237,10.4531506849315,1249.39,1057.68222222222,11.3344094368341
"152","uiefmaize",2009,152,0.34329,10.4531506849315,1249.39,1057.68222222222,11.3344094368341
"153","uiefmaize",2009,153,0.34427,10.4531506849315,1249.39,1057.68222222222,11.3344094368341
"154","uiefmaize",2009,154,0.34539,10.4531506849315,1249.39,1057.68222222222,11.3344094368341
"155","uiefmaize",2009,155,0.34673,10.4531506849315,1249.39,1057.68222222222,11.3344094368341
"156","uiefmaize",2009,156,0.34838,10.4531506849315,1249.39,1057.68222222222,11.3344094368341
"157","uiefmaize",2009,157,0.35041,10.4531506849315,1249.39,1057.68222222222,11.3344094368341
"158","uiefmaize",2009,158,0.35276,10.4531506849315,1249.39,1057.68222222222,11.3344094368341
"159","uiefmaize",2009,159,0.35533,10.4531506849315,1249.39,1057.68222222222,11.3344094368341
"160","uiefmaize",2009,160,0.35812,10.4531506849315,1249.39,1057.68222222222,11.3344094368341
"161","uiefmaize",2009,161,0.36114,10.4531506849315,1249.39,1057.68222222222,11.3344094368341
"162","uiefmaize",2009,162,0.3644,10.4531506849315,1249.39,1057.68222222222,11.3344094368341
"163","uiefmaize",2009,163,0.3679,10.4531506849315,1249.39,1057.68222222222,11.3344094368341
"164","uiefmaize",2009,164,0.37166,10.4531506849315,1249.39,1057.68222222222,11.3344094368341
"165","uiefmaize",2009,165,0.37592,10.4531506849315,1249.39,1057.68222222222,11.3344094368341
"166","uiefmaize",2009,166,0.38078,10.4531506849315,1249.39,1057.68222222222,11.3344094368341
"167","uiefmaize",2009,167,0.38603,10.4531506849315,1249.39,1057.68222222222,11.3344094368341
"168","uiefmaize",2009,168,0.39148,10.4531506849315,1249.39,1057.68222222222,11.3344094368341
"169","uiefmaize",2009,169,0.39693,10.4531506849315,1249.39,1057.68222222222,11.3344094368341
"170","uiefmaize",2009,170,0.40217,10.4531506849315,1249.39,1057.68222222222,11.3344094368341
"171","uiefmaize",2009,171,0.407,10.4531506849315,1249.39,1057.68222222222,11.3344094368341
"172","uiefmaize",2009,172,0.41176,10.4531506849315,1249.39,1057.68222222222,11.3344094368341
"173","uiefmaize",2009,173,0.4168,10.4531506849315,1249.39,1057.68222222222,11.3344094368341
"174","uiefmaize",2009,174,0.42195,10.4531506849315,1249.39,1057.68222222222,11.3344094368341
"175","uiefmaize",2009,175,0.42702,10.4531506849315,1249.39,1057.68222222222,11.3344094368341
"176","uiefmaize",2009,176,0.43183,10.4531506849315,1249.39,1057.68222222222,11.3344094368341
"177","uiefmaize",2009,177,0.4362,10.4531506849315,1249.39,1057.68222222222,11.3344094368341
"178","uiefmaize",2009,178,0.43994,10.4531506849315,1249.39,1057.68222222222,11.3344094368341
"179","uiefmaize",2009,179,0.44319,10.4531506849315,1249.39,1057.68222222222,11.3344094368341
"180","uiefmaize",2009,180,0.44616,10.4531506849315,1249.39,1057.68222222222,11.3344094368341
"181","uiefmaize",2009,181,0.44879,10.4531506849315,1249.39,1057.68222222222,11.3344094368341
"182","uiefmaize",2009,182,0.45104,10.4531506849315,1249.39,1057.68222222222,11.3344094368341
"183","uiefmaize",2009,183,0.45284,10.4531506849315,1249.39,1057.68222222222,11.3344094368341
"184","uiefmaize",2009,184,0.45414,10.4531506849315,1249.39,1057.68222222222,11.3344094368341
"185","uiefmaize",2009,185,0.45473,10.4531506849315,1249.39,1057.68222222222,11.3344094368341
"186","uiefmaize",2009,186,0.45458,10.4531506849315,1249.39,1057.68222222222,11.3344094368341
"187","uiefmaize",2009,187,0.45391,10.4531506849315,1249.39,1057.68222222222,11.3344094368341
"188","uiefmaize",2009,188,0.45292,10.4531506849315,1249.39,1057.68222222222,11.3344094368341
"189","uiefmaize",2009,189,0.45183,10.4531506849315,1249.39,1057.68222222222,11.3344094368341
"190","uiefmaize",2009,190,0.45087,10.4531506849315,1249.39,1057.68222222222,11.3344094368341
"191","uiefmaize",2009,191,0.45024,10.4531506849315,1249.39,1057.68222222222,11.3344094368341
"192","uiefmaize",2009,192,0.44959,10.4531506849315,1249.39,1057.68222222222,11.3344094368341
"193","uiefmaize",2009,193,0.44857,10.4531506849315,1249.39,1057.68222222222,11.3344094368341
"194","uiefmaize",2009,194,0.44734,10.4531506849315,1249.39,1057.68222222222,11.3344094368341
"195","uiefmaize",2009,195,0.4461,10.4531506849315,1249.39,1057.68222222222,11.3344094368341
"196","uiefmaize",2009,196,0.44502,10.4531506849315,1249.39,1057.68222222222,11.3344094368341
"197","uiefmaize",2009,197,0.44428,10.4531506849315,1249.39,1057.68222222222,11.3344094368341
"198","uiefmaize",2009,198,0.44407,10.4531506849315,1249.39,1057.68222222222,11.3344094368341
"199","uiefmaize",2009,199,0.44458,10.4531506849315,1249.39,1057.68222222222,11.3344094368341
"200","uiefmaize",2009,200,0.44572,10.4531506849315,1249.39,1057.68222222222,11.3344094368341
"201","uiefmaize",2009,201,0.44723,10.4531506849315,1249.39,1057.68222222222,11.3344094368341
"202","uiefmaize",2009,202,0.44884,10.4531506849315,1249.39,1057.68222222222,11.3344094368341
"203","uiefmaize",2009,203,0.45031,10.4531506849315,1249.39,1057.68222222222,11.3344094368341
"204","uiefmaize",2009,204,0.45137,10.4531506849315,1249.39,1057.68222222222,11.3344094368341
"205","uiefmaize",2009,205,0.45177,10.4531506849315,1249.39,1057.68222222222,11.3344094368341
"206","uiefmaize",2009,206,0.45159,10.4531506849315,1249.39,1057.68222222222,11.3344094368341
"207","uiefmaize",2009,207,0.4511,10.4531506849315,1249.39,1057.68222222222,11.3344094368341
"208","uiefmaize",2009,208,0.45039,10.4531506849315,1249.39,1057.68222222222,11.3344094368341
"209","uiefmaize",2009,209,0.44951,10.4531506849315,1249.39,1057.68222222222,11.3344094368341
"210","uiefmaize",2009,210,0.44854,10.4531506849315,1249.39,1057.68222222222,11.3344094368341
"211","uiefmaize",2009,211,0.44755,10.4531506849315,1249.39,1057.68222222222,11.3344094368341
"212","uiefmaize",2009,212,0.44661,10.4531506849315,1249.39,1057.68222222222,11.3344094368341
"213","uiefmaize",2009,213,0.44552,10.4531506849315,1249.39,1057.68222222222,11.3344094368341
"214","uiefmaize",2009,214,0.44415,10.4531506849315,1249.39,1057.68222222222,11.3344094368341
"215","uiefmaize",2009,215,0.44261,10.4531506849315,1249.39,1057.68222222222,11.3344094368341
"216","uiefmaize",2009,216,0.44104,10.4531506849315,1249.39,1057.68222222222,11.3344094368341
"217","uiefmaize",2009,217,0.43957,10.4531506849315,1249.39,1057.68222222222,11.3344094368341
"218","uiefmaize",2009,218,0.43833,10.4531506849315,1249.39,1057.68222222222,11.3344094368341
"219","uiefmaize",2009,219,0.43744,10.4531506849315,1249.39,1057.68222222222,11.3344094368341
"220","uiefmaize",2009,220,0.43692,10.4531506849315,1249.39,1057.68222222222,11.3344094368341
"221","uiefmaize",2009,221,0.43668,10.4531506849315,1249.39,1057.68222222222,11.3344094368341
"222","uiefmaize",2009,222,0.43661,10.4531506849315,1249.39,1057.68222222222,11.3344094368341
"223","uiefmaize",2009,223,0.43662,10.4531506849315,1249.39,1057.68222222222,11.3344094368341
"224","uiefmaize",2009,224,0.43663,10.4531506849315,1249.39,1057.68222222222,11.3344094368341
"225","uiefmaize",2009,225,0.43654,10.4531506849315,1249.39,1057.68222222222,11.3344094368341
"226","uiefmaize",2009,226,0.43628,10.4531506849315,1249.39,1057.68222222222,11.3344094368341
"227","uiefmaize",2009,227,0.4358,10.4531506849315,1249.39,1057.68222222222,11.3344094368341
"228","uiefmaize",2009,228,0.43519,10.4531506849315,1249.39,1057.68222222222,11.3344094368341
"229","uiefmaize",2009,229,0.43451,10.4531506849315,1249.39,1057.68222222222,11.3344094368341
"230","uiefmaize",2009,230,0.43384,10.4531506849315,1249.39,1057.68222222222,11.3344094368341
"231","uiefmaize",2009,231,0.43324,10.4531506849315,1249.39,1057.68222222222,11.3344094368341
"232","uiefmaize",2009,232,0.43279,10.4531506849315,1249.39,1057.68222222222,11.3344094368341
"233","uiefmaize",2009,233,0.43255,10.4531506849315,1249.39,1057.68222222222,11.3344094368341
"234","uiefmaize",2009,234,0.43251,10.4531506849315,1249.39,1057.68222222222,11.3344094368341
"235","uiefmaize",2009,235,0.43261,10.4531506849315,1249.39,1057.68222222222,11.3344094368341
"236","uiefmaize",2009,236,0.43282,10.4531506849315,1249.39,1057.68222222222,11.3344094368341
"237","uiefmaize",2009,237,0.43312,10.4531506849315,1249.39,1057.68222222222,11.3344094368341
"238","uiefmaize",2009,238,0.43348,10.4531506849315,1249.39,1057.68222222222,11.3344094368341
"239","uiefmaize",2009,239,0.43387,10.4531506849315,1249.39,1057.68222222222,11.3344094368341
"240","uiefmaize",2009,240,0.43456,10.4531506849315,1249.39,1057.68222222222,11.3344094368341
"241","uiefmaize",2009,241,0.43568,10.4531506849315,1249.39,1057.68222222222,11.3344094368341
"242","uiefmaize",2009,242,0.437,10.4531506849315,1249.39,1057.68222222222,11.3344094368341
"243","uiefmaize",2009,243,0.43834,10.4531506849315,1249.39,1057.68222222222,11.3344094368341
"244","uiefmaize",2009,244,0.43947,10.4531506849315,1249.39,1057.68222222222,11.3344094368341
"245","uiefmaize",2009,245,0.4402,10.4531506849315,1249.39,1057.68222222222,11.3344094368341
"246","uiefmaize",2009,246,0.4403,10.4531506849315,1249.39,1057.68222222222,11.3344094368341
"247","uiefmaize",2009,247,0.43992,10.4531506849315,1249.39,1057.68222222222,11.3344094368341
"248","uiefmaize",2009,248,0.43931,10.4531506849315,1249.39,1057.68222222222,11.3344094368341
"249","uiefmaize",2009,249,0.43845,10.4531506849315,1249.39,1057.68222222222,11.3344094368341
"250","uiefmaize",2009,250,0.43733,10.4531506849315,1249.39,1057.68222222222,11.3344094368341
"251","uiefmaize",2009,251,0.43591,10.4531506849315,1249.39,1057.68222222222,11.3344094368341
"252","uiefmaize",2009,252,0.43418,10.4531506849315,1249.39,1057.68222222222,11.3344094368341
"253","uiefmaize",2009,253,0.43213,10.4531506849315,1249.39,1057.68222222222,11.3344094368341
"254","uiefmaize",2009,254,0.42969,10.4531506849315,1249.39,1057.68222222222,11.3344094368341
"255","uiefmaize",2009,255,0.42685,10.4531506849315,1249.39,1057.68222222222,11.3344094368341
"256","uiefmaize",2009,256,0.42368,10.4531506849315,1249.39,1057.68222222222,11.3344094368341
"257","uiefmaize",2009,257,0.42024,10.4531506849315,1249.39,1057.68222222222,11.3344094368341
"258","uiefmaize",2009,258,0.41659,10.4531506849315,1249.39,1057.68222222222,11.3344094368341
"259","uiefmaize",2009,259,0.4128,10.4531506849315,1249.39,1057.68222222222,11.3344094368341
"260","uiefmaize",2009,260,0.40893,10.4531506849315,1249.39,1057.68222222222,11.3344094368341
"261","uiefmaize",2009,261,0.40477,10.4531506849315,1249.39,1057.68222222222,11.3344094368341
"262","uiefmaize",2009,262,0.40015,10.4531506849315,1249.39,1057.68222222222,11.3344094368341
"263","uiefmaize",2009,263,0.39523,10.4531506849315,1249.39,1057.68222222222,11.3344094368341
"264","uiefmaize",2009,264,0.39018,10.4531506849315,1249.39,1057.68222222222,11.3344094368341
"265","uiefmaize",2009,265,0.38515,10.4531506849315,1249.39,1057.68222222222,11.3344094368341
"266","uiefmaize",2009,266,0.3803,10.4531506849315,1249.39,1057.68222222222,11.3344094368341
"267","uiefmaize",2009,267,0.37579,10.4531506849315,1249.39,1057.68222222222,11.3344094368341
"268","uiefmaize",2009,268,0.37125,10.4531506849315,1249.39,1057.68222222222,11.3344094368341
"269","uiefmaize",2009,269,0.36637,10.4531506849315,1249.39,1057.68222222222,11.3344094368341
"270","uiefmaize",2009,270,0.36136,10.4531506849315,1249.39,1057.68222222222,11.3344094368341
"271","uiefmaize",2009,271,0.35646,10.4531506849315,1249.39,1057.68222222222,11.3344094368341
"272","uiefmaize",2009,272,0.35188,10.4531506849315,1249.39,1057.68222222222,11.3344094368341
"273","uiefmaize",2009,273,0.34785,10.4531506849315,1249.39,1057.68222222222,11.3344094368341
"274","uiefmaize",2009,274,0.3446,10.4531506849315,1249.39,1057.68222222222,11.3344094368341
"275","uiefmaize",2009,275,0.34216,10.4531506849315,1249.39,1057.68222222222,11.3344094368341
"276","uiefmaize",2009,276,0.34035,10.4531506849315,1249.39,1057.68222222222,11.3344094368341
"277","uiefmaize",2009,277,0.33906,10.4531506849315,1249.39,1057.68222222222,11.3344094368341
"278","uiefmaize",2009,278,0.33814,10.4531506849315,1249.39,1057.68222222222,11.3344094368341
"279","uiefmaize",2009,279,0.33748,10.4531506849315,1249.39,1057.68222222222,11.3344094368341
"280","uiefmaize",2009,280,0.33695,10.4531506849315,1249.39,1057.68222222222,11.3344094368341
"281","uiefmaize",2009,281,0.33642,10.4531506849315,1249.39,1057.68222222222,11.3344094368341
"282","uiefmaize",2009,282,0.33611,10.4531506849315,1249.39,1057.68222222222,11.3344094368341
"283","uiefmaize",2009,283,0.33623,10.4531506849315,1249.39,1057.68222222222,11.3344094368341
"284","uiefmaize",2009,284,0.33664,10.4531506849315,1249.39,1057.68222222222,11.3344094368341
"285","uiefmaize",2009,285,0.33722,10.4531506849315,1249.39,1057.68222222222,11.3344094368341
"286","uiefmaize",2009,286,0.33783,10.4531506849315,1249.39,1057.68222222222,11.3344094368341
"287","uiefmaize",2009,287,0.33834,10.4531506849315,1249.39,1057.68222222222,11.3344094368341
"288","uiefmaize",2009,288,0.33861,10.4531506849315,1249.39,1057.68222222222,11.3344094368341
"289","uiefmaize",2009,289,0.33874,10.4531506849315,1249.39,1057.68222222222,11.3344094368341
"290","uiefmaize",2009,290,0.33888,10.4531506849315,1249.39,1057.68222222222,11.3344094368341
"291","uiefmaize",2009,291,0.33901,10.4531506849315,1249.39,1057.68222222222,11.3344094368341
"292","uiefmaize",2009,292,0.33913,10.4531506849315,1249.39,1057.68222222222,11.3344094368341
"293","uiefmaize",2009,293,0.33923,10.4531506849315,1249.39,1057.68222222222,11.3344094368341
"294","uiefmaize",2009,294,0.33927,10.4531506849315,1249.39,1057.68222222222,11.3344094368341
"295","uiefmaize",2009,295,0.33927,10.4531506849315,1249.39,1057.68222222222,11.3344094368341
"296","uiefmaize",2009,296,0.33924,10.4531506849315,1249.39,1057.68222222222,11.3344094368341
"297","uiefmaize",2009,297,0.3392,10.4531506849315,1249.39,1057.68222222222,11.3344094368341
"298","uiefmaize",2009,298,0.33915,10.4531506849315,1249.39,1057.68222222222,11.3344094368341
"299","uiefmaize",2009,299,0.33912,10.4531506849315,1249.39,1057.68222222222,11.3344094368341
"300","uiefmaize",2009,300,0.33912,10.4531506849315,1249.39,1057.68222222222,11.3344094368341
"301","uiefmaize",2009,301,0.33917,10.4531506849315,1249.39,1057.68222222222,11.3344094368341
"302","uiefmaize",2009,302,0.33929,10.4531506849315,1249.39,1057.68222222222,11.3344094368341
"303","uiefmaize",2009,303,0.33948,10.4531506849315,1249.39,1057.68222222222,11.3344094368341
"304","uiefmaize",2009,304,0.33971,10.4531506849315,1249.39,1057.68222222222,11.3344094368341
"305","uiefmaize",2009,305,0.33995,10.4531506849315,1249.39,1057.68222222222,11.3344094368341
"306","uiefmaize",2009,306,0.34015,10.4531506849315,1249.39,1057.68222222222,11.3344094368341
"307","uiefmaize",2009,307,0.34029,10.4531506849315,1249.39,1057.68222222222,11.3344094368341
"308","uiefmaize",2009,308,0.34032,10.4531506849315,1249.39,1057.68222222222,11.3344094368341
"309","uiefmaize",2009,309,0.34026,10.4531506849315,1249.39,1057.68222222222,11.3344094368341
"310","uiefmaize",2009,310,0.34013,10.4531506849315,1249.39,1057.68222222222,11.3344094368341
"311","uiefmaize",2009,311,0.33995,10.4531506849315,1249.39,1057.68222222222,11.3344094368341
"312","uiefmaize",2009,312,0.33972,10.4531506849315,1249.39,1057.68222222222,11.3344094368341
"313","uiefmaize",2009,313,0.33944,10.4531506849315,1249.39,1057.68222222222,11.3344094368341
"314","uiefmaize",2009,314,0.33913,10.4531506849315,1249.39,1057.68222222222,11.3344094368341
"315","uiefmaize",2009,315,0.33879,10.4531506849315,1249.39,1057.68222222222,11.3344094368341
"316","uiefmaize",2009,316,0.33835,10.4531506849315,1249.39,1057.68222222222,11.3344094368341
"317","uiefmaize",2009,317,0.33779,10.4531506849315,1249.39,1057.68222222222,11.3344094368341
"318","uiefmaize",2009,318,0.33715,10.4531506849315,1249.39,1057.68222222222,11.3344094368341
"319","uiefmaize",2009,319,0.33648,10.4531506849315,1249.39,1057.68222222222,11.3344094368341
"320","uiefmaize",2009,320,0.33585,10.4531506849315,1249.39,1057.68222222222,11.3344094368341
"321","uiefmaize",2009,321,0.33529,10.4531506849315,1249.39,1057.68222222222,11.3344094368341
"322","uiefmaize",2009,322,0.33487,10.4531506849315,1249.39,1057.68222222222,11.3344094368341
"323","uiefmaize",2009,323,0.33456,10.4531506849315,1249.39,1057.68222222222,11.3344094368341
"324","uiefmaize",2009,324,0.33432,10.4531506849315,1249.39,1057.68222222222,11.3344094368341
"325","uiefmaize",2009,325,0.33414,10.4531506849315,1249.39,1057.68222222222,11.3344094368341
"326","uiefmaize",2009,326,0.33401,10.4531506849315,1249.39,1057.68222222222,11.3344094368341
"327","uiefmaize",2009,327,0.33391,10.4531506849315,1249.39,1057.68222222222,11.3344094368341
"328","uiefmaize",2009,328,0.33385,10.4531506849315,1249.39,1057.68222222222,11.3344094368341
"329","uiefmaize",2009,329,0.33382,10.4531506849315,1249.39,1057.68222222222,11.3344094368341
"330","uiefmaize",2009,330,0.33381,10.4531506849315,1249.39,1057.68222222222,11.3344094368341
"331","uiefmaize",2009,331,0.33386,10.4531506849315,1249.39,1057.68222222222,11.3344094368341
"332","uiefmaize",2009,332,0.33393,10.4531506849315,1249.39,1057.68222222222,11.3344094368341
"333","uiefmaize",2009,333,0.33401,10.4531506849315,1249.39,1057.68222222222,11.3344094368341
"334","uiefmaize",2009,334,0.33409,10.4531506849315,1249.39,1057.68222222222,11.3344094368341
"335","uiefmaize",2009,335,0.33415,10.4531506849315,1249.39,1057.68222222222,11.3344094368341
"336","uiefmaize",2009,336,0.33417,10.4531506849315,1249.39,1057.68222222222,11.3344094368341
"337","uiefmaize",2009,337,0.33421,10.4531506849315,1249.39,1057.68222222222,11.3344094368341
"338","uiefmaize",2009,338,0.33431,10.4531506849315,1249.39,1057.68222222222,11.3344094368341
"339","uiefmaize",2009,339,0.33445,10.4531506849315,1249.39,1057.68222222222,11.3344094368341
"340","uiefmaize",2009,340,0.33459,10.4531506849315,1249.39,1057.68222222222,11.3344094368341
"341","uiefmaize",2009,341,0.33471,10.4531506849315,1249.39,1057.68222222222,11.3344094368341
"342","uiefmaize",2009,342,0.33477,10.4531506849315,1249.39,1057.68222222222,11.3344094368341
"343","uiefmaize",2009,343,0.33474,10.4531506849315,1249.39,1057.68222222222,11.3344094368341
"344","uiefmaize",2009,344,0.3346,10.4531506849315,1249.39,1057.68222222222,11.3344094368341
"345","uiefmaize",2009,345,0.3344,10.4531506849315,1249.39,1057.68222222222,11.3344094368341
"346","uiefmaize",2009,346,0.33414,10.4531506849315,1249.39,1057.68222222222,11.3344094368341
"347","uiefmaize",2009,347,0.33386,10.4531506849315,1249.39,1057.68222222222,11.3344094368341
"348","uiefmaize",2009,348,0.33356,10.4531506849315,1249.39,1057.68222222222,11.3344094368341
"349","uiefmaize",2009,349,0.33328,10.4531506849315,1249.39,1057.68222222222,11.3344094368341
"350","uiefmaize",2009,350,0.33298,10.4531506849315,1249.39,1057.68222222222,11.3344094368341
"351","uiefmaize",2009,351,0.3326,10.4531506849315,1249.39,1057.68222222222,11.3344094368341
"352","uiefmaize",2009,352,0.33219,10.4531506849315,1249.39,1057.68222222222,11.3344094368341
"353","uiefmaize",2009,353,0.33176,10.4531506849315,1249.39,1057.68222222222,11.3344094368341
"354","uiefmaize",2009,354,0.33136,10.4531506849315,1249.39,1057.68222222222,11.3344094368341
"355","uiefmaize",2009,355,0.33099,10.4531506849315,1249.39,1057.68222222222,11.3344094368341
"356","uiefmaize",2009,356,0.33071,10.4531506849315,1249.39,1057.68222222222,11.3344094368341
"357","uiefmaize",2009,357,0.33048,10.4531506849315,1249.39,1057.68222222222,11.3344094368341
"358","uiefmaize",2009,358,0.33029,10.4531506849315,1249.39,1057.68222222222,11.3344094368341
"359","uiefmaize",2009,359,0.33013,10.4531506849315,1249.39,1057.68222222222,11.3344094368341
"360","uiefmaize",2009,360,0.32999,10.4531506849315,1249.39,1057.68222222222,11.3344094368341
"361","uiefmaize",2009,361,0.32987,10.4531506849315,1249.39,1057.68222222222,11.3344094368341
"362","uiefmaize",2009,362,0.32977,10.4531506849315,1249.39,1057.68222222222,11.3344094368341
"363","uiefmaize",2009,363,0.32968,10.4531506849315,1249.39,1057.68222222222,11.3344094368341
"364","uiefmaize",2009,364,0.32962,10.4531506849315,1249.39,1057.68222222222,11.3344094368341
"365","uiefmaize",2009,365,0.3296,10.4531506849315,1249.39,1057.68222222222,11.3344094368341
"366","uiefmaize",2010,1,0.32961,11.1632739726027,982.94,1057.68222222222,11.3344094368341
"367","uiefmaize",2010,2,0.32963,11.1632739726027,982.94,1057.68222222222,11.3344094368341
"368","uiefmaize",2010,3,0.32965,11.1632739726027,982.94,1057.68222222222,11.3344094368341
"369","uiefmaize",2010,4,0.32966,11.1632739726027,982.94,1057.68222222222,11.3344094368341
"370","uiefmaize",2010,5,0.32965,11.1632739726027,982.94,1057.68222222222,11.3344094368341
"371","uiefmaize",2010,6,0.3296,11.1632739726027,982.94,1057.68222222222,11.3344094368341
"372","uiefmaize",2010,7,0.32953,11.1632739726027,982.94,1057.68222222222,11.3344094368341
"373","uiefmaize",2010,8,0.32944,11.1632739726027,982.94,1057.68222222222,11.3344094368341
"374","uiefmaize",2010,9,0.32936,11.1632739726027,982.94,1057.68222222222,11.3344094368341
"375","uiefmaize",2010,10,0.32928,11.1632739726027,982.94,1057.68222222222,11.3344094368341
"376","uiefmaize",2010,11,0.32921,11.1632739726027,982.94,1057.68222222222,11.3344094368341
"377","uiefmaize",2010,12,0.32917,11.1632739726027,982.94,1057.68222222222,11.3344094368341
"378","uiefmaize",2010,13,0.32916,11.1632739726027,982.94,1057.68222222222,11.3344094368341
"379","uiefmaize",2010,14,0.32918,11.1632739726027,982.94,1057.68222222222,11.3344094368341
"380","uiefmaize",2010,15,0.3292,11.1632739726027,982.94,1057.68222222222,11.3344094368341
"381","uiefmaize",2010,16,0.32924,11.1632739726027,982.94,1057.68222222222,11.3344094368341
"382","uiefmaize",2010,17,0.32929,11.1632739726027,982.94,1057.68222222222,11.3344094368341
"383","uiefmaize",2010,18,0.32933,11.1632739726027,982.94,1057.68222222222,11.3344094368341
"384","uiefmaize",2010,19,0.32938,11.1632739726027,982.94,1057.68222222222,11.3344094368341
"385","uiefmaize",2010,20,0.32943,11.1632739726027,982.94,1057.68222222222,11.3344094368341
"386","uiefmaize",2010,21,0.32951,11.1632739726027,982.94,1057.68222222222,11.3344094368341
"387","uiefmaize",2010,22,0.32961,11.1632739726027,982.94,1057.68222222222,11.3344094368341
"388","uiefmaize",2010,23,0.32972,11.1632739726027,982.94,1057.68222222222,11.3344094368341
"389","uiefmaize",2010,24,0.32983,11.1632739726027,982.94,1057.68222222222,11.3344094368341
"390","uiefmaize",2010,25,0.32992,11.1632739726027,982.94,1057.68222222222,11.3344094368341
"391","uiefmaize",2010,26,0.33,11.1632739726027,982.94,1057.68222222222,11.3344094368341
"392","uiefmaize",2010,27,0.33005,11.1632739726027,982.94,1057.68222222222,11.3344094368341
"393","uiefmaize",2010,28,0.33009,11.1632739726027,982.94,1057.68222222222,11.3344094368341
"394","uiefmaize",2010,29,0.33012,11.1632739726027,982.94,1057.68222222222,11.3344094368341
"395","uiefmaize",2010,30,0.33014,11.1632739726027,982.94,1057.68222222222,11.3344094368341
"396","uiefmaize",2010,31,0.33014,11.1632739726027,982.94,1057.68222222222,11.3344094368341
"397","uiefmaize",2010,32,0.33015,11.1632739726027,982.94,1057.68222222222,11.3344094368341
"398","uiefmaize",2010,33,0.33014,11.1632739726027,982.94,1057.68222222222,11.3344094368341
"399","uiefmaize",2010,34,0.33014,11.1632739726027,982.94,1057.68222222222,11.3344094368341
"400","uiefmaize",2010,35,0.33014,11.1632739726027,982.94,1057.68222222222,11.3344094368341
"401","uiefmaize",2010,36,0.33013,11.1632739726027,982.94,1057.68222222222,11.3344094368341
"402","uiefmaize",2010,37,0.33012,11.1632739726027,982.94,1057.68222222222,11.3344094368341
"403","uiefmaize",2010,38,0.3301,11.1632739726027,982.94,1057.68222222222,11.3344094368341
"404","uiefmaize",2010,39,0.33008,11.1632739726027,982.94,1057.68222222222,11.3344094368341
"405","uiefmaize",2010,40,0.33003,11.1632739726027,982.94,1057.68222222222,11.3344094368341
"406","uiefmaize",2010,41,0.32994,11.1632739726027,982.94,1057.68222222222,11.3344094368341
"407","uiefmaize",2010,42,0.32983,11.1632739726027,982.94,1057.68222222222,11.3344094368341
"408","uiefmaize",2010,43,0.32971,11.1632739726027,982.94,1057.68222222222,11.3344094368341
"409","uiefmaize",2010,44,0.32961,11.1632739726027,982.94,1057.68222222222,11.3344094368341
"410","uiefmaize",2010,45,0.32954,11.1632739726027,982.94,1057.68222222222,11.3344094368341
"411","uiefmaize",2010,46,0.32953,11.1632739726027,982.94,1057.68222222222,11.3344094368341
"412","uiefmaize",2010,47,0.32957,11.1632739726027,982.94,1057.68222222222,11.3344094368341
"413","uiefmaize",2010,48,0.32961,11.1632739726027,982.94,1057.68222222222,11.3344094368341
"414","uiefmaize",2010,49,0.32967,11.1632739726027,982.94,1057.68222222222,11.3344094368341
"415","uiefmaize",2010,50,0.32975,11.1632739726027,982.94,1057.68222222222,11.3344094368341
"416","uiefmaize",2010,51,0.32986,11.1632739726027,982.94,1057.68222222222,11.3344094368341
"417","uiefmaize",2010,52,0.33001,11.1632739726027,982.94,1057.68222222222,11.3344094368341
"418","uiefmaize",2010,53,0.3302,11.1632739726027,982.94,1057.68222222222,11.3344094368341
"419","uiefmaize",2010,54,0.33046,11.1632739726027,982.94,1057.68222222222,11.3344094368341
"420","uiefmaize",2010,55,0.33082,11.1632739726027,982.94,1057.68222222222,11.3344094368341
"421","uiefmaize",2010,56,0.33124,11.1632739726027,982.94,1057.68222222222,11.3344094368341
"422","uiefmaize",2010,57,0.33169,11.1632739726027,982.94,1057.68222222222,11.3344094368341
"423","uiefmaize",2010,58,0.33214,11.1632739726027,982.94,1057.68222222222,11.3344094368341
"424","uiefmaize",2010,59,0.33256,11.1632739726027,982.94,1057.68222222222,11.3344094368341
"425","uiefmaize",2010,60,0.33293,11.1632739726027,982.94,1057.68222222222,11.3344094368341
"426","uiefmaize",2010,61,0.33326,11.1632739726027,982.94,1057.68222222222,11.3344094368341
"427","uiefmaize",2010,62,0.33358,11.1632739726027,982.94,1057.68222222222,11.3344094368341
"428","uiefmaize",2010,63,0.33389,11.1632739726027,982.94,1057.68222222222,11.3344094368341
"429","uiefmaize",2010,64,0.33417,11.1632739726027,982.94,1057.68222222222,11.3344094368341
"430","uiefmaize",2010,65,0.33443,11.1632739726027,982.94,1057.68222222222,11.3344094368341
"431","uiefmaize",2010,66,0.33464,11.1632739726027,982.94,1057.68222222222,11.3344094368341
"432","uiefmaize",2010,67,0.33481,11.1632739726027,982.94,1057.68222222222,11.3344094368341
"433","uiefmaize",2010,68,0.33493,11.1632739726027,982.94,1057.68222222222,11.3344094368341
"434","uiefmaize",2010,69,0.33501,11.1632739726027,982.94,1057.68222222222,11.3344094368341
"435","uiefmaize",2010,70,0.33506,11.1632739726027,982.94,1057.68222222222,11.3344094368341
"436","uiefmaize",2010,71,0.33509,11.1632739726027,982.94,1057.68222222222,11.3344094368341
"437","uiefmaize",2010,72,0.33512,11.1632739726027,982.94,1057.68222222222,11.3344094368341
"438","uiefmaize",2010,73,0.33514,11.1632739726027,982.94,1057.68222222222,11.3344094368341
"439","uiefmaize",2010,74,0.33518,11.1632739726027,982.94,1057.68222222222,11.3344094368341
"440","uiefmaize",2010,75,0.33521,11.1632739726027,982.94,1057.68222222222,11.3344094368341
"441","uiefmaize",2010,76,0.33521,11.1632739726027,982.94,1057.68222222222,11.3344094368341
"442","uiefmaize",2010,77,0.3352,11.1632739726027,982.94,1057.68222222222,11.3344094368341
"443","uiefmaize",2010,78,0.33518,11.1632739726027,982.94,1057.68222222222,11.3344094368341
"444","uiefmaize",2010,79,0.33518,11.1632739726027,982.94,1057.68222222222,11.3344094368341
"445","uiefmaize",2010,80,0.33521,11.1632739726027,982.94,1057.68222222222,11.3344094368341
"446","uiefmaize",2010,81,0.33528,11.1632739726027,982.94,1057.68222222222,11.3344094368341
"447","uiefmaize",2010,82,0.33539,11.1632739726027,982.94,1057.68222222222,11.3344094368341
"448","uiefmaize",2010,83,0.33549,11.1632739726027,982.94,1057.68222222222,11.3344094368341
"449","uiefmaize",2010,84,0.33559,11.1632739726027,982.94,1057.68222222222,11.3344094368341
"450","uiefmaize",2010,85,0.33569,11.1632739726027,982.94,1057.68222222222,11.3344094368341
"451","uiefmaize",2010,86,0.33578,11.1632739726027,982.94,1057.68222222222,11.3344094368341
"452","uiefmaize",2010,87,0.33586,11.1632739726027,982.94,1057.68222222222,11.3344094368341
"453","uiefmaize",2010,88,0.33592,11.1632739726027,982.94,1057.68222222222,11.3344094368341
"454","uiefmaize",2010,89,0.33599,11.1632739726027,982.94,1057.68222222222,11.3344094368341
"455","uiefmaize",2010,90,0.33609,11.1632739726027,982.94,1057.68222222222,11.3344094368341
"456","uiefmaize",2010,91,0.3362,11.1632739726027,982.94,1057.68222222222,11.3344094368341
"457","uiefmaize",2010,92,0.33633,11.1632739726027,982.94,1057.68222222222,11.3344094368341
"458","uiefmaize",2010,93,0.33647,11.1632739726027,982.94,1057.68222222222,11.3344094368341
"459","uiefmaize",2010,94,0.33663,11.1632739726027,982.94,1057.68222222222,11.3344094368341
"460","uiefmaize",2010,95,0.33682,11.1632739726027,982.94,1057.68222222222,11.3344094368341
"461","uiefmaize",2010,96,0.33706,11.1632739726027,982.94,1057.68222222222,11.3344094368341
"462","uiefmaize",2010,97,0.3373,11.1632739726027,982.94,1057.68222222222,11.3344094368341
"463","uiefmaize",2010,98,0.33754,11.1632739726027,982.94,1057.68222222222,11.3344094368341
"464","uiefmaize",2010,99,0.33775,11.1632739726027,982.94,1057.68222222222,11.3344094368341
"465","uiefmaize",2010,100,0.33791,11.1632739726027,982.94,1057.68222222222,11.3344094368341
"466","uiefmaize",2010,101,0.33799,11.1632739726027,982.94,1057.68222222222,11.3344094368341
"467","uiefmaize",2010,102,0.33799,11.1632739726027,982.94,1057.68222222222,11.3344094368341
"468","uiefmaize",2010,103,0.33795,11.1632739726027,982.94,1057.68222222222,11.3344094368341
"469","uiefmaize",2010,104,0.33788,11.1632739726027,982.94,1057.68222222222,11.3344094368341
"470","uiefmaize",2010,105,0.33777,11.1632739726027,982.94,1057.68222222222,11.3344094368341
"471","uiefmaize",2010,106,0.33763,11.1632739726027,982.94,1057.68222222222,11.3344094368341
"472","uiefmaize",2010,107,0.33748,11.1632739726027,982.94,1057.68222222222,11.3344094368341
"473","uiefmaize",2010,108,0.33732,11.1632739726027,982.94,1057.68222222222,11.3344094368341
"474","uiefmaize",2010,109,0.33711,11.1632739726027,982.94,1057.68222222222,11.3344094368341
"475","uiefmaize",2010,110,0.33682,11.1632739726027,982.94,1057.68222222222,11.3344094368341
"476","uiefmaize",2010,111,0.33648,11.1632739726027,982.94,1057.68222222222,11.3344094368341
"477","uiefmaize",2010,112,0.33613,11.1632739726027,982.94,1057.68222222222,11.3344094368341
"478","uiefmaize",2010,113,0.33581,11.1632739726027,982.94,1057.68222222222,11.3344094368341
"479","uiefmaize",2010,114,0.33554,11.1632739726027,982.94,1057.68222222222,11.3344094368341
"480","uiefmaize",2010,115,0.33537,11.1632739726027,982.94,1057.68222222222,11.3344094368341
"481","uiefmaize",2010,116,0.33528,11.1632739726027,982.94,1057.68222222222,11.3344094368341
"482","uiefmaize",2010,117,0.33522,11.1632739726027,982.94,1057.68222222222,11.3344094368341
"483","uiefmaize",2010,118,0.3352,11.1632739726027,982.94,1057.68222222222,11.3344094368341
"484","uiefmaize",2010,119,0.33521,11.1632739726027,982.94,1057.68222222222,11.3344094368341
"485","uiefmaize",2010,120,0.33525,11.1632739726027,982.94,1057.68222222222,11.3344094368341
"486","uiefmaize",2010,121,0.33531,11.1632739726027,982.94,1057.68222222222,11.3344094368341
"487","uiefmaize",2010,122,0.3354,11.1632739726027,982.94,1057.68222222222,11.3344094368341
"488","uiefmaize",2010,123,0.33553,11.1632739726027,982.94,1057.68222222222,11.3344094368341
"489","uiefmaize",2010,124,0.3357,11.1632739726027,982.94,1057.68222222222,11.3344094368341
"490","uiefmaize",2010,125,0.33591,11.1632739726027,982.94,1057.68222222222,11.3344094368341
"491","uiefmaize",2010,126,0.33613,11.1632739726027,982.94,1057.68222222222,11.3344094368341
"492","uiefmaize",2010,127,0.33634,11.1632739726027,982.94,1057.68222222222,11.3344094368341
"493","uiefmaize",2010,128,0.33654,11.1632739726027,982.94,1057.68222222222,11.3344094368341
"494","uiefmaize",2010,129,0.33669,11.1632739726027,982.94,1057.68222222222,11.3344094368341
"495","uiefmaize",2010,130,0.33684,11.1632739726027,982.94,1057.68222222222,11.3344094368341
"496","uiefmaize",2010,131,0.33702,11.1632739726027,982.94,1057.68222222222,11.3344094368341
"497","uiefmaize",2010,132,0.33723,11.1632739726027,982.94,1057.68222222222,11.3344094368341
"498","uiefmaize",2010,133,0.33745,11.1632739726027,982.94,1057.68222222222,11.3344094368341
"499","uiefmaize",2010,134,0.33769,11.1632739726027,982.94,1057.68222222222,11.3344094368341
"500","uiefmaize",2010,135,0.33793,11.1632739726027,982.94,1057.68222222222,11.3344094368341
"501","uiefmaize",2010,136,0.33815,11.1632739726027,982.94,1057.68222222222,11.3344094368341
"502","uiefmaize",2010,137,0.33836,11.1632739726027,982.94,1057.68222222222,11.3344094368341
"503","uiefmaize",2010,138,0.33852,11.1632739726027,982.94,1057.68222222222,11.3344094368341
"504","uiefmaize",2010,139,0.33865,11.1632739726027,982.94,1057.68222222222,11.3344094368341
"505","uiefmaize",2010,140,0.33877,11.1632739726027,982.94,1057.68222222222,11.3344094368341
"506","uiefmaize",2010,141,0.33889,11.1632739726027,982.94,1057.68222222222,11.3344094368341
"507","uiefmaize",2010,142,0.33902,11.1632739726027,982.94,1057.68222222222,11.3344094368341
"508","uiefmaize",2010,143,0.33917,11.1632739726027,982.94,1057.68222222222,11.3344094368341
"509","uiefmaize",2010,144,0.33924,11.1632739726027,982.94,1057.68222222222,11.3344094368341
"510","uiefmaize",2010,145,0.33918,11.1632739726027,982.94,1057.68222222222,11.3344094368341
"511","uiefmaize",2010,146,0.33909,11.1632739726027,982.94,1057.68222222222,11.3344094368341
"512","uiefmaize",2010,147,0.33906,11.1632739726027,982.94,1057.68222222222,11.3344094368341
"513","uiefmaize",2010,148,0.33919,11.1632739726027,982.94,1057.68222222222,11.3344094368341
"514","uiefmaize",2010,149,0.33957,11.1632739726027,982.94,1057.68222222222,11.3344094368341
"515","uiefmaize",2010,150,0.34004,11.1632739726027,982.94,1057.68222222222,11.3344094368341
"516","uiefmaize",2010,151,0.34045,11.1632739726027,982.94,1057.68222222222,11.3344094368341
"517","uiefmaize",2010,152,0.34089,11.1632739726027,982.94,1057.68222222222,11.3344094368341
"518","uiefmaize",2010,153,0.34147,11.1632739726027,982.94,1057.68222222222,11.3344094368341
"519","uiefmaize",2010,154,0.34229,11.1632739726027,982.94,1057.68222222222,11.3344094368341
"520","uiefmaize",2010,155,0.34346,11.1632739726027,982.94,1057.68222222222,11.3344094368341
"521","uiefmaize",2010,156,0.34509,11.1632739726027,982.94,1057.68222222222,11.3344094368341
"522","uiefmaize",2010,157,0.34734,11.1632739726027,982.94,1057.68222222222,11.3344094368341
"523","uiefmaize",2010,158,0.35019,11.1632739726027,982.94,1057.68222222222,11.3344094368341
"524","uiefmaize",2010,159,0.35345,11.1632739726027,982.94,1057.68222222222,11.3344094368341
"525","uiefmaize",2010,160,0.35694,11.1632739726027,982.94,1057.68222222222,11.3344094368341
"526","uiefmaize",2010,161,0.36048,11.1632739726027,982.94,1057.68222222222,11.3344094368341
"527","uiefmaize",2010,162,0.36387,11.1632739726027,982.94,1057.68222222222,11.3344094368341
"528","uiefmaize",2010,163,0.36694,11.1632739726027,982.94,1057.68222222222,11.3344094368341
"529","uiefmaize",2010,164,0.36991,11.1632739726027,982.94,1057.68222222222,11.3344094368341
"530","uiefmaize",2010,165,0.37308,11.1632739726027,982.94,1057.68222222222,11.3344094368341
"531","uiefmaize",2010,166,0.37631,11.1632739726027,982.94,1057.68222222222,11.3344094368341
"532","uiefmaize",2010,167,0.3795,11.1632739726027,982.94,1057.68222222222,11.3344094368341
"533","uiefmaize",2010,168,0.38252,11.1632739726027,982.94,1057.68222222222,11.3344094368341
"534","uiefmaize",2010,169,0.38526,11.1632739726027,982.94,1057.68222222222,11.3344094368341
"535","uiefmaize",2010,170,0.38759,11.1632739726027,982.94,1057.68222222222,11.3344094368341
"536","uiefmaize",2010,171,0.38944,11.1632739726027,982.94,1057.68222222222,11.3344094368341
"537","uiefmaize",2010,172,0.39088,11.1632739726027,982.94,1057.68222222222,11.3344094368341
"538","uiefmaize",2010,173,0.39202,11.1632739726027,982.94,1057.68222222222,11.3344094368341
"539","uiefmaize",2010,174,0.39299,11.1632739726027,982.94,1057.68222222222,11.3344094368341
"540","uiefmaize",2010,175,0.39389,11.1632739726027,982.94,1057.68222222222,11.3344094368341
"541","uiefmaize",2010,176,0.39485,11.1632739726027,982.94,1057.68222222222,11.3344094368341
"542","uiefmaize",2010,177,0.39598,11.1632739726027,982.94,1057.68222222222,11.3344094368341
"543","uiefmaize",2010,178,0.39724,11.1632739726027,982.94,1057.68222222222,11.3344094368341
"544","uiefmaize",2010,179,0.39852,11.1632739726027,982.94,1057.68222222222,11.3344094368341
"545","uiefmaize",2010,180,0.39982,11.1632739726027,982.94,1057.68222222222,11.3344094368341
"546","uiefmaize",2010,181,0.40113,11.1632739726027,982.94,1057.68222222222,11.3344094368341
"547","uiefmaize",2010,182,0.40244,11.1632739726027,982.94,1057.68222222222,11.3344094368341
"548","uiefmaize",2010,183,0.40375,11.1632739726027,982.94,1057.68222222222,11.3344094368341
"549","uiefmaize",2010,184,0.40505,11.1632739726027,982.94,1057.68222222222,11.3344094368341
"550","uiefmaize",2010,185,0.40646,11.1632739726027,982.94,1057.68222222222,11.3344094368341
"551","uiefmaize",2010,186,0.40804,11.1632739726027,982.94,1057.68222222222,11.3344094368341
"552","uiefmaize",2010,187,0.40964,11.1632739726027,982.94,1057.68222222222,11.3344094368341
"553","uiefmaize",2010,188,0.41116,11.1632739726027,982.94,1057.68222222222,11.3344094368341
"554","uiefmaize",2010,189,0.41247,11.1632739726027,982.94,1057.68222222222,11.3344094368341
"555","uiefmaize",2010,190,0.41343,11.1632739726027,982.94,1057.68222222222,11.3344094368341
"556","uiefmaize",2010,191,0.41394,11.1632739726027,982.94,1057.68222222222,11.3344094368341
"557","uiefmaize",2010,192,0.41389,11.1632739726027,982.94,1057.68222222222,11.3344094368341
"558","uiefmaize",2010,193,0.41339,11.1632739726027,982.94,1057.68222222222,11.3344094368341
"559","uiefmaize",2010,194,0.41257,11.1632739726027,982.94,1057.68222222222,11.3344094368341
"560","uiefmaize",2010,195,0.4116,11.1632739726027,982.94,1057.68222222222,11.3344094368341
"561","uiefmaize",2010,196,0.41064,11.1632739726027,982.94,1057.68222222222,11.3344094368341
"562","uiefmaize",2010,197,0.40983,11.1632739726027,982.94,1057.68222222222,11.3344094368341
"563","uiefmaize",2010,198,0.40933,11.1632739726027,982.94,1057.68222222222,11.3344094368341
"564","uiefmaize",2010,199,0.40901,11.1632739726027,982.94,1057.68222222222,11.3344094368341
"565","uiefmaize",2010,200,0.40865,11.1632739726027,982.94,1057.68222222222,11.3344094368341
"566","uiefmaize",2010,201,0.40828,11.1632739726027,982.94,1057.68222222222,11.3344094368341
"567","uiefmaize",2010,202,0.40792,11.1632739726027,982.94,1057.68222222222,11.3344094368341
"568","uiefmaize",2010,203,0.4076,11.1632739726027,982.94,1057.68222222222,11.3344094368341
"569","uiefmaize",2010,204,0.40735,11.1632739726027,982.94,1057.68222222222,11.3344094368341
"570","uiefmaize",2010,205,0.40728,11.1632739726027,982.94,1057.68222222222,11.3344094368341
"571","uiefmaize",2010,206,0.40743,11.1632739726027,982.94,1057.68222222222,11.3344094368341
"572","uiefmaize",2010,207,0.40771,11.1632739726027,982.94,1057.68222222222,11.3344094368341
"573","uiefmaize",2010,208,0.40803,11.1632739726027,982.94,1057.68222222222,11.3344094368341
"574","uiefmaize",2010,209,0.40829,11.1632739726027,982.94,1057.68222222222,11.3344094368341
"575","uiefmaize",2010,210,0.40841,11.1632739726027,982.94,1057.68222222222,11.3344094368341
"576","uiefmaize",2010,211,0.40829,11.1632739726027,982.94,1057.68222222222,11.3344094368341
"577","uiefmaize",2010,212,0.40785,11.1632739726027,982.94,1057.68222222222,11.3344094368341
"578","uiefmaize",2010,213,0.40715,11.1632739726027,982.94,1057.68222222222,11.3344094368341
"579","uiefmaize",2010,214,0.40627,11.1632739726027,982.94,1057.68222222222,11.3344094368341
"580","uiefmaize",2010,215,0.40532,11.1632739726027,982.94,1057.68222222222,11.3344094368341
"581","uiefmaize",2010,216,0.40439,11.1632739726027,982.94,1057.68222222222,11.3344094368341
"582","uiefmaize",2010,217,0.40358,11.1632739726027,982.94,1057.68222222222,11.3344094368341
"583","uiefmaize",2010,218,0.40297,11.1632739726027,982.94,1057.68222222222,11.3344094368341
"584","uiefmaize",2010,219,0.40251,11.1632739726027,982.94,1057.68222222222,11.3344094368341
"585","uiefmaize",2010,220,0.40207,11.1632739726027,982.94,1057.68222222222,11.3344094368341
"586","uiefmaize",2010,221,0.40168,11.1632739726027,982.94,1057.68222222222,11.3344094368341
"587","uiefmaize",2010,222,0.40136,11.1632739726027,982.94,1057.68222222222,11.3344094368341
"588","uiefmaize",2010,223,0.40112,11.1632739726027,982.94,1057.68222222222,11.3344094368341
"589","uiefmaize",2010,224,0.40099,11.1632739726027,982.94,1057.68222222222,11.3344094368341
"590","uiefmaize",2010,225,0.40098,11.1632739726027,982.94,1057.68222222222,11.3344094368341
"591","uiefmaize",2010,226,0.40108,11.1632739726027,982.94,1057.68222222222,11.3344094368341
"592","uiefmaize",2010,227,0.40125,11.1632739726027,982.94,1057.68222222222,11.3344094368341
"593","uiefmaize",2010,228,0.4015,11.1632739726027,982.94,1057.68222222222,11.3344094368341
"594","uiefmaize",2010,229,0.40182,11.1632739726027,982.94,1057.68222222222,11.3344094368341
"595","uiefmaize",2010,230,0.4022,11.1632739726027,982.94,1057.68222222222,11.3344094368341
"596","uiefmaize",2010,231,0.40265,11.1632739726027,982.94,1057.68222222222,11.3344094368341
"597","uiefmaize",2010,232,0.40316,11.1632739726027,982.94,1057.68222222222,11.3344094368341
"598","uiefmaize",2010,233,0.4039,11.1632739726027,982.94,1057.68222222222,11.3344094368341
"599","uiefmaize",2010,234,0.40493,11.1632739726027,982.94,1057.68222222222,11.3344094368341
"600","uiefmaize",2010,235,0.40614,11.1632739726027,982.94,1057.68222222222,11.3344094368341
"601","uiefmaize",2010,236,0.40742,11.1632739726027,982.94,1057.68222222222,11.3344094368341
"602","uiefmaize",2010,237,0.40865,11.1632739726027,982.94,1057.68222222222,11.3344094368341
"603","uiefmaize",2010,238,0.4097,11.1632739726027,982.94,1057.68222222222,11.3344094368341
"604","uiefmaize",2010,239,0.41047,11.1632739726027,982.94,1057.68222222222,11.3344094368341
"605","uiefmaize",2010,240,0.41121,11.1632739726027,982.94,1057.68222222222,11.3344094368341
"606","uiefmaize",2010,241,0.41218,11.1632739726027,982.94,1057.68222222222,11.3344094368341
"607","uiefmaize",2010,242,0.41317,11.1632739726027,982.94,1057.68222222222,11.3344094368341
"608","uiefmaize",2010,243,0.41401,11.1632739726027,982.94,1057.68222222222,11.3344094368341
"609","uiefmaize",2010,244,0.41451,11.1632739726027,982.94,1057.68222222222,11.3344094368341
"610","uiefmaize",2010,245,0.41449,11.1632739726027,982.94,1057.68222222222,11.3344094368341
"611","uiefmaize",2010,246,0.41377,11.1632739726027,982.94,1057.68222222222,11.3344094368341
"612","uiefmaize",2010,247,0.41235,11.1632739726027,982.94,1057.68222222222,11.3344094368341
"613","uiefmaize",2010,248,0.41043,11.1632739726027,982.94,1057.68222222222,11.3344094368341
"614","uiefmaize",2010,249,0.40807,11.1632739726027,982.94,1057.68222222222,11.3344094368341
"615","uiefmaize",2010,250,0.40532,11.1632739726027,982.94,1057.68222222222,11.3344094368341
"616","uiefmaize",2010,251,0.40226,11.1632739726027,982.94,1057.68222222222,11.3344094368341
"617","uiefmaize",2010,252,0.39893,11.1632739726027,982.94,1057.68222222222,11.3344094368341
"618","uiefmaize",2010,253,0.39541,11.1632739726027,982.94,1057.68222222222,11.3344094368341
"619","uiefmaize",2010,254,0.39114,11.1632739726027,982.94,1057.68222222222,11.3344094368341
"620","uiefmaize",2010,255,0.38585,11.1632739726027,982.94,1057.68222222222,11.3344094368341
"621","uiefmaize",2010,256,0.38004,11.1632739726027,982.94,1057.68222222222,11.3344094368341
"622","uiefmaize",2010,257,0.3742,11.1632739726027,982.94,1057.68222222222,11.3344094368341
"623","uiefmaize",2010,258,0.36883,11.1632739726027,982.94,1057.68222222222,11.3344094368341
"624","uiefmaize",2010,259,0.36442,11.1632739726027,982.94,1057.68222222222,11.3344094368341
"625","uiefmaize",2010,260,0.36069,11.1632739726027,982.94,1057.68222222222,11.3344094368341
"626","uiefmaize",2010,261,0.35706,11.1632739726027,982.94,1057.68222222222,11.3344094368341
"627","uiefmaize",2010,262,0.35361,11.1632739726027,982.94,1057.68222222222,11.3344094368341
"628","uiefmaize",2010,263,0.3504,11.1632739726027,982.94,1057.68222222222,11.3344094368341
"629","uiefmaize",2010,264,0.34752,11.1632739726027,982.94,1057.68222222222,11.3344094368341
"630","uiefmaize",2010,265,0.34502,11.1632739726027,982.94,1057.68222222222,11.3344094368341
"631","uiefmaize",2010,266,0.343,11.1632739726027,982.94,1057.68222222222,11.3344094368341
"632","uiefmaize",2010,267,0.34158,11.1632739726027,982.94,1057.68222222222,11.3344094368341
"633","uiefmaize",2010,268,0.34076,11.1632739726027,982.94,1057.68222222222,11.3344094368341
"634","uiefmaize",2010,269,0.3404,11.1632739726027,982.94,1057.68222222222,11.3344094368341
"635","uiefmaize",2010,270,0.34032,11.1632739726027,982.94,1057.68222222222,11.3344094368341
"636","uiefmaize",2010,271,0.34039,11.1632739726027,982.94,1057.68222222222,11.3344094368341
"637","uiefmaize",2010,272,0.34043,11.1632739726027,982.94,1057.68222222222,11.3344094368341
"638","uiefmaize",2010,273,0.3403,11.1632739726027,982.94,1057.68222222222,11.3344094368341
"639","uiefmaize",2010,274,0.34016,11.1632739726027,982.94,1057.68222222222,11.3344094368341
"640","uiefmaize",2010,275,0.34023,11.1632739726027,982.94,1057.68222222222,11.3344094368341
"641","uiefmaize",2010,276,0.34043,11.1632739726027,982.94,1057.68222222222,11.3344094368341
"642","uiefmaize",2010,277,0.34069,11.1632739726027,982.94,1057.68222222222,11.3344094368341
"643","uiefmaize",2010,278,0.34094,11.1632739726027,982.94,1057.68222222222,11.3344094368341
"644","uiefmaize",2010,279,0.34111,11.1632739726027,982.94,1057.68222222222,11.3344094368341
"645","uiefmaize",2010,280,0.34111,11.1632739726027,982.94,1057.68222222222,11.3344094368341
"646","uiefmaize",2010,281,0.34101,11.1632739726027,982.94,1057.68222222222,11.3344094368341
"647","uiefmaize",2010,282,0.34088,11.1632739726027,982.94,1057.68222222222,11.3344094368341
"648","uiefmaize",2010,283,0.34073,11.1632739726027,982.94,1057.68222222222,11.3344094368341
"649","uiefmaize",2010,284,0.34058,11.1632739726027,982.94,1057.68222222222,11.3344094368341
"650","uiefmaize",2010,285,0.34043,11.1632739726027,982.94,1057.68222222222,11.3344094368341
"651","uiefmaize",2010,286,0.34029,11.1632739726027,982.94,1057.68222222222,11.3344094368341
"652","uiefmaize",2010,287,0.34017,11.1632739726027,982.94,1057.68222222222,11.3344094368341
"653","uiefmaize",2010,288,0.34003,11.1632739726027,982.94,1057.68222222222,11.3344094368341
"654","uiefmaize",2010,289,0.33985,11.1632739726027,982.94,1057.68222222222,11.3344094368341
"655","uiefmaize",2010,290,0.33965,11.1632739726027,982.94,1057.68222222222,11.3344094368341
"656","uiefmaize",2010,291,0.33944,11.1632739726027,982.94,1057.68222222222,11.3344094368341
"657","uiefmaize",2010,292,0.33925,11.1632739726027,982.94,1057.68222222222,11.3344094368341
"658","uiefmaize",2010,293,0.33909,11.1632739726027,982.94,1057.68222222222,11.3344094368341
"659","uiefmaize",2010,294,0.33898,11.1632739726027,982.94,1057.68222222222,11.3344094368341
"660","uiefmaize",2010,295,0.33897,11.1632739726027,982.94,1057.68222222222,11.3344094368341
"661","uiefmaize",2010,296,0.33906,11.1632739726027,982.94,1057.68222222222,11.3344094368341
"662","uiefmaize",2010,297,0.33921,11.1632739726027,982.94,1057.68222222222,11.3344094368341
"663","uiefmaize",2010,298,0.33938,11.1632739726027,982.94,1057.68222222222,11.3344094368341
"664","uiefmaize",2010,299,0.33952,11.1632739726027,982.94,1057.68222222222,11.3344094368341
"665","uiefmaize",2010,300,0.3396,11.1632739726027,982.94,1057.68222222222,11.3344094368341
"666","uiefmaize",2010,301,0.33956,11.1632739726027,982.94,1057.68222222222,11.3344094368341
"667","uiefmaize",2010,302,0.3394,11.1632739726027,982.94,1057.68222222222,11.3344094368341
"668","uiefmaize",2010,303,0.33914,11.1632739726027,982.94,1057.68222222222,11.3344094368341
"669","uiefmaize",2010,304,0.33882,11.1632739726027,982.94,1057.68222222222,11.3344094368341
"670","uiefmaize",2010,305,0.33847,11.1632739726027,982.94,1057.68222222222,11.3344094368341
"671","uiefmaize",2010,306,0.33813,11.1632739726027,982.94,1057.68222222222,11.3344094368341
"672","uiefmaize",2010,307,0.33784,11.1632739726027,982.94,1057.68222222222,11.3344094368341
"673","uiefmaize",2010,308,0.33763,11.1632739726027,982.94,1057.68222222222,11.3344094368341
"674","uiefmaize",2010,309,0.33748,11.1632739726027,982.94,1057.68222222222,11.3344094368341
"675","uiefmaize",2010,310,0.33734,11.1632739726027,982.94,1057.68222222222,11.3344094368341
"676","uiefmaize",2010,311,0.33722,11.1632739726027,982.94,1057.68222222222,11.3344094368341
"677","uiefmaize",2010,312,0.33713,11.1632739726027,982.94,1057.68222222222,11.3344094368341
"678","uiefmaize",2010,313,0.33705,11.1632739726027,982.94,1057.68222222222,11.3344094368341
"679","uiefmaize",2010,314,0.33701,11.1632739726027,982.94,1057.68222222222,11.3344094368341
"680","uiefmaize",2010,315,0.33702,11.1632739726027,982.94,1057.68222222222,11.3344094368341
"681","uiefmaize",2010,316,0.33709,11.1632739726027,982.94,1057.68222222222,11.3344094368341
"682","uiefmaize",2010,317,0.33721,11.1632739726027,982.94,1057.68222222222,11.3344094368341
"683","uiefmaize",2010,318,0.33734,11.1632739726027,982.94,1057.68222222222,11.3344094368341
"684","uiefmaize",2010,319,0.33745,11.1632739726027,982.94,1057.68222222222,11.3344094368341
"685","uiefmaize",2010,320,0.33753,11.1632739726027,982.94,1057.68222222222,11.3344094368341
"686","uiefmaize",2010,321,0.33755,11.1632739726027,982.94,1057.68222222222,11.3344094368341
"687","uiefmaize",2010,322,0.33752,11.1632739726027,982.94,1057.68222222222,11.3344094368341
"688","uiefmaize",2010,323,0.33749,11.1632739726027,982.94,1057.68222222222,11.3344094368341
"689","uiefmaize",2010,324,0.33744,11.1632739726027,982.94,1057.68222222222,11.3344094368341
"690","uiefmaize",2010,325,0.33738,11.1632739726027,982.94,1057.68222222222,11.3344094368341
"691","uiefmaize",2010,326,0.3373,11.1632739726027,982.94,1057.68222222222,11.3344094368341
"692","uiefmaize",2010,327,0.3372,11.1632739726027,982.94,1057.68222222222,11.3344094368341
"693","uiefmaize",2010,328,0.33707,11.1632739726027,982.94,1057.68222222222,11.3344094368341
"694","uiefmaize",2010,329,0.33691,11.1632739726027,982.94,1057.68222222222,11.3344094368341
"695","uiefmaize",2010,330,0.3367,11.1632739726027,982.94,1057.68222222222,11.3344094368341
"696","uiefmaize",2010,331,0.33646,11.1632739726027,982.94,1057.68222222222,11.3344094368341
"697","uiefmaize",2010,332,0.3362,11.1632739726027,982.94,1057.68222222222,11.3344094368341
"698","uiefmaize",2010,333,0.33592,11.1632739726027,982.94,1057.68222222222,11.3344094368341
"699","uiefmaize",2010,334,0.33563,11.1632739726027,982.94,1057.68222222222,11.3344094368341
"700","uiefmaize",2010,335,0.33534,11.1632739726027,982.94,1057.68222222222,11.3344094368341
"701","uiefmaize",2010,336,0.33502,11.1632739726027,982.94,1057.68222222222,11.3344094368341
"702","uiefmaize",2010,337,0.33465,11.1632739726027,982.94,1057.68222222222,11.3344094368341
"703","uiefmaize",2010,338,0.33426,11.1632739726027,982.94,1057.68222222222,11.3344094368341
"704","uiefmaize",2010,339,0.33386,11.1632739726027,982.94,1057.68222222222,11.3344094368341
"705","uiefmaize",2010,340,0.33348,11.1632739726027,982.94,1057.68222222222,11.3344094368341
"706","uiefmaize",2010,341,0.33313,11.1632739726027,982.94,1057.68222222222,11.3344094368341
"707","uiefmaize",2010,342,0.33285,11.1632739726027,982.94,1057.68222222222,11.3344094368341
"708","uiefmaize",2010,343,0.33262,11.1632739726027,982.94,1057.68222222222,11.3344094368341
"709","uiefmaize",2010,344,0.33243,11.1632739726027,982.94,1057.68222222222,11.3344094368341
"710","uiefmaize",2010,345,0.33226,11.1632739726027,982.94,1057.68222222222,11.3344094368341
"711","uiefmaize",2010,346,0.33212,11.1632739726027,982.94,1057.68222222222,11.3344094368341
"712","uiefmaize",2010,347,0.332,11.1632739726027,982.94,1057.68222222222,11.3344094368341
"713","uiefmaize",2010,348,0.3319,11.1632739726027,982.94,1057.68222222222,11.3344094368341
"714","uiefmaize",2010,349,0.33181,11.1632739726027,982.94,1057.68222222222,11.3344094368341
"715","uiefmaize",2010,350,0.33171,11.1632739726027,982.94,1057.68222222222,11.3344094368341
"716","uiefmaize",2010,351,0.33161,11.1632739726027,982.94,1057.68222222222,11.3344094368341
"717","uiefmaize",2010,352,0.33152,11.1632739726027,982.94,1057.68222222222,11.3344094368341
"718","uiefmaize",2010,353,0.33144,11.1632739726027,982.94,1057.68222222222,11.3344094368341
"719","uiefmaize",2010,354,0.33139,11.1632739726027,982.94,1057.68222222222,11.3344094368341
"720","uiefmaize",2010,355,0.3314,11.1632739726027,982.94,1057.68222222222,11.3344094368341
"721","uiefmaize",2010,356,0.33146,11.1632739726027,982.94,1057.68222222222,11.3344094368341
"722","uiefmaize",2010,357,0.3316,11.1632739726027,982.94,1057.68222222222,11.3344094368341
"723","uiefmaize",2010,358,0.33183,11.1632739726027,982.94,1057.68222222222,11.3344094368341
"724","uiefmaize",2010,359,0.33211,11.1632739726027,982.94,1057.68222222222,11.3344094368341
"725","uiefmaize",2010,360,0.33242,11.1632739726027,982.94,1057.68222222222,11.3344094368341
"726","uiefmaize",2010,361,0.33274,11.1632739726027,982.94,1057.68222222222,11.3344094368341
"727","uiefmaize",2010,362,0.33304,11.1632739726027,982.94,1057.68222222222,11.3344094368341
"728","uiefmaize",2010,363,0.33331,11.1632739726027,982.94,1057.68222222222,11.3344094368341
"729","uiefmaize",2010,364,0.33362,11.1632739726027,982.94,1057.68222222222,11.3344094368341
"730","uiefmaize",2010,365,0.33404,11.1632739726027,982.94,1057.68222222222,11.3344094368341
"731","uiefmaize",2011,1,0.33449,11.5527671232877,961.49,1057.68222222222,11.3344094368341
"732","uiefmaize",2011,2,0.33492,11.5527671232877,961.49,1057.68222222222,11.3344094368341
"733","uiefmaize",2011,3,0.33524,11.5527671232877,961.49,1057.68222222222,11.3344094368341
"734","uiefmaize",2011,4,0.3354,11.5527671232877,961.49,1057.68222222222,11.3344094368341
"735","uiefmaize",2011,5,0.33537,11.5527671232877,961.49,1057.68222222222,11.3344094368341
"736","uiefmaize",2011,6,0.33519,11.5527671232877,961.49,1057.68222222222,11.3344094368341
"737","uiefmaize",2011,7,0.33492,11.5527671232877,961.49,1057.68222222222,11.3344094368341
"738","uiefmaize",2011,8,0.33458,11.5527671232877,961.49,1057.68222222222,11.3344094368341
"739","uiefmaize",2011,9,0.33421,11.5527671232877,961.49,1057.68222222222,11.3344094368341
"740","uiefmaize",2011,10,0.33384,11.5527671232877,961.49,1057.68222222222,11.3344094368341
"741","uiefmaize",2011,11,0.33351,11.5527671232877,961.49,1057.68222222222,11.3344094368341
"742","uiefmaize",2011,12,0.33316,11.5527671232877,961.49,1057.68222222222,11.3344094368341
"743","uiefmaize",2011,13,0.33274,11.5527671232877,961.49,1057.68222222222,11.3344094368341
"744","uiefmaize",2011,14,0.33227,11.5527671232877,961.49,1057.68222222222,11.3344094368341
"745","uiefmaize",2011,15,0.33181,11.5527671232877,961.49,1057.68222222222,11.3344094368341
"746","uiefmaize",2011,16,0.33138,11.5527671232877,961.49,1057.68222222222,11.3344094368341
"747","uiefmaize",2011,17,0.33104,11.5527671232877,961.49,1057.68222222222,11.3344094368341
"748","uiefmaize",2011,18,0.33082,11.5527671232877,961.49,1057.68222222222,11.3344094368341
"749","uiefmaize",2011,19,0.33073,11.5527671232877,961.49,1057.68222222222,11.3344094368341
"750","uiefmaize",2011,20,0.33075,11.5527671232877,961.49,1057.68222222222,11.3344094368341
"751","uiefmaize",2011,21,0.33083,11.5527671232877,961.49,1057.68222222222,11.3344094368341
"752","uiefmaize",2011,22,0.33095,11.5527671232877,961.49,1057.68222222222,11.3344094368341
"753","uiefmaize",2011,23,0.33109,11.5527671232877,961.49,1057.68222222222,11.3344094368341
"754","uiefmaize",2011,24,0.3312,11.5527671232877,961.49,1057.68222222222,11.3344094368341
"755","uiefmaize",2011,25,0.33127,11.5527671232877,961.49,1057.68222222222,11.3344094368341
"756","uiefmaize",2011,26,0.3313,11.5527671232877,961.49,1057.68222222222,11.3344094368341
"757","uiefmaize",2011,27,0.33134,11.5527671232877,961.49,1057.68222222222,11.3344094368341
"758","uiefmaize",2011,28,0.33138,11.5527671232877,961.49,1057.68222222222,11.3344094368341
"759","uiefmaize",2011,29,0.33141,11.5527671232877,961.49,1057.68222222222,11.3344094368341
"760","uiefmaize",2011,30,0.33143,11.5527671232877,961.49,1057.68222222222,11.3344094368341
"761","uiefmaize",2011,31,0.33145,11.5527671232877,961.49,1057.68222222222,11.3344094368341
"762","uiefmaize",2011,32,0.33145,11.5527671232877,961.49,1057.68222222222,11.3344094368341
"763","uiefmaize",2011,33,0.33141,11.5527671232877,961.49,1057.68222222222,11.3344094368341
"764","uiefmaize",2011,34,0.33132,11.5527671232877,961.49,1057.68222222222,11.3344094368341
"765","uiefmaize",2011,35,0.33121,11.5527671232877,961.49,1057.68222222222,11.3344094368341
"766","uiefmaize",2011,36,0.33109,11.5527671232877,961.49,1057.68222222222,11.3344094368341
"767","uiefmaize",2011,37,0.331,11.5527671232877,961.49,1057.68222222222,11.3344094368341
"768","uiefmaize",2011,38,0.33094,11.5527671232877,961.49,1057.68222222222,11.3344094368341
"769","uiefmaize",2011,39,0.33095,11.5527671232877,961.49,1057.68222222222,11.3344094368341
"770","uiefmaize",2011,40,0.33104,11.5527671232877,961.49,1057.68222222222,11.3344094368341
"771","uiefmaize",2011,41,0.33121,11.5527671232877,961.49,1057.68222222222,11.3344094368341
"772","uiefmaize",2011,42,0.33142,11.5527671232877,961.49,1057.68222222222,11.3344094368341
"773","uiefmaize",2011,43,0.33165,11.5527671232877,961.49,1057.68222222222,11.3344094368341
"774","uiefmaize",2011,44,0.33189,11.5527671232877,961.49,1057.68222222222,11.3344094368341
"775","uiefmaize",2011,45,0.33211,11.5527671232877,961.49,1057.68222222222,11.3344094368341
"776","uiefmaize",2011,46,0.33229,11.5527671232877,961.49,1057.68222222222,11.3344094368341
"777","uiefmaize",2011,47,0.33244,11.5527671232877,961.49,1057.68222222222,11.3344094368341
"778","uiefmaize",2011,48,0.33259,11.5527671232877,961.49,1057.68222222222,11.3344094368341
"779","uiefmaize",2011,49,0.33273,11.5527671232877,961.49,1057.68222222222,11.3344094368341
"780","uiefmaize",2011,50,0.33287,11.5527671232877,961.49,1057.68222222222,11.3344094368341
"781","uiefmaize",2011,51,0.33301,11.5527671232877,961.49,1057.68222222222,11.3344094368341
"782","uiefmaize",2011,52,0.33317,11.5527671232877,961.49,1057.68222222222,11.3344094368341
"783","uiefmaize",2011,53,0.33333,11.5527671232877,961.49,1057.68222222222,11.3344094368341
"784","uiefmaize",2011,54,0.33349,11.5527671232877,961.49,1057.68222222222,11.3344094368341
"785","uiefmaize",2011,55,0.33366,11.5527671232877,961.49,1057.68222222222,11.3344094368341
"786","uiefmaize",2011,56,0.33382,11.5527671232877,961.49,1057.68222222222,11.3344094368341
"787","uiefmaize",2011,57,0.33398,11.5527671232877,961.49,1057.68222222222,11.3344094368341
"788","uiefmaize",2011,58,0.33413,11.5527671232877,961.49,1057.68222222222,11.3344094368341
"789","uiefmaize",2011,59,0.33427,11.5527671232877,961.49,1057.68222222222,11.3344094368341
"790","uiefmaize",2011,60,0.33439,11.5527671232877,961.49,1057.68222222222,11.3344094368341
"791","uiefmaize",2011,61,0.33451,11.5527671232877,961.49,1057.68222222222,11.3344094368341
"792","uiefmaize",2011,62,0.33463,11.5527671232877,961.49,1057.68222222222,11.3344094368341
"793","uiefmaize",2011,63,0.33475,11.5527671232877,961.49,1057.68222222222,11.3344094368341
"794","uiefmaize",2011,64,0.33488,11.5527671232877,961.49,1057.68222222222,11.3344094368341
"795","uiefmaize",2011,65,0.33501,11.5527671232877,961.49,1057.68222222222,11.3344094368341
"796","uiefmaize",2011,66,0.33514,11.5527671232877,961.49,1057.68222222222,11.3344094368341
"797","uiefmaize",2011,67,0.33527,11.5527671232877,961.49,1057.68222222222,11.3344094368341
"798","uiefmaize",2011,68,0.3354,11.5527671232877,961.49,1057.68222222222,11.3344094368341
"799","uiefmaize",2011,69,0.33553,11.5527671232877,961.49,1057.68222222222,11.3344094368341
"800","uiefmaize",2011,70,0.33565,11.5527671232877,961.49,1057.68222222222,11.3344094368341
"801","uiefmaize",2011,71,0.33577,11.5527671232877,961.49,1057.68222222222,11.3344094368341
"802","uiefmaize",2011,72,0.33588,11.5527671232877,961.49,1057.68222222222,11.3344094368341
"803","uiefmaize",2011,73,0.33599,11.5527671232877,961.49,1057.68222222222,11.3344094368341
"804","uiefmaize",2011,74,0.3361,11.5527671232877,961.49,1057.68222222222,11.3344094368341
"805","uiefmaize",2011,75,0.33621,11.5527671232877,961.49,1057.68222222222,11.3344094368341
"806","uiefmaize",2011,76,0.33631,11.5527671232877,961.49,1057.68222222222,11.3344094368341
"807","uiefmaize",2011,77,0.3364,11.5527671232877,961.49,1057.68222222222,11.3344094368341
"808","uiefmaize",2011,78,0.33649,11.5527671232877,961.49,1057.68222222222,11.3344094368341
"809","uiefmaize",2011,79,0.33657,11.5527671232877,961.49,1057.68222222222,11.3344094368341
"810","uiefmaize",2011,80,0.33664,11.5527671232877,961.49,1057.68222222222,11.3344094368341
"811","uiefmaize",2011,81,0.3367,11.5527671232877,961.49,1057.68222222222,11.3344094368341
"812","uiefmaize",2011,82,0.33673,11.5527671232877,961.49,1057.68222222222,11.3344094368341
"813","uiefmaize",2011,83,0.33674,11.5527671232877,961.49,1057.68222222222,11.3344094368341
"814","uiefmaize",2011,84,0.33673,11.5527671232877,961.49,1057.68222222222,11.3344094368341
"815","uiefmaize",2011,85,0.33673,11.5527671232877,961.49,1057.68222222222,11.3344094368341
"816","uiefmaize",2011,86,0.33673,11.5527671232877,961.49,1057.68222222222,11.3344094368341
"817","uiefmaize",2011,87,0.33676,11.5527671232877,961.49,1057.68222222222,11.3344094368341
"818","uiefmaize",2011,88,0.33683,11.5527671232877,961.49,1057.68222222222,11.3344094368341
"819","uiefmaize",2011,89,0.33695,11.5527671232877,961.49,1057.68222222222,11.3344094368341
"820","uiefmaize",2011,90,0.33714,11.5527671232877,961.49,1057.68222222222,11.3344094368341
"821","uiefmaize",2011,91,0.33737,11.5527671232877,961.49,1057.68222222222,11.3344094368341
"822","uiefmaize",2011,92,0.3376,11.5527671232877,961.49,1057.68222222222,11.3344094368341
"823","uiefmaize",2011,93,0.33782,11.5527671232877,961.49,1057.68222222222,11.3344094368341
"824","uiefmaize",2011,94,0.33799,11.5527671232877,961.49,1057.68222222222,11.3344094368341
"825","uiefmaize",2011,95,0.33809,11.5527671232877,961.49,1057.68222222222,11.3344094368341
"826","uiefmaize",2011,96,0.33808,11.5527671232877,961.49,1057.68222222222,11.3344094368341
"827","uiefmaize",2011,97,0.33799,11.5527671232877,961.49,1057.68222222222,11.3344094368341
"828","uiefmaize",2011,98,0.33784,11.5527671232877,961.49,1057.68222222222,11.3344094368341
"829","uiefmaize",2011,99,0.33767,11.5527671232877,961.49,1057.68222222222,11.3344094368341
"830","uiefmaize",2011,100,0.3375,11.5527671232877,961.49,1057.68222222222,11.3344094368341
"831","uiefmaize",2011,101,0.33739,11.5527671232877,961.49,1057.68222222222,11.3344094368341
"832","uiefmaize",2011,102,0.33734,11.5527671232877,961.49,1057.68222222222,11.3344094368341
"833","uiefmaize",2011,103,0.33733,11.5527671232877,961.49,1057.68222222222,11.3344094368341
"834","uiefmaize",2011,104,0.3373,11.5527671232877,961.49,1057.68222222222,11.3344094368341
"835","uiefmaize",2011,105,0.33728,11.5527671232877,961.49,1057.68222222222,11.3344094368341
"836","uiefmaize",2011,106,0.33728,11.5527671232877,961.49,1057.68222222222,11.3344094368341
"837","uiefmaize",2011,107,0.33735,11.5527671232877,961.49,1057.68222222222,11.3344094368341
"838","uiefmaize",2011,108,0.33749,11.5527671232877,961.49,1057.68222222222,11.3344094368341
"839","uiefmaize",2011,109,0.33774,11.5527671232877,961.49,1057.68222222222,11.3344094368341
"840","uiefmaize",2011,110,0.33811,11.5527671232877,961.49,1057.68222222222,11.3344094368341
"841","uiefmaize",2011,111,0.33857,11.5527671232877,961.49,1057.68222222222,11.3344094368341
"842","uiefmaize",2011,112,0.3391,11.5527671232877,961.49,1057.68222222222,11.3344094368341
"843","uiefmaize",2011,113,0.33968,11.5527671232877,961.49,1057.68222222222,11.3344094368341
"844","uiefmaize",2011,114,0.3403,11.5527671232877,961.49,1057.68222222222,11.3344094368341
"845","uiefmaize",2011,115,0.34093,11.5527671232877,961.49,1057.68222222222,11.3344094368341
"846","uiefmaize",2011,116,0.34173,11.5527671232877,961.49,1057.68222222222,11.3344094368341
"847","uiefmaize",2011,117,0.34279,11.5527671232877,961.49,1057.68222222222,11.3344094368341
"848","uiefmaize",2011,118,0.34401,11.5527671232877,961.49,1057.68222222222,11.3344094368341
"849","uiefmaize",2011,119,0.34525,11.5527671232877,961.49,1057.68222222222,11.3344094368341
"850","uiefmaize",2011,120,0.34641,11.5527671232877,961.49,1057.68222222222,11.3344094368341
"851","uiefmaize",2011,121,0.34737,11.5527671232877,961.49,1057.68222222222,11.3344094368341
"852","uiefmaize",2011,122,0.348,11.5527671232877,961.49,1057.68222222222,11.3344094368341
"853","uiefmaize",2011,123,0.34836,11.5527671232877,961.49,1057.68222222222,11.3344094368341
"854","uiefmaize",2011,124,0.34858,11.5527671232877,961.49,1057.68222222222,11.3344094368341
"855","uiefmaize",2011,125,0.34866,11.5527671232877,961.49,1057.68222222222,11.3344094368341
"856","uiefmaize",2011,126,0.34859,11.5527671232877,961.49,1057.68222222222,11.3344094368341
"857","uiefmaize",2011,127,0.34837,11.5527671232877,961.49,1057.68222222222,11.3344094368341
"858","uiefmaize",2011,128,0.34801,11.5527671232877,961.49,1057.68222222222,11.3344094368341
"859","uiefmaize",2011,129,0.34749,11.5527671232877,961.49,1057.68222222222,11.3344094368341
"860","uiefmaize",2011,130,0.34664,11.5527671232877,961.49,1057.68222222222,11.3344094368341
"861","uiefmaize",2011,131,0.34536,11.5527671232877,961.49,1057.68222222222,11.3344094368341
"862","uiefmaize",2011,132,0.34383,11.5527671232877,961.49,1057.68222222222,11.3344094368341
"863","uiefmaize",2011,133,0.3422,11.5527671232877,961.49,1057.68222222222,11.3344094368341
"864","uiefmaize",2011,134,0.34063,11.5527671232877,961.49,1057.68222222222,11.3344094368341
"865","uiefmaize",2011,135,0.33928,11.5527671232877,961.49,1057.68222222222,11.3344094368341
"866","uiefmaize",2011,136,0.33831,11.5527671232877,961.49,1057.68222222222,11.3344094368341
"867","uiefmaize",2011,137,0.33758,11.5527671232877,961.49,1057.68222222222,11.3344094368341
"868","uiefmaize",2011,138,0.33687,11.5527671232877,961.49,1057.68222222222,11.3344094368341
"869","uiefmaize",2011,139,0.33624,11.5527671232877,961.49,1057.68222222222,11.3344094368341
"870","uiefmaize",2011,140,0.33575,11.5527671232877,961.49,1057.68222222222,11.3344094368341
"871","uiefmaize",2011,141,0.33547,11.5527671232877,961.49,1057.68222222222,11.3344094368341
"872","uiefmaize",2011,142,0.33544,11.5527671232877,961.49,1057.68222222222,11.3344094368341
"873","uiefmaize",2011,143,0.33573,11.5527671232877,961.49,1057.68222222222,11.3344094368341
"874","uiefmaize",2011,144,0.33617,11.5527671232877,961.49,1057.68222222222,11.3344094368341
"875","uiefmaize",2011,145,0.33662,11.5527671232877,961.49,1057.68222222222,11.3344094368341
"876","uiefmaize",2011,146,0.33717,11.5527671232877,961.49,1057.68222222222,11.3344094368341
"877","uiefmaize",2011,147,0.33791,11.5527671232877,961.49,1057.68222222222,11.3344094368341
"878","uiefmaize",2011,148,0.33893,11.5527671232877,961.49,1057.68222222222,11.3344094368341
"879","uiefmaize",2011,149,0.34034,11.5527671232877,961.49,1057.68222222222,11.3344094368341
"880","uiefmaize",2011,150,0.34222,11.5527671232877,961.49,1057.68222222222,11.3344094368341
"881","uiefmaize",2011,151,0.34469,11.5527671232877,961.49,1057.68222222222,11.3344094368341
"882","uiefmaize",2011,152,0.34774,11.5527671232877,961.49,1057.68222222222,11.3344094368341
"883","uiefmaize",2011,153,0.35124,11.5527671232877,961.49,1057.68222222222,11.3344094368341
"884","uiefmaize",2011,154,0.35507,11.5527671232877,961.49,1057.68222222222,11.3344094368341
"885","uiefmaize",2011,155,0.35912,11.5527671232877,961.49,1057.68222222222,11.3344094368341
"886","uiefmaize",2011,156,0.36326,11.5527671232877,961.49,1057.68222222222,11.3344094368341
"887","uiefmaize",2011,157,0.36739,11.5527671232877,961.49,1057.68222222222,11.3344094368341
"888","uiefmaize",2011,158,0.37187,11.5527671232877,961.49,1057.68222222222,11.3344094368341
"889","uiefmaize",2011,159,0.37696,11.5527671232877,961.49,1057.68222222222,11.3344094368341
"890","uiefmaize",2011,160,0.38239,11.5527671232877,961.49,1057.68222222222,11.3344094368341
"891","uiefmaize",2011,161,0.38789,11.5527671232877,961.49,1057.68222222222,11.3344094368341
"892","uiefmaize",2011,162,0.39317,11.5527671232877,961.49,1057.68222222222,11.3344094368341
"893","uiefmaize",2011,163,0.39798,11.5527671232877,961.49,1057.68222222222,11.3344094368341
"894","uiefmaize",2011,164,0.40202,11.5527671232877,961.49,1057.68222222222,11.3344094368341
"895","uiefmaize",2011,165,0.40525,11.5527671232877,961.49,1057.68222222222,11.3344094368341
"896","uiefmaize",2011,166,0.40792,11.5527671232877,961.49,1057.68222222222,11.3344094368341
"897","uiefmaize",2011,167,0.41025,11.5527671232877,961.49,1057.68222222222,11.3344094368341
"898","uiefmaize",2011,168,0.41245,11.5527671232877,961.49,1057.68222222222,11.3344094368341
"899","uiefmaize",2011,169,0.41471,11.5527671232877,961.49,1057.68222222222,11.3344094368341
"900","uiefmaize",2011,170,0.41725,11.5527671232877,961.49,1057.68222222222,11.3344094368341
"901","uiefmaize",2011,171,0.41981,11.5527671232877,961.49,1057.68222222222,11.3344094368341
"902","uiefmaize",2011,172,0.42207,11.5527671232877,961.49,1057.68222222222,11.3344094368341
"903","uiefmaize",2011,173,0.42418,11.5527671232877,961.49,1057.68222222222,11.3344094368341
"904","uiefmaize",2011,174,0.42628,11.5527671232877,961.49,1057.68222222222,11.3344094368341
"905","uiefmaize",2011,175,0.42851,11.5527671232877,961.49,1057.68222222222,11.3344094368341
"906","uiefmaize",2011,176,0.43102,11.5527671232877,961.49,1057.68222222222,11.3344094368341
"907","uiefmaize",2011,177,0.43394,11.5527671232877,961.49,1057.68222222222,11.3344094368341
"908","uiefmaize",2011,178,0.43752,11.5527671232877,961.49,1057.68222222222,11.3344094368341
"909","uiefmaize",2011,179,0.44175,11.5527671232877,961.49,1057.68222222222,11.3344094368341
"910","uiefmaize",2011,180,0.44635,11.5527671232877,961.49,1057.68222222222,11.3344094368341
"911","uiefmaize",2011,181,0.45108,11.5527671232877,961.49,1057.68222222222,11.3344094368341
"912","uiefmaize",2011,182,0.45567,11.5527671232877,961.49,1057.68222222222,11.3344094368341
"913","uiefmaize",2011,183,0.45987,11.5527671232877,961.49,1057.68222222222,11.3344094368341
"914","uiefmaize",2011,184,0.4634,11.5527671232877,961.49,1057.68222222222,11.3344094368341
"915","uiefmaize",2011,185,0.46652,11.5527671232877,961.49,1057.68222222222,11.3344094368341
"916","uiefmaize",2011,186,0.46957,11.5527671232877,961.49,1057.68222222222,11.3344094368341
"917","uiefmaize",2011,187,0.47245,11.5527671232877,961.49,1057.68222222222,11.3344094368341
"918","uiefmaize",2011,188,0.47506,11.5527671232877,961.49,1057.68222222222,11.3344094368341
"919","uiefmaize",2011,189,0.47732,11.5527671232877,961.49,1057.68222222222,11.3344094368341
"920","uiefmaize",2011,190,0.47911,11.5527671232877,961.49,1057.68222222222,11.3344094368341
"921","uiefmaize",2011,191,0.48035,11.5527671232877,961.49,1057.68222222222,11.3344094368341
"922","uiefmaize",2011,192,0.48092,11.5527671232877,961.49,1057.68222222222,11.3344094368341
"923","uiefmaize",2011,193,0.48085,11.5527671232877,961.49,1057.68222222222,11.3344094368341
"924","uiefmaize",2011,194,0.4803,11.5527671232877,961.49,1057.68222222222,11.3344094368341
"925","uiefmaize",2011,195,0.4794,11.5527671232877,961.49,1057.68222222222,11.3344094368341
"926","uiefmaize",2011,196,0.4783,11.5527671232877,961.49,1057.68222222222,11.3344094368341
"927","uiefmaize",2011,197,0.47715,11.5527671232877,961.49,1057.68222222222,11.3344094368341
"928","uiefmaize",2011,198,0.47608,11.5527671232877,961.49,1057.68222222222,11.3344094368341
"929","uiefmaize",2011,199,0.47488,11.5527671232877,961.49,1057.68222222222,11.3344094368341
"930","uiefmaize",2011,200,0.47331,11.5527671232877,961.49,1057.68222222222,11.3344094368341
"931","uiefmaize",2011,201,0.4715,11.5527671232877,961.49,1057.68222222222,11.3344094368341
"932","uiefmaize",2011,202,0.46959,11.5527671232877,961.49,1057.68222222222,11.3344094368341
"933","uiefmaize",2011,203,0.46769,11.5527671232877,961.49,1057.68222222222,11.3344094368341
"934","uiefmaize",2011,204,0.46594,11.5527671232877,961.49,1057.68222222222,11.3344094368341
"935","uiefmaize",2011,205,0.46447,11.5527671232877,961.49,1057.68222222222,11.3344094368341
"936","uiefmaize",2011,206,0.46323,11.5527671232877,961.49,1057.68222222222,11.3344094368341
"937","uiefmaize",2011,207,0.46207,11.5527671232877,961.49,1057.68222222222,11.3344094368341
"938","uiefmaize",2011,208,0.46097,11.5527671232877,961.49,1057.68222222222,11.3344094368341
"939","uiefmaize",2011,209,0.4599,11.5527671232877,961.49,1057.68222222222,11.3344094368341
"940","uiefmaize",2011,210,0.45882,11.5527671232877,961.49,1057.68222222222,11.3344094368341
"941","uiefmaize",2011,211,0.45772,11.5527671232877,961.49,1057.68222222222,11.3344094368341
"942","uiefmaize",2011,212,0.45655,11.5527671232877,961.49,1057.68222222222,11.3344094368341
"943","uiefmaize",2011,213,0.45536,11.5527671232877,961.49,1057.68222222222,11.3344094368341
"944","uiefmaize",2011,214,0.45416,11.5527671232877,961.49,1057.68222222222,11.3344094368341
"945","uiefmaize",2011,215,0.45297,11.5527671232877,961.49,1057.68222222222,11.3344094368341
"946","uiefmaize",2011,216,0.45177,11.5527671232877,961.49,1057.68222222222,11.3344094368341
"947","uiefmaize",2011,217,0.45057,11.5527671232877,961.49,1057.68222222222,11.3344094368341
"948","uiefmaize",2011,218,0.44937,11.5527671232877,961.49,1057.68222222222,11.3344094368341
"949","uiefmaize",2011,219,0.44816,11.5527671232877,961.49,1057.68222222222,11.3344094368341
"950","uiefmaize",2011,220,0.44698,11.5527671232877,961.49,1057.68222222222,11.3344094368341
"951","uiefmaize",2011,221,0.44585,11.5527671232877,961.49,1057.68222222222,11.3344094368341
"952","uiefmaize",2011,222,0.44472,11.5527671232877,961.49,1057.68222222222,11.3344094368341
"953","uiefmaize",2011,223,0.44356,11.5527671232877,961.49,1057.68222222222,11.3344094368341
"954","uiefmaize",2011,224,0.44232,11.5527671232877,961.49,1057.68222222222,11.3344094368341
"955","uiefmaize",2011,225,0.44099,11.5527671232877,961.49,1057.68222222222,11.3344094368341
"956","uiefmaize",2011,226,0.43966,11.5527671232877,961.49,1057.68222222222,11.3344094368341
"957","uiefmaize",2011,227,0.43844,11.5527671232877,961.49,1057.68222222222,11.3344094368341
"958","uiefmaize",2011,228,0.43725,11.5527671232877,961.49,1057.68222222222,11.3344094368341
"959","uiefmaize",2011,229,0.43601,11.5527671232877,961.49,1057.68222222222,11.3344094368341
"960","uiefmaize",2011,230,0.43462,11.5527671232877,961.49,1057.68222222222,11.3344094368341
"961","uiefmaize",2011,231,0.43303,11.5527671232877,961.49,1057.68222222222,11.3344094368341
"962","uiefmaize",2011,232,0.43114,11.5527671232877,961.49,1057.68222222222,11.3344094368341
"963","uiefmaize",2011,233,0.42896,11.5527671232877,961.49,1057.68222222222,11.3344094368341
"964","uiefmaize",2011,234,0.42657,11.5527671232877,961.49,1057.68222222222,11.3344094368341
"965","uiefmaize",2011,235,0.424,11.5527671232877,961.49,1057.68222222222,11.3344094368341
"966","uiefmaize",2011,236,0.42127,11.5527671232877,961.49,1057.68222222222,11.3344094368341
"967","uiefmaize",2011,237,0.4184,11.5527671232877,961.49,1057.68222222222,11.3344094368341
"968","uiefmaize",2011,238,0.41542,11.5527671232877,961.49,1057.68222222222,11.3344094368341
"969","uiefmaize",2011,239,0.41236,11.5527671232877,961.49,1057.68222222222,11.3344094368341
"970","uiefmaize",2011,240,0.40899,11.5527671232877,961.49,1057.68222222222,11.3344094368341
"971","uiefmaize",2011,241,0.40519,11.5527671232877,961.49,1057.68222222222,11.3344094368341
"972","uiefmaize",2011,242,0.40113,11.5527671232877,961.49,1057.68222222222,11.3344094368341
"973","uiefmaize",2011,243,0.39699,11.5527671232877,961.49,1057.68222222222,11.3344094368341
"974","uiefmaize",2011,244,0.39294,11.5527671232877,961.49,1057.68222222222,11.3344094368341
"975","uiefmaize",2011,245,0.38916,11.5527671232877,961.49,1057.68222222222,11.3344094368341
"976","uiefmaize",2011,246,0.38583,11.5527671232877,961.49,1057.68222222222,11.3344094368341
"977","uiefmaize",2011,247,0.38282,11.5527671232877,961.49,1057.68222222222,11.3344094368341
"978","uiefmaize",2011,248,0.37993,11.5527671232877,961.49,1057.68222222222,11.3344094368341
"979","uiefmaize",2011,249,0.37717,11.5527671232877,961.49,1057.68222222222,11.3344094368341
"980","uiefmaize",2011,250,0.37456,11.5527671232877,961.49,1057.68222222222,11.3344094368341
"981","uiefmaize",2011,251,0.37212,11.5527671232877,961.49,1057.68222222222,11.3344094368341
"982","uiefmaize",2011,252,0.36986,11.5527671232877,961.49,1057.68222222222,11.3344094368341
"983","uiefmaize",2011,253,0.36781,11.5527671232877,961.49,1057.68222222222,11.3344094368341
"984","uiefmaize",2011,254,0.36605,11.5527671232877,961.49,1057.68222222222,11.3344094368341
"985","uiefmaize",2011,255,0.3646,11.5527671232877,961.49,1057.68222222222,11.3344094368341
"986","uiefmaize",2011,256,0.36338,11.5527671232877,961.49,1057.68222222222,11.3344094368341
"987","uiefmaize",2011,257,0.3623,11.5527671232877,961.49,1057.68222222222,11.3344094368341
"988","uiefmaize",2011,258,0.36127,11.5527671232877,961.49,1057.68222222222,11.3344094368341
"989","uiefmaize",2011,259,0.36021,11.5527671232877,961.49,1057.68222222222,11.3344094368341
"990","uiefmaize",2011,260,0.35904,11.5527671232877,961.49,1057.68222222222,11.3344094368341
"991","uiefmaize",2011,261,0.35774,11.5527671232877,961.49,1057.68222222222,11.3344094368341
"992","uiefmaize",2011,262,0.35638,11.5527671232877,961.49,1057.68222222222,11.3344094368341
"993","uiefmaize",2011,263,0.355,11.5527671232877,961.49,1057.68222222222,11.3344094368341
"994","uiefmaize",2011,264,0.35366,11.5527671232877,961.49,1057.68222222222,11.3344094368341
"995","uiefmaize",2011,265,0.3524,11.5527671232877,961.49,1057.68222222222,11.3344094368341
"996","uiefmaize",2011,266,0.35127,11.5527671232877,961.49,1057.68222222222,11.3344094368341
"997","uiefmaize",2011,267,0.35031,11.5527671232877,961.49,1057.68222222222,11.3344094368341
"998","uiefmaize",2011,268,0.34954,11.5527671232877,961.49,1057.68222222222,11.3344094368341
"999","uiefmaize",2011,269,0.34894,11.5527671232877,961.49,1057.68222222222,11.3344094368341
"1000","uiefmaize",2011,270,0.34846,11.5527671232877,961.49,1057.68222222222,11.3344094368341
"1001","uiefmaize",2011,271,0.34809,11.5527671232877,961.49,1057.68222222222,11.3344094368341
"1002","uiefmaize",2011,272,0.34779,11.5527671232877,961.49,1057.68222222222,11.3344094368341
"1003","uiefmaize",2011,273,0.34751,11.5527671232877,961.49,1057.68222222222,11.3344094368341
"1004","uiefmaize",2011,274,0.34724,11.5527671232877,961.49,1057.68222222222,11.3344094368341
"1005","uiefmaize",2011,275,0.3471,11.5527671232877,961.49,1057.68222222222,11.3344094368341
"1006","uiefmaize",2011,276,0.34717,11.5527671232877,961.49,1057.68222222222,11.3344094368341
"1007","uiefmaize",2011,277,0.34735,11.5527671232877,961.49,1057.68222222222,11.3344094368341
"1008","uiefmaize",2011,278,0.34754,11.5527671232877,961.49,1057.68222222222,11.3344094368341
"1009","uiefmaize",2011,279,0.34763,11.5527671232877,961.49,1057.68222222222,11.3344094368341
"1010","uiefmaize",2011,280,0.34752,11.5527671232877,961.49,1057.68222222222,11.3344094368341
"1011","uiefmaize",2011,281,0.3472,11.5527671232877,961.49,1057.68222222222,11.3344094368341
"1012","uiefmaize",2011,282,0.34677,11.5527671232877,961.49,1057.68222222222,11.3344094368341
"1013","uiefmaize",2011,283,0.34626,11.5527671232877,961.49,1057.68222222222,11.3344094368341
"1014","uiefmaize",2011,284,0.34572,11.5527671232877,961.49,1057.68222222222,11.3344094368341
"1015","uiefmaize",2011,285,0.34517,11.5527671232877,961.49,1057.68222222222,11.3344094368341
"1016","uiefmaize",2011,286,0.34465,11.5527671232877,961.49,1057.68222222222,11.3344094368341
"1017","uiefmaize",2011,287,0.3442,11.5527671232877,961.49,1057.68222222222,11.3344094368341
"1018","uiefmaize",2011,288,0.34376,11.5527671232877,961.49,1057.68222222222,11.3344094368341
"1019","uiefmaize",2011,289,0.34328,11.5527671232877,961.49,1057.68222222222,11.3344094368341
"1020","uiefmaize",2011,290,0.34278,11.5527671232877,961.49,1057.68222222222,11.3344094368341
"1021","uiefmaize",2011,291,0.3423,11.5527671232877,961.49,1057.68222222222,11.3344094368341
"1022","uiefmaize",2011,292,0.34185,11.5527671232877,961.49,1057.68222222222,11.3344094368341
"1023","uiefmaize",2011,293,0.34147,11.5527671232877,961.49,1057.68222222222,11.3344094368341
"1024","uiefmaize",2011,294,0.3412,11.5527671232877,961.49,1057.68222222222,11.3344094368341
"1025","uiefmaize",2011,295,0.34108,11.5527671232877,961.49,1057.68222222222,11.3344094368341
"1026","uiefmaize",2011,296,0.34112,11.5527671232877,961.49,1057.68222222222,11.3344094368341
"1027","uiefmaize",2011,297,0.34126,11.5527671232877,961.49,1057.68222222222,11.3344094368341
"1028","uiefmaize",2011,298,0.34144,11.5527671232877,961.49,1057.68222222222,11.3344094368341
"1029","uiefmaize",2011,299,0.34158,11.5527671232877,961.49,1057.68222222222,11.3344094368341
"1030","uiefmaize",2011,300,0.34163,11.5527671232877,961.49,1057.68222222222,11.3344094368341
"1031","uiefmaize",2011,301,0.34153,11.5527671232877,961.49,1057.68222222222,11.3344094368341
"1032","uiefmaize",2011,302,0.34124,11.5527671232877,961.49,1057.68222222222,11.3344094368341
"1033","uiefmaize",2011,303,0.34083,11.5527671232877,961.49,1057.68222222222,11.3344094368341
"1034","uiefmaize",2011,304,0.34034,11.5527671232877,961.49,1057.68222222222,11.3344094368341
"1035","uiefmaize",2011,305,0.33981,11.5527671232877,961.49,1057.68222222222,11.3344094368341
"1036","uiefmaize",2011,306,0.33929,11.5527671232877,961.49,1057.68222222222,11.3344094368341
"1037","uiefmaize",2011,307,0.33883,11.5527671232877,961.49,1057.68222222222,11.3344094368341
"1038","uiefmaize",2011,308,0.33846,11.5527671232877,961.49,1057.68222222222,11.3344094368341
"1039","uiefmaize",2011,309,0.33817,11.5527671232877,961.49,1057.68222222222,11.3344094368341
"1040","uiefmaize",2011,310,0.3379,11.5527671232877,961.49,1057.68222222222,11.3344094368341
"1041","uiefmaize",2011,311,0.33764,11.5527671232877,961.49,1057.68222222222,11.3344094368341
"1042","uiefmaize",2011,312,0.33741,11.5527671232877,961.49,1057.68222222222,11.3344094368341
"1043","uiefmaize",2011,313,0.33718,11.5527671232877,961.49,1057.68222222222,11.3344094368341
"1044","uiefmaize",2011,314,0.33698,11.5527671232877,961.49,1057.68222222222,11.3344094368341
"1045","uiefmaize",2011,315,0.33678,11.5527671232877,961.49,1057.68222222222,11.3344094368341
"1046","uiefmaize",2011,316,0.33665,11.5527671232877,961.49,1057.68222222222,11.3344094368341
"1047","uiefmaize",2011,317,0.33661,11.5527671232877,961.49,1057.68222222222,11.3344094368341
"1048","uiefmaize",2011,318,0.33661,11.5527671232877,961.49,1057.68222222222,11.3344094368341
"1049","uiefmaize",2011,319,0.33664,11.5527671232877,961.49,1057.68222222222,11.3344094368341
"1050","uiefmaize",2011,320,0.33666,11.5527671232877,961.49,1057.68222222222,11.3344094368341
"1051","uiefmaize",2011,321,0.33664,11.5527671232877,961.49,1057.68222222222,11.3344094368341
"1052","uiefmaize",2011,322,0.33656,11.5527671232877,961.49,1057.68222222222,11.3344094368341
"1053","uiefmaize",2011,323,0.33637,11.5527671232877,961.49,1057.68222222222,11.3344094368341
"1054","uiefmaize",2011,324,0.33611,11.5527671232877,961.49,1057.68222222222,11.3344094368341
"1055","uiefmaize",2011,325,0.33579,11.5527671232877,961.49,1057.68222222222,11.3344094368341
"1056","uiefmaize",2011,326,0.33546,11.5527671232877,961.49,1057.68222222222,11.3344094368341
"1057","uiefmaize",2011,327,0.33515,11.5527671232877,961.49,1057.68222222222,11.3344094368341
"1058","uiefmaize",2011,328,0.33489,11.5527671232877,961.49,1057.68222222222,11.3344094368341
"1059","uiefmaize",2011,329,0.33471,11.5527671232877,961.49,1057.68222222222,11.3344094368341
"1060","uiefmaize",2011,330,0.33462,11.5527671232877,961.49,1057.68222222222,11.3344094368341
"1061","uiefmaize",2011,331,0.33457,11.5527671232877,961.49,1057.68222222222,11.3344094368341
"1062","uiefmaize",2011,332,0.33457,11.5527671232877,961.49,1057.68222222222,11.3344094368341
"1063","uiefmaize",2011,333,0.33459,11.5527671232877,961.49,1057.68222222222,11.3344094368341
"1064","uiefmaize",2011,334,0.33464,11.5527671232877,961.49,1057.68222222222,11.3344094368341
"1065","uiefmaize",2011,335,0.33468,11.5527671232877,961.49,1057.68222222222,11.3344094368341
"1066","uiefmaize",2011,336,0.33477,11.5527671232877,961.49,1057.68222222222,11.3344094368341
"1067","uiefmaize",2011,337,0.33493,11.5527671232877,961.49,1057.68222222222,11.3344094368341
"1068","uiefmaize",2011,338,0.33513,11.5527671232877,961.49,1057.68222222222,11.3344094368341
"1069","uiefmaize",2011,339,0.33533,11.5527671232877,961.49,1057.68222222222,11.3344094368341
"1070","uiefmaize",2011,340,0.33551,11.5527671232877,961.49,1057.68222222222,11.3344094368341
"1071","uiefmaize",2011,341,0.33565,11.5527671232877,961.49,1057.68222222222,11.3344094368341
"1072","uiefmaize",2011,342,0.33571,11.5527671232877,961.49,1057.68222222222,11.3344094368341
"1073","uiefmaize",2011,343,0.3357,11.5527671232877,961.49,1057.68222222222,11.3344094368341
"1074","uiefmaize",2011,344,0.33565,11.5527671232877,961.49,1057.68222222222,11.3344094368341
"1075","uiefmaize",2011,345,0.33556,11.5527671232877,961.49,1057.68222222222,11.3344094368341
"1076","uiefmaize",2011,346,0.33546,11.5527671232877,961.49,1057.68222222222,11.3344094368341
"1077","uiefmaize",2011,347,0.33533,11.5527671232877,961.49,1057.68222222222,11.3344094368341
"1078","uiefmaize",2011,348,0.3352,11.5527671232877,961.49,1057.68222222222,11.3344094368341
"1079","uiefmaize",2011,349,0.33508,11.5527671232877,961.49,1057.68222222222,11.3344094368341
"1080","uiefmaize",2011,350,0.33492,11.5527671232877,961.49,1057.68222222222,11.3344094368341
"1081","uiefmaize",2011,351,0.33473,11.5527671232877,961.49,1057.68222222222,11.3344094368341
"1082","uiefmaize",2011,352,0.3345,11.5527671232877,961.49,1057.68222222222,11.3344094368341
"1083","uiefmaize",2011,353,0.33427,11.5527671232877,961.49,1057.68222222222,11.3344094368341
"1084","uiefmaize",2011,354,0.33404,11.5527671232877,961.49,1057.68222222222,11.3344094368341
"1085","uiefmaize",2011,355,0.33384,11.5527671232877,961.49,1057.68222222222,11.3344094368341
"1086","uiefmaize",2011,356,0.33368,11.5527671232877,961.49,1057.68222222222,11.3344094368341
"1087","uiefmaize",2011,357,0.33357,11.5527671232877,961.49,1057.68222222222,11.3344094368341
"1088","uiefmaize",2011,358,0.33349,11.5527671232877,961.49,1057.68222222222,11.3344094368341
"1089","uiefmaize",2011,359,0.33344,11.5527671232877,961.49,1057.68222222222,11.3344094368341
"1090","uiefmaize",2011,360,0.33341,11.5527671232877,961.49,1057.68222222222,11.3344094368341
"1091","uiefmaize",2011,361,0.33338,11.5527671232877,961.49,1057.68222222222,11.3344094368341
"1092","uiefmaize",2011,362,0.33335,11.5527671232877,961.49,1057.68222222222,11.3344094368341
"1093","uiefmaize",2011,363,0.33331,11.5527671232877,961.49,1057.68222222222,11.3344094368341
"1094","uiefmaize",2011,364,0.33328,11.5527671232877,961.49,1057.68222222222,11.3344094368341
"1095","uiefmaize",2011,365,0.33325,11.5527671232877,961.49,1057.68222222222,11.3344094368341
"1096","uiefmaize",2012,1,0.33322,12.9194109589041,901.1,1057.68222222222,11.3344094368341
"1097","uiefmaize",2012,2,0.33319,12.9194109589041,901.1,1057.68222222222,11.3344094368341
"1098","uiefmaize",2012,3,0.33313,12.9194109589041,901.1,1057.68222222222,11.3344094368341
"1099","uiefmaize",2012,4,0.33305,12.9194109589041,901.1,1057.68222222222,11.3344094368341
"1100","uiefmaize",2012,5,0.33293,12.9194109589041,901.1,1057.68222222222,11.3344094368341
"1101","uiefmaize",2012,6,0.33278,12.9194109589041,901.1,1057.68222222222,11.3344094368341
"1102","uiefmaize",2012,7,0.33259,12.9194109589041,901.1,1057.68222222222,11.3344094368341
"1103","uiefmaize",2012,8,0.33238,12.9194109589041,901.1,1057.68222222222,11.3344094368341
"1104","uiefmaize",2012,9,0.33216,12.9194109589041,901.1,1057.68222222222,11.3344094368341
"1105","uiefmaize",2012,10,0.33195,12.9194109589041,901.1,1057.68222222222,11.3344094368341
"1106","uiefmaize",2012,11,0.33175,12.9194109589041,901.1,1057.68222222222,11.3344094368341
"1107","uiefmaize",2012,12,0.33159,12.9194109589041,901.1,1057.68222222222,11.3344094368341
"1108","uiefmaize",2012,13,0.33142,12.9194109589041,901.1,1057.68222222222,11.3344094368341
"1109","uiefmaize",2012,14,0.33121,12.9194109589041,901.1,1057.68222222222,11.3344094368341
"1110","uiefmaize",2012,15,0.331,12.9194109589041,901.1,1057.68222222222,11.3344094368341
"1111","uiefmaize",2012,16,0.33081,12.9194109589041,901.1,1057.68222222222,11.3344094368341
"1112","uiefmaize",2012,17,0.33065,12.9194109589041,901.1,1057.68222222222,11.3344094368341
"1113","uiefmaize",2012,18,0.33056,12.9194109589041,901.1,1057.68222222222,11.3344094368341
"1114","uiefmaize",2012,19,0.33055,12.9194109589041,901.1,1057.68222222222,11.3344094368341
"1115","uiefmaize",2012,20,0.33067,12.9194109589041,901.1,1057.68222222222,11.3344094368341
"1116","uiefmaize",2012,21,0.33092,12.9194109589041,901.1,1057.68222222222,11.3344094368341
"1117","uiefmaize",2012,22,0.33124,12.9194109589041,901.1,1057.68222222222,11.3344094368341
"1118","uiefmaize",2012,23,0.33157,12.9194109589041,901.1,1057.68222222222,11.3344094368341
"1119","uiefmaize",2012,24,0.33186,12.9194109589041,901.1,1057.68222222222,11.3344094368341
"1120","uiefmaize",2012,25,0.33206,12.9194109589041,901.1,1057.68222222222,11.3344094368341
"1121","uiefmaize",2012,26,0.3322,12.9194109589041,901.1,1057.68222222222,11.3344094368341
"1122","uiefmaize",2012,27,0.33235,12.9194109589041,901.1,1057.68222222222,11.3344094368341
"1123","uiefmaize",2012,28,0.3325,12.9194109589041,901.1,1057.68222222222,11.3344094368341
"1124","uiefmaize",2012,29,0.33263,12.9194109589041,901.1,1057.68222222222,11.3344094368341
"1125","uiefmaize",2012,30,0.33272,12.9194109589041,901.1,1057.68222222222,11.3344094368341
"1126","uiefmaize",2012,31,0.33277,12.9194109589041,901.1,1057.68222222222,11.3344094368341
"1127","uiefmaize",2012,32,0.33275,12.9194109589041,901.1,1057.68222222222,11.3344094368341
"1128","uiefmaize",2012,33,0.33262,12.9194109589041,901.1,1057.68222222222,11.3344094368341
"1129","uiefmaize",2012,34,0.33238,12.9194109589041,901.1,1057.68222222222,11.3344094368341
"1130","uiefmaize",2012,35,0.33206,12.9194109589041,901.1,1057.68222222222,11.3344094368341
"1131","uiefmaize",2012,36,0.33172,12.9194109589041,901.1,1057.68222222222,11.3344094368341
"1132","uiefmaize",2012,37,0.33139,12.9194109589041,901.1,1057.68222222222,11.3344094368341
"1133","uiefmaize",2012,38,0.33112,12.9194109589041,901.1,1057.68222222222,11.3344094368341
"1134","uiefmaize",2012,39,0.33097,12.9194109589041,901.1,1057.68222222222,11.3344094368341
"1135","uiefmaize",2012,40,0.3309,12.9194109589041,901.1,1057.68222222222,11.3344094368341
"1136","uiefmaize",2012,41,0.33086,12.9194109589041,901.1,1057.68222222222,11.3344094368341
"1137","uiefmaize",2012,42,0.33086,12.9194109589041,901.1,1057.68222222222,11.3344094368341
"1138","uiefmaize",2012,43,0.33089,12.9194109589041,901.1,1057.68222222222,11.3344094368341
"1139","uiefmaize",2012,44,0.33094,12.9194109589041,901.1,1057.68222222222,11.3344094368341
"1140","uiefmaize",2012,45,0.33102,12.9194109589041,901.1,1057.68222222222,11.3344094368341
"1141","uiefmaize",2012,46,0.33113,12.9194109589041,901.1,1057.68222222222,11.3344094368341
"1142","uiefmaize",2012,47,0.33127,12.9194109589041,901.1,1057.68222222222,11.3344094368341
"1143","uiefmaize",2012,48,0.33146,12.9194109589041,901.1,1057.68222222222,11.3344094368341
"1144","uiefmaize",2012,49,0.33169,12.9194109589041,901.1,1057.68222222222,11.3344094368341
"1145","uiefmaize",2012,50,0.33195,12.9194109589041,901.1,1057.68222222222,11.3344094368341
"1146","uiefmaize",2012,51,0.33223,12.9194109589041,901.1,1057.68222222222,11.3344094368341
"1147","uiefmaize",2012,52,0.33251,12.9194109589041,901.1,1057.68222222222,11.3344094368341
"1148","uiefmaize",2012,53,0.33278,12.9194109589041,901.1,1057.68222222222,11.3344094368341
"1149","uiefmaize",2012,54,0.33307,12.9194109589041,901.1,1057.68222222222,11.3344094368341
"1150","uiefmaize",2012,55,0.3334,12.9194109589041,901.1,1057.68222222222,11.3344094368341
"1151","uiefmaize",2012,56,0.33375,12.9194109589041,901.1,1057.68222222222,11.3344094368341
"1152","uiefmaize",2012,57,0.33409,12.9194109589041,901.1,1057.68222222222,11.3344094368341
"1153","uiefmaize",2012,58,0.33441,12.9194109589041,901.1,1057.68222222222,11.3344094368341
"1154","uiefmaize",2012,59,0.33469,12.9194109589041,901.1,1057.68222222222,11.3344094368341
"1155","uiefmaize",2012,60,0.33491,12.9194109589041,901.1,1057.68222222222,11.3344094368341
"1156","uiefmaize",2012,61,0.33506,12.9194109589041,901.1,1057.68222222222,11.3344094368341
"1157","uiefmaize",2012,62,0.33517,12.9194109589041,901.1,1057.68222222222,11.3344094368341
"1158","uiefmaize",2012,63,0.33525,12.9194109589041,901.1,1057.68222222222,11.3344094368341
"1159","uiefmaize",2012,64,0.3353,12.9194109589041,901.1,1057.68222222222,11.3344094368341
"1160","uiefmaize",2012,65,0.33534,12.9194109589041,901.1,1057.68222222222,11.3344094368341
"1161","uiefmaize",2012,66,0.33538,12.9194109589041,901.1,1057.68222222222,11.3344094368341
"1162","uiefmaize",2012,67,0.33541,12.9194109589041,901.1,1057.68222222222,11.3344094368341
"1163","uiefmaize",2012,68,0.33543,12.9194109589041,901.1,1057.68222222222,11.3344094368341
"1164","uiefmaize",2012,69,0.33541,12.9194109589041,901.1,1057.68222222222,11.3344094368341
"1165","uiefmaize",2012,70,0.33537,12.9194109589041,901.1,1057.68222222222,11.3344094368341
"1166","uiefmaize",2012,71,0.33534,12.9194109589041,901.1,1057.68222222222,11.3344094368341
"1167","uiefmaize",2012,72,0.33532,12.9194109589041,901.1,1057.68222222222,11.3344094368341
"1168","uiefmaize",2012,73,0.33533,12.9194109589041,901.1,1057.68222222222,11.3344094368341
"1169","uiefmaize",2012,74,0.3354,12.9194109589041,901.1,1057.68222222222,11.3344094368341
"1170","uiefmaize",2012,75,0.33548,12.9194109589041,901.1,1057.68222222222,11.3344094368341
"1171","uiefmaize",2012,76,0.33554,12.9194109589041,901.1,1057.68222222222,11.3344094368341
"1172","uiefmaize",2012,77,0.3356,12.9194109589041,901.1,1057.68222222222,11.3344094368341
"1173","uiefmaize",2012,78,0.33568,12.9194109589041,901.1,1057.68222222222,11.3344094368341
"1174","uiefmaize",2012,79,0.33579,12.9194109589041,901.1,1057.68222222222,11.3344094368341
"1175","uiefmaize",2012,80,0.33597,12.9194109589041,901.1,1057.68222222222,11.3344094368341
"1176","uiefmaize",2012,81,0.33621,12.9194109589041,901.1,1057.68222222222,11.3344094368341
"1177","uiefmaize",2012,82,0.33651,12.9194109589041,901.1,1057.68222222222,11.3344094368341
"1178","uiefmaize",2012,83,0.33686,12.9194109589041,901.1,1057.68222222222,11.3344094368341
"1179","uiefmaize",2012,84,0.33725,12.9194109589041,901.1,1057.68222222222,11.3344094368341
"1180","uiefmaize",2012,85,0.33768,12.9194109589041,901.1,1057.68222222222,11.3344094368341
"1181","uiefmaize",2012,86,0.33812,12.9194109589041,901.1,1057.68222222222,11.3344094368341
"1182","uiefmaize",2012,87,0.33857,12.9194109589041,901.1,1057.68222222222,11.3344094368341
"1183","uiefmaize",2012,88,0.33913,12.9194109589041,901.1,1057.68222222222,11.3344094368341
"1184","uiefmaize",2012,89,0.33985,12.9194109589041,901.1,1057.68222222222,11.3344094368341
"1185","uiefmaize",2012,90,0.34064,12.9194109589041,901.1,1057.68222222222,11.3344094368341
"1186","uiefmaize",2012,91,0.34143,12.9194109589041,901.1,1057.68222222222,11.3344094368341
"1187","uiefmaize",2012,92,0.34214,12.9194109589041,901.1,1057.68222222222,11.3344094368341
"1188","uiefmaize",2012,93,0.34269,12.9194109589041,901.1,1057.68222222222,11.3344094368341
"1189","uiefmaize",2012,94,0.343,12.9194109589041,901.1,1057.68222222222,11.3344094368341
"1190","uiefmaize",2012,95,0.34307,12.9194109589041,901.1,1057.68222222222,11.3344094368341
"1191","uiefmaize",2012,96,0.34298,12.9194109589041,901.1,1057.68222222222,11.3344094368341
"1192","uiefmaize",2012,97,0.34275,12.9194109589041,901.1,1057.68222222222,11.3344094368341
"1193","uiefmaize",2012,98,0.34243,12.9194109589041,901.1,1057.68222222222,11.3344094368341
"1194","uiefmaize",2012,99,0.34203,12.9194109589041,901.1,1057.68222222222,11.3344094368341
"1195","uiefmaize",2012,100,0.3416,12.9194109589041,901.1,1057.68222222222,11.3344094368341
"1196","uiefmaize",2012,101,0.34116,12.9194109589041,901.1,1057.68222222222,11.3344094368341
"1197","uiefmaize",2012,102,0.34065,12.9194109589041,901.1,1057.68222222222,11.3344094368341
"1198","uiefmaize",2012,103,0.34002,12.9194109589041,901.1,1057.68222222222,11.3344094368341
"1199","uiefmaize",2012,104,0.3393,12.9194109589041,901.1,1057.68222222222,11.3344094368341
"1200","uiefmaize",2012,105,0.33856,12.9194109589041,901.1,1057.68222222222,11.3344094368341
"1201","uiefmaize",2012,106,0.33784,12.9194109589041,901.1,1057.68222222222,11.3344094368341
"1202","uiefmaize",2012,107,0.33718,12.9194109589041,901.1,1057.68222222222,11.3344094368341
"1203","uiefmaize",2012,108,0.33664,12.9194109589041,901.1,1057.68222222222,11.3344094368341
"1204","uiefmaize",2012,109,0.33615,12.9194109589041,901.1,1057.68222222222,11.3344094368341
"1205","uiefmaize",2012,110,0.33563,12.9194109589041,901.1,1057.68222222222,11.3344094368341
"1206","uiefmaize",2012,111,0.3351,12.9194109589041,901.1,1057.68222222222,11.3344094368341
"1207","uiefmaize",2012,112,0.3346,12.9194109589041,901.1,1057.68222222222,11.3344094368341
"1208","uiefmaize",2012,113,0.33414,12.9194109589041,901.1,1057.68222222222,11.3344094368341
"1209","uiefmaize",2012,114,0.33375,12.9194109589041,901.1,1057.68222222222,11.3344094368341
"1210","uiefmaize",2012,115,0.33345,12.9194109589041,901.1,1057.68222222222,11.3344094368341
"1211","uiefmaize",2012,116,0.33318,12.9194109589041,901.1,1057.68222222222,11.3344094368341
"1212","uiefmaize",2012,117,0.33288,12.9194109589041,901.1,1057.68222222222,11.3344094368341
"1213","uiefmaize",2012,118,0.33259,12.9194109589041,901.1,1057.68222222222,11.3344094368341
"1214","uiefmaize",2012,119,0.33238,12.9194109589041,901.1,1057.68222222222,11.3344094368341
"1215","uiefmaize",2012,120,0.33227,12.9194109589041,901.1,1057.68222222222,11.3344094368341
"1216","uiefmaize",2012,121,0.33234,12.9194109589041,901.1,1057.68222222222,11.3344094368341
"1217","uiefmaize",2012,122,0.33261,12.9194109589041,901.1,1057.68222222222,11.3344094368341
"1218","uiefmaize",2012,123,0.33309,12.9194109589041,901.1,1057.68222222222,11.3344094368341
"1219","uiefmaize",2012,124,0.33374,12.9194109589041,901.1,1057.68222222222,11.3344094368341
"1220","uiefmaize",2012,125,0.33453,12.9194109589041,901.1,1057.68222222222,11.3344094368341
"1221","uiefmaize",2012,126,0.33546,12.9194109589041,901.1,1057.68222222222,11.3344094368341
"1222","uiefmaize",2012,127,0.33651,12.9194109589041,901.1,1057.68222222222,11.3344094368341
"1223","uiefmaize",2012,128,0.33767,12.9194109589041,901.1,1057.68222222222,11.3344094368341
"1224","uiefmaize",2012,129,0.33893,12.9194109589041,901.1,1057.68222222222,11.3344094368341
"1225","uiefmaize",2012,130,0.34032,12.9194109589041,901.1,1057.68222222222,11.3344094368341
"1226","uiefmaize",2012,131,0.34185,12.9194109589041,901.1,1057.68222222222,11.3344094368341
"1227","uiefmaize",2012,132,0.3435,12.9194109589041,901.1,1057.68222222222,11.3344094368341
"1228","uiefmaize",2012,133,0.34523,12.9194109589041,901.1,1057.68222222222,11.3344094368341
"1229","uiefmaize",2012,134,0.34701,12.9194109589041,901.1,1057.68222222222,11.3344094368341
"1230","uiefmaize",2012,135,0.34881,12.9194109589041,901.1,1057.68222222222,11.3344094368341
"1231","uiefmaize",2012,136,0.35067,12.9194109589041,901.1,1057.68222222222,11.3344094368341
"1232","uiefmaize",2012,137,0.35265,12.9194109589041,901.1,1057.68222222222,11.3344094368341
"1233","uiefmaize",2012,138,0.35471,12.9194109589041,901.1,1057.68222222222,11.3344094368341
"1234","uiefmaize",2012,139,0.35686,12.9194109589041,901.1,1057.68222222222,11.3344094368341
"1235","uiefmaize",2012,140,0.35908,12.9194109589041,901.1,1057.68222222222,11.3344094368341
"1236","uiefmaize",2012,141,0.36134,12.9194109589041,901.1,1057.68222222222,11.3344094368341
"1237","uiefmaize",2012,142,0.36365,12.9194109589041,901.1,1057.68222222222,11.3344094368341
"1238","uiefmaize",2012,143,0.36609,12.9194109589041,901.1,1057.68222222222,11.3344094368341
"1239","uiefmaize",2012,144,0.36873,12.9194109589041,901.1,1057.68222222222,11.3344094368341
"1240","uiefmaize",2012,145,0.37149,12.9194109589041,901.1,1057.68222222222,11.3344094368341
"1241","uiefmaize",2012,146,0.37432,12.9194109589041,901.1,1057.68222222222,11.3344094368341
"1242","uiefmaize",2012,147,0.37712,12.9194109589041,901.1,1057.68222222222,11.3344094368341
"1243","uiefmaize",2012,148,0.37984,12.9194109589041,901.1,1057.68222222222,11.3344094368341
"1244","uiefmaize",2012,149,0.3824,12.9194109589041,901.1,1057.68222222222,11.3344094368341
"1245","uiefmaize",2012,150,0.38505,12.9194109589041,901.1,1057.68222222222,11.3344094368341
"1246","uiefmaize",2012,151,0.38795,12.9194109589041,901.1,1057.68222222222,11.3344094368341
"1247","uiefmaize",2012,152,0.39093,12.9194109589041,901.1,1057.68222222222,11.3344094368341
"1248","uiefmaize",2012,153,0.39379,12.9194109589041,901.1,1057.68222222222,11.3344094368341
"1249","uiefmaize",2012,154,0.39636,12.9194109589041,901.1,1057.68222222222,11.3344094368341
"1250","uiefmaize",2012,155,0.39846,12.9194109589041,901.1,1057.68222222222,11.3344094368341
"1251","uiefmaize",2012,156,0.3999,12.9194109589041,901.1,1057.68222222222,11.3344094368341
"1252","uiefmaize",2012,157,0.40068,12.9194109589041,901.1,1057.68222222222,11.3344094368341
"1253","uiefmaize",2012,158,0.40097,12.9194109589041,901.1,1057.68222222222,11.3344094368341
"1254","uiefmaize",2012,159,0.40086,12.9194109589041,901.1,1057.68222222222,11.3344094368341
"1255","uiefmaize",2012,160,0.40044,12.9194109589041,901.1,1057.68222222222,11.3344094368341
"1256","uiefmaize",2012,161,0.39978,12.9194109589041,901.1,1057.68222222222,11.3344094368341
"1257","uiefmaize",2012,162,0.39899,12.9194109589041,901.1,1057.68222222222,11.3344094368341
"1258","uiefmaize",2012,163,0.39813,12.9194109589041,901.1,1057.68222222222,11.3344094368341
"1259","uiefmaize",2012,164,0.39693,12.9194109589041,901.1,1057.68222222222,11.3344094368341
"1260","uiefmaize",2012,165,0.39518,12.9194109589041,901.1,1057.68222222222,11.3344094368341
"1261","uiefmaize",2012,166,0.3931,12.9194109589041,901.1,1057.68222222222,11.3344094368341
"1262","uiefmaize",2012,167,0.39088,12.9194109589041,901.1,1057.68222222222,11.3344094368341
"1263","uiefmaize",2012,168,0.38871,12.9194109589041,901.1,1057.68222222222,11.3344094368341
"1264","uiefmaize",2012,169,0.38681,12.9194109589041,901.1,1057.68222222222,11.3344094368341
"1265","uiefmaize",2012,170,0.38537,12.9194109589041,901.1,1057.68222222222,11.3344094368341
"1266","uiefmaize",2012,171,0.38433,12.9194109589041,901.1,1057.68222222222,11.3344094368341
"1267","uiefmaize",2012,172,0.38345,12.9194109589041,901.1,1057.68222222222,11.3344094368341
"1268","uiefmaize",2012,173,0.3827,12.9194109589041,901.1,1057.68222222222,11.3344094368341
"1269","uiefmaize",2012,174,0.38205,12.9194109589041,901.1,1057.68222222222,11.3344094368341
"1270","uiefmaize",2012,175,0.38145,12.9194109589041,901.1,1057.68222222222,11.3344094368341
"1271","uiefmaize",2012,176,0.38088,12.9194109589041,901.1,1057.68222222222,11.3344094368341
"1272","uiefmaize",2012,177,0.3803,12.9194109589041,901.1,1057.68222222222,11.3344094368341
"1273","uiefmaize",2012,178,0.37974,12.9194109589041,901.1,1057.68222222222,11.3344094368341
"1274","uiefmaize",2012,179,0.37925,12.9194109589041,901.1,1057.68222222222,11.3344094368341
"1275","uiefmaize",2012,180,0.37881,12.9194109589041,901.1,1057.68222222222,11.3344094368341
"1276","uiefmaize",2012,181,0.37843,12.9194109589041,901.1,1057.68222222222,11.3344094368341
"1277","uiefmaize",2012,182,0.37808,12.9194109589041,901.1,1057.68222222222,11.3344094368341
"1278","uiefmaize",2012,183,0.37775,12.9194109589041,901.1,1057.68222222222,11.3344094368341
"1279","uiefmaize",2012,184,0.37745,12.9194109589041,901.1,1057.68222222222,11.3344094368341
"1280","uiefmaize",2012,185,0.37719,12.9194109589041,901.1,1057.68222222222,11.3344094368341
"1281","uiefmaize",2012,186,0.37699,12.9194109589041,901.1,1057.68222222222,11.3344094368341
"1282","uiefmaize",2012,187,0.37684,12.9194109589041,901.1,1057.68222222222,11.3344094368341
"1283","uiefmaize",2012,188,0.37673,12.9194109589041,901.1,1057.68222222222,11.3344094368341
"1284","uiefmaize",2012,189,0.37664,12.9194109589041,901.1,1057.68222222222,11.3344094368341
"1285","uiefmaize",2012,190,0.37658,12.9194109589041,901.1,1057.68222222222,11.3344094368341
"1286","uiefmaize",2012,191,0.37659,12.9194109589041,901.1,1057.68222222222,11.3344094368341
"1287","uiefmaize",2012,192,0.37668,12.9194109589041,901.1,1057.68222222222,11.3344094368341
"1288","uiefmaize",2012,193,0.37683,12.9194109589041,901.1,1057.68222222222,11.3344094368341
"1289","uiefmaize",2012,194,0.377,12.9194109589041,901.1,1057.68222222222,11.3344094368341
"1290","uiefmaize",2012,195,0.37714,12.9194109589041,901.1,1057.68222222222,11.3344094368341
"1291","uiefmaize",2012,196,0.37723,12.9194109589041,901.1,1057.68222222222,11.3344094368341
"1292","uiefmaize",2012,197,0.37721,12.9194109589041,901.1,1057.68222222222,11.3344094368341
"1293","uiefmaize",2012,198,0.3771,12.9194109589041,901.1,1057.68222222222,11.3344094368341
"1294","uiefmaize",2012,199,0.37692,12.9194109589041,901.1,1057.68222222222,11.3344094368341
"1295","uiefmaize",2012,200,0.37669,12.9194109589041,901.1,1057.68222222222,11.3344094368341
"1296","uiefmaize",2012,201,0.37643,12.9194109589041,901.1,1057.68222222222,11.3344094368341
"1297","uiefmaize",2012,202,0.37617,12.9194109589041,901.1,1057.68222222222,11.3344094368341
"1298","uiefmaize",2012,203,0.37594,12.9194109589041,901.1,1057.68222222222,11.3344094368341
"1299","uiefmaize",2012,204,0.37575,12.9194109589041,901.1,1057.68222222222,11.3344094368341
"1300","uiefmaize",2012,205,0.37561,12.9194109589041,901.1,1057.68222222222,11.3344094368341
"1301","uiefmaize",2012,206,0.3755,12.9194109589041,901.1,1057.68222222222,11.3344094368341
"1302","uiefmaize",2012,207,0.37542,12.9194109589041,901.1,1057.68222222222,11.3344094368341
"1303","uiefmaize",2012,208,0.37534,12.9194109589041,901.1,1057.68222222222,11.3344094368341
"1304","uiefmaize",2012,209,0.37524,12.9194109589041,901.1,1057.68222222222,11.3344094368341
"1305","uiefmaize",2012,210,0.3751,12.9194109589041,901.1,1057.68222222222,11.3344094368341
"1306","uiefmaize",2012,211,0.37492,12.9194109589041,901.1,1057.68222222222,11.3344094368341
"1307","uiefmaize",2012,212,0.37468,12.9194109589041,901.1,1057.68222222222,11.3344094368341
"1308","uiefmaize",2012,213,0.37441,12.9194109589041,901.1,1057.68222222222,11.3344094368341
"1309","uiefmaize",2012,214,0.37411,12.9194109589041,901.1,1057.68222222222,11.3344094368341
"1310","uiefmaize",2012,215,0.37379,12.9194109589041,901.1,1057.68222222222,11.3344094368341
"1311","uiefmaize",2012,216,0.37345,12.9194109589041,901.1,1057.68222222222,11.3344094368341
"1312","uiefmaize",2012,217,0.37312,12.9194109589041,901.1,1057.68222222222,11.3344094368341
"1313","uiefmaize",2012,218,0.37278,12.9194109589041,901.1,1057.68222222222,11.3344094368341
"1314","uiefmaize",2012,219,0.37247,12.9194109589041,901.1,1057.68222222222,11.3344094368341
"1315","uiefmaize",2012,220,0.3722,12.9194109589041,901.1,1057.68222222222,11.3344094368341
"1316","uiefmaize",2012,221,0.37193,12.9194109589041,901.1,1057.68222222222,11.3344094368341
"1317","uiefmaize",2012,222,0.37166,12.9194109589041,901.1,1057.68222222222,11.3344094368341
"1318","uiefmaize",2012,223,0.37135,12.9194109589041,901.1,1057.68222222222,11.3344094368341
"1319","uiefmaize",2012,224,0.37099,12.9194109589041,901.1,1057.68222222222,11.3344094368341
"1320","uiefmaize",2012,225,0.37055,12.9194109589041,901.1,1057.68222222222,11.3344094368341
"1321","uiefmaize",2012,226,0.37009,12.9194109589041,901.1,1057.68222222222,11.3344094368341
"1322","uiefmaize",2012,227,0.36966,12.9194109589041,901.1,1057.68222222222,11.3344094368341
"1323","uiefmaize",2012,228,0.36922,12.9194109589041,901.1,1057.68222222222,11.3344094368341
"1324","uiefmaize",2012,229,0.36872,12.9194109589041,901.1,1057.68222222222,11.3344094368341
"1325","uiefmaize",2012,230,0.36814,12.9194109589041,901.1,1057.68222222222,11.3344094368341
"1326","uiefmaize",2012,231,0.36743,12.9194109589041,901.1,1057.68222222222,11.3344094368341
"1327","uiefmaize",2012,232,0.36657,12.9194109589041,901.1,1057.68222222222,11.3344094368341
"1328","uiefmaize",2012,233,0.36546,12.9194109589041,901.1,1057.68222222222,11.3344094368341
"1329","uiefmaize",2012,234,0.36409,12.9194109589041,901.1,1057.68222222222,11.3344094368341
"1330","uiefmaize",2012,235,0.36257,12.9194109589041,901.1,1057.68222222222,11.3344094368341
"1331","uiefmaize",2012,236,0.36097,12.9194109589041,901.1,1057.68222222222,11.3344094368341
"1332","uiefmaize",2012,237,0.35938,12.9194109589041,901.1,1057.68222222222,11.3344094368341
"1333","uiefmaize",2012,238,0.3579,12.9194109589041,901.1,1057.68222222222,11.3344094368341
"1334","uiefmaize",2012,239,0.35661,12.9194109589041,901.1,1057.68222222222,11.3344094368341
"1335","uiefmaize",2012,240,0.35542,12.9194109589041,901.1,1057.68222222222,11.3344094368341
"1336","uiefmaize",2012,241,0.35421,12.9194109589041,901.1,1057.68222222222,11.3344094368341
"1337","uiefmaize",2012,242,0.35301,12.9194109589041,901.1,1057.68222222222,11.3344094368341
"1338","uiefmaize",2012,243,0.35187,12.9194109589041,901.1,1057.68222222222,11.3344094368341
"1339","uiefmaize",2012,244,0.35082,12.9194109589041,901.1,1057.68222222222,11.3344094368341
"1340","uiefmaize",2012,245,0.34991,12.9194109589041,901.1,1057.68222222222,11.3344094368341
"1341","uiefmaize",2012,246,0.34914,12.9194109589041,901.1,1057.68222222222,11.3344094368341
"1342","uiefmaize",2012,247,0.34848,12.9194109589041,901.1,1057.68222222222,11.3344094368341
"1343","uiefmaize",2012,248,0.34793,12.9194109589041,901.1,1057.68222222222,11.3344094368341
"1344","uiefmaize",2012,249,0.34744,12.9194109589041,901.1,1057.68222222222,11.3344094368341
"1345","uiefmaize",2012,250,0.347,12.9194109589041,901.1,1057.68222222222,11.3344094368341
"1346","uiefmaize",2012,251,0.34658,12.9194109589041,901.1,1057.68222222222,11.3344094368341
"1347","uiefmaize",2012,252,0.34616,12.9194109589041,901.1,1057.68222222222,11.3344094368341
"1348","uiefmaize",2012,253,0.34577,12.9194109589041,901.1,1057.68222222222,11.3344094368341
"1349","uiefmaize",2012,254,0.34543,12.9194109589041,901.1,1057.68222222222,11.3344094368341
"1350","uiefmaize",2012,255,0.34514,12.9194109589041,901.1,1057.68222222222,11.3344094368341
"1351","uiefmaize",2012,256,0.34488,12.9194109589041,901.1,1057.68222222222,11.3344094368341
"1352","uiefmaize",2012,257,0.34464,12.9194109589041,901.1,1057.68222222222,11.3344094368341
"1353","uiefmaize",2012,258,0.34439,12.9194109589041,901.1,1057.68222222222,11.3344094368341
"1354","uiefmaize",2012,259,0.34414,12.9194109589041,901.1,1057.68222222222,11.3344094368341
"1355","uiefmaize",2012,260,0.34391,12.9194109589041,901.1,1057.68222222222,11.3344094368341
"1356","uiefmaize",2012,261,0.34376,12.9194109589041,901.1,1057.68222222222,11.3344094368341
"1357","uiefmaize",2012,262,0.34365,12.9194109589041,901.1,1057.68222222222,11.3344094368341
"1358","uiefmaize",2012,263,0.34355,12.9194109589041,901.1,1057.68222222222,11.3344094368341
"1359","uiefmaize",2012,264,0.34343,12.9194109589041,901.1,1057.68222222222,11.3344094368341
"1360","uiefmaize",2012,265,0.34327,12.9194109589041,901.1,1057.68222222222,11.3344094368341
"1361","uiefmaize",2012,266,0.34302,12.9194109589041,901.1,1057.68222222222,11.3344094368341
"1362","uiefmaize",2012,267,0.34272,12.9194109589041,901.1,1057.68222222222,11.3344094368341
"1363","uiefmaize",2012,268,0.34239,12.9194109589041,901.1,1057.68222222222,11.3344094368341
"1364","uiefmaize",2012,269,0.34204,12.9194109589041,901.1,1057.68222222222,11.3344094368341
"1365","uiefmaize",2012,270,0.34165,12.9194109589041,901.1,1057.68222222222,11.3344094368341
"1366","uiefmaize",2012,271,0.34123,12.9194109589041,901.1,1057.68222222222,11.3344094368341
"1367","uiefmaize",2012,272,0.34077,12.9194109589041,901.1,1057.68222222222,11.3344094368341
"1368","uiefmaize",2012,273,0.34027,12.9194109589041,901.1,1057.68222222222,11.3344094368341
"1369","uiefmaize",2012,274,0.33967,12.9194109589041,901.1,1057.68222222222,11.3344094368341
"1370","uiefmaize",2012,275,0.33896,12.9194109589041,901.1,1057.68222222222,11.3344094368341
"1371","uiefmaize",2012,276,0.33819,12.9194109589041,901.1,1057.68222222222,11.3344094368341
"1372","uiefmaize",2012,277,0.3374,12.9194109589041,901.1,1057.68222222222,11.3344094368341
"1373","uiefmaize",2012,278,0.33663,12.9194109589041,901.1,1057.68222222222,11.3344094368341
"1374","uiefmaize",2012,279,0.33595,12.9194109589041,901.1,1057.68222222222,11.3344094368341
"1375","uiefmaize",2012,280,0.33539,12.9194109589041,901.1,1057.68222222222,11.3344094368341
"1376","uiefmaize",2012,281,0.33493,12.9194109589041,901.1,1057.68222222222,11.3344094368341
"1377","uiefmaize",2012,282,0.3345,12.9194109589041,901.1,1057.68222222222,11.3344094368341
"1378","uiefmaize",2012,283,0.33411,12.9194109589041,901.1,1057.68222222222,11.3344094368341
"1379","uiefmaize",2012,284,0.33377,12.9194109589041,901.1,1057.68222222222,11.3344094368341
"1380","uiefmaize",2012,285,0.33347,12.9194109589041,901.1,1057.68222222222,11.3344094368341
"1381","uiefmaize",2012,286,0.33323,12.9194109589041,901.1,1057.68222222222,11.3344094368341
"1382","uiefmaize",2012,287,0.33305,12.9194109589041,901.1,1057.68222222222,11.3344094368341
"1383","uiefmaize",2012,288,0.33294,12.9194109589041,901.1,1057.68222222222,11.3344094368341
"1384","uiefmaize",2012,289,0.33293,12.9194109589041,901.1,1057.68222222222,11.3344094368341
"1385","uiefmaize",2012,290,0.33297,12.9194109589041,901.1,1057.68222222222,11.3344094368341
"1386","uiefmaize",2012,291,0.33306,12.9194109589041,901.1,1057.68222222222,11.3344094368341
"1387","uiefmaize",2012,292,0.33318,12.9194109589041,901.1,1057.68222222222,11.3344094368341
"1388","uiefmaize",2012,293,0.3333,12.9194109589041,901.1,1057.68222222222,11.3344094368341
"1389","uiefmaize",2012,294,0.33341,12.9194109589041,901.1,1057.68222222222,11.3344094368341
"1390","uiefmaize",2012,295,0.33355,12.9194109589041,901.1,1057.68222222222,11.3344094368341
"1391","uiefmaize",2012,296,0.33375,12.9194109589041,901.1,1057.68222222222,11.3344094368341
"1392","uiefmaize",2012,297,0.33398,12.9194109589041,901.1,1057.68222222222,11.3344094368341
"1393","uiefmaize",2012,298,0.33421,12.9194109589041,901.1,1057.68222222222,11.3344094368341
"1394","uiefmaize",2012,299,0.3344,12.9194109589041,901.1,1057.68222222222,11.3344094368341
"1395","uiefmaize",2012,300,0.33452,12.9194109589041,901.1,1057.68222222222,11.3344094368341
"1396","uiefmaize",2012,301,0.3346,12.9194109589041,901.1,1057.68222222222,11.3344094368341
"1397","uiefmaize",2012,302,0.33466,12.9194109589041,901.1,1057.68222222222,11.3344094368341
"1398","uiefmaize",2012,303,0.33471,12.9194109589041,901.1,1057.68222222222,11.3344094368341
"1399","uiefmaize",2012,304,0.33475,12.9194109589041,901.1,1057.68222222222,11.3344094368341
"1400","uiefmaize",2012,305,0.33477,12.9194109589041,901.1,1057.68222222222,11.3344094368341
"1401","uiefmaize",2012,306,0.33479,12.9194109589041,901.1,1057.68222222222,11.3344094368341
"1402","uiefmaize",2012,307,0.3348,12.9194109589041,901.1,1057.68222222222,11.3344094368341
"1403","uiefmaize",2012,308,0.33476,12.9194109589041,901.1,1057.68222222222,11.3344094368341
"1404","uiefmaize",2012,309,0.33466,12.9194109589041,901.1,1057.68222222222,11.3344094368341
"1405","uiefmaize",2012,310,0.33452,12.9194109589041,901.1,1057.68222222222,11.3344094368341
"1406","uiefmaize",2012,311,0.33437,12.9194109589041,901.1,1057.68222222222,11.3344094368341
"1407","uiefmaize",2012,312,0.33424,12.9194109589041,901.1,1057.68222222222,11.3344094368341
"1408","uiefmaize",2012,313,0.33416,12.9194109589041,901.1,1057.68222222222,11.3344094368341
"1409","uiefmaize",2012,314,0.33415,12.9194109589041,901.1,1057.68222222222,11.3344094368341
"1410","uiefmaize",2012,315,0.33421,12.9194109589041,901.1,1057.68222222222,11.3344094368341
"1411","uiefmaize",2012,316,0.33433,12.9194109589041,901.1,1057.68222222222,11.3344094368341
"1412","uiefmaize",2012,317,0.33449,12.9194109589041,901.1,1057.68222222222,11.3344094368341
"1413","uiefmaize",2012,318,0.33467,12.9194109589041,901.1,1057.68222222222,11.3344094368341
"1414","uiefmaize",2012,319,0.33485,12.9194109589041,901.1,1057.68222222222,11.3344094368341
"1415","uiefmaize",2012,320,0.33504,12.9194109589041,901.1,1057.68222222222,11.3344094368341
"1416","uiefmaize",2012,321,0.33519,12.9194109589041,901.1,1057.68222222222,11.3344094368341
"1417","uiefmaize",2012,322,0.33536,12.9194109589041,901.1,1057.68222222222,11.3344094368341
"1418","uiefmaize",2012,323,0.33557,12.9194109589041,901.1,1057.68222222222,11.3344094368341
"1419","uiefmaize",2012,324,0.33581,12.9194109589041,901.1,1057.68222222222,11.3344094368341
"1420","uiefmaize",2012,325,0.33605,12.9194109589041,901.1,1057.68222222222,11.3344094368341
"1421","uiefmaize",2012,326,0.33628,12.9194109589041,901.1,1057.68222222222,11.3344094368341
"1422","uiefmaize",2012,327,0.33648,12.9194109589041,901.1,1057.68222222222,11.3344094368341
"1423","uiefmaize",2012,328,0.33664,12.9194109589041,901.1,1057.68222222222,11.3344094368341
"1424","uiefmaize",2012,329,0.3368,12.9194109589041,901.1,1057.68222222222,11.3344094368341
"1425","uiefmaize",2012,330,0.33698,12.9194109589041,901.1,1057.68222222222,11.3344094368341
"1426","uiefmaize",2012,331,0.33715,12.9194109589041,901.1,1057.68222222222,11.3344094368341
"1427","uiefmaize",2012,332,0.33729,12.9194109589041,901.1,1057.68222222222,11.3344094368341
"1428","uiefmaize",2012,333,0.33735,12.9194109589041,901.1,1057.68222222222,11.3344094368341
"1429","uiefmaize",2012,334,0.33732,12.9194109589041,901.1,1057.68222222222,11.3344094368341
"1430","uiefmaize",2012,335,0.33716,12.9194109589041,901.1,1057.68222222222,11.3344094368341
"1431","uiefmaize",2012,336,0.33683,12.9194109589041,901.1,1057.68222222222,11.3344094368341
"1432","uiefmaize",2012,337,0.33635,12.9194109589041,901.1,1057.68222222222,11.3344094368341
"1433","uiefmaize",2012,338,0.33576,12.9194109589041,901.1,1057.68222222222,11.3344094368341
"1434","uiefmaize",2012,339,0.33512,12.9194109589041,901.1,1057.68222222222,11.3344094368341
"1435","uiefmaize",2012,340,0.33448,12.9194109589041,901.1,1057.68222222222,11.3344094368341
"1436","uiefmaize",2012,341,0.33389,12.9194109589041,901.1,1057.68222222222,11.3344094368341
"1437","uiefmaize",2012,342,0.33339,12.9194109589041,901.1,1057.68222222222,11.3344094368341
"1438","uiefmaize",2012,343,0.33294,12.9194109589041,901.1,1057.68222222222,11.3344094368341
"1439","uiefmaize",2012,344,0.33247,12.9194109589041,901.1,1057.68222222222,11.3344094368341
"1440","uiefmaize",2012,345,0.332,12.9194109589041,901.1,1057.68222222222,11.3344094368341
"1441","uiefmaize",2012,346,0.33155,12.9194109589041,901.1,1057.68222222222,11.3344094368341
"1442","uiefmaize",2012,347,0.33114,12.9194109589041,901.1,1057.68222222222,11.3344094368341
"1443","uiefmaize",2012,348,0.33077,12.9194109589041,901.1,1057.68222222222,11.3344094368341
"1444","uiefmaize",2012,349,0.33048,12.9194109589041,901.1,1057.68222222222,11.3344094368341
"1445","uiefmaize",2012,350,0.33028,12.9194109589041,901.1,1057.68222222222,11.3344094368341
"1446","uiefmaize",2012,351,0.33015,12.9194109589041,901.1,1057.68222222222,11.3344094368341
"1447","uiefmaize",2012,352,0.33008,12.9194109589041,901.1,1057.68222222222,11.3344094368341
"1448","uiefmaize",2012,353,0.33003,12.9194109589041,901.1,1057.68222222222,11.3344094368341
"1449","uiefmaize",2012,354,0.32997,12.9194109589041,901.1,1057.68222222222,11.3344094368341
"1450","uiefmaize",2012,355,0.32988,12.9194109589041,901.1,1057.68222222222,11.3344094368341
"1451","uiefmaize",2012,356,0.32973,12.9194109589041,901.1,1057.68222222222,11.3344094368341
"1452","uiefmaize",2012,357,0.32956,12.9194109589041,901.1,1057.68222222222,11.3344094368341
"1453","uiefmaize",2012,358,0.32937,12.9194109589041,901.1,1057.68222222222,11.3344094368341
"1454","uiefmaize",2012,359,0.32919,12.9194109589041,901.1,1057.68222222222,11.3344094368341
"1455","uiefmaize",2012,360,0.32905,12.9194109589041,901.1,1057.68222222222,11.3344094368341
"1456","uiefmaize",2012,361,0.32896,12.9194109589041,901.1,1057.68222222222,11.3344094368341
"1457","uiefmaize",2012,362,0.32895,12.9194109589041,901.1,1057.68222222222,11.3344094368341
"1458","uiefmaize",2012,363,0.32905,12.9194109589041,901.1,1057.68222222222,11.3344094368341
"1459","uiefmaize",2012,364,0.32923,12.9194109589041,901.1,1057.68222222222,11.3344094368341
"1460","uiefmaize",2012,365,0.32949,12.9194109589041,901.1,1057.68222222222,11.3344094368341
"1461","uiefmaize",2013,1,0.3301,10.5105890410959,1023.6,1057.68222222222,11.3344094368341
"1462","uiefmaize",2013,2,0.3304,10.5105890410959,1023.6,1057.68222222222,11.3344094368341
"1463","uiefmaize",2013,3,0.33068,10.5105890410959,1023.6,1057.68222222222,11.3344094368341
"1464","uiefmaize",2013,4,0.33095,10.5105890410959,1023.6,1057.68222222222,11.3344094368341
"1465","uiefmaize",2013,5,0.33125,10.5105890410959,1023.6,1057.68222222222,11.3344094368341
"1466","uiefmaize",2013,6,0.33157,10.5105890410959,1023.6,1057.68222222222,11.3344094368341
"1467","uiefmaize",2013,7,0.33188,10.5105890410959,1023.6,1057.68222222222,11.3344094368341
"1468","uiefmaize",2013,8,0.33217,10.5105890410959,1023.6,1057.68222222222,11.3344094368341
"1469","uiefmaize",2013,9,0.33241,10.5105890410959,1023.6,1057.68222222222,11.3344094368341
"1470","uiefmaize",2013,10,0.3326,10.5105890410959,1023.6,1057.68222222222,11.3344094368341
"1471","uiefmaize",2013,11,0.33273,10.5105890410959,1023.6,1057.68222222222,11.3344094368341
"1472","uiefmaize",2013,12,0.33285,10.5105890410959,1023.6,1057.68222222222,11.3344094368341
"1473","uiefmaize",2013,13,0.33293,10.5105890410959,1023.6,1057.68222222222,11.3344094368341
"1474","uiefmaize",2013,14,0.333,10.5105890410959,1023.6,1057.68222222222,11.3344094368341
"1475","uiefmaize",2013,15,0.33303,10.5105890410959,1023.6,1057.68222222222,11.3344094368341
"1476","uiefmaize",2013,16,0.33304,10.5105890410959,1023.6,1057.68222222222,11.3344094368341
"1477","uiefmaize",2013,17,0.33302,10.5105890410959,1023.6,1057.68222222222,11.3344094368341
"1478","uiefmaize",2013,18,0.33296,10.5105890410959,1023.6,1057.68222222222,11.3344094368341
"1479","uiefmaize",2013,19,0.33286,10.5105890410959,1023.6,1057.68222222222,11.3344094368341
"1480","uiefmaize",2013,20,0.33273,10.5105890410959,1023.6,1057.68222222222,11.3344094368341
"1481","uiefmaize",2013,21,0.33258,10.5105890410959,1023.6,1057.68222222222,11.3344094368341
"1482","uiefmaize",2013,22,0.33242,10.5105890410959,1023.6,1057.68222222222,11.3344094368341
"1483","uiefmaize",2013,23,0.33226,10.5105890410959,1023.6,1057.68222222222,11.3344094368341
"1484","uiefmaize",2013,24,0.33211,10.5105890410959,1023.6,1057.68222222222,11.3344094368341
"1485","uiefmaize",2013,25,0.33191,10.5105890410959,1023.6,1057.68222222222,11.3344094368341
"1486","uiefmaize",2013,26,0.33164,10.5105890410959,1023.6,1057.68222222222,11.3344094368341
"1487","uiefmaize",2013,27,0.33133,10.5105890410959,1023.6,1057.68222222222,11.3344094368341
"1488","uiefmaize",2013,28,0.33101,10.5105890410959,1023.6,1057.68222222222,11.3344094368341
"1489","uiefmaize",2013,29,0.33072,10.5105890410959,1023.6,1057.68222222222,11.3344094368341
"1490","uiefmaize",2013,30,0.33048,10.5105890410959,1023.6,1057.68222222222,11.3344094368341
"1491","uiefmaize",2013,31,0.33034,10.5105890410959,1023.6,1057.68222222222,11.3344094368341
"1492","uiefmaize",2013,32,0.3303,10.5105890410959,1023.6,1057.68222222222,11.3344094368341
"1493","uiefmaize",2013,33,0.33033,10.5105890410959,1023.6,1057.68222222222,11.3344094368341
"1494","uiefmaize",2013,34,0.33042,10.5105890410959,1023.6,1057.68222222222,11.3344094368341
"1495","uiefmaize",2013,35,0.33056,10.5105890410959,1023.6,1057.68222222222,11.3344094368341
"1496","uiefmaize",2013,36,0.33072,10.5105890410959,1023.6,1057.68222222222,11.3344094368341
"1497","uiefmaize",2013,37,0.3309,10.5105890410959,1023.6,1057.68222222222,11.3344094368341
"1498","uiefmaize",2013,38,0.33109,10.5105890410959,1023.6,1057.68222222222,11.3344094368341
"1499","uiefmaize",2013,39,0.33135,10.5105890410959,1023.6,1057.68222222222,11.3344094368341
"1500","uiefmaize",2013,40,0.33173,10.5105890410959,1023.6,1057.68222222222,11.3344094368341
"1501","uiefmaize",2013,41,0.33217,10.5105890410959,1023.6,1057.68222222222,11.3344094368341
"1502","uiefmaize",2013,42,0.33259,10.5105890410959,1023.6,1057.68222222222,11.3344094368341
"1503","uiefmaize",2013,43,0.33292,10.5105890410959,1023.6,1057.68222222222,11.3344094368341
"1504","uiefmaize",2013,44,0.3331,10.5105890410959,1023.6,1057.68222222222,11.3344094368341
"1505","uiefmaize",2013,45,0.33313,10.5105890410959,1023.6,1057.68222222222,11.3344094368341
"1506","uiefmaize",2013,46,0.33309,10.5105890410959,1023.6,1057.68222222222,11.3344094368341
"1507","uiefmaize",2013,47,0.33297,10.5105890410959,1023.6,1057.68222222222,11.3344094368341
"1508","uiefmaize",2013,48,0.3328,10.5105890410959,1023.6,1057.68222222222,11.3344094368341
"1509","uiefmaize",2013,49,0.33259,10.5105890410959,1023.6,1057.68222222222,11.3344094368341
"1510","uiefmaize",2013,50,0.33235,10.5105890410959,1023.6,1057.68222222222,11.3344094368341
"1511","uiefmaize",2013,51,0.3321,10.5105890410959,1023.6,1057.68222222222,11.3344094368341
"1512","uiefmaize",2013,52,0.33177,10.5105890410959,1023.6,1057.68222222222,11.3344094368341
"1513","uiefmaize",2013,53,0.33132,10.5105890410959,1023.6,1057.68222222222,11.3344094368341
"1514","uiefmaize",2013,54,0.33081,10.5105890410959,1023.6,1057.68222222222,11.3344094368341
"1515","uiefmaize",2013,55,0.33028,10.5105890410959,1023.6,1057.68222222222,11.3344094368341
"1516","uiefmaize",2013,56,0.32979,10.5105890410959,1023.6,1057.68222222222,11.3344094368341
"1517","uiefmaize",2013,57,0.32939,10.5105890410959,1023.6,1057.68222222222,11.3344094368341
"1518","uiefmaize",2013,58,0.32913,10.5105890410959,1023.6,1057.68222222222,11.3344094368341
"1519","uiefmaize",2013,59,0.32901,10.5105890410959,1023.6,1057.68222222222,11.3344094368341
"1520","uiefmaize",2013,60,0.32899,10.5105890410959,1023.6,1057.68222222222,11.3344094368341
"1521","uiefmaize",2013,61,0.32904,10.5105890410959,1023.6,1057.68222222222,11.3344094368341
"1522","uiefmaize",2013,62,0.32913,10.5105890410959,1023.6,1057.68222222222,11.3344094368341
"1523","uiefmaize",2013,63,0.32923,10.5105890410959,1023.6,1057.68222222222,11.3344094368341
"1524","uiefmaize",2013,64,0.32932,10.5105890410959,1023.6,1057.68222222222,11.3344094368341
"1525","uiefmaize",2013,65,0.32936,10.5105890410959,1023.6,1057.68222222222,11.3344094368341
"1526","uiefmaize",2013,66,0.32938,10.5105890410959,1023.6,1057.68222222222,11.3344094368341
"1527","uiefmaize",2013,67,0.3294,10.5105890410959,1023.6,1057.68222222222,11.3344094368341
"1528","uiefmaize",2013,68,0.32941,10.5105890410959,1023.6,1057.68222222222,11.3344094368341
"1529","uiefmaize",2013,69,0.32943,10.5105890410959,1023.6,1057.68222222222,11.3344094368341
"1530","uiefmaize",2013,70,0.32945,10.5105890410959,1023.6,1057.68222222222,11.3344094368341
"1531","uiefmaize",2013,71,0.32948,10.5105890410959,1023.6,1057.68222222222,11.3344094368341
"1532","uiefmaize",2013,72,0.32951,10.5105890410959,1023.6,1057.68222222222,11.3344094368341
"1533","uiefmaize",2013,73,0.32955,10.5105890410959,1023.6,1057.68222222222,11.3344094368341
"1534","uiefmaize",2013,74,0.3296,10.5105890410959,1023.6,1057.68222222222,11.3344094368341
"1535","uiefmaize",2013,75,0.32966,10.5105890410959,1023.6,1057.68222222222,11.3344094368341
"1536","uiefmaize",2013,76,0.32972,10.5105890410959,1023.6,1057.68222222222,11.3344094368341
"1537","uiefmaize",2013,77,0.32979,10.5105890410959,1023.6,1057.68222222222,11.3344094368341
"1538","uiefmaize",2013,78,0.32986,10.5105890410959,1023.6,1057.68222222222,11.3344094368341
"1539","uiefmaize",2013,79,0.32994,10.5105890410959,1023.6,1057.68222222222,11.3344094368341
"1540","uiefmaize",2013,80,0.33,10.5105890410959,1023.6,1057.68222222222,11.3344094368341
"1541","uiefmaize",2013,81,0.33004,10.5105890410959,1023.6,1057.68222222222,11.3344094368341
"1542","uiefmaize",2013,82,0.33007,10.5105890410959,1023.6,1057.68222222222,11.3344094368341
"1543","uiefmaize",2013,83,0.33011,10.5105890410959,1023.6,1057.68222222222,11.3344094368341
"1544","uiefmaize",2013,84,0.33017,10.5105890410959,1023.6,1057.68222222222,11.3344094368341
"1545","uiefmaize",2013,85,0.33028,10.5105890410959,1023.6,1057.68222222222,11.3344094368341
"1546","uiefmaize",2013,86,0.33046,10.5105890410959,1023.6,1057.68222222222,11.3344094368341
"1547","uiefmaize",2013,87,0.3307,10.5105890410959,1023.6,1057.68222222222,11.3344094368341
"1548","uiefmaize",2013,88,0.331,10.5105890410959,1023.6,1057.68222222222,11.3344094368341
"1549","uiefmaize",2013,89,0.33133,10.5105890410959,1023.6,1057.68222222222,11.3344094368341
"1550","uiefmaize",2013,90,0.33168,10.5105890410959,1023.6,1057.68222222222,11.3344094368341
"1551","uiefmaize",2013,91,0.33203,10.5105890410959,1023.6,1057.68222222222,11.3344094368341
"1552","uiefmaize",2013,92,0.33237,10.5105890410959,1023.6,1057.68222222222,11.3344094368341
"1553","uiefmaize",2013,93,0.33268,10.5105890410959,1023.6,1057.68222222222,11.3344094368341
"1554","uiefmaize",2013,94,0.33298,10.5105890410959,1023.6,1057.68222222222,11.3344094368341
"1555","uiefmaize",2013,95,0.3333,10.5105890410959,1023.6,1057.68222222222,11.3344094368341
"1556","uiefmaize",2013,96,0.33363,10.5105890410959,1023.6,1057.68222222222,11.3344094368341
"1557","uiefmaize",2013,97,0.33396,10.5105890410959,1023.6,1057.68222222222,11.3344094368341
"1558","uiefmaize",2013,98,0.3343,10.5105890410959,1023.6,1057.68222222222,11.3344094368341
"1559","uiefmaize",2013,99,0.33463,10.5105890410959,1023.6,1057.68222222222,11.3344094368341
"1560","uiefmaize",2013,100,0.33492,10.5105890410959,1023.6,1057.68222222222,11.3344094368341
"1561","uiefmaize",2013,101,0.33514,10.5105890410959,1023.6,1057.68222222222,11.3344094368341
"1562","uiefmaize",2013,102,0.33534,10.5105890410959,1023.6,1057.68222222222,11.3344094368341
"1563","uiefmaize",2013,103,0.33554,10.5105890410959,1023.6,1057.68222222222,11.3344094368341
"1564","uiefmaize",2013,104,0.33577,10.5105890410959,1023.6,1057.68222222222,11.3344094368341
"1565","uiefmaize",2013,105,0.33608,10.5105890410959,1023.6,1057.68222222222,11.3344094368341
"1566","uiefmaize",2013,106,0.33648,10.5105890410959,1023.6,1057.68222222222,11.3344094368341
"1567","uiefmaize",2013,107,0.337,10.5105890410959,1023.6,1057.68222222222,11.3344094368341
"1568","uiefmaize",2013,108,0.3376,10.5105890410959,1023.6,1057.68222222222,11.3344094368341
"1569","uiefmaize",2013,109,0.33828,10.5105890410959,1023.6,1057.68222222222,11.3344094368341
"1570","uiefmaize",2013,110,0.33902,10.5105890410959,1023.6,1057.68222222222,11.3344094368341
"1571","uiefmaize",2013,111,0.33978,10.5105890410959,1023.6,1057.68222222222,11.3344094368341
"1572","uiefmaize",2013,112,0.34057,10.5105890410959,1023.6,1057.68222222222,11.3344094368341
"1573","uiefmaize",2013,113,0.34136,10.5105890410959,1023.6,1057.68222222222,11.3344094368341
"1574","uiefmaize",2013,114,0.3422,10.5105890410959,1023.6,1057.68222222222,11.3344094368341
"1575","uiefmaize",2013,115,0.34315,10.5105890410959,1023.6,1057.68222222222,11.3344094368341
"1576","uiefmaize",2013,116,0.34414,10.5105890410959,1023.6,1057.68222222222,11.3344094368341
"1577","uiefmaize",2013,117,0.34515,10.5105890410959,1023.6,1057.68222222222,11.3344094368341
"1578","uiefmaize",2013,118,0.34614,10.5105890410959,1023.6,1057.68222222222,11.3344094368341
"1579","uiefmaize",2013,119,0.34706,10.5105890410959,1023.6,1057.68222222222,11.3344094368341
"1580","uiefmaize",2013,120,0.34786,10.5105890410959,1023.6,1057.68222222222,11.3344094368341
"1581","uiefmaize",2013,121,0.34871,10.5105890410959,1023.6,1057.68222222222,11.3344094368341
"1582","uiefmaize",2013,122,0.34972,10.5105890410959,1023.6,1057.68222222222,11.3344094368341
"1583","uiefmaize",2013,123,0.35076,10.5105890410959,1023.6,1057.68222222222,11.3344094368341
"1584","uiefmaize",2013,124,0.35173,10.5105890410959,1023.6,1057.68222222222,11.3344094368341
"1585","uiefmaize",2013,125,0.35251,10.5105890410959,1023.6,1057.68222222222,11.3344094368341
"1586","uiefmaize",2013,126,0.35297,10.5105890410959,1023.6,1057.68222222222,11.3344094368341
"1587","uiefmaize",2013,127,0.35302,10.5105890410959,1023.6,1057.68222222222,11.3344094368341
"1588","uiefmaize",2013,128,0.35259,10.5105890410959,1023.6,1057.68222222222,11.3344094368341
"1589","uiefmaize",2013,129,0.35178,10.5105890410959,1023.6,1057.68222222222,11.3344094368341
"1590","uiefmaize",2013,130,0.35068,10.5105890410959,1023.6,1057.68222222222,11.3344094368341
"1591","uiefmaize",2013,131,0.3494,10.5105890410959,1023.6,1057.68222222222,11.3344094368341
"1592","uiefmaize",2013,132,0.34802,10.5105890410959,1023.6,1057.68222222222,11.3344094368341
"1593","uiefmaize",2013,133,0.34666,10.5105890410959,1023.6,1057.68222222222,11.3344094368341
"1594","uiefmaize",2013,134,0.3454,10.5105890410959,1023.6,1057.68222222222,11.3344094368341
"1595","uiefmaize",2013,135,0.34399,10.5105890410959,1023.6,1057.68222222222,11.3344094368341
"1596","uiefmaize",2013,136,0.34221,10.5105890410959,1023.6,1057.68222222222,11.3344094368341
"1597","uiefmaize",2013,137,0.34025,10.5105890410959,1023.6,1057.68222222222,11.3344094368341
"1598","uiefmaize",2013,138,0.33826,10.5105890410959,1023.6,1057.68222222222,11.3344094368341
"1599","uiefmaize",2013,139,0.33642,10.5105890410959,1023.6,1057.68222222222,11.3344094368341
"1600","uiefmaize",2013,140,0.33492,10.5105890410959,1023.6,1057.68222222222,11.3344094368341
"1601","uiefmaize",2013,141,0.3339,10.5105890410959,1023.6,1057.68222222222,11.3344094368341
"1602","uiefmaize",2013,142,0.33329,10.5105890410959,1023.6,1057.68222222222,11.3344094368341
"1603","uiefmaize",2013,143,0.33287,10.5105890410959,1023.6,1057.68222222222,11.3344094368341
"1604","uiefmaize",2013,144,0.33265,10.5105890410959,1023.6,1057.68222222222,11.3344094368341
"1605","uiefmaize",2013,145,0.33264,10.5105890410959,1023.6,1057.68222222222,11.3344094368341
"1606","uiefmaize",2013,146,0.33283,10.5105890410959,1023.6,1057.68222222222,11.3344094368341
"1607","uiefmaize",2013,147,0.33325,10.5105890410959,1023.6,1057.68222222222,11.3344094368341
"1608","uiefmaize",2013,148,0.33389,10.5105890410959,1023.6,1057.68222222222,11.3344094368341
"1609","uiefmaize",2013,149,0.3348,10.5105890410959,1023.6,1057.68222222222,11.3344094368341
"1610","uiefmaize",2013,150,0.33602,10.5105890410959,1023.6,1057.68222222222,11.3344094368341
"1611","uiefmaize",2013,151,0.33746,10.5105890410959,1023.6,1057.68222222222,11.3344094368341
"1612","uiefmaize",2013,152,0.33909,10.5105890410959,1023.6,1057.68222222222,11.3344094368341
"1613","uiefmaize",2013,153,0.34084,10.5105890410959,1023.6,1057.68222222222,11.3344094368341
"1614","uiefmaize",2013,154,0.34266,10.5105890410959,1023.6,1057.68222222222,11.3344094368341
"1615","uiefmaize",2013,155,0.34468,10.5105890410959,1023.6,1057.68222222222,11.3344094368341
"1616","uiefmaize",2013,156,0.347,10.5105890410959,1023.6,1057.68222222222,11.3344094368341
"1617","uiefmaize",2013,157,0.34955,10.5105890410959,1023.6,1057.68222222222,11.3344094368341
"1618","uiefmaize",2013,158,0.35221,10.5105890410959,1023.6,1057.68222222222,11.3344094368341
"1619","uiefmaize",2013,159,0.3549,10.5105890410959,1023.6,1057.68222222222,11.3344094368341
"1620","uiefmaize",2013,160,0.35752,10.5105890410959,1023.6,1057.68222222222,11.3344094368341
"1621","uiefmaize",2013,161,0.35998,10.5105890410959,1023.6,1057.68222222222,11.3344094368341
"1622","uiefmaize",2013,162,0.36243,10.5105890410959,1023.6,1057.68222222222,11.3344094368341
"1623","uiefmaize",2013,163,0.36503,10.5105890410959,1023.6,1057.68222222222,11.3344094368341
"1624","uiefmaize",2013,164,0.3677,10.5105890410959,1023.6,1057.68222222222,11.3344094368341
"1625","uiefmaize",2013,165,0.37033,10.5105890410959,1023.6,1057.68222222222,11.3344094368341
"1626","uiefmaize",2013,166,0.37285,10.5105890410959,1023.6,1057.68222222222,11.3344094368341
"1627","uiefmaize",2013,167,0.37517,10.5105890410959,1023.6,1057.68222222222,11.3344094368341
"1628","uiefmaize",2013,168,0.37719,10.5105890410959,1023.6,1057.68222222222,11.3344094368341
"1629","uiefmaize",2013,169,0.37897,10.5105890410959,1023.6,1057.68222222222,11.3344094368341
"1630","uiefmaize",2013,170,0.3806,10.5105890410959,1023.6,1057.68222222222,11.3344094368341
"1631","uiefmaize",2013,171,0.38209,10.5105890410959,1023.6,1057.68222222222,11.3344094368341
"1632","uiefmaize",2013,172,0.38346,10.5105890410959,1023.6,1057.68222222222,11.3344094368341
"1633","uiefmaize",2013,173,0.38472,10.5105890410959,1023.6,1057.68222222222,11.3344094368341
"1634","uiefmaize",2013,174,0.38587,10.5105890410959,1023.6,1057.68222222222,11.3344094368341
"1635","uiefmaize",2013,175,0.38692,10.5105890410959,1023.6,1057.68222222222,11.3344094368341
"1636","uiefmaize",2013,176,0.38778,10.5105890410959,1023.6,1057.68222222222,11.3344094368341
"1637","uiefmaize",2013,177,0.38838,10.5105890410959,1023.6,1057.68222222222,11.3344094368341
"1638","uiefmaize",2013,178,0.38881,10.5105890410959,1023.6,1057.68222222222,11.3344094368341
"1639","uiefmaize",2013,179,0.38913,10.5105890410959,1023.6,1057.68222222222,11.3344094368341
"1640","uiefmaize",2013,180,0.38942,10.5105890410959,1023.6,1057.68222222222,11.3344094368341
"1641","uiefmaize",2013,181,0.38976,10.5105890410959,1023.6,1057.68222222222,11.3344094368341
"1642","uiefmaize",2013,182,0.39022,10.5105890410959,1023.6,1057.68222222222,11.3344094368341
"1643","uiefmaize",2013,183,0.39088,10.5105890410959,1023.6,1057.68222222222,11.3344094368341
"1644","uiefmaize",2013,184,0.3917,10.5105890410959,1023.6,1057.68222222222,11.3344094368341
"1645","uiefmaize",2013,185,0.39259,10.5105890410959,1023.6,1057.68222222222,11.3344094368341
"1646","uiefmaize",2013,186,0.39346,10.5105890410959,1023.6,1057.68222222222,11.3344094368341
"1647","uiefmaize",2013,187,0.39423,10.5105890410959,1023.6,1057.68222222222,11.3344094368341
"1648","uiefmaize",2013,188,0.39482,10.5105890410959,1023.6,1057.68222222222,11.3344094368341
"1649","uiefmaize",2013,189,0.39513,10.5105890410959,1023.6,1057.68222222222,11.3344094368341
"1650","uiefmaize",2013,190,0.39516,10.5105890410959,1023.6,1057.68222222222,11.3344094368341
"1651","uiefmaize",2013,191,0.39499,10.5105890410959,1023.6,1057.68222222222,11.3344094368341
"1652","uiefmaize",2013,192,0.39465,10.5105890410959,1023.6,1057.68222222222,11.3344094368341
"1653","uiefmaize",2013,193,0.3942,10.5105890410959,1023.6,1057.68222222222,11.3344094368341
"1654","uiefmaize",2013,194,0.39366,10.5105890410959,1023.6,1057.68222222222,11.3344094368341
"1655","uiefmaize",2013,195,0.39306,10.5105890410959,1023.6,1057.68222222222,11.3344094368341
"1656","uiefmaize",2013,196,0.39246,10.5105890410959,1023.6,1057.68222222222,11.3344094368341
"1657","uiefmaize",2013,197,0.39168,10.5105890410959,1023.6,1057.68222222222,11.3344094368341
"1658","uiefmaize",2013,198,0.39061,10.5105890410959,1023.6,1057.68222222222,11.3344094368341
"1659","uiefmaize",2013,199,0.38936,10.5105890410959,1023.6,1057.68222222222,11.3344094368341
"1660","uiefmaize",2013,200,0.38805,10.5105890410959,1023.6,1057.68222222222,11.3344094368341
"1661","uiefmaize",2013,201,0.38678,10.5105890410959,1023.6,1057.68222222222,11.3344094368341
"1662","uiefmaize",2013,202,0.38567,10.5105890410959,1023.6,1057.68222222222,11.3344094368341
"1663","uiefmaize",2013,203,0.38484,10.5105890410959,1023.6,1057.68222222222,11.3344094368341
"1664","uiefmaize",2013,204,0.38433,10.5105890410959,1023.6,1057.68222222222,11.3344094368341
"1665","uiefmaize",2013,205,0.38406,10.5105890410959,1023.6,1057.68222222222,11.3344094368341
"1666","uiefmaize",2013,206,0.38396,10.5105890410959,1023.6,1057.68222222222,11.3344094368341
"1667","uiefmaize",2013,207,0.38396,10.5105890410959,1023.6,1057.68222222222,11.3344094368341
"1668","uiefmaize",2013,208,0.38397,10.5105890410959,1023.6,1057.68222222222,11.3344094368341
"1669","uiefmaize",2013,209,0.38392,10.5105890410959,1023.6,1057.68222222222,11.3344094368341
"1670","uiefmaize",2013,210,0.38374,10.5105890410959,1023.6,1057.68222222222,11.3344094368341
"1671","uiefmaize",2013,211,0.38341,10.5105890410959,1023.6,1057.68222222222,11.3344094368341
"1672","uiefmaize",2013,212,0.383,10.5105890410959,1023.6,1057.68222222222,11.3344094368341
"1673","uiefmaize",2013,213,0.38254,10.5105890410959,1023.6,1057.68222222222,11.3344094368341
"1674","uiefmaize",2013,214,0.38205,10.5105890410959,1023.6,1057.68222222222,11.3344094368341
"1675","uiefmaize",2013,215,0.38157,10.5105890410959,1023.6,1057.68222222222,11.3344094368341
"1676","uiefmaize",2013,216,0.38111,10.5105890410959,1023.6,1057.68222222222,11.3344094368341
"1677","uiefmaize",2013,217,0.38071,10.5105890410959,1023.6,1057.68222222222,11.3344094368341
"1678","uiefmaize",2013,218,0.38031,10.5105890410959,1023.6,1057.68222222222,11.3344094368341
"1679","uiefmaize",2013,219,0.37986,10.5105890410959,1023.6,1057.68222222222,11.3344094368341
"1680","uiefmaize",2013,220,0.37939,10.5105890410959,1023.6,1057.68222222222,11.3344094368341
"1681","uiefmaize",2013,221,0.37895,10.5105890410959,1023.6,1057.68222222222,11.3344094368341
"1682","uiefmaize",2013,222,0.37858,10.5105890410959,1023.6,1057.68222222222,11.3344094368341
"1683","uiefmaize",2013,223,0.37832,10.5105890410959,1023.6,1057.68222222222,11.3344094368341
"1684","uiefmaize",2013,224,0.37821,10.5105890410959,1023.6,1057.68222222222,11.3344094368341
"1685","uiefmaize",2013,225,0.37827,10.5105890410959,1023.6,1057.68222222222,11.3344094368341
"1686","uiefmaize",2013,226,0.37846,10.5105890410959,1023.6,1057.68222222222,11.3344094368341
"1687","uiefmaize",2013,227,0.37878,10.5105890410959,1023.6,1057.68222222222,11.3344094368341
"1688","uiefmaize",2013,228,0.37918,10.5105890410959,1023.6,1057.68222222222,11.3344094368341
"1689","uiefmaize",2013,229,0.37965,10.5105890410959,1023.6,1057.68222222222,11.3344094368341
"1690","uiefmaize",2013,230,0.38015,10.5105890410959,1023.6,1057.68222222222,11.3344094368341
"1691","uiefmaize",2013,231,0.38067,10.5105890410959,1023.6,1057.68222222222,11.3344094368341
"1692","uiefmaize",2013,232,0.38129,10.5105890410959,1023.6,1057.68222222222,11.3344094368341
"1693","uiefmaize",2013,233,0.38206,10.5105890410959,1023.6,1057.68222222222,11.3344094368341
"1694","uiefmaize",2013,234,0.38294,10.5105890410959,1023.6,1057.68222222222,11.3344094368341
"1695","uiefmaize",2013,235,0.38387,10.5105890410959,1023.6,1057.68222222222,11.3344094368341
"1696","uiefmaize",2013,236,0.38479,10.5105890410959,1023.6,1057.68222222222,11.3344094368341
"1697","uiefmaize",2013,237,0.38565,10.5105890410959,1023.6,1057.68222222222,11.3344094368341
"1698","uiefmaize",2013,238,0.38639,10.5105890410959,1023.6,1057.68222222222,11.3344094368341
"1699","uiefmaize",2013,239,0.38739,10.5105890410959,1023.6,1057.68222222222,11.3344094368341
"1700","uiefmaize",2013,240,0.38886,10.5105890410959,1023.6,1057.68222222222,11.3344094368341
"1701","uiefmaize",2013,241,0.39052,10.5105890410959,1023.6,1057.68222222222,11.3344094368341
"1702","uiefmaize",2013,242,0.39208,10.5105890410959,1023.6,1057.68222222222,11.3344094368341
"1703","uiefmaize",2013,243,0.39325,10.5105890410959,1023.6,1057.68222222222,11.3344094368341
"1704","uiefmaize",2013,244,0.39374,10.5105890410959,1023.6,1057.68222222222,11.3344094368341
"1705","uiefmaize",2013,245,0.39326,10.5105890410959,1023.6,1057.68222222222,11.3344094368341
"1706","uiefmaize",2013,246,0.39176,10.5105890410959,1023.6,1057.68222222222,11.3344094368341
"1707","uiefmaize",2013,247,0.38951,10.5105890410959,1023.6,1057.68222222222,11.3344094368341
"1708","uiefmaize",2013,248,0.38667,10.5105890410959,1023.6,1057.68222222222,11.3344094368341
"1709","uiefmaize",2013,249,0.38342,10.5105890410959,1023.6,1057.68222222222,11.3344094368341
"1710","uiefmaize",2013,250,0.37993,10.5105890410959,1023.6,1057.68222222222,11.3344094368341
"1711","uiefmaize",2013,251,0.37637,10.5105890410959,1023.6,1057.68222222222,11.3344094368341
"1712","uiefmaize",2013,252,0.37293,10.5105890410959,1023.6,1057.68222222222,11.3344094368341
"1713","uiefmaize",2013,253,0.36913,10.5105890410959,1023.6,1057.68222222222,11.3344094368341
"1714","uiefmaize",2013,254,0.3646,10.5105890410959,1023.6,1057.68222222222,11.3344094368341
"1715","uiefmaize",2013,255,0.35968,10.5105890410959,1023.6,1057.68222222222,11.3344094368341
"1716","uiefmaize",2013,256,0.35469,10.5105890410959,1023.6,1057.68222222222,11.3344094368341
"1717","uiefmaize",2013,257,0.34996,10.5105890410959,1023.6,1057.68222222222,11.3344094368341
"1718","uiefmaize",2013,258,0.34581,10.5105890410959,1023.6,1057.68222222222,11.3344094368341
"1719","uiefmaize",2013,259,0.34257,10.5105890410959,1023.6,1057.68222222222,11.3344094368341
"1720","uiefmaize",2013,260,0.34016,10.5105890410959,1023.6,1057.68222222222,11.3344094368341
"1721","uiefmaize",2013,261,0.33824,10.5105890410959,1023.6,1057.68222222222,11.3344094368341
"1722","uiefmaize",2013,262,0.33672,10.5105890410959,1023.6,1057.68222222222,11.3344094368341
"1723","uiefmaize",2013,263,0.3355,10.5105890410959,1023.6,1057.68222222222,11.3344094368341
"1724","uiefmaize",2013,264,0.33451,10.5105890410959,1023.6,1057.68222222222,11.3344094368341
"1725","uiefmaize",2013,265,0.33364,10.5105890410959,1023.6,1057.68222222222,11.3344094368341
"1726","uiefmaize",2013,266,0.33311,10.5105890410959,1023.6,1057.68222222222,11.3344094368341
"1727","uiefmaize",2013,267,0.3331,10.5105890410959,1023.6,1057.68222222222,11.3344094368341
"1728","uiefmaize",2013,268,0.33345,10.5105890410959,1023.6,1057.68222222222,11.3344094368341
"1729","uiefmaize",2013,269,0.334,10.5105890410959,1023.6,1057.68222222222,11.3344094368341
"1730","uiefmaize",2013,270,0.33461,10.5105890410959,1023.6,1057.68222222222,11.3344094368341
"1731","uiefmaize",2013,271,0.3351,10.5105890410959,1023.6,1057.68222222222,11.3344094368341
"1732","uiefmaize",2013,272,0.33532,10.5105890410959,1023.6,1057.68222222222,11.3344094368341
"1733","uiefmaize",2013,273,0.3354,10.5105890410959,1023.6,1057.68222222222,11.3344094368341
"1734","uiefmaize",2013,274,0.33555,10.5105890410959,1023.6,1057.68222222222,11.3344094368341
"1735","uiefmaize",2013,275,0.33573,10.5105890410959,1023.6,1057.68222222222,11.3344094368341
"1736","uiefmaize",2013,276,0.33591,10.5105890410959,1023.6,1057.68222222222,11.3344094368341
"1737","uiefmaize",2013,277,0.33606,10.5105890410959,1023.6,1057.68222222222,11.3344094368341
"1738","uiefmaize",2013,278,0.33615,10.5105890410959,1023.6,1057.68222222222,11.3344094368341
"1739","uiefmaize",2013,279,0.33616,10.5105890410959,1023.6,1057.68222222222,11.3344094368341
"1740","uiefmaize",2013,280,0.33606,10.5105890410959,1023.6,1057.68222222222,11.3344094368341
"1741","uiefmaize",2013,281,0.33589,10.5105890410959,1023.6,1057.68222222222,11.3344094368341
"1742","uiefmaize",2013,282,0.33567,10.5105890410959,1023.6,1057.68222222222,11.3344094368341
"1743","uiefmaize",2013,283,0.33544,10.5105890410959,1023.6,1057.68222222222,11.3344094368341
"1744","uiefmaize",2013,284,0.33521,10.5105890410959,1023.6,1057.68222222222,11.3344094368341
"1745","uiefmaize",2013,285,0.33503,10.5105890410959,1023.6,1057.68222222222,11.3344094368341
"1746","uiefmaize",2013,286,0.33493,10.5105890410959,1023.6,1057.68222222222,11.3344094368341
"1747","uiefmaize",2013,287,0.33488,10.5105890410959,1023.6,1057.68222222222,11.3344094368341
"1748","uiefmaize",2013,288,0.33487,10.5105890410959,1023.6,1057.68222222222,11.3344094368341
"1749","uiefmaize",2013,289,0.33488,10.5105890410959,1023.6,1057.68222222222,11.3344094368341
"1750","uiefmaize",2013,290,0.33491,10.5105890410959,1023.6,1057.68222222222,11.3344094368341
"1751","uiefmaize",2013,291,0.33495,10.5105890410959,1023.6,1057.68222222222,11.3344094368341
"1752","uiefmaize",2013,292,0.33501,10.5105890410959,1023.6,1057.68222222222,11.3344094368341
"1753","uiefmaize",2013,293,0.33506,10.5105890410959,1023.6,1057.68222222222,11.3344094368341
"1754","uiefmaize",2013,294,0.33513,10.5105890410959,1023.6,1057.68222222222,11.3344094368341
"1755","uiefmaize",2013,295,0.33521,10.5105890410959,1023.6,1057.68222222222,11.3344094368341
"1756","uiefmaize",2013,296,0.33531,10.5105890410959,1023.6,1057.68222222222,11.3344094368341
"1757","uiefmaize",2013,297,0.33542,10.5105890410959,1023.6,1057.68222222222,11.3344094368341
"1758","uiefmaize",2013,298,0.33554,10.5105890410959,1023.6,1057.68222222222,11.3344094368341
"1759","uiefmaize",2013,299,0.33566,10.5105890410959,1023.6,1057.68222222222,11.3344094368341
"1760","uiefmaize",2013,300,0.33578,10.5105890410959,1023.6,1057.68222222222,11.3344094368341
"1761","uiefmaize",2013,301,0.33593,10.5105890410959,1023.6,1057.68222222222,11.3344094368341
"1762","uiefmaize",2013,302,0.33611,10.5105890410959,1023.6,1057.68222222222,11.3344094368341
"1763","uiefmaize",2013,303,0.33632,10.5105890410959,1023.6,1057.68222222222,11.3344094368341
"1764","uiefmaize",2013,304,0.33653,10.5105890410959,1023.6,1057.68222222222,11.3344094368341
"1765","uiefmaize",2013,305,0.33674,10.5105890410959,1023.6,1057.68222222222,11.3344094368341
"1766","uiefmaize",2013,306,0.33692,10.5105890410959,1023.6,1057.68222222222,11.3344094368341
"1767","uiefmaize",2013,307,0.33705,10.5105890410959,1023.6,1057.68222222222,11.3344094368341
"1768","uiefmaize",2013,308,0.33716,10.5105890410959,1023.6,1057.68222222222,11.3344094368341
"1769","uiefmaize",2013,309,0.33726,10.5105890410959,1023.6,1057.68222222222,11.3344094368341
"1770","uiefmaize",2013,310,0.33734,10.5105890410959,1023.6,1057.68222222222,11.3344094368341
"1771","uiefmaize",2013,311,0.33741,10.5105890410959,1023.6,1057.68222222222,11.3344094368341
"1772","uiefmaize",2013,312,0.33745,10.5105890410959,1023.6,1057.68222222222,11.3344094368341
"1773","uiefmaize",2013,313,0.33747,10.5105890410959,1023.6,1057.68222222222,11.3344094368341
"1774","uiefmaize",2013,314,0.33746,10.5105890410959,1023.6,1057.68222222222,11.3344094368341
"1775","uiefmaize",2013,315,0.33737,10.5105890410959,1023.6,1057.68222222222,11.3344094368341
"1776","uiefmaize",2013,316,0.33721,10.5105890410959,1023.6,1057.68222222222,11.3344094368341
"1777","uiefmaize",2013,317,0.337,10.5105890410959,1023.6,1057.68222222222,11.3344094368341
"1778","uiefmaize",2013,318,0.33678,10.5105890410959,1023.6,1057.68222222222,11.3344094368341
"1779","uiefmaize",2013,319,0.33659,10.5105890410959,1023.6,1057.68222222222,11.3344094368341
"1780","uiefmaize",2013,320,0.33648,10.5105890410959,1023.6,1057.68222222222,11.3344094368341
"1781","uiefmaize",2013,321,0.33643,10.5105890410959,1023.6,1057.68222222222,11.3344094368341
"1782","uiefmaize",2013,322,0.33642,10.5105890410959,1023.6,1057.68222222222,11.3344094368341
"1783","uiefmaize",2013,323,0.33644,10.5105890410959,1023.6,1057.68222222222,11.3344094368341
"1784","uiefmaize",2013,324,0.33647,10.5105890410959,1023.6,1057.68222222222,11.3344094368341
"1785","uiefmaize",2013,325,0.33651,10.5105890410959,1023.6,1057.68222222222,11.3344094368341
"1786","uiefmaize",2013,326,0.33654,10.5105890410959,1023.6,1057.68222222222,11.3344094368341
"1787","uiefmaize",2013,327,0.33654,10.5105890410959,1023.6,1057.68222222222,11.3344094368341
"1788","uiefmaize",2013,328,0.33657,10.5105890410959,1023.6,1057.68222222222,11.3344094368341
"1789","uiefmaize",2013,329,0.33663,10.5105890410959,1023.6,1057.68222222222,11.3344094368341
"1790","uiefmaize",2013,330,0.3367,10.5105890410959,1023.6,1057.68222222222,11.3344094368341
"1791","uiefmaize",2013,331,0.33676,10.5105890410959,1023.6,1057.68222222222,11.3344094368341
"1792","uiefmaize",2013,332,0.33678,10.5105890410959,1023.6,1057.68222222222,11.3344094368341
"1793","uiefmaize",2013,333,0.33674,10.5105890410959,1023.6,1057.68222222222,11.3344094368341
"1794","uiefmaize",2013,334,0.33661,10.5105890410959,1023.6,1057.68222222222,11.3344094368341
"1795","uiefmaize",2013,335,0.33636,10.5105890410959,1023.6,1057.68222222222,11.3344094368341
"1796","uiefmaize",2013,336,0.33599,10.5105890410959,1023.6,1057.68222222222,11.3344094368341
"1797","uiefmaize",2013,337,0.33555,10.5105890410959,1023.6,1057.68222222222,11.3344094368341
"1798","uiefmaize",2013,338,0.33507,10.5105890410959,1023.6,1057.68222222222,11.3344094368341
"1799","uiefmaize",2013,339,0.33458,10.5105890410959,1023.6,1057.68222222222,11.3344094368341
"1800","uiefmaize",2013,340,0.33411,10.5105890410959,1023.6,1057.68222222222,11.3344094368341
"1801","uiefmaize",2013,341,0.33369,10.5105890410959,1023.6,1057.68222222222,11.3344094368341
"1802","uiefmaize",2013,342,0.33328,10.5105890410959,1023.6,1057.68222222222,11.3344094368341
"1803","uiefmaize",2013,343,0.33283,10.5105890410959,1023.6,1057.68222222222,11.3344094368341
"1804","uiefmaize",2013,344,0.33236,10.5105890410959,1023.6,1057.68222222222,11.3344094368341
"1805","uiefmaize",2013,345,0.33192,10.5105890410959,1023.6,1057.68222222222,11.3344094368341
"1806","uiefmaize",2013,346,0.33154,10.5105890410959,1023.6,1057.68222222222,11.3344094368341
"1807","uiefmaize",2013,347,0.33125,10.5105890410959,1023.6,1057.68222222222,11.3344094368341
"1808","uiefmaize",2013,348,0.33109,10.5105890410959,1023.6,1057.68222222222,11.3344094368341
"1809","uiefmaize",2013,349,0.33109,10.5105890410959,1023.6,1057.68222222222,11.3344094368341
"1810","uiefmaize",2013,350,0.33119,10.5105890410959,1023.6,1057.68222222222,11.3344094368341
"1811","uiefmaize",2013,351,0.33138,10.5105890410959,1023.6,1057.68222222222,11.3344094368341
"1812","uiefmaize",2013,352,0.33162,10.5105890410959,1023.6,1057.68222222222,11.3344094368341
"1813","uiefmaize",2013,353,0.33188,10.5105890410959,1023.6,1057.68222222222,11.3344094368341
"1814","uiefmaize",2013,354,0.33212,10.5105890410959,1023.6,1057.68222222222,11.3344094368341
"1815","uiefmaize",2013,355,0.33231,10.5105890410959,1023.6,1057.68222222222,11.3344094368341
"1816","uiefmaize",2013,356,0.33252,10.5105890410959,1023.6,1057.68222222222,11.3344094368341
"1817","uiefmaize",2013,357,0.3328,10.5105890410959,1023.6,1057.68222222222,11.3344094368341
"1818","uiefmaize",2013,358,0.33311,10.5105890410959,1023.6,1057.68222222222,11.3344094368341
"1819","uiefmaize",2013,359,0.33342,10.5105890410959,1023.6,1057.68222222222,11.3344094368341
"1820","uiefmaize",2013,360,0.3337,10.5105890410959,1023.6,1057.68222222222,11.3344094368341
"1821","uiefmaize",2013,361,0.33388,10.5105890410959,1023.6,1057.68222222222,11.3344094368341
"1822","uiefmaize",2013,362,0.33395,10.5105890410959,1023.6,1057.68222222222,11.3344094368341
"1823","uiefmaize",2013,363,0.33387,10.5105890410959,1023.6,1057.68222222222,11.3344094368341
"1824","uiefmaize",2013,364,0.33366,10.5105890410959,1023.6,1057.68222222222,11.3344094368341
"1825","uiefmaize",2013,365,0.33337,10.5105890410959,1023.6,1057.68222222222,11.3344094368341
"1826","uiefmaize",2014,1,0.33304,9.55815068493151,1172.8,1057.68222222222,11.3344094368341
"1827","uiefmaize",2014,2,0.33272,9.55815068493151,1172.8,1057.68222222222,11.3344094368341
"1828","uiefmaize",2014,3,0.33246,9.55815068493151,1172.8,1057.68222222222,11.3344094368341
"1829","uiefmaize",2014,4,0.3323,9.55815068493151,1172.8,1057.68222222222,11.3344094368341
"1830","uiefmaize",2014,5,0.33222,9.55815068493151,1172.8,1057.68222222222,11.3344094368341
"1831","uiefmaize",2014,6,0.33216,9.55815068493151,1172.8,1057.68222222222,11.3344094368341
"1832","uiefmaize",2014,7,0.33213,9.55815068493151,1172.8,1057.68222222222,11.3344094368341
"1833","uiefmaize",2014,8,0.3321,9.55815068493151,1172.8,1057.68222222222,11.3344094368341
"1834","uiefmaize",2014,9,0.33209,9.55815068493151,1172.8,1057.68222222222,11.3344094368341
"1835","uiefmaize",2014,10,0.33208,9.55815068493151,1172.8,1057.68222222222,11.3344094368341
"1836","uiefmaize",2014,11,0.33211,9.55815068493151,1172.8,1057.68222222222,11.3344094368341
"1837","uiefmaize",2014,12,0.3322,9.55815068493151,1172.8,1057.68222222222,11.3344094368341
"1838","uiefmaize",2014,13,0.33233,9.55815068493151,1172.8,1057.68222222222,11.3344094368341
"1839","uiefmaize",2014,14,0.33247,9.55815068493151,1172.8,1057.68222222222,11.3344094368341
"1840","uiefmaize",2014,15,0.33259,9.55815068493151,1172.8,1057.68222222222,11.3344094368341
"1841","uiefmaize",2014,16,0.33268,9.55815068493151,1172.8,1057.68222222222,11.3344094368341
"1842","uiefmaize",2014,17,0.3327,9.55815068493151,1172.8,1057.68222222222,11.3344094368341
"1843","uiefmaize",2014,18,0.33266,9.55815068493151,1172.8,1057.68222222222,11.3344094368341
"1844","uiefmaize",2014,19,0.33257,9.55815068493151,1172.8,1057.68222222222,11.3344094368341
"1845","uiefmaize",2014,20,0.33244,9.55815068493151,1172.8,1057.68222222222,11.3344094368341
"1846","uiefmaize",2014,21,0.33229,9.55815068493151,1172.8,1057.68222222222,11.3344094368341
"1847","uiefmaize",2014,22,0.33214,9.55815068493151,1172.8,1057.68222222222,11.3344094368341
"1848","uiefmaize",2014,23,0.332,9.55815068493151,1172.8,1057.68222222222,11.3344094368341
"1849","uiefmaize",2014,24,0.33189,9.55815068493151,1172.8,1057.68222222222,11.3344094368341
"1850","uiefmaize",2014,25,0.33178,9.55815068493151,1172.8,1057.68222222222,11.3344094368341
"1851","uiefmaize",2014,26,0.33168,9.55815068493151,1172.8,1057.68222222222,11.3344094368341
"1852","uiefmaize",2014,27,0.33157,9.55815068493151,1172.8,1057.68222222222,11.3344094368341
"1853","uiefmaize",2014,28,0.33146,9.55815068493151,1172.8,1057.68222222222,11.3344094368341
"1854","uiefmaize",2014,29,0.33137,9.55815068493151,1172.8,1057.68222222222,11.3344094368341
"1855","uiefmaize",2014,30,0.33129,9.55815068493151,1172.8,1057.68222222222,11.3344094368341
"1856","uiefmaize",2014,31,0.33124,9.55815068493151,1172.8,1057.68222222222,11.3344094368341
"1857","uiefmaize",2014,32,0.3312,9.55815068493151,1172.8,1057.68222222222,11.3344094368341
"1858","uiefmaize",2014,33,0.33117,9.55815068493151,1172.8,1057.68222222222,11.3344094368341
"1859","uiefmaize",2014,34,0.33116,9.55815068493151,1172.8,1057.68222222222,11.3344094368341
"1860","uiefmaize",2014,35,0.33116,9.55815068493151,1172.8,1057.68222222222,11.3344094368341
"1861","uiefmaize",2014,36,0.33117,9.55815068493151,1172.8,1057.68222222222,11.3344094368341
"1862","uiefmaize",2014,37,0.33118,9.55815068493151,1172.8,1057.68222222222,11.3344094368341
"1863","uiefmaize",2014,38,0.3312,9.55815068493151,1172.8,1057.68222222222,11.3344094368341
"1864","uiefmaize",2014,39,0.33123,9.55815068493151,1172.8,1057.68222222222,11.3344094368341
"1865","uiefmaize",2014,40,0.33128,9.55815068493151,1172.8,1057.68222222222,11.3344094368341
"1866","uiefmaize",2014,41,0.33135,9.55815068493151,1172.8,1057.68222222222,11.3344094368341
"1867","uiefmaize",2014,42,0.33142,9.55815068493151,1172.8,1057.68222222222,11.3344094368341
"1868","uiefmaize",2014,43,0.33148,9.55815068493151,1172.8,1057.68222222222,11.3344094368341
"1869","uiefmaize",2014,44,0.33153,9.55815068493151,1172.8,1057.68222222222,11.3344094368341
"1870","uiefmaize",2014,45,0.33157,9.55815068493151,1172.8,1057.68222222222,11.3344094368341
"1871","uiefmaize",2014,46,0.33158,9.55815068493151,1172.8,1057.68222222222,11.3344094368341
"1872","uiefmaize",2014,47,0.33158,9.55815068493151,1172.8,1057.68222222222,11.3344094368341
"1873","uiefmaize",2014,48,0.33156,9.55815068493151,1172.8,1057.68222222222,11.3344094368341
"1874","uiefmaize",2014,49,0.33155,9.55815068493151,1172.8,1057.68222222222,11.3344094368341
"1875","uiefmaize",2014,50,0.33153,9.55815068493151,1172.8,1057.68222222222,11.3344094368341
"1876","uiefmaize",2014,51,0.33153,9.55815068493151,1172.8,1057.68222222222,11.3344094368341
"1877","uiefmaize",2014,52,0.33153,9.55815068493151,1172.8,1057.68222222222,11.3344094368341
"1878","uiefmaize",2014,53,0.33154,9.55815068493151,1172.8,1057.68222222222,11.3344094368341
"1879","uiefmaize",2014,54,0.33153,9.55815068493151,1172.8,1057.68222222222,11.3344094368341
"1880","uiefmaize",2014,55,0.33153,9.55815068493151,1172.8,1057.68222222222,11.3344094368341
"1881","uiefmaize",2014,56,0.33153,9.55815068493151,1172.8,1057.68222222222,11.3344094368341
"1882","uiefmaize",2014,57,0.33156,9.55815068493151,1172.8,1057.68222222222,11.3344094368341
"1883","uiefmaize",2014,58,0.3316,9.55815068493151,1172.8,1057.68222222222,11.3344094368341
"1884","uiefmaize",2014,59,0.33168,9.55815068493151,1172.8,1057.68222222222,11.3344094368341
"1885","uiefmaize",2014,60,0.33179,9.55815068493151,1172.8,1057.68222222222,11.3344094368341
"1886","uiefmaize",2014,61,0.33194,9.55815068493151,1172.8,1057.68222222222,11.3344094368341
"1887","uiefmaize",2014,62,0.33211,9.55815068493151,1172.8,1057.68222222222,11.3344094368341
"1888","uiefmaize",2014,63,0.33228,9.55815068493151,1172.8,1057.68222222222,11.3344094368341
"1889","uiefmaize",2014,64,0.33246,9.55815068493151,1172.8,1057.68222222222,11.3344094368341
"1890","uiefmaize",2014,65,0.33262,9.55815068493151,1172.8,1057.68222222222,11.3344094368341
"1891","uiefmaize",2014,66,0.33279,9.55815068493151,1172.8,1057.68222222222,11.3344094368341
"1892","uiefmaize",2014,67,0.33299,9.55815068493151,1172.8,1057.68222222222,11.3344094368341
"1893","uiefmaize",2014,68,0.33321,9.55815068493151,1172.8,1057.68222222222,11.3344094368341
"1894","uiefmaize",2014,69,0.33343,9.55815068493151,1172.8,1057.68222222222,11.3344094368341
"1895","uiefmaize",2014,70,0.33365,9.55815068493151,1172.8,1057.68222222222,11.3344094368341
"1896","uiefmaize",2014,71,0.33385,9.55815068493151,1172.8,1057.68222222222,11.3344094368341
"1897","uiefmaize",2014,72,0.33402,9.55815068493151,1172.8,1057.68222222222,11.3344094368341
"1898","uiefmaize",2014,73,0.33416,9.55815068493151,1172.8,1057.68222222222,11.3344094368341
"1899","uiefmaize",2014,74,0.33428,9.55815068493151,1172.8,1057.68222222222,11.3344094368341
"1900","uiefmaize",2014,75,0.33438,9.55815068493151,1172.8,1057.68222222222,11.3344094368341
"1901","uiefmaize",2014,76,0.33446,9.55815068493151,1172.8,1057.68222222222,11.3344094368341
"1902","uiefmaize",2014,77,0.33453,9.55815068493151,1172.8,1057.68222222222,11.3344094368341
"1903","uiefmaize",2014,78,0.33458,9.55815068493151,1172.8,1057.68222222222,11.3344094368341
"1904","uiefmaize",2014,79,0.33463,9.55815068493151,1172.8,1057.68222222222,11.3344094368341
"1905","uiefmaize",2014,80,0.33465,9.55815068493151,1172.8,1057.68222222222,11.3344094368341
"1906","uiefmaize",2014,81,0.33463,9.55815068493151,1172.8,1057.68222222222,11.3344094368341
"1907","uiefmaize",2014,82,0.33458,9.55815068493151,1172.8,1057.68222222222,11.3344094368341
"1908","uiefmaize",2014,83,0.33453,9.55815068493151,1172.8,1057.68222222222,11.3344094368341
"1909","uiefmaize",2014,84,0.33448,9.55815068493151,1172.8,1057.68222222222,11.3344094368341
"1910","uiefmaize",2014,85,0.33446,9.55815068493151,1172.8,1057.68222222222,11.3344094368341
"1911","uiefmaize",2014,86,0.33447,9.55815068493151,1172.8,1057.68222222222,11.3344094368341
"1912","uiefmaize",2014,87,0.33451,9.55815068493151,1172.8,1057.68222222222,11.3344094368341
"1913","uiefmaize",2014,88,0.33456,9.55815068493151,1172.8,1057.68222222222,11.3344094368341
"1914","uiefmaize",2014,89,0.33462,9.55815068493151,1172.8,1057.68222222222,11.3344094368341
"1915","uiefmaize",2014,90,0.3347,9.55815068493151,1172.8,1057.68222222222,11.3344094368341
"1916","uiefmaize",2014,91,0.33479,9.55815068493151,1172.8,1057.68222222222,11.3344094368341
"1917","uiefmaize",2014,92,0.33489,9.55815068493151,1172.8,1057.68222222222,11.3344094368341
"1918","uiefmaize",2014,93,0.33502,9.55815068493151,1172.8,1057.68222222222,11.3344094368341
"1919","uiefmaize",2014,94,0.33517,9.55815068493151,1172.8,1057.68222222222,11.3344094368341
"1920","uiefmaize",2014,95,0.33534,9.55815068493151,1172.8,1057.68222222222,11.3344094368341
"1921","uiefmaize",2014,96,0.33553,9.55815068493151,1172.8,1057.68222222222,11.3344094368341
"1922","uiefmaize",2014,97,0.33574,9.55815068493151,1172.8,1057.68222222222,11.3344094368341
"1923","uiefmaize",2014,98,0.33596,9.55815068493151,1172.8,1057.68222222222,11.3344094368341
"1924","uiefmaize",2014,99,0.33621,9.55815068493151,1172.8,1057.68222222222,11.3344094368341
"1925","uiefmaize",2014,100,0.33647,9.55815068493151,1172.8,1057.68222222222,11.3344094368341
"1926","uiefmaize",2014,101,0.3367,9.55815068493151,1172.8,1057.68222222222,11.3344094368341
"1927","uiefmaize",2014,102,0.33686,9.55815068493151,1172.8,1057.68222222222,11.3344094368341
"1928","uiefmaize",2014,103,0.337,9.55815068493151,1172.8,1057.68222222222,11.3344094368341
"1929","uiefmaize",2014,104,0.33716,9.55815068493151,1172.8,1057.68222222222,11.3344094368341
"1930","uiefmaize",2014,105,0.33739,9.55815068493151,1172.8,1057.68222222222,11.3344094368341
"1931","uiefmaize",2014,106,0.33771,9.55815068493151,1172.8,1057.68222222222,11.3344094368341
"1932","uiefmaize",2014,107,0.33818,9.55815068493151,1172.8,1057.68222222222,11.3344094368341
"1933","uiefmaize",2014,108,0.33883,9.55815068493151,1172.8,1057.68222222222,11.3344094368341
"1934","uiefmaize",2014,109,0.33963,9.55815068493151,1172.8,1057.68222222222,11.3344094368341
"1935","uiefmaize",2014,110,0.34056,9.55815068493151,1172.8,1057.68222222222,11.3344094368341
"1936","uiefmaize",2014,111,0.34157,9.55815068493151,1172.8,1057.68222222222,11.3344094368341
"1937","uiefmaize",2014,112,0.34264,9.55815068493151,1172.8,1057.68222222222,11.3344094368341
"1938","uiefmaize",2014,113,0.34373,9.55815068493151,1172.8,1057.68222222222,11.3344094368341
"1939","uiefmaize",2014,114,0.34481,9.55815068493151,1172.8,1057.68222222222,11.3344094368341
"1940","uiefmaize",2014,115,0.34621,9.55815068493151,1172.8,1057.68222222222,11.3344094368341
"1941","uiefmaize",2014,116,0.34808,9.55815068493151,1172.8,1057.68222222222,11.3344094368341
"1942","uiefmaize",2014,117,0.35012,9.55815068493151,1172.8,1057.68222222222,11.3344094368341
"1943","uiefmaize",2014,118,0.35201,9.55815068493151,1172.8,1057.68222222222,11.3344094368341
"1944","uiefmaize",2014,119,0.35344,9.55815068493151,1172.8,1057.68222222222,11.3344094368341
"1945","uiefmaize",2014,120,0.3541,9.55815068493151,1172.8,1057.68222222222,11.3344094368341
"1946","uiefmaize",2014,121,0.35397,9.55815068493151,1172.8,1057.68222222222,11.3344094368341
"1947","uiefmaize",2014,122,0.35334,9.55815068493151,1172.8,1057.68222222222,11.3344094368341
"1948","uiefmaize",2014,123,0.35232,9.55815068493151,1172.8,1057.68222222222,11.3344094368341
"1949","uiefmaize",2014,124,0.35105,9.55815068493151,1172.8,1057.68222222222,11.3344094368341
"1950","uiefmaize",2014,125,0.34963,9.55815068493151,1172.8,1057.68222222222,11.3344094368341
"1951","uiefmaize",2014,126,0.3482,9.55815068493151,1172.8,1057.68222222222,11.3344094368341
"1952","uiefmaize",2014,127,0.34688,9.55815068493151,1172.8,1057.68222222222,11.3344094368341
"1953","uiefmaize",2014,128,0.34527,9.55815068493151,1172.8,1057.68222222222,11.3344094368341
"1954","uiefmaize",2014,129,0.34307,9.55815068493151,1172.8,1057.68222222222,11.3344094368341
"1955","uiefmaize",2014,130,0.34057,9.55815068493151,1172.8,1057.68222222222,11.3344094368341
"1956","uiefmaize",2014,131,0.33801,9.55815068493151,1172.8,1057.68222222222,11.3344094368341
"1957","uiefmaize",2014,132,0.33569,9.55815068493151,1172.8,1057.68222222222,11.3344094368341
"1958","uiefmaize",2014,133,0.33385,9.55815068493151,1172.8,1057.68222222222,11.3344094368341
"1959","uiefmaize",2014,134,0.33278,9.55815068493151,1172.8,1057.68222222222,11.3344094368341
"1960","uiefmaize",2014,135,0.33237,9.55815068493151,1172.8,1057.68222222222,11.3344094368341
"1961","uiefmaize",2014,136,0.33235,9.55815068493151,1172.8,1057.68222222222,11.3344094368341
"1962","uiefmaize",2014,137,0.33268,9.55815068493151,1172.8,1057.68222222222,11.3344094368341
"1963","uiefmaize",2014,138,0.33331,9.55815068493151,1172.8,1057.68222222222,11.3344094368341
"1964","uiefmaize",2014,139,0.33422,9.55815068493151,1172.8,1057.68222222222,11.3344094368341
"1965","uiefmaize",2014,140,0.33537,9.55815068493151,1172.8,1057.68222222222,11.3344094368341
"1966","uiefmaize",2014,141,0.33672,9.55815068493151,1172.8,1057.68222222222,11.3344094368341
"1967","uiefmaize",2014,142,0.33838,9.55815068493151,1172.8,1057.68222222222,11.3344094368341
"1968","uiefmaize",2014,143,0.34044,9.55815068493151,1172.8,1057.68222222222,11.3344094368341
"1969","uiefmaize",2014,144,0.3428,9.55815068493151,1172.8,1057.68222222222,11.3344094368341
"1970","uiefmaize",2014,145,0.3454,9.55815068493151,1172.8,1057.68222222222,11.3344094368341
"1971","uiefmaize",2014,146,0.34815,9.55815068493151,1172.8,1057.68222222222,11.3344094368341
"1972","uiefmaize",2014,147,0.35098,9.55815068493151,1172.8,1057.68222222222,11.3344094368341
"1973","uiefmaize",2014,148,0.3538,9.55815068493151,1172.8,1057.68222222222,11.3344094368341
"1974","uiefmaize",2014,149,0.35709,9.55815068493151,1172.8,1057.68222222222,11.3344094368341
"1975","uiefmaize",2014,150,0.36115,9.55815068493151,1172.8,1057.68222222222,11.3344094368341
"1976","uiefmaize",2014,151,0.36563,9.55815068493151,1172.8,1057.68222222222,11.3344094368341
"1977","uiefmaize",2014,152,0.37018,9.55815068493151,1172.8,1057.68222222222,11.3344094368341
"1978","uiefmaize",2014,153,0.37445,9.55815068493151,1172.8,1057.68222222222,11.3344094368341
"1979","uiefmaize",2014,154,0.3781,9.55815068493151,1172.8,1057.68222222222,11.3344094368341
"1980","uiefmaize",2014,155,0.38077,9.55815068493151,1172.8,1057.68222222222,11.3344094368341
"1981","uiefmaize",2014,156,0.38255,9.55815068493151,1172.8,1057.68222222222,11.3344094368341
"1982","uiefmaize",2014,157,0.38383,9.55815068493151,1172.8,1057.68222222222,11.3344094368341
"1983","uiefmaize",2014,158,0.3847,9.55815068493151,1172.8,1057.68222222222,11.3344094368341
"1984","uiefmaize",2014,159,0.38526,9.55815068493151,1172.8,1057.68222222222,11.3344094368341
"1985","uiefmaize",2014,160,0.38561,9.55815068493151,1172.8,1057.68222222222,11.3344094368341
"1986","uiefmaize",2014,161,0.38586,9.55815068493151,1172.8,1057.68222222222,11.3344094368341
"1987","uiefmaize",2014,162,0.3861,9.55815068493151,1172.8,1057.68222222222,11.3344094368341
"1988","uiefmaize",2014,163,0.38625,9.55815068493151,1172.8,1057.68222222222,11.3344094368341
"1989","uiefmaize",2014,164,0.3862,9.55815068493151,1172.8,1057.68222222222,11.3344094368341
"1990","uiefmaize",2014,165,0.38601,9.55815068493151,1172.8,1057.68222222222,11.3344094368341
"1991","uiefmaize",2014,166,0.38575,9.55815068493151,1172.8,1057.68222222222,11.3344094368341
"1992","uiefmaize",2014,167,0.38549,9.55815068493151,1172.8,1057.68222222222,11.3344094368341
"1993","uiefmaize",2014,168,0.38528,9.55815068493151,1172.8,1057.68222222222,11.3344094368341
"1994","uiefmaize",2014,169,0.38519,9.55815068493151,1172.8,1057.68222222222,11.3344094368341
"1995","uiefmaize",2014,170,0.38523,9.55815068493151,1172.8,1057.68222222222,11.3344094368341
"1996","uiefmaize",2014,171,0.38534,9.55815068493151,1172.8,1057.68222222222,11.3344094368341
"1997","uiefmaize",2014,172,0.38549,9.55815068493151,1172.8,1057.68222222222,11.3344094368341
"1998","uiefmaize",2014,173,0.38564,9.55815068493151,1172.8,1057.68222222222,11.3344094368341
"1999","uiefmaize",2014,174,0.38574,9.55815068493151,1172.8,1057.68222222222,11.3344094368341
"2000","uiefmaize",2014,175,0.38575,9.55815068493151,1172.8,1057.68222222222,11.3344094368341
"2001","uiefmaize",2014,176,0.38567,9.55815068493151,1172.8,1057.68222222222,11.3344094368341
"2002","uiefmaize",2014,177,0.38553,9.55815068493151,1172.8,1057.68222222222,11.3344094368341
"2003","uiefmaize",2014,178,0.38534,9.55815068493151,1172.8,1057.68222222222,11.3344094368341
"2004","uiefmaize",2014,179,0.38511,9.55815068493151,1172.8,1057.68222222222,11.3344094368341
"2005","uiefmaize",2014,180,0.38488,9.55815068493151,1172.8,1057.68222222222,11.3344094368341
"2006","uiefmaize",2014,181,0.38466,9.55815068493151,1172.8,1057.68222222222,11.3344094368341
"2007","uiefmaize",2014,182,0.38447,9.55815068493151,1172.8,1057.68222222222,11.3344094368341
"2008","uiefmaize",2014,183,0.38432,9.55815068493151,1172.8,1057.68222222222,11.3344094368341
"2009","uiefmaize",2014,184,0.3842,9.55815068493151,1172.8,1057.68222222222,11.3344094368341
"2010","uiefmaize",2014,185,0.38409,9.55815068493151,1172.8,1057.68222222222,11.3344094368341
"2011","uiefmaize",2014,186,0.38399,9.55815068493151,1172.8,1057.68222222222,11.3344094368341
"2012","uiefmaize",2014,187,0.38387,9.55815068493151,1172.8,1057.68222222222,11.3344094368341
"2013","uiefmaize",2014,188,0.38372,9.55815068493151,1172.8,1057.68222222222,11.3344094368341
"2014","uiefmaize",2014,189,0.38352,9.55815068493151,1172.8,1057.68222222222,11.3344094368341
"2015","uiefmaize",2014,190,0.3833,9.55815068493151,1172.8,1057.68222222222,11.3344094368341
"2016","uiefmaize",2014,191,0.38308,9.55815068493151,1172.8,1057.68222222222,11.3344094368341
"2017","uiefmaize",2014,192,0.38285,9.55815068493151,1172.8,1057.68222222222,11.3344094368341
"2018","uiefmaize",2014,193,0.38258,9.55815068493151,1172.8,1057.68222222222,11.3344094368341
"2019","uiefmaize",2014,194,0.38224,9.55815068493151,1172.8,1057.68222222222,11.3344094368341
"2020","uiefmaize",2014,195,0.38182,9.55815068493151,1172.8,1057.68222222222,11.3344094368341
"2021","uiefmaize",2014,196,0.3813,9.55815068493151,1172.8,1057.68222222222,11.3344094368341
"2022","uiefmaize",2014,197,0.38063,9.55815068493151,1172.8,1057.68222222222,11.3344094368341
"2023","uiefmaize",2014,198,0.37981,9.55815068493151,1172.8,1057.68222222222,11.3344094368341
"2024","uiefmaize",2014,199,0.3789,9.55815068493151,1172.8,1057.68222222222,11.3344094368341
"2025","uiefmaize",2014,200,0.37796,9.55815068493151,1172.8,1057.68222222222,11.3344094368341
"2026","uiefmaize",2014,201,0.37704,9.55815068493151,1172.8,1057.68222222222,11.3344094368341
"2027","uiefmaize",2014,202,0.37619,9.55815068493151,1172.8,1057.68222222222,11.3344094368341
"2028","uiefmaize",2014,203,0.37548,9.55815068493151,1172.8,1057.68222222222,11.3344094368341
"2029","uiefmaize",2014,204,0.37488,9.55815068493151,1172.8,1057.68222222222,11.3344094368341
"2030","uiefmaize",2014,205,0.37434,9.55815068493151,1172.8,1057.68222222222,11.3344094368341
"2031","uiefmaize",2014,206,0.37383,9.55815068493151,1172.8,1057.68222222222,11.3344094368341
"2032","uiefmaize",2014,207,0.37332,9.55815068493151,1172.8,1057.68222222222,11.3344094368341
"2033","uiefmaize",2014,208,0.37278,9.55815068493151,1172.8,1057.68222222222,11.3344094368341
"2034","uiefmaize",2014,209,0.37217,9.55815068493151,1172.8,1057.68222222222,11.3344094368341
"2035","uiefmaize",2014,210,0.37148,9.55815068493151,1172.8,1057.68222222222,11.3344094368341
"2036","uiefmaize",2014,211,0.37066,9.55815068493151,1172.8,1057.68222222222,11.3344094368341
"2037","uiefmaize",2014,212,0.36974,9.55815068493151,1172.8,1057.68222222222,11.3344094368341
"2038","uiefmaize",2014,213,0.36878,9.55815068493151,1172.8,1057.68222222222,11.3344094368341
"2039","uiefmaize",2014,214,0.36784,9.55815068493151,1172.8,1057.68222222222,11.3344094368341
"2040","uiefmaize",2014,215,0.367,9.55815068493151,1172.8,1057.68222222222,11.3344094368341
"2041","uiefmaize",2014,216,0.36631,9.55815068493151,1172.8,1057.68222222222,11.3344094368341
"2042","uiefmaize",2014,217,0.36585,9.55815068493151,1172.8,1057.68222222222,11.3344094368341
"2043","uiefmaize",2014,218,0.36554,9.55815068493151,1172.8,1057.68222222222,11.3344094368341
"2044","uiefmaize",2014,219,0.3653,9.55815068493151,1172.8,1057.68222222222,11.3344094368341
"2045","uiefmaize",2014,220,0.36513,9.55815068493151,1172.8,1057.68222222222,11.3344094368341
"2046","uiefmaize",2014,221,0.36504,9.55815068493151,1172.8,1057.68222222222,11.3344094368341
"2047","uiefmaize",2014,222,0.36502,9.55815068493151,1172.8,1057.68222222222,11.3344094368341
"2048","uiefmaize",2014,223,0.3651,9.55815068493151,1172.8,1057.68222222222,11.3344094368341
"2049","uiefmaize",2014,224,0.36526,9.55815068493151,1172.8,1057.68222222222,11.3344094368341
"2050","uiefmaize",2014,225,0.36566,9.55815068493151,1172.8,1057.68222222222,11.3344094368341
"2051","uiefmaize",2014,226,0.36635,9.55815068493151,1172.8,1057.68222222222,11.3344094368341
"2052","uiefmaize",2014,227,0.36721,9.55815068493151,1172.8,1057.68222222222,11.3344094368341
"2053","uiefmaize",2014,228,0.36812,9.55815068493151,1172.8,1057.68222222222,11.3344094368341
"2054","uiefmaize",2014,229,0.36896,9.55815068493151,1172.8,1057.68222222222,11.3344094368341
"2055","uiefmaize",2014,230,0.36959,9.55815068493151,1172.8,1057.68222222222,11.3344094368341
"2056","uiefmaize",2014,231,0.37008,9.55815068493151,1172.8,1057.68222222222,11.3344094368341
"2057","uiefmaize",2014,232,0.37053,9.55815068493151,1172.8,1057.68222222222,11.3344094368341
"2058","uiefmaize",2014,233,0.37095,9.55815068493151,1172.8,1057.68222222222,11.3344094368341
"2059","uiefmaize",2014,234,0.37134,9.55815068493151,1172.8,1057.68222222222,11.3344094368341
"2060","uiefmaize",2014,235,0.37169,9.55815068493151,1172.8,1057.68222222222,11.3344094368341
"2061","uiefmaize",2014,236,0.372,9.55815068493151,1172.8,1057.68222222222,11.3344094368341
"2062","uiefmaize",2014,237,0.37227,9.55815068493151,1172.8,1057.68222222222,11.3344094368341
"2063","uiefmaize",2014,238,0.37257,9.55815068493151,1172.8,1057.68222222222,11.3344094368341
"2064","uiefmaize",2014,239,0.3729,9.55815068493151,1172.8,1057.68222222222,11.3344094368341
"2065","uiefmaize",2014,240,0.37322,9.55815068493151,1172.8,1057.68222222222,11.3344094368341
"2066","uiefmaize",2014,241,0.37347,9.55815068493151,1172.8,1057.68222222222,11.3344094368341
"2067","uiefmaize",2014,242,0.37359,9.55815068493151,1172.8,1057.68222222222,11.3344094368341
"2068","uiefmaize",2014,243,0.37352,9.55815068493151,1172.8,1057.68222222222,11.3344094368341
"2069","uiefmaize",2014,244,0.37321,9.55815068493151,1172.8,1057.68222222222,11.3344094368341
"2070","uiefmaize",2014,245,0.37262,9.55815068493151,1172.8,1057.68222222222,11.3344094368341
"2071","uiefmaize",2014,246,0.37181,9.55815068493151,1172.8,1057.68222222222,11.3344094368341
"2072","uiefmaize",2014,247,0.37084,9.55815068493151,1172.8,1057.68222222222,11.3344094368341
"2073","uiefmaize",2014,248,0.36978,9.55815068493151,1172.8,1057.68222222222,11.3344094368341
"2074","uiefmaize",2014,249,0.36869,9.55815068493151,1172.8,1057.68222222222,11.3344094368341
"2075","uiefmaize",2014,250,0.36762,9.55815068493151,1172.8,1057.68222222222,11.3344094368341
"2076","uiefmaize",2014,251,0.36666,9.55815068493151,1172.8,1057.68222222222,11.3344094368341
"2077","uiefmaize",2014,252,0.36574,9.55815068493151,1172.8,1057.68222222222,11.3344094368341
"2078","uiefmaize",2014,253,0.36474,9.55815068493151,1172.8,1057.68222222222,11.3344094368341
"2079","uiefmaize",2014,254,0.3637,9.55815068493151,1172.8,1057.68222222222,11.3344094368341
"2080","uiefmaize",2014,255,0.36262,9.55815068493151,1172.8,1057.68222222222,11.3344094368341
"2081","uiefmaize",2014,256,0.36151,9.55815068493151,1172.8,1057.68222222222,11.3344094368341
"2082","uiefmaize",2014,257,0.36038,9.55815068493151,1172.8,1057.68222222222,11.3344094368341
"2083","uiefmaize",2014,258,0.35924,9.55815068493151,1172.8,1057.68222222222,11.3344094368341
"2084","uiefmaize",2014,259,0.3581,9.55815068493151,1172.8,1057.68222222222,11.3344094368341
"2085","uiefmaize",2014,260,0.35693,9.55815068493151,1172.8,1057.68222222222,11.3344094368341
"2086","uiefmaize",2014,261,0.35576,9.55815068493151,1172.8,1057.68222222222,11.3344094368341
"2087","uiefmaize",2014,262,0.35457,9.55815068493151,1172.8,1057.68222222222,11.3344094368341
"2088","uiefmaize",2014,263,0.3534,9.55815068493151,1172.8,1057.68222222222,11.3344094368341
"2089","uiefmaize",2014,264,0.35223,9.55815068493151,1172.8,1057.68222222222,11.3344094368341
"2090","uiefmaize",2014,265,0.35108,9.55815068493151,1172.8,1057.68222222222,11.3344094368341
"2091","uiefmaize",2014,266,0.34988,9.55815068493151,1172.8,1057.68222222222,11.3344094368341
"2092","uiefmaize",2014,267,0.34862,9.55815068493151,1172.8,1057.68222222222,11.3344094368341
"2093","uiefmaize",2014,268,0.34732,9.55815068493151,1172.8,1057.68222222222,11.3344094368341
"2094","uiefmaize",2014,269,0.34604,9.55815068493151,1172.8,1057.68222222222,11.3344094368341
"2095","uiefmaize",2014,270,0.3448,9.55815068493151,1172.8,1057.68222222222,11.3344094368341
"2096","uiefmaize",2014,271,0.34367,9.55815068493151,1172.8,1057.68222222222,11.3344094368341
"2097","uiefmaize",2014,272,0.34266,9.55815068493151,1172.8,1057.68222222222,11.3344094368341
"2098","uiefmaize",2014,273,0.34178,9.55815068493151,1172.8,1057.68222222222,11.3344094368341
"2099","uiefmaize",2014,274,0.34098,9.55815068493151,1172.8,1057.68222222222,11.3344094368341
"2100","uiefmaize",2014,275,0.34024,9.55815068493151,1172.8,1057.68222222222,11.3344094368341
"2101","uiefmaize",2014,276,0.33957,9.55815068493151,1172.8,1057.68222222222,11.3344094368341
"2102","uiefmaize",2014,277,0.33895,9.55815068493151,1172.8,1057.68222222222,11.3344094368341
"2103","uiefmaize",2014,278,0.33838,9.55815068493151,1172.8,1057.68222222222,11.3344094368341
"2104","uiefmaize",2014,279,0.33786,9.55815068493151,1172.8,1057.68222222222,11.3344094368341
"2105","uiefmaize",2014,280,0.33738,9.55815068493151,1172.8,1057.68222222222,11.3344094368341
"2106","uiefmaize",2014,281,0.33697,9.55815068493151,1172.8,1057.68222222222,11.3344094368341
"2107","uiefmaize",2014,282,0.33661,9.55815068493151,1172.8,1057.68222222222,11.3344094368341
"2108","uiefmaize",2014,283,0.3363,9.55815068493151,1172.8,1057.68222222222,11.3344094368341
"2109","uiefmaize",2014,284,0.33604,9.55815068493151,1172.8,1057.68222222222,11.3344094368341
"2110","uiefmaize",2014,285,0.33581,9.55815068493151,1172.8,1057.68222222222,11.3344094368341
"2111","uiefmaize",2014,286,0.33565,9.55815068493151,1172.8,1057.68222222222,11.3344094368341
"2112","uiefmaize",2014,287,0.3356,9.55815068493151,1172.8,1057.68222222222,11.3344094368341
"2113","uiefmaize",2014,288,0.33562,9.55815068493151,1172.8,1057.68222222222,11.3344094368341
"2114","uiefmaize",2014,289,0.33568,9.55815068493151,1172.8,1057.68222222222,11.3344094368341
"2115","uiefmaize",2014,290,0.33574,9.55815068493151,1172.8,1057.68222222222,11.3344094368341
"2116","uiefmaize",2014,291,0.33578,9.55815068493151,1172.8,1057.68222222222,11.3344094368341
"2117","uiefmaize",2014,292,0.33575,9.55815068493151,1172.8,1057.68222222222,11.3344094368341
"2118","uiefmaize",2014,293,0.33569,9.55815068493151,1172.8,1057.68222222222,11.3344094368341
"2119","uiefmaize",2014,294,0.33564,9.55815068493151,1172.8,1057.68222222222,11.3344094368341
"2120","uiefmaize",2014,295,0.33559,9.55815068493151,1172.8,1057.68222222222,11.3344094368341
"2121","uiefmaize",2014,296,0.33553,9.55815068493151,1172.8,1057.68222222222,11.3344094368341
"2122","uiefmaize",2014,297,0.33547,9.55815068493151,1172.8,1057.68222222222,11.3344094368341
"2123","uiefmaize",2014,298,0.33539,9.55815068493151,1172.8,1057.68222222222,11.3344094368341
"2124","uiefmaize",2014,299,0.3353,9.55815068493151,1172.8,1057.68222222222,11.3344094368341
"2125","uiefmaize",2014,300,0.33518,9.55815068493151,1172.8,1057.68222222222,11.3344094368341
"2126","uiefmaize",2014,301,0.33503,9.55815068493151,1172.8,1057.68222222222,11.3344094368341
"2127","uiefmaize",2014,302,0.33485,9.55815068493151,1172.8,1057.68222222222,11.3344094368341
"2128","uiefmaize",2014,303,0.33468,9.55815068493151,1172.8,1057.68222222222,11.3344094368341
"2129","uiefmaize",2014,304,0.33451,9.55815068493151,1172.8,1057.68222222222,11.3344094368341
"2130","uiefmaize",2014,305,0.33436,9.55815068493151,1172.8,1057.68222222222,11.3344094368341
"2131","uiefmaize",2014,306,0.33426,9.55815068493151,1172.8,1057.68222222222,11.3344094368341
"2132","uiefmaize",2014,307,0.33419,9.55815068493151,1172.8,1057.68222222222,11.3344094368341
"2133","uiefmaize",2014,308,0.33413,9.55815068493151,1172.8,1057.68222222222,11.3344094368341
"2134","uiefmaize",2014,309,0.33408,9.55815068493151,1172.8,1057.68222222222,11.3344094368341
"2135","uiefmaize",2014,310,0.33403,9.55815068493151,1172.8,1057.68222222222,11.3344094368341
"2136","uiefmaize",2014,311,0.33399,9.55815068493151,1172.8,1057.68222222222,11.3344094368341
"2137","uiefmaize",2014,312,0.33395,9.55815068493151,1172.8,1057.68222222222,11.3344094368341
"2138","uiefmaize",2014,313,0.3339,9.55815068493151,1172.8,1057.68222222222,11.3344094368341
"2139","uiefmaize",2014,314,0.33385,9.55815068493151,1172.8,1057.68222222222,11.3344094368341
"2140","uiefmaize",2014,315,0.33379,9.55815068493151,1172.8,1057.68222222222,11.3344094368341
"2141","uiefmaize",2014,316,0.33373,9.55815068493151,1172.8,1057.68222222222,11.3344094368341
"2142","uiefmaize",2014,317,0.33368,9.55815068493151,1172.8,1057.68222222222,11.3344094368341
"2143","uiefmaize",2014,318,0.33364,9.55815068493151,1172.8,1057.68222222222,11.3344094368341
"2144","uiefmaize",2014,319,0.33362,9.55815068493151,1172.8,1057.68222222222,11.3344094368341
"2145","uiefmaize",2014,320,0.33363,9.55815068493151,1172.8,1057.68222222222,11.3344094368341
"2146","uiefmaize",2014,321,0.33368,9.55815068493151,1172.8,1057.68222222222,11.3344094368341
"2147","uiefmaize",2014,322,0.33379,9.55815068493151,1172.8,1057.68222222222,11.3344094368341
"2148","uiefmaize",2014,323,0.33392,9.55815068493151,1172.8,1057.68222222222,11.3344094368341
"2149","uiefmaize",2014,324,0.33407,9.55815068493151,1172.8,1057.68222222222,11.3344094368341
"2150","uiefmaize",2014,325,0.33422,9.55815068493151,1172.8,1057.68222222222,11.3344094368341
"2151","uiefmaize",2014,326,0.33434,9.55815068493151,1172.8,1057.68222222222,11.3344094368341
"2152","uiefmaize",2014,327,0.33443,9.55815068493151,1172.8,1057.68222222222,11.3344094368341
"2153","uiefmaize",2014,328,0.3345,9.55815068493151,1172.8,1057.68222222222,11.3344094368341
"2154","uiefmaize",2014,329,0.33459,9.55815068493151,1172.8,1057.68222222222,11.3344094368341
"2155","uiefmaize",2014,330,0.33467,9.55815068493151,1172.8,1057.68222222222,11.3344094368341
"2156","uiefmaize",2014,331,0.33475,9.55815068493151,1172.8,1057.68222222222,11.3344094368341
"2157","uiefmaize",2014,332,0.33479,9.55815068493151,1172.8,1057.68222222222,11.3344094368341
"2158","uiefmaize",2014,333,0.3348,9.55815068493151,1172.8,1057.68222222222,11.3344094368341
"2159","uiefmaize",2014,334,0.33474,9.55815068493151,1172.8,1057.68222222222,11.3344094368341
"2160","uiefmaize",2014,335,0.33459,9.55815068493151,1172.8,1057.68222222222,11.3344094368341
"2161","uiefmaize",2014,336,0.33435,9.55815068493151,1172.8,1057.68222222222,11.3344094368341
"2162","uiefmaize",2014,337,0.33404,9.55815068493151,1172.8,1057.68222222222,11.3344094368341
"2163","uiefmaize",2014,338,0.33372,9.55815068493151,1172.8,1057.68222222222,11.3344094368341
"2164","uiefmaize",2014,339,0.33343,9.55815068493151,1172.8,1057.68222222222,11.3344094368341
"2165","uiefmaize",2014,340,0.33321,9.55815068493151,1172.8,1057.68222222222,11.3344094368341
"2166","uiefmaize",2014,341,0.33303,9.55815068493151,1172.8,1057.68222222222,11.3344094368341
"2167","uiefmaize",2014,342,0.33284,9.55815068493151,1172.8,1057.68222222222,11.3344094368341
"2168","uiefmaize",2014,343,0.33265,9.55815068493151,1172.8,1057.68222222222,11.3344094368341
"2169","uiefmaize",2014,344,0.33248,9.55815068493151,1172.8,1057.68222222222,11.3344094368341
"2170","uiefmaize",2014,345,0.33234,9.55815068493151,1172.8,1057.68222222222,11.3344094368341
"2171","uiefmaize",2014,346,0.33223,9.55815068493151,1172.8,1057.68222222222,11.3344094368341
"2172","uiefmaize",2014,347,0.33217,9.55815068493151,1172.8,1057.68222222222,11.3344094368341
"2173","uiefmaize",2014,348,0.33213,9.55815068493151,1172.8,1057.68222222222,11.3344094368341
"2174","uiefmaize",2014,349,0.3321,9.55815068493151,1172.8,1057.68222222222,11.3344094368341
"2175","uiefmaize",2014,350,0.33209,9.55815068493151,1172.8,1057.68222222222,11.3344094368341
"2176","uiefmaize",2014,351,0.3321,9.55815068493151,1172.8,1057.68222222222,11.3344094368341
"2177","uiefmaize",2014,352,0.33214,9.55815068493151,1172.8,1057.68222222222,11.3344094368341
"2178","uiefmaize",2014,353,0.33223,9.55815068493151,1172.8,1057.68222222222,11.3344094368341
"2179","uiefmaize",2014,354,0.33236,9.55815068493151,1172.8,1057.68222222222,11.3344094368341
"2180","uiefmaize",2014,355,0.3326,9.55815068493151,1172.8,1057.68222222222,11.3344094368341
"2181","uiefmaize",2014,356,0.33296,9.55815068493151,1172.8,1057.68222222222,11.3344094368341
"2182","uiefmaize",2014,357,0.33338,9.55815068493151,1172.8,1057.68222222222,11.3344094368341
"2183","uiefmaize",2014,358,0.33382,9.55815068493151,1172.8,1057.68222222222,11.3344094368341
"2184","uiefmaize",2014,359,0.33422,9.55815068493151,1172.8,1057.68222222222,11.3344094368341
"2185","uiefmaize",2014,360,0.33453,9.55815068493151,1172.8,1057.68222222222,11.3344094368341
"2186","uiefmaize",2014,361,0.3347,9.55815068493151,1172.8,1057.68222222222,11.3344094368341
"2187","uiefmaize",2014,362,0.33475,9.55815068493151,1172.8,1057.68222222222,11.3344094368341
"2188","uiefmaize",2014,363,0.33477,9.55815068493151,1172.8,1057.68222222222,11.3344094368341
"2189","uiefmaize",2014,364,0.33473,9.55815068493151,1172.8,1057.68222222222,11.3344094368341
"2190","uiefmaize",2014,365,0.33466,9.55815068493151,1172.8,1057.68222222222,11.3344094368341
"2191","uiefmaize",2015,1,0.33454,11.2670273972603,1274.71,1057.68222222222,11.3344094368341
"2192","uiefmaize",2015,2,0.33438,11.2670273972603,1274.71,1057.68222222222,11.3344094368341
"2193","uiefmaize",2015,3,0.33419,11.2670273972603,1274.71,1057.68222222222,11.3344094368341
"2194","uiefmaize",2015,4,0.33386,11.2670273972603,1274.71,1057.68222222222,11.3344094368341
"2195","uiefmaize",2015,5,0.33337,11.2670273972603,1274.71,1057.68222222222,11.3344094368341
"2196","uiefmaize",2015,6,0.33279,11.2670273972603,1274.71,1057.68222222222,11.3344094368341
"2197","uiefmaize",2015,7,0.33219,11.2670273972603,1274.71,1057.68222222222,11.3344094368341
"2198","uiefmaize",2015,8,0.33163,11.2670273972603,1274.71,1057.68222222222,11.3344094368341
"2199","uiefmaize",2015,9,0.33119,11.2670273972603,1274.71,1057.68222222222,11.3344094368341
"2200","uiefmaize",2015,10,0.33094,11.2670273972603,1274.71,1057.68222222222,11.3344094368341
"2201","uiefmaize",2015,11,0.33088,11.2670273972603,1274.71,1057.68222222222,11.3344094368341
"2202","uiefmaize",2015,12,0.33094,11.2670273972603,1274.71,1057.68222222222,11.3344094368341
"2203","uiefmaize",2015,13,0.33108,11.2670273972603,1274.71,1057.68222222222,11.3344094368341
"2204","uiefmaize",2015,14,0.33128,11.2670273972603,1274.71,1057.68222222222,11.3344094368341
"2205","uiefmaize",2015,15,0.33149,11.2670273972603,1274.71,1057.68222222222,11.3344094368341
"2206","uiefmaize",2015,16,0.33168,11.2670273972603,1274.71,1057.68222222222,11.3344094368341
"2207","uiefmaize",2015,17,0.33182,11.2670273972603,1274.71,1057.68222222222,11.3344094368341
"2208","uiefmaize",2015,18,0.33196,11.2670273972603,1274.71,1057.68222222222,11.3344094368341
"2209","uiefmaize",2015,19,0.33215,11.2670273972603,1274.71,1057.68222222222,11.3344094368341
"2210","uiefmaize",2015,20,0.33236,11.2670273972603,1274.71,1057.68222222222,11.3344094368341
"2211","uiefmaize",2015,21,0.33258,11.2670273972603,1274.71,1057.68222222222,11.3344094368341
"2212","uiefmaize",2015,22,0.33277,11.2670273972603,1274.71,1057.68222222222,11.3344094368341
"2213","uiefmaize",2015,23,0.33293,11.2670273972603,1274.71,1057.68222222222,11.3344094368341
"2214","uiefmaize",2015,24,0.33303,11.2670273972603,1274.71,1057.68222222222,11.3344094368341
"2215","uiefmaize",2015,25,0.33302,11.2670273972603,1274.71,1057.68222222222,11.3344094368341
"2216","uiefmaize",2015,26,0.33292,11.2670273972603,1274.71,1057.68222222222,11.3344094368341
"2217","uiefmaize",2015,27,0.33278,11.2670273972603,1274.71,1057.68222222222,11.3344094368341
"2218","uiefmaize",2015,28,0.33263,11.2670273972603,1274.71,1057.68222222222,11.3344094368341
"2219","uiefmaize",2015,29,0.33253,11.2670273972603,1274.71,1057.68222222222,11.3344094368341
"2220","uiefmaize",2015,30,0.33251,11.2670273972603,1274.71,1057.68222222222,11.3344094368341
"2221","uiefmaize",2015,31,0.33258,11.2670273972603,1274.71,1057.68222222222,11.3344094368341
"2222","uiefmaize",2015,32,0.3327,11.2670273972603,1274.71,1057.68222222222,11.3344094368341
"2223","uiefmaize",2015,33,0.33284,11.2670273972603,1274.71,1057.68222222222,11.3344094368341
"2224","uiefmaize",2015,34,0.33301,11.2670273972603,1274.71,1057.68222222222,11.3344094368341
"2225","uiefmaize",2015,35,0.33319,11.2670273972603,1274.71,1057.68222222222,11.3344094368341
"2226","uiefmaize",2015,36,0.33336,11.2670273972603,1274.71,1057.68222222222,11.3344094368341
"2227","uiefmaize",2015,37,0.33351,11.2670273972603,1274.71,1057.68222222222,11.3344094368341
"2228","uiefmaize",2015,38,0.33369,11.2670273972603,1274.71,1057.68222222222,11.3344094368341
"2229","uiefmaize",2015,39,0.33392,11.2670273972603,1274.71,1057.68222222222,11.3344094368341
"2230","uiefmaize",2015,40,0.33417,11.2670273972603,1274.71,1057.68222222222,11.3344094368341
"2231","uiefmaize",2015,41,0.33442,11.2670273972603,1274.71,1057.68222222222,11.3344094368341
"2232","uiefmaize",2015,42,0.33464,11.2670273972603,1274.71,1057.68222222222,11.3344094368341
"2233","uiefmaize",2015,43,0.33479,11.2670273972603,1274.71,1057.68222222222,11.3344094368341
"2234","uiefmaize",2015,44,0.33485,11.2670273972603,1274.71,1057.68222222222,11.3344094368341
"2235","uiefmaize",2015,45,0.33481,11.2670273972603,1274.71,1057.68222222222,11.3344094368341
"2236","uiefmaize",2015,46,0.33467,11.2670273972603,1274.71,1057.68222222222,11.3344094368341
"2237","uiefmaize",2015,47,0.33446,11.2670273972603,1274.71,1057.68222222222,11.3344094368341
"2238","uiefmaize",2015,48,0.33422,11.2670273972603,1274.71,1057.68222222222,11.3344094368341
"2239","uiefmaize",2015,49,0.33397,11.2670273972603,1274.71,1057.68222222222,11.3344094368341
"2240","uiefmaize",2015,50,0.33375,11.2670273972603,1274.71,1057.68222222222,11.3344094368341
"2241","uiefmaize",2015,51,0.33356,11.2670273972603,1274.71,1057.68222222222,11.3344094368341
"2242","uiefmaize",2015,52,0.33339,11.2670273972603,1274.71,1057.68222222222,11.3344094368341
"2243","uiefmaize",2015,53,0.33317,11.2670273972603,1274.71,1057.68222222222,11.3344094368341
"2244","uiefmaize",2015,54,0.33293,11.2670273972603,1274.71,1057.68222222222,11.3344094368341
"2245","uiefmaize",2015,55,0.3327,11.2670273972603,1274.71,1057.68222222222,11.3344094368341
"2246","uiefmaize",2015,56,0.3325,11.2670273972603,1274.71,1057.68222222222,11.3344094368341
"2247","uiefmaize",2015,57,0.33235,11.2670273972603,1274.71,1057.68222222222,11.3344094368341
"2248","uiefmaize",2015,58,0.33228,11.2670273972603,1274.71,1057.68222222222,11.3344094368341
"2249","uiefmaize",2015,59,0.3323,11.2670273972603,1274.71,1057.68222222222,11.3344094368341
"2250","uiefmaize",2015,60,0.33239,11.2670273972603,1274.71,1057.68222222222,11.3344094368341
"2251","uiefmaize",2015,61,0.33254,11.2670273972603,1274.71,1057.68222222222,11.3344094368341
"2252","uiefmaize",2015,62,0.33272,11.2670273972603,1274.71,1057.68222222222,11.3344094368341
"2253","uiefmaize",2015,63,0.33291,11.2670273972603,1274.71,1057.68222222222,11.3344094368341
"2254","uiefmaize",2015,64,0.3331,11.2670273972603,1274.71,1057.68222222222,11.3344094368341
"2255","uiefmaize",2015,65,0.33326,11.2670273972603,1274.71,1057.68222222222,11.3344094368341
"2256","uiefmaize",2015,66,0.33342,11.2670273972603,1274.71,1057.68222222222,11.3344094368341
"2257","uiefmaize",2015,67,0.33364,11.2670273972603,1274.71,1057.68222222222,11.3344094368341
"2258","uiefmaize",2015,68,0.33388,11.2670273972603,1274.71,1057.68222222222,11.3344094368341
"2259","uiefmaize",2015,69,0.33412,11.2670273972603,1274.71,1057.68222222222,11.3344094368341
"2260","uiefmaize",2015,70,0.33434,11.2670273972603,1274.71,1057.68222222222,11.3344094368341
"2261","uiefmaize",2015,71,0.33453,11.2670273972603,1274.71,1057.68222222222,11.3344094368341
"2262","uiefmaize",2015,72,0.33467,11.2670273972603,1274.71,1057.68222222222,11.3344094368341
"2263","uiefmaize",2015,73,0.33473,11.2670273972603,1274.71,1057.68222222222,11.3344094368341
"2264","uiefmaize",2015,74,0.33473,11.2670273972603,1274.71,1057.68222222222,11.3344094368341
"2265","uiefmaize",2015,75,0.33469,11.2670273972603,1274.71,1057.68222222222,11.3344094368341
"2266","uiefmaize",2015,76,0.33464,11.2670273972603,1274.71,1057.68222222222,11.3344094368341
"2267","uiefmaize",2015,77,0.33458,11.2670273972603,1274.71,1057.68222222222,11.3344094368341
"2268","uiefmaize",2015,78,0.33454,11.2670273972603,1274.71,1057.68222222222,11.3344094368341
"2269","uiefmaize",2015,79,0.33455,11.2670273972603,1274.71,1057.68222222222,11.3344094368341
"2270","uiefmaize",2015,80,0.33459,11.2670273972603,1274.71,1057.68222222222,11.3344094368341
"2271","uiefmaize",2015,81,0.33467,11.2670273972603,1274.71,1057.68222222222,11.3344094368341
"2272","uiefmaize",2015,82,0.33476,11.2670273972603,1274.71,1057.68222222222,11.3344094368341
"2273","uiefmaize",2015,83,0.33485,11.2670273972603,1274.71,1057.68222222222,11.3344094368341
"2274","uiefmaize",2015,84,0.33492,11.2670273972603,1274.71,1057.68222222222,11.3344094368341
"2275","uiefmaize",2015,85,0.33496,11.2670273972603,1274.71,1057.68222222222,11.3344094368341
"2276","uiefmaize",2015,86,0.33498,11.2670273972603,1274.71,1057.68222222222,11.3344094368341
"2277","uiefmaize",2015,87,0.335,11.2670273972603,1274.71,1057.68222222222,11.3344094368341
"2278","uiefmaize",2015,88,0.335,11.2670273972603,1274.71,1057.68222222222,11.3344094368341
"2279","uiefmaize",2015,89,0.33499,11.2670273972603,1274.71,1057.68222222222,11.3344094368341
"2280","uiefmaize",2015,90,0.33497,11.2670273972603,1274.71,1057.68222222222,11.3344094368341
"2281","uiefmaize",2015,91,0.33494,11.2670273972603,1274.71,1057.68222222222,11.3344094368341
"2282","uiefmaize",2015,92,0.3349,11.2670273972603,1274.71,1057.68222222222,11.3344094368341
"2283","uiefmaize",2015,93,0.33482,11.2670273972603,1274.71,1057.68222222222,11.3344094368341
"2284","uiefmaize",2015,94,0.33468,11.2670273972603,1274.71,1057.68222222222,11.3344094368341
"2285","uiefmaize",2015,95,0.33451,11.2670273972603,1274.71,1057.68222222222,11.3344094368341
"2286","uiefmaize",2015,96,0.33433,11.2670273972603,1274.71,1057.68222222222,11.3344094368341
"2287","uiefmaize",2015,97,0.33417,11.2670273972603,1274.71,1057.68222222222,11.3344094368341
"2288","uiefmaize",2015,98,0.33406,11.2670273972603,1274.71,1057.68222222222,11.3344094368341
"2289","uiefmaize",2015,99,0.33403,11.2670273972603,1274.71,1057.68222222222,11.3344094368341
"2290","uiefmaize",2015,100,0.33408,11.2670273972603,1274.71,1057.68222222222,11.3344094368341
"2291","uiefmaize",2015,101,0.33421,11.2670273972603,1274.71,1057.68222222222,11.3344094368341
"2292","uiefmaize",2015,102,0.3344,11.2670273972603,1274.71,1057.68222222222,11.3344094368341
"2293","uiefmaize",2015,103,0.33461,11.2670273972603,1274.71,1057.68222222222,11.3344094368341
"2294","uiefmaize",2015,104,0.33484,11.2670273972603,1274.71,1057.68222222222,11.3344094368341
"2295","uiefmaize",2015,105,0.33504,11.2670273972603,1274.71,1057.68222222222,11.3344094368341
"2296","uiefmaize",2015,106,0.33521,11.2670273972603,1274.71,1057.68222222222,11.3344094368341
"2297","uiefmaize",2015,107,0.33536,11.2670273972603,1274.71,1057.68222222222,11.3344094368341
"2298","uiefmaize",2015,108,0.33553,11.2670273972603,1274.71,1057.68222222222,11.3344094368341
"2299","uiefmaize",2015,109,0.3357,11.2670273972603,1274.71,1057.68222222222,11.3344094368341
"2300","uiefmaize",2015,110,0.33586,11.2670273972603,1274.71,1057.68222222222,11.3344094368341
"2301","uiefmaize",2015,111,0.33599,11.2670273972603,1274.71,1057.68222222222,11.3344094368341
"2302","uiefmaize",2015,112,0.33607,11.2670273972603,1274.71,1057.68222222222,11.3344094368341
"2303","uiefmaize",2015,113,0.3361,11.2670273972603,1274.71,1057.68222222222,11.3344094368341
"2304","uiefmaize",2015,114,0.33604,11.2670273972603,1274.71,1057.68222222222,11.3344094368341
"2305","uiefmaize",2015,115,0.3359,11.2670273972603,1274.71,1057.68222222222,11.3344094368341
"2306","uiefmaize",2015,116,0.33572,11.2670273972603,1274.71,1057.68222222222,11.3344094368341
"2307","uiefmaize",2015,117,0.33551,11.2670273972603,1274.71,1057.68222222222,11.3344094368341
"2308","uiefmaize",2015,118,0.33532,11.2670273972603,1274.71,1057.68222222222,11.3344094368341
"2309","uiefmaize",2015,119,0.33517,11.2670273972603,1274.71,1057.68222222222,11.3344094368341
"2310","uiefmaize",2015,120,0.3351,11.2670273972603,1274.71,1057.68222222222,11.3344094368341
"2311","uiefmaize",2015,121,0.33504,11.2670273972603,1274.71,1057.68222222222,11.3344094368341
"2312","uiefmaize",2015,122,0.33493,11.2670273972603,1274.71,1057.68222222222,11.3344094368341
"2313","uiefmaize",2015,123,0.33482,11.2670273972603,1274.71,1057.68222222222,11.3344094368341
"2314","uiefmaize",2015,124,0.33473,11.2670273972603,1274.71,1057.68222222222,11.3344094368341
"2315","uiefmaize",2015,125,0.3347,11.2670273972603,1274.71,1057.68222222222,11.3344094368341
"2316","uiefmaize",2015,126,0.33478,11.2670273972603,1274.71,1057.68222222222,11.3344094368341
"2317","uiefmaize",2015,127,0.33499,11.2670273972603,1274.71,1057.68222222222,11.3344094368341
"2318","uiefmaize",2015,128,0.33527,11.2670273972603,1274.71,1057.68222222222,11.3344094368341
"2319","uiefmaize",2015,129,0.33558,11.2670273972603,1274.71,1057.68222222222,11.3344094368341
"2320","uiefmaize",2015,130,0.33593,11.2670273972603,1274.71,1057.68222222222,11.3344094368341
"2321","uiefmaize",2015,131,0.33636,11.2670273972603,1274.71,1057.68222222222,11.3344094368341
"2322","uiefmaize",2015,132,0.3369,11.2670273972603,1274.71,1057.68222222222,11.3344094368341
"2323","uiefmaize",2015,133,0.33757,11.2670273972603,1274.71,1057.68222222222,11.3344094368341
"2324","uiefmaize",2015,134,0.33842,11.2670273972603,1274.71,1057.68222222222,11.3344094368341
"2325","uiefmaize",2015,135,0.3394,11.2670273972603,1274.71,1057.68222222222,11.3344094368341
"2326","uiefmaize",2015,136,0.34049,11.2670273972603,1274.71,1057.68222222222,11.3344094368341
"2327","uiefmaize",2015,137,0.3417,11.2670273972603,1274.71,1057.68222222222,11.3344094368341
"2328","uiefmaize",2015,138,0.34303,11.2670273972603,1274.71,1057.68222222222,11.3344094368341
"2329","uiefmaize",2015,139,0.34449,11.2670273972603,1274.71,1057.68222222222,11.3344094368341
"2330","uiefmaize",2015,140,0.34609,11.2670273972603,1274.71,1057.68222222222,11.3344094368341
"2331","uiefmaize",2015,141,0.34793,11.2670273972603,1274.71,1057.68222222222,11.3344094368341
"2332","uiefmaize",2015,142,0.35005,11.2670273972603,1274.71,1057.68222222222,11.3344094368341
"2333","uiefmaize",2015,143,0.35237,11.2670273972603,1274.71,1057.68222222222,11.3344094368341
"2334","uiefmaize",2015,144,0.35479,11.2670273972603,1274.71,1057.68222222222,11.3344094368341
"2335","uiefmaize",2015,145,0.35725,11.2670273972603,1274.71,1057.68222222222,11.3344094368341
"2336","uiefmaize",2015,146,0.35965,11.2670273972603,1274.71,1057.68222222222,11.3344094368341
"2337","uiefmaize",2015,147,0.36192,11.2670273972603,1274.71,1057.68222222222,11.3344094368341
"2338","uiefmaize",2015,148,0.36428,11.2670273972603,1274.71,1057.68222222222,11.3344094368341
"2339","uiefmaize",2015,149,0.36691,11.2670273972603,1274.71,1057.68222222222,11.3344094368341
"2340","uiefmaize",2015,150,0.36966,11.2670273972603,1274.71,1057.68222222222,11.3344094368341
"2341","uiefmaize",2015,151,0.37237,11.2670273972603,1274.71,1057.68222222222,11.3344094368341
"2342","uiefmaize",2015,152,0.37489,11.2670273972603,1274.71,1057.68222222222,11.3344094368341
"2343","uiefmaize",2015,153,0.37706,11.2670273972603,1274.71,1057.68222222222,11.3344094368341
"2344","uiefmaize",2015,154,0.37874,11.2670273972603,1274.71,1057.68222222222,11.3344094368341
"2345","uiefmaize",2015,155,0.37994,11.2670273972603,1274.71,1057.68222222222,11.3344094368341
"2346","uiefmaize",2015,156,0.3808,11.2670273972603,1274.71,1057.68222222222,11.3344094368341
"2347","uiefmaize",2015,157,0.38139,11.2670273972603,1274.71,1057.68222222222,11.3344094368341
"2348","uiefmaize",2015,158,0.38176,11.2670273972603,1274.71,1057.68222222222,11.3344094368341
"2349","uiefmaize",2015,159,0.38197,11.2670273972603,1274.71,1057.68222222222,11.3344094368341
"2350","uiefmaize",2015,160,0.38207,11.2670273972603,1274.71,1057.68222222222,11.3344094368341
"2351","uiefmaize",2015,161,0.38212,11.2670273972603,1274.71,1057.68222222222,11.3344094368341
"2352","uiefmaize",2015,162,0.38192,11.2670273972603,1274.71,1057.68222222222,11.3344094368341
"2353","uiefmaize",2015,163,0.38135,11.2670273972603,1274.71,1057.68222222222,11.3344094368341
"2354","uiefmaize",2015,164,0.38052,11.2670273972603,1274.71,1057.68222222222,11.3344094368341
"2355","uiefmaize",2015,165,0.37959,11.2670273972603,1274.71,1057.68222222222,11.3344094368341
"2356","uiefmaize",2015,166,0.37869,11.2670273972603,1274.71,1057.68222222222,11.3344094368341
"2357","uiefmaize",2015,167,0.37797,11.2670273972603,1274.71,1057.68222222222,11.3344094368341
"2358","uiefmaize",2015,168,0.37755,11.2670273972603,1274.71,1057.68222222222,11.3344094368341
"2359","uiefmaize",2015,169,0.37739,11.2670273972603,1274.71,1057.68222222222,11.3344094368341
"2360","uiefmaize",2015,170,0.37732,11.2670273972603,1274.71,1057.68222222222,11.3344094368341
"2361","uiefmaize",2015,171,0.37734,11.2670273972603,1274.71,1057.68222222222,11.3344094368341
"2362","uiefmaize",2015,172,0.37743,11.2670273972603,1274.71,1057.68222222222,11.3344094368341
"2363","uiefmaize",2015,173,0.37759,11.2670273972603,1274.71,1057.68222222222,11.3344094368341
"2364","uiefmaize",2015,174,0.3778,11.2670273972603,1274.71,1057.68222222222,11.3344094368341
"2365","uiefmaize",2015,175,0.37806,11.2670273972603,1274.71,1057.68222222222,11.3344094368341
"2366","uiefmaize",2015,176,0.37833,11.2670273972603,1274.71,1057.68222222222,11.3344094368341
"2367","uiefmaize",2015,177,0.37857,11.2670273972603,1274.71,1057.68222222222,11.3344094368341
"2368","uiefmaize",2015,178,0.37882,11.2670273972603,1274.71,1057.68222222222,11.3344094368341
"2369","uiefmaize",2015,179,0.37911,11.2670273972603,1274.71,1057.68222222222,11.3344094368341
"2370","uiefmaize",2015,180,0.37945,11.2670273972603,1274.71,1057.68222222222,11.3344094368341
"2371","uiefmaize",2015,181,0.37989,11.2670273972603,1274.71,1057.68222222222,11.3344094368341
"2372","uiefmaize",2015,182,0.38044,11.2670273972603,1274.71,1057.68222222222,11.3344094368341
"2373","uiefmaize",2015,183,0.38114,11.2670273972603,1274.71,1057.68222222222,11.3344094368341
"2374","uiefmaize",2015,184,0.382,11.2670273972603,1274.71,1057.68222222222,11.3344094368341
"2375","uiefmaize",2015,185,0.38298,11.2670273972603,1274.71,1057.68222222222,11.3344094368341
"2376","uiefmaize",2015,186,0.38404,11.2670273972603,1274.71,1057.68222222222,11.3344094368341
"2377","uiefmaize",2015,187,0.38515,11.2670273972603,1274.71,1057.68222222222,11.3344094368341
"2378","uiefmaize",2015,188,0.38628,11.2670273972603,1274.71,1057.68222222222,11.3344094368341
"2379","uiefmaize",2015,189,0.38739,11.2670273972603,1274.71,1057.68222222222,11.3344094368341
"2380","uiefmaize",2015,190,0.38859,11.2670273972603,1274.71,1057.68222222222,11.3344094368341
"2381","uiefmaize",2015,191,0.38997,11.2670273972603,1274.71,1057.68222222222,11.3344094368341
"2382","uiefmaize",2015,192,0.39144,11.2670273972603,1274.71,1057.68222222222,11.3344094368341
"2383","uiefmaize",2015,193,0.3929,11.2670273972603,1274.71,1057.68222222222,11.3344094368341
"2384","uiefmaize",2015,194,0.39426,11.2670273972603,1274.71,1057.68222222222,11.3344094368341
"2385","uiefmaize",2015,195,0.39544,11.2670273972603,1274.71,1057.68222222222,11.3344094368341
"2386","uiefmaize",2015,196,0.39647,11.2670273972603,1274.71,1057.68222222222,11.3344094368341
"2387","uiefmaize",2015,197,0.39747,11.2670273972603,1274.71,1057.68222222222,11.3344094368341
"2388","uiefmaize",2015,198,0.39842,11.2670273972603,1274.71,1057.68222222222,11.3344094368341
"2389","uiefmaize",2015,199,0.3993,11.2670273972603,1274.71,1057.68222222222,11.3344094368341
"2390","uiefmaize",2015,200,0.40008,11.2670273972603,1274.71,1057.68222222222,11.3344094368341
"2391","uiefmaize",2015,201,0.40077,11.2670273972603,1274.71,1057.68222222222,11.3344094368341
"2392","uiefmaize",2015,202,0.40133,11.2670273972603,1274.71,1057.68222222222,11.3344094368341
"2393","uiefmaize",2015,203,0.40176,11.2670273972603,1274.71,1057.68222222222,11.3344094368341
"2394","uiefmaize",2015,204,0.40209,11.2670273972603,1274.71,1057.68222222222,11.3344094368341
"2395","uiefmaize",2015,205,0.40234,11.2670273972603,1274.71,1057.68222222222,11.3344094368341
"2396","uiefmaize",2015,206,0.40252,11.2670273972603,1274.71,1057.68222222222,11.3344094368341
"2397","uiefmaize",2015,207,0.40266,11.2670273972603,1274.71,1057.68222222222,11.3344094368341
"2398","uiefmaize",2015,208,0.40279,11.2670273972603,1274.71,1057.68222222222,11.3344094368341
"2399","uiefmaize",2015,209,0.40292,11.2670273972603,1274.71,1057.68222222222,11.3344094368341
"2400","uiefmaize",2015,210,0.40301,11.2670273972603,1274.71,1057.68222222222,11.3344094368341
"2401","uiefmaize",2015,211,0.40303,11.2670273972603,1274.71,1057.68222222222,11.3344094368341
"2402","uiefmaize",2015,212,0.40299,11.2670273972603,1274.71,1057.68222222222,11.3344094368341
"2403","uiefmaize",2015,213,0.40291,11.2670273972603,1274.71,1057.68222222222,11.3344094368341
"2404","uiefmaize",2015,214,0.40281,11.2670273972603,1274.71,1057.68222222222,11.3344094368341
"2405","uiefmaize",2015,215,0.40269,11.2670273972603,1274.71,1057.68222222222,11.3344094368341
"2406","uiefmaize",2015,216,0.40259,11.2670273972603,1274.71,1057.68222222222,11.3344094368341
"2407","uiefmaize",2015,217,0.40248,11.2670273972603,1274.71,1057.68222222222,11.3344094368341
"2408","uiefmaize",2015,218,0.40234,11.2670273972603,1274.71,1057.68222222222,11.3344094368341
"2409","uiefmaize",2015,219,0.40218,11.2670273972603,1274.71,1057.68222222222,11.3344094368341
"2410","uiefmaize",2015,220,0.40199,11.2670273972603,1274.71,1057.68222222222,11.3344094368341
"2411","uiefmaize",2015,221,0.40177,11.2670273972603,1274.71,1057.68222222222,11.3344094368341
"2412","uiefmaize",2015,222,0.40153,11.2670273972603,1274.71,1057.68222222222,11.3344094368341
"2413","uiefmaize",2015,223,0.40126,11.2670273972603,1274.71,1057.68222222222,11.3344094368341
"2414","uiefmaize",2015,224,0.40104,11.2670273972603,1274.71,1057.68222222222,11.3344094368341
"2415","uiefmaize",2015,225,0.40089,11.2670273972603,1274.71,1057.68222222222,11.3344094368341
"2416","uiefmaize",2015,226,0.40077,11.2670273972603,1274.71,1057.68222222222,11.3344094368341
"2417","uiefmaize",2015,227,0.40061,11.2670273972603,1274.71,1057.68222222222,11.3344094368341
"2418","uiefmaize",2015,228,0.40036,11.2670273972603,1274.71,1057.68222222222,11.3344094368341
"2419","uiefmaize",2015,229,0.39998,11.2670273972603,1274.71,1057.68222222222,11.3344094368341
"2420","uiefmaize",2015,230,0.39941,11.2670273972603,1274.71,1057.68222222222,11.3344094368341
"2421","uiefmaize",2015,231,0.39857,11.2670273972603,1274.71,1057.68222222222,11.3344094368341
"2422","uiefmaize",2015,232,0.3975,11.2670273972603,1274.71,1057.68222222222,11.3344094368341
"2423","uiefmaize",2015,233,0.39629,11.2670273972603,1274.71,1057.68222222222,11.3344094368341
"2424","uiefmaize",2015,234,0.39501,11.2670273972603,1274.71,1057.68222222222,11.3344094368341
"2425","uiefmaize",2015,235,0.39374,11.2670273972603,1274.71,1057.68222222222,11.3344094368341
"2426","uiefmaize",2015,236,0.39258,11.2670273972603,1274.71,1057.68222222222,11.3344094368341
"2427","uiefmaize",2015,237,0.39161,11.2670273972603,1274.71,1057.68222222222,11.3344094368341
"2428","uiefmaize",2015,238,0.39075,11.2670273972603,1274.71,1057.68222222222,11.3344094368341
"2429","uiefmaize",2015,239,0.38989,11.2670273972603,1274.71,1057.68222222222,11.3344094368341
"2430","uiefmaize",2015,240,0.38904,11.2670273972603,1274.71,1057.68222222222,11.3344094368341
"2431","uiefmaize",2015,241,0.38821,11.2670273972603,1274.71,1057.68222222222,11.3344094368341
"2432","uiefmaize",2015,242,0.38742,11.2670273972603,1274.71,1057.68222222222,11.3344094368341
"2433","uiefmaize",2015,243,0.38668,11.2670273972603,1274.71,1057.68222222222,11.3344094368341
"2434","uiefmaize",2015,244,0.386,11.2670273972603,1274.71,1057.68222222222,11.3344094368341
"2435","uiefmaize",2015,245,0.38558,11.2670273972603,1274.71,1057.68222222222,11.3344094368341
"2436","uiefmaize",2015,246,0.38547,11.2670273972603,1274.71,1057.68222222222,11.3344094368341
"2437","uiefmaize",2015,247,0.3855,11.2670273972603,1274.71,1057.68222222222,11.3344094368341
"2438","uiefmaize",2015,248,0.38548,11.2670273972603,1274.71,1057.68222222222,11.3344094368341
"2439","uiefmaize",2015,249,0.38523,11.2670273972603,1274.71,1057.68222222222,11.3344094368341
"2440","uiefmaize",2015,250,0.38457,11.2670273972603,1274.71,1057.68222222222,11.3344094368341
"2441","uiefmaize",2015,251,0.3835,11.2670273972603,1274.71,1057.68222222222,11.3344094368341
"2442","uiefmaize",2015,252,0.38217,11.2670273972603,1274.71,1057.68222222222,11.3344094368341
"2443","uiefmaize",2015,253,0.38066,11.2670273972603,1274.71,1057.68222222222,11.3344094368341
"2444","uiefmaize",2015,254,0.37902,11.2670273972603,1274.71,1057.68222222222,11.3344094368341
"2445","uiefmaize",2015,255,0.37732,11.2670273972603,1274.71,1057.68222222222,11.3344094368341
"2446","uiefmaize",2015,256,0.37562,11.2670273972603,1274.71,1057.68222222222,11.3344094368341
"2447","uiefmaize",2015,257,0.37398,11.2670273972603,1274.71,1057.68222222222,11.3344094368341
"2448","uiefmaize",2015,258,0.37224,11.2670273972603,1274.71,1057.68222222222,11.3344094368341
"2449","uiefmaize",2015,259,0.37027,11.2670273972603,1274.71,1057.68222222222,11.3344094368341
"2450","uiefmaize",2015,260,0.36818,11.2670273972603,1274.71,1057.68222222222,11.3344094368341
"2451","uiefmaize",2015,261,0.36608,11.2670273972603,1274.71,1057.68222222222,11.3344094368341
"2452","uiefmaize",2015,262,0.36406,11.2670273972603,1274.71,1057.68222222222,11.3344094368341
"2453","uiefmaize",2015,263,0.36222,11.2670273972603,1274.71,1057.68222222222,11.3344094368341
"2454","uiefmaize",2015,264,0.36069,11.2670273972603,1274.71,1057.68222222222,11.3344094368341
"2455","uiefmaize",2015,265,0.35948,11.2670273972603,1274.71,1057.68222222222,11.3344094368341
"2456","uiefmaize",2015,266,0.35851,11.2670273972603,1274.71,1057.68222222222,11.3344094368341
"2457","uiefmaize",2015,267,0.35773,11.2670273972603,1274.71,1057.68222222222,11.3344094368341
"2458","uiefmaize",2015,268,0.35706,11.2670273972603,1274.71,1057.68222222222,11.3344094368341
"2459","uiefmaize",2015,269,0.35644,11.2670273972603,1274.71,1057.68222222222,11.3344094368341
"2460","uiefmaize",2015,270,0.3558,11.2670273972603,1274.71,1057.68222222222,11.3344094368341
"2461","uiefmaize",2015,271,0.35506,11.2670273972603,1274.71,1057.68222222222,11.3344094368341
"2462","uiefmaize",2015,272,0.35431,11.2670273972603,1274.71,1057.68222222222,11.3344094368341
"2463","uiefmaize",2015,273,0.35365,11.2670273972603,1274.71,1057.68222222222,11.3344094368341
"2464","uiefmaize",2015,274,0.35302,11.2670273972603,1274.71,1057.68222222222,11.3344094368341
"2465","uiefmaize",2015,275,0.35242,11.2670273972603,1274.71,1057.68222222222,11.3344094368341
"2466","uiefmaize",2015,276,0.35179,11.2670273972603,1274.71,1057.68222222222,11.3344094368341
"2467","uiefmaize",2015,277,0.35111,11.2670273972603,1274.71,1057.68222222222,11.3344094368341
"2468","uiefmaize",2015,278,0.35034,11.2670273972603,1274.71,1057.68222222222,11.3344094368341
"2469","uiefmaize",2015,279,0.34944,11.2670273972603,1274.71,1057.68222222222,11.3344094368341
"2470","uiefmaize",2015,280,0.3484,11.2670273972603,1274.71,1057.68222222222,11.3344094368341
"2471","uiefmaize",2015,281,0.34727,11.2670273972603,1274.71,1057.68222222222,11.3344094368341
"2472","uiefmaize",2015,282,0.34612,11.2670273972603,1274.71,1057.68222222222,11.3344094368341
"2473","uiefmaize",2015,283,0.345,11.2670273972603,1274.71,1057.68222222222,11.3344094368341
"2474","uiefmaize",2015,284,0.34396,11.2670273972603,1274.71,1057.68222222222,11.3344094368341
"2475","uiefmaize",2015,285,0.34304,11.2670273972603,1274.71,1057.68222222222,11.3344094368341
"2476","uiefmaize",2015,286,0.34224,11.2670273972603,1274.71,1057.68222222222,11.3344094368341
"2477","uiefmaize",2015,287,0.34149,11.2670273972603,1274.71,1057.68222222222,11.3344094368341
"2478","uiefmaize",2015,288,0.34079,11.2670273972603,1274.71,1057.68222222222,11.3344094368341
"2479","uiefmaize",2015,289,0.34015,11.2670273972603,1274.71,1057.68222222222,11.3344094368341
"2480","uiefmaize",2015,290,0.33956,11.2670273972603,1274.71,1057.68222222222,11.3344094368341
"2481","uiefmaize",2015,291,0.33903,11.2670273972603,1274.71,1057.68222222222,11.3344094368341
"2482","uiefmaize",2015,292,0.33856,11.2670273972603,1274.71,1057.68222222222,11.3344094368341
"2483","uiefmaize",2015,293,0.33815,11.2670273972603,1274.71,1057.68222222222,11.3344094368341
"2484","uiefmaize",2015,294,0.33781,11.2670273972603,1274.71,1057.68222222222,11.3344094368341
"2485","uiefmaize",2015,295,0.33753,11.2670273972603,1274.71,1057.68222222222,11.3344094368341
"2486","uiefmaize",2015,296,0.3373,11.2670273972603,1274.71,1057.68222222222,11.3344094368341
"2487","uiefmaize",2015,297,0.33711,11.2670273972603,1274.71,1057.68222222222,11.3344094368341
"2488","uiefmaize",2015,298,0.33694,11.2670273972603,1274.71,1057.68222222222,11.3344094368341
"2489","uiefmaize",2015,299,0.33679,11.2670273972603,1274.71,1057.68222222222,11.3344094368341
"2490","uiefmaize",2015,300,0.33669,11.2670273972603,1274.71,1057.68222222222,11.3344094368341
"2491","uiefmaize",2015,301,0.33668,11.2670273972603,1274.71,1057.68222222222,11.3344094368341
"2492","uiefmaize",2015,302,0.33671,11.2670273972603,1274.71,1057.68222222222,11.3344094368341
"2493","uiefmaize",2015,303,0.33676,11.2670273972603,1274.71,1057.68222222222,11.3344094368341
"2494","uiefmaize",2015,304,0.33678,11.2670273972603,1274.71,1057.68222222222,11.3344094368341
"2495","uiefmaize",2015,305,0.33676,11.2670273972603,1274.71,1057.68222222222,11.3344094368341
"2496","uiefmaize",2015,306,0.3367,11.2670273972603,1274.71,1057.68222222222,11.3344094368341
"2497","uiefmaize",2015,307,0.33666,11.2670273972603,1274.71,1057.68222222222,11.3344094368341
"2498","uiefmaize",2015,308,0.33663,11.2670273972603,1274.71,1057.68222222222,11.3344094368341
"2499","uiefmaize",2015,309,0.33659,11.2670273972603,1274.71,1057.68222222222,11.3344094368341
"2500","uiefmaize",2015,310,0.33652,11.2670273972603,1274.71,1057.68222222222,11.3344094368341
"2501","uiefmaize",2015,311,0.33643,11.2670273972603,1274.71,1057.68222222222,11.3344094368341
"2502","uiefmaize",2015,312,0.3363,11.2670273972603,1274.71,1057.68222222222,11.3344094368341
"2503","uiefmaize",2015,313,0.33611,11.2670273972603,1274.71,1057.68222222222,11.3344094368341
"2504","uiefmaize",2015,314,0.33585,11.2670273972603,1274.71,1057.68222222222,11.3344094368341
"2505","uiefmaize",2015,315,0.33556,11.2670273972603,1274.71,1057.68222222222,11.3344094368341
"2506","uiefmaize",2015,316,0.33526,11.2670273972603,1274.71,1057.68222222222,11.3344094368341
"2507","uiefmaize",2015,317,0.33497,11.2670273972603,1274.71,1057.68222222222,11.3344094368341
"2508","uiefmaize",2015,318,0.33472,11.2670273972603,1274.71,1057.68222222222,11.3344094368341
"2509","uiefmaize",2015,319,0.33452,11.2670273972603,1274.71,1057.68222222222,11.3344094368341
"2510","uiefmaize",2015,320,0.33438,11.2670273972603,1274.71,1057.68222222222,11.3344094368341
"2511","uiefmaize",2015,321,0.33425,11.2670273972603,1274.71,1057.68222222222,11.3344094368341
"2512","uiefmaize",2015,322,0.33413,11.2670273972603,1274.71,1057.68222222222,11.3344094368341
"2513","uiefmaize",2015,323,0.33404,11.2670273972603,1274.71,1057.68222222222,11.3344094368341
"2514","uiefmaize",2015,324,0.33396,11.2670273972603,1274.71,1057.68222222222,11.3344094368341
"2515","uiefmaize",2015,325,0.33389,11.2670273972603,1274.71,1057.68222222222,11.3344094368341
"2516","uiefmaize",2015,326,0.33384,11.2670273972603,1274.71,1057.68222222222,11.3344094368341
"2517","uiefmaize",2015,327,0.33381,11.2670273972603,1274.71,1057.68222222222,11.3344094368341
"2518","uiefmaize",2015,328,0.33381,11.2670273972603,1274.71,1057.68222222222,11.3344094368341
"2519","uiefmaize",2015,329,0.33382,11.2670273972603,1274.71,1057.68222222222,11.3344094368341
"2520","uiefmaize",2015,330,0.33386,11.2670273972603,1274.71,1057.68222222222,11.3344094368341
"2521","uiefmaize",2015,331,0.33391,11.2670273972603,1274.71,1057.68222222222,11.3344094368341
"2522","uiefmaize",2015,332,0.33396,11.2670273972603,1274.71,1057.68222222222,11.3344094368341
"2523","uiefmaize",2015,333,0.33403,11.2670273972603,1274.71,1057.68222222222,11.3344094368341
"2524","uiefmaize",2015,334,0.33411,11.2670273972603,1274.71,1057.68222222222,11.3344094368341
"2525","uiefmaize",2015,335,0.33424,11.2670273972603,1274.71,1057.68222222222,11.3344094368341
"2526","uiefmaize",2015,336,0.3344,11.2670273972603,1274.71,1057.68222222222,11.3344094368341
"2527","uiefmaize",2015,337,0.33455,11.2670273972603,1274.71,1057.68222222222,11.3344094368341
"2528","uiefmaize",2015,338,0.3347,11.2670273972603,1274.71,1057.68222222222,11.3344094368341
"2529","uiefmaize",2015,339,0.3348,11.2670273972603,1274.71,1057.68222222222,11.3344094368341
"2530","uiefmaize",2015,340,0.33486,11.2670273972603,1274.71,1057.68222222222,11.3344094368341
"2531","uiefmaize",2015,341,0.33486,11.2670273972603,1274.71,1057.68222222222,11.3344094368341
"2532","uiefmaize",2015,342,0.33484,11.2670273972603,1274.71,1057.68222222222,11.3344094368341
"2533","uiefmaize",2015,343,0.33479,11.2670273972603,1274.71,1057.68222222222,11.3344094368341
"2534","uiefmaize",2015,344,0.33473,11.2670273972603,1274.71,1057.68222222222,11.3344094368341
"2535","uiefmaize",2015,345,0.33466,11.2670273972603,1274.71,1057.68222222222,11.3344094368341
"2536","uiefmaize",2015,346,0.33459,11.2670273972603,1274.71,1057.68222222222,11.3344094368341
"2537","uiefmaize",2015,347,0.33454,11.2670273972603,1274.71,1057.68222222222,11.3344094368341
"2538","uiefmaize",2015,348,0.33448,11.2670273972603,1274.71,1057.68222222222,11.3344094368341
"2539","uiefmaize",2015,349,0.3344,11.2670273972603,1274.71,1057.68222222222,11.3344094368341
"2540","uiefmaize",2015,350,0.3343,11.2670273972603,1274.71,1057.68222222222,11.3344094368341
"2541","uiefmaize",2015,351,0.33419,11.2670273972603,1274.71,1057.68222222222,11.3344094368341
"2542","uiefmaize",2015,352,0.33408,11.2670273972603,1274.71,1057.68222222222,11.3344094368341
"2543","uiefmaize",2015,353,0.33397,11.2670273972603,1274.71,1057.68222222222,11.3344094368341
"2544","uiefmaize",2015,354,0.33387,11.2670273972603,1274.71,1057.68222222222,11.3344094368341
"2545","uiefmaize",2015,355,0.33376,11.2670273972603,1274.71,1057.68222222222,11.3344094368341
"2546","uiefmaize",2015,356,0.33363,11.2670273972603,1274.71,1057.68222222222,11.3344094368341
"2547","uiefmaize",2015,357,0.3335,11.2670273972603,1274.71,1057.68222222222,11.3344094368341
"2548","uiefmaize",2015,358,0.33339,11.2670273972603,1274.71,1057.68222222222,11.3344094368341
"2549","uiefmaize",2015,359,0.3333,11.2670273972603,1274.71,1057.68222222222,11.3344094368341
"2550","uiefmaize",2015,360,0.33326,11.2670273972603,1274.71,1057.68222222222,11.3344094368341
"2551","uiefmaize",2015,361,0.33329,11.2670273972603,1274.71,1057.68222222222,11.3344094368341
"2552","uiefmaize",2015,362,0.33337,11.2670273972603,1274.71,1057.68222222222,11.3344094368341
"2553","uiefmaize",2015,363,0.33351,11.2670273972603,1274.71,1057.68222222222,11.3344094368341
"2554","uiefmaize",2015,364,0.33368,11.2670273972603,1274.71,1057.68222222222,11.3344094368341
"2555","uiefmaize",2015,365,0.33387,11.2670273972603,1274.71,1057.68222222222,11.3344094368341
"2556","uiefmaize",2016,1,0.33407,12.3252054794521,1050.67,1057.68222222222,11.3344094368341
"2557","uiefmaize",2016,2,0.33425,12.3252054794521,1050.67,1057.68222222222,11.3344094368341
"2558","uiefmaize",2016,3,0.33441,12.3252054794521,1050.67,1057.68222222222,11.3344094368341
"2559","uiefmaize",2016,4,0.3346,12.3252054794521,1050.67,1057.68222222222,11.3344094368341
"2560","uiefmaize",2016,5,0.33484,12.3252054794521,1050.67,1057.68222222222,11.3344094368341
"2561","uiefmaize",2016,6,0.33512,12.3252054794521,1050.67,1057.68222222222,11.3344094368341
"2562","uiefmaize",2016,7,0.33538,12.3252054794521,1050.67,1057.68222222222,11.3344094368341
"2563","uiefmaize",2016,8,0.33561,12.3252054794521,1050.67,1057.68222222222,11.3344094368341
"2564","uiefmaize",2016,9,0.33576,12.3252054794521,1050.67,1057.68222222222,11.3344094368341
"2565","uiefmaize",2016,10,0.3358,12.3252054794521,1050.67,1057.68222222222,11.3344094368341
"2566","uiefmaize",2016,11,0.33569,12.3252054794521,1050.67,1057.68222222222,11.3344094368341
"2567","uiefmaize",2016,12,0.33543,12.3252054794521,1050.67,1057.68222222222,11.3344094368341
"2568","uiefmaize",2016,13,0.33508,12.3252054794521,1050.67,1057.68222222222,11.3344094368341
"2569","uiefmaize",2016,14,0.33469,12.3252054794521,1050.67,1057.68222222222,11.3344094368341
"2570","uiefmaize",2016,15,0.33432,12.3252054794521,1050.67,1057.68222222222,11.3344094368341
"2571","uiefmaize",2016,16,0.33401,12.3252054794521,1050.67,1057.68222222222,11.3344094368341
"2572","uiefmaize",2016,17,0.33383,12.3252054794521,1050.67,1057.68222222222,11.3344094368341
"2573","uiefmaize",2016,18,0.33374,12.3252054794521,1050.67,1057.68222222222,11.3344094368341
"2574","uiefmaize",2016,19,0.33369,12.3252054794521,1050.67,1057.68222222222,11.3344094368341
"2575","uiefmaize",2016,20,0.33366,12.3252054794521,1050.67,1057.68222222222,11.3344094368341
"2576","uiefmaize",2016,21,0.33366,12.3252054794521,1050.67,1057.68222222222,11.3344094368341
"2577","uiefmaize",2016,22,0.33368,12.3252054794521,1050.67,1057.68222222222,11.3344094368341
"2578","uiefmaize",2016,23,0.33372,12.3252054794521,1050.67,1057.68222222222,11.3344094368341
"2579","uiefmaize",2016,24,0.33377,12.3252054794521,1050.67,1057.68222222222,11.3344094368341
"2580","uiefmaize",2016,25,0.33391,12.3252054794521,1050.67,1057.68222222222,11.3344094368341
"2581","uiefmaize",2016,26,0.33418,12.3252054794521,1050.67,1057.68222222222,11.3344094368341
"2582","uiefmaize",2016,27,0.33451,12.3252054794521,1050.67,1057.68222222222,11.3344094368341
"2583","uiefmaize",2016,28,0.33487,12.3252054794521,1050.67,1057.68222222222,11.3344094368341
"2584","uiefmaize",2016,29,0.3352,12.3252054794521,1050.67,1057.68222222222,11.3344094368341
"2585","uiefmaize",2016,30,0.33545,12.3252054794521,1050.67,1057.68222222222,11.3344094368341
"2586","uiefmaize",2016,31,0.33557,12.3252054794521,1050.67,1057.68222222222,11.3344094368341
"2587","uiefmaize",2016,32,0.33553,12.3252054794521,1050.67,1057.68222222222,11.3344094368341
"2588","uiefmaize",2016,33,0.33535,12.3252054794521,1050.67,1057.68222222222,11.3344094368341
"2589","uiefmaize",2016,34,0.33508,12.3252054794521,1050.67,1057.68222222222,11.3344094368341
"2590","uiefmaize",2016,35,0.33476,12.3252054794521,1050.67,1057.68222222222,11.3344094368341
"2591","uiefmaize",2016,36,0.33443,12.3252054794521,1050.67,1057.68222222222,11.3344094368341
"2592","uiefmaize",2016,37,0.33415,12.3252054794521,1050.67,1057.68222222222,11.3344094368341
"2593","uiefmaize",2016,38,0.33396,12.3252054794521,1050.67,1057.68222222222,11.3344094368341
"2594","uiefmaize",2016,39,0.33382,12.3252054794521,1050.67,1057.68222222222,11.3344094368341
"2595","uiefmaize",2016,40,0.33368,12.3252054794521,1050.67,1057.68222222222,11.3344094368341
"2596","uiefmaize",2016,41,0.33357,12.3252054794521,1050.67,1057.68222222222,11.3344094368341
"2597","uiefmaize",2016,42,0.33351,12.3252054794521,1050.67,1057.68222222222,11.3344094368341
"2598","uiefmaize",2016,43,0.3335,12.3252054794521,1050.67,1057.68222222222,11.3344094368341
"2599","uiefmaize",2016,44,0.33357,12.3252054794521,1050.67,1057.68222222222,11.3344094368341
"2600","uiefmaize",2016,45,0.33373,12.3252054794521,1050.67,1057.68222222222,11.3344094368341
"2601","uiefmaize",2016,46,0.33408,12.3252054794521,1050.67,1057.68222222222,11.3344094368341
"2602","uiefmaize",2016,47,0.33463,12.3252054794521,1050.67,1057.68222222222,11.3344094368341
"2603","uiefmaize",2016,48,0.33527,12.3252054794521,1050.67,1057.68222222222,11.3344094368341
"2604","uiefmaize",2016,49,0.3359,12.3252054794521,1050.67,1057.68222222222,11.3344094368341
"2605","uiefmaize",2016,50,0.33641,12.3252054794521,1050.67,1057.68222222222,11.3344094368341
"2606","uiefmaize",2016,51,0.3367,12.3252054794521,1050.67,1057.68222222222,11.3344094368341
"2607","uiefmaize",2016,52,0.3368,12.3252054794521,1050.67,1057.68222222222,11.3344094368341
"2608","uiefmaize",2016,53,0.33679,12.3252054794521,1050.67,1057.68222222222,11.3344094368341
"2609","uiefmaize",2016,54,0.33671,12.3252054794521,1050.67,1057.68222222222,11.3344094368341
"2610","uiefmaize",2016,55,0.33658,12.3252054794521,1050.67,1057.68222222222,11.3344094368341
"2611","uiefmaize",2016,56,0.33643,12.3252054794521,1050.67,1057.68222222222,11.3344094368341
"2612","uiefmaize",2016,57,0.33627,12.3252054794521,1050.67,1057.68222222222,11.3344094368341
"2613","uiefmaize",2016,58,0.33615,12.3252054794521,1050.67,1057.68222222222,11.3344094368341
"2614","uiefmaize",2016,59,0.336,12.3252054794521,1050.67,1057.68222222222,11.3344094368341
"2615","uiefmaize",2016,60,0.33577,12.3252054794521,1050.67,1057.68222222222,11.3344094368341
"2616","uiefmaize",2016,61,0.33551,12.3252054794521,1050.67,1057.68222222222,11.3344094368341
"2617","uiefmaize",2016,62,0.33523,12.3252054794521,1050.67,1057.68222222222,11.3344094368341
"2618","uiefmaize",2016,63,0.33496,12.3252054794521,1050.67,1057.68222222222,11.3344094368341
"2619","uiefmaize",2016,64,0.33474,12.3252054794521,1050.67,1057.68222222222,11.3344094368341
"2620","uiefmaize",2016,65,0.3346,12.3252054794521,1050.67,1057.68222222222,11.3344094368341
"2621","uiefmaize",2016,66,0.33454,12.3252054794521,1050.67,1057.68222222222,11.3344094368341
"2622","uiefmaize",2016,67,0.33453,12.3252054794521,1050.67,1057.68222222222,11.3344094368341
"2623","uiefmaize",2016,68,0.33457,12.3252054794521,1050.67,1057.68222222222,11.3344094368341
"2624","uiefmaize",2016,69,0.33463,12.3252054794521,1050.67,1057.68222222222,11.3344094368341
"2625","uiefmaize",2016,70,0.33469,12.3252054794521,1050.67,1057.68222222222,11.3344094368341
"2626","uiefmaize",2016,71,0.33473,12.3252054794521,1050.67,1057.68222222222,11.3344094368341
"2627","uiefmaize",2016,72,0.33474,12.3252054794521,1050.67,1057.68222222222,11.3344094368341
"2628","uiefmaize",2016,73,0.33469,12.3252054794521,1050.67,1057.68222222222,11.3344094368341
"2629","uiefmaize",2016,74,0.3346,12.3252054794521,1050.67,1057.68222222222,11.3344094368341
"2630","uiefmaize",2016,75,0.33448,12.3252054794521,1050.67,1057.68222222222,11.3344094368341
"2631","uiefmaize",2016,76,0.33437,12.3252054794521,1050.67,1057.68222222222,11.3344094368341
"2632","uiefmaize",2016,77,0.33429,12.3252054794521,1050.67,1057.68222222222,11.3344094368341
"2633","uiefmaize",2016,78,0.33427,12.3252054794521,1050.67,1057.68222222222,11.3344094368341
"2634","uiefmaize",2016,79,0.33432,12.3252054794521,1050.67,1057.68222222222,11.3344094368341
"2635","uiefmaize",2016,80,0.3345,12.3252054794521,1050.67,1057.68222222222,11.3344094368341
"2636","uiefmaize",2016,81,0.33481,12.3252054794521,1050.67,1057.68222222222,11.3344094368341
"2637","uiefmaize",2016,82,0.3352,12.3252054794521,1050.67,1057.68222222222,11.3344094368341
"2638","uiefmaize",2016,83,0.33561,12.3252054794521,1050.67,1057.68222222222,11.3344094368341
"2639","uiefmaize",2016,84,0.336,12.3252054794521,1050.67,1057.68222222222,11.3344094368341
"2640","uiefmaize",2016,85,0.3363,12.3252054794521,1050.67,1057.68222222222,11.3344094368341
"2641","uiefmaize",2016,86,0.33647,12.3252054794521,1050.67,1057.68222222222,11.3344094368341
"2642","uiefmaize",2016,87,0.33651,12.3252054794521,1050.67,1057.68222222222,11.3344094368341
"2643","uiefmaize",2016,88,0.33647,12.3252054794521,1050.67,1057.68222222222,11.3344094368341
"2644","uiefmaize",2016,89,0.33638,12.3252054794521,1050.67,1057.68222222222,11.3344094368341
"2645","uiefmaize",2016,90,0.33625,12.3252054794521,1050.67,1057.68222222222,11.3344094368341
"2646","uiefmaize",2016,91,0.33607,12.3252054794521,1050.67,1057.68222222222,11.3344094368341
"2647","uiefmaize",2016,92,0.33587,12.3252054794521,1050.67,1057.68222222222,11.3344094368341
"2648","uiefmaize",2016,93,0.33565,12.3252054794521,1050.67,1057.68222222222,11.3344094368341
"2649","uiefmaize",2016,94,0.33536,12.3252054794521,1050.67,1057.68222222222,11.3344094368341
"2650","uiefmaize",2016,95,0.33496,12.3252054794521,1050.67,1057.68222222222,11.3344094368341
"2651","uiefmaize",2016,96,0.3345,12.3252054794521,1050.67,1057.68222222222,11.3344094368341
"2652","uiefmaize",2016,97,0.33402,12.3252054794521,1050.67,1057.68222222222,11.3344094368341
"2653","uiefmaize",2016,98,0.33358,12.3252054794521,1050.67,1057.68222222222,11.3344094368341
"2654","uiefmaize",2016,99,0.33323,12.3252054794521,1050.67,1057.68222222222,11.3344094368341
"2655","uiefmaize",2016,100,0.33301,12.3252054794521,1050.67,1057.68222222222,11.3344094368341
"2656","uiefmaize",2016,101,0.33294,12.3252054794521,1050.67,1057.68222222222,11.3344094368341
"2657","uiefmaize",2016,102,0.33295,12.3252054794521,1050.67,1057.68222222222,11.3344094368341
"2658","uiefmaize",2016,103,0.33302,12.3252054794521,1050.67,1057.68222222222,11.3344094368341
"2659","uiefmaize",2016,104,0.33313,12.3252054794521,1050.67,1057.68222222222,11.3344094368341
"2660","uiefmaize",2016,105,0.33325,12.3252054794521,1050.67,1057.68222222222,11.3344094368341
"2661","uiefmaize",2016,106,0.33336,12.3252054794521,1050.67,1057.68222222222,11.3344094368341
"2662","uiefmaize",2016,107,0.33349,12.3252054794521,1050.67,1057.68222222222,11.3344094368341
"2663","uiefmaize",2016,108,0.3337,12.3252054794521,1050.67,1057.68222222222,11.3344094368341
"2664","uiefmaize",2016,109,0.33394,12.3252054794521,1050.67,1057.68222222222,11.3344094368341
"2665","uiefmaize",2016,110,0.33418,12.3252054794521,1050.67,1057.68222222222,11.3344094368341
"2666","uiefmaize",2016,111,0.33441,12.3252054794521,1050.67,1057.68222222222,11.3344094368341
"2667","uiefmaize",2016,112,0.33458,12.3252054794521,1050.67,1057.68222222222,11.3344094368341
"2668","uiefmaize",2016,113,0.33467,12.3252054794521,1050.67,1057.68222222222,11.3344094368341
"2669","uiefmaize",2016,114,0.33467,12.3252054794521,1050.67,1057.68222222222,11.3344094368341
"2670","uiefmaize",2016,115,0.33461,12.3252054794521,1050.67,1057.68222222222,11.3344094368341
"2671","uiefmaize",2016,116,0.33451,12.3252054794521,1050.67,1057.68222222222,11.3344094368341
"2672","uiefmaize",2016,117,0.33439,12.3252054794521,1050.67,1057.68222222222,11.3344094368341
"2673","uiefmaize",2016,118,0.33428,12.3252054794521,1050.67,1057.68222222222,11.3344094368341
"2674","uiefmaize",2016,119,0.33418,12.3252054794521,1050.67,1057.68222222222,11.3344094368341
"2675","uiefmaize",2016,120,0.33413,12.3252054794521,1050.67,1057.68222222222,11.3344094368341
"2676","uiefmaize",2016,121,0.3341,12.3252054794521,1050.67,1057.68222222222,11.3344094368341
"2677","uiefmaize",2016,122,0.33407,12.3252054794521,1050.67,1057.68222222222,11.3344094368341
"2678","uiefmaize",2016,123,0.33403,12.3252054794521,1050.67,1057.68222222222,11.3344094368341
"2679","uiefmaize",2016,124,0.33401,12.3252054794521,1050.67,1057.68222222222,11.3344094368341
"2680","uiefmaize",2016,125,0.334,12.3252054794521,1050.67,1057.68222222222,11.3344094368341
"2681","uiefmaize",2016,126,0.33403,12.3252054794521,1050.67,1057.68222222222,11.3344094368341
"2682","uiefmaize",2016,127,0.33409,12.3252054794521,1050.67,1057.68222222222,11.3344094368341
"2683","uiefmaize",2016,128,0.33419,12.3252054794521,1050.67,1057.68222222222,11.3344094368341
"2684","uiefmaize",2016,129,0.33432,12.3252054794521,1050.67,1057.68222222222,11.3344094368341
"2685","uiefmaize",2016,130,0.33447,12.3252054794521,1050.67,1057.68222222222,11.3344094368341
"2686","uiefmaize",2016,131,0.33464,12.3252054794521,1050.67,1057.68222222222,11.3344094368341
"2687","uiefmaize",2016,132,0.33482,12.3252054794521,1050.67,1057.68222222222,11.3344094368341
"2688","uiefmaize",2016,133,0.33502,12.3252054794521,1050.67,1057.68222222222,11.3344094368341
"2689","uiefmaize",2016,134,0.33522,12.3252054794521,1050.67,1057.68222222222,11.3344094368341
"2690","uiefmaize",2016,135,0.33547,12.3252054794521,1050.67,1057.68222222222,11.3344094368341
"2691","uiefmaize",2016,136,0.33581,12.3252054794521,1050.67,1057.68222222222,11.3344094368341
"2692","uiefmaize",2016,137,0.33619,12.3252054794521,1050.67,1057.68222222222,11.3344094368341
"2693","uiefmaize",2016,138,0.33657,12.3252054794521,1050.67,1057.68222222222,11.3344094368341
"2694","uiefmaize",2016,139,0.33693,12.3252054794521,1050.67,1057.68222222222,11.3344094368341
"2695","uiefmaize",2016,140,0.33721,12.3252054794521,1050.67,1057.68222222222,11.3344094368341
"2696","uiefmaize",2016,141,0.33738,12.3252054794521,1050.67,1057.68222222222,11.3344094368341
"2697","uiefmaize",2016,142,0.3374,12.3252054794521,1050.67,1057.68222222222,11.3344094368341
"2698","uiefmaize",2016,143,0.33729,12.3252054794521,1050.67,1057.68222222222,11.3344094368341
"2699","uiefmaize",2016,144,0.33711,12.3252054794521,1050.67,1057.68222222222,11.3344094368341
"2700","uiefmaize",2016,145,0.33688,12.3252054794521,1050.67,1057.68222222222,11.3344094368341
"2701","uiefmaize",2016,146,0.33667,12.3252054794521,1050.67,1057.68222222222,11.3344094368341
"2702","uiefmaize",2016,147,0.3365,12.3252054794521,1050.67,1057.68222222222,11.3344094368341
"2703","uiefmaize",2016,148,0.33644,12.3252054794521,1050.67,1057.68222222222,11.3344094368341
"2704","uiefmaize",2016,149,0.33632,12.3252054794521,1050.67,1057.68222222222,11.3344094368341
"2705","uiefmaize",2016,150,0.33602,12.3252054794521,1050.67,1057.68222222222,11.3344094368341
"2706","uiefmaize",2016,151,0.33566,12.3252054794521,1050.67,1057.68222222222,11.3344094368341
"2707","uiefmaize",2016,152,0.33534,12.3252054794521,1050.67,1057.68222222222,11.3344094368341
"2708","uiefmaize",2016,153,0.33519,12.3252054794521,1050.67,1057.68222222222,11.3344094368341
"2709","uiefmaize",2016,154,0.33531,12.3252054794521,1050.67,1057.68222222222,11.3344094368341
"2710","uiefmaize",2016,155,0.33581,12.3252054794521,1050.67,1057.68222222222,11.3344094368341
"2711","uiefmaize",2016,156,0.3366,12.3252054794521,1050.67,1057.68222222222,11.3344094368341
"2712","uiefmaize",2016,157,0.33753,12.3252054794521,1050.67,1057.68222222222,11.3344094368341
"2713","uiefmaize",2016,158,0.33863,12.3252054794521,1050.67,1057.68222222222,11.3344094368341
"2714","uiefmaize",2016,159,0.33994,12.3252054794521,1050.67,1057.68222222222,11.3344094368341
"2715","uiefmaize",2016,160,0.3415,12.3252054794521,1050.67,1057.68222222222,11.3344094368341
"2716","uiefmaize",2016,161,0.34333,12.3252054794521,1050.67,1057.68222222222,11.3344094368341
"2717","uiefmaize",2016,162,0.34554,12.3252054794521,1050.67,1057.68222222222,11.3344094368341
"2718","uiefmaize",2016,163,0.34813,12.3252054794521,1050.67,1057.68222222222,11.3344094368341
"2719","uiefmaize",2016,164,0.35102,12.3252054794521,1050.67,1057.68222222222,11.3344094368341
"2720","uiefmaize",2016,165,0.35413,12.3252054794521,1050.67,1057.68222222222,11.3344094368341
"2721","uiefmaize",2016,166,0.3574,12.3252054794521,1050.67,1057.68222222222,11.3344094368341
"2722","uiefmaize",2016,167,0.36073,12.3252054794521,1050.67,1057.68222222222,11.3344094368341
"2723","uiefmaize",2016,168,0.36405,12.3252054794521,1050.67,1057.68222222222,11.3344094368341
"2724","uiefmaize",2016,169,0.36769,12.3252054794521,1050.67,1057.68222222222,11.3344094368341
"2725","uiefmaize",2016,170,0.37189,12.3252054794521,1050.67,1057.68222222222,11.3344094368341
"2726","uiefmaize",2016,171,0.37638,12.3252054794521,1050.67,1057.68222222222,11.3344094368341
"2727","uiefmaize",2016,172,0.38089,12.3252054794521,1050.67,1057.68222222222,11.3344094368341
"2728","uiefmaize",2016,173,0.38516,12.3252054794521,1050.67,1057.68222222222,11.3344094368341
"2729","uiefmaize",2016,174,0.38894,12.3252054794521,1050.67,1057.68222222222,11.3344094368341
"2730","uiefmaize",2016,175,0.39197,12.3252054794521,1050.67,1057.68222222222,11.3344094368341
"2731","uiefmaize",2016,176,0.39432,12.3252054794521,1050.67,1057.68222222222,11.3344094368341
"2732","uiefmaize",2016,177,0.39629,12.3252054794521,1050.67,1057.68222222222,11.3344094368341
"2733","uiefmaize",2016,178,0.39795,12.3252054794521,1050.67,1057.68222222222,11.3344094368341
"2734","uiefmaize",2016,179,0.39936,12.3252054794521,1050.67,1057.68222222222,11.3344094368341
"2735","uiefmaize",2016,180,0.40058,12.3252054794521,1050.67,1057.68222222222,11.3344094368341
"2736","uiefmaize",2016,181,0.40166,12.3252054794521,1050.67,1057.68222222222,11.3344094368341
"2737","uiefmaize",2016,182,0.40268,12.3252054794521,1050.67,1057.68222222222,11.3344094368341
"2738","uiefmaize",2016,183,0.40343,12.3252054794521,1050.67,1057.68222222222,11.3344094368341
"2739","uiefmaize",2016,184,0.40376,12.3252054794521,1050.67,1057.68222222222,11.3344094368341
"2740","uiefmaize",2016,185,0.4038,12.3252054794521,1050.67,1057.68222222222,11.3344094368341
"2741","uiefmaize",2016,186,0.40368,12.3252054794521,1050.67,1057.68222222222,11.3344094368341
"2742","uiefmaize",2016,187,0.40352,12.3252054794521,1050.67,1057.68222222222,11.3344094368341
"2743","uiefmaize",2016,188,0.40346,12.3252054794521,1050.67,1057.68222222222,11.3344094368341
"2744","uiefmaize",2016,189,0.40362,12.3252054794521,1050.67,1057.68222222222,11.3344094368341
"2745","uiefmaize",2016,190,0.404,12.3252054794521,1050.67,1057.68222222222,11.3344094368341
"2746","uiefmaize",2016,191,0.40449,12.3252054794521,1050.67,1057.68222222222,11.3344094368341
"2747","uiefmaize",2016,192,0.40504,12.3252054794521,1050.67,1057.68222222222,11.3344094368341
"2748","uiefmaize",2016,193,0.40558,12.3252054794521,1050.67,1057.68222222222,11.3344094368341
"2749","uiefmaize",2016,194,0.40608,12.3252054794521,1050.67,1057.68222222222,11.3344094368341
"2750","uiefmaize",2016,195,0.40647,12.3252054794521,1050.67,1057.68222222222,11.3344094368341
"2751","uiefmaize",2016,196,0.4067,12.3252054794521,1050.67,1057.68222222222,11.3344094368341
"2752","uiefmaize",2016,197,0.40676,12.3252054794521,1050.67,1057.68222222222,11.3344094368341
"2753","uiefmaize",2016,198,0.40667,12.3252054794521,1050.67,1057.68222222222,11.3344094368341
"2754","uiefmaize",2016,199,0.40647,12.3252054794521,1050.67,1057.68222222222,11.3344094368341
"2755","uiefmaize",2016,200,0.40622,12.3252054794521,1050.67,1057.68222222222,11.3344094368341
"2756","uiefmaize",2016,201,0.40596,12.3252054794521,1050.67,1057.68222222222,11.3344094368341
"2757","uiefmaize",2016,202,0.40572,12.3252054794521,1050.67,1057.68222222222,11.3344094368341
"2758","uiefmaize",2016,203,0.40556,12.3252054794521,1050.67,1057.68222222222,11.3344094368341
"2759","uiefmaize",2016,204,0.40549,12.3252054794521,1050.67,1057.68222222222,11.3344094368341
"2760","uiefmaize",2016,205,0.40545,12.3252054794521,1050.67,1057.68222222222,11.3344094368341
"2761","uiefmaize",2016,206,0.40543,12.3252054794521,1050.67,1057.68222222222,11.3344094368341
"2762","uiefmaize",2016,207,0.40538,12.3252054794521,1050.67,1057.68222222222,11.3344094368341
"2763","uiefmaize",2016,208,0.40528,12.3252054794521,1050.67,1057.68222222222,11.3344094368341
"2764","uiefmaize",2016,209,0.4051,12.3252054794521,1050.67,1057.68222222222,11.3344094368341
"2765","uiefmaize",2016,210,0.4048,12.3252054794521,1050.67,1057.68222222222,11.3344094368341
"2766","uiefmaize",2016,211,0.40448,12.3252054794521,1050.67,1057.68222222222,11.3344094368341
"2767","uiefmaize",2016,212,0.40419,12.3252054794521,1050.67,1057.68222222222,11.3344094368341
"2768","uiefmaize",2016,213,0.40387,12.3252054794521,1050.67,1057.68222222222,11.3344094368341
"2769","uiefmaize",2016,214,0.40346,12.3252054794521,1050.67,1057.68222222222,11.3344094368341
"2770","uiefmaize",2016,215,0.40288,12.3252054794521,1050.67,1057.68222222222,11.3344094368341
"2771","uiefmaize",2016,216,0.40206,12.3252054794521,1050.67,1057.68222222222,11.3344094368341
"2772","uiefmaize",2016,217,0.40088,12.3252054794521,1050.67,1057.68222222222,11.3344094368341
"2773","uiefmaize",2016,218,0.39934,12.3252054794521,1050.67,1057.68222222222,11.3344094368341
"2774","uiefmaize",2016,219,0.39759,12.3252054794521,1050.67,1057.68222222222,11.3344094368341
"2775","uiefmaize",2016,220,0.39575,12.3252054794521,1050.67,1057.68222222222,11.3344094368341
"2776","uiefmaize",2016,221,0.39397,12.3252054794521,1050.67,1057.68222222222,11.3344094368341
"2777","uiefmaize",2016,222,0.39239,12.3252054794521,1050.67,1057.68222222222,11.3344094368341
"2778","uiefmaize",2016,223,0.39113,12.3252054794521,1050.67,1057.68222222222,11.3344094368341
"2779","uiefmaize",2016,224,0.39008,12.3252054794521,1050.67,1057.68222222222,11.3344094368341
"2780","uiefmaize",2016,225,0.38905,12.3252054794521,1050.67,1057.68222222222,11.3344094368341
"2781","uiefmaize",2016,226,0.38806,12.3252054794521,1050.67,1057.68222222222,11.3344094368341
"2782","uiefmaize",2016,227,0.38716,12.3252054794521,1050.67,1057.68222222222,11.3344094368341
"2783","uiefmaize",2016,228,0.38637,12.3252054794521,1050.67,1057.68222222222,11.3344094368341
"2784","uiefmaize",2016,229,0.38574,12.3252054794521,1050.67,1057.68222222222,11.3344094368341
"2785","uiefmaize",2016,230,0.38528,12.3252054794521,1050.67,1057.68222222222,11.3344094368341
"2786","uiefmaize",2016,231,0.38512,12.3252054794521,1050.67,1057.68222222222,11.3344094368341
"2787","uiefmaize",2016,232,0.38525,12.3252054794521,1050.67,1057.68222222222,11.3344094368341
"2788","uiefmaize",2016,233,0.3856,12.3252054794521,1050.67,1057.68222222222,11.3344094368341
"2789","uiefmaize",2016,234,0.38607,12.3252054794521,1050.67,1057.68222222222,11.3344094368341
"2790","uiefmaize",2016,235,0.38656,12.3252054794521,1050.67,1057.68222222222,11.3344094368341
"2791","uiefmaize",2016,236,0.38699,12.3252054794521,1050.67,1057.68222222222,11.3344094368341
"2792","uiefmaize",2016,237,0.38726,12.3252054794521,1050.67,1057.68222222222,11.3344094368341
"2793","uiefmaize",2016,238,0.38735,12.3252054794521,1050.67,1057.68222222222,11.3344094368341
"2794","uiefmaize",2016,239,0.38733,12.3252054794521,1050.67,1057.68222222222,11.3344094368341
"2795","uiefmaize",2016,240,0.38726,12.3252054794521,1050.67,1057.68222222222,11.3344094368341
"2796","uiefmaize",2016,241,0.38717,12.3252054794521,1050.67,1057.68222222222,11.3344094368341
"2797","uiefmaize",2016,242,0.38712,12.3252054794521,1050.67,1057.68222222222,11.3344094368341
"2798","uiefmaize",2016,243,0.38716,12.3252054794521,1050.67,1057.68222222222,11.3344094368341
"2799","uiefmaize",2016,244,0.38731,12.3252054794521,1050.67,1057.68222222222,11.3344094368341
"2800","uiefmaize",2016,245,0.38769,12.3252054794521,1050.67,1057.68222222222,11.3344094368341
"2801","uiefmaize",2016,246,0.3883,12.3252054794521,1050.67,1057.68222222222,11.3344094368341
"2802","uiefmaize",2016,247,0.38905,12.3252054794521,1050.67,1057.68222222222,11.3344094368341
"2803","uiefmaize",2016,248,0.38986,12.3252054794521,1050.67,1057.68222222222,11.3344094368341
"2804","uiefmaize",2016,249,0.39064,12.3252054794521,1050.67,1057.68222222222,11.3344094368341
"2805","uiefmaize",2016,250,0.39131,12.3252054794521,1050.67,1057.68222222222,11.3344094368341
"2806","uiefmaize",2016,251,0.39179,12.3252054794521,1050.67,1057.68222222222,11.3344094368341
"2807","uiefmaize",2016,252,0.39239,12.3252054794521,1050.67,1057.68222222222,11.3344094368341
"2808","uiefmaize",2016,253,0.39332,12.3252054794521,1050.67,1057.68222222222,11.3344094368341
"2809","uiefmaize",2016,254,0.39436,12.3252054794521,1050.67,1057.68222222222,11.3344094368341
"2810","uiefmaize",2016,255,0.39527,12.3252054794521,1050.67,1057.68222222222,11.3344094368341
"2811","uiefmaize",2016,256,0.39581,12.3252054794521,1050.67,1057.68222222222,11.3344094368341
"2812","uiefmaize",2016,257,0.39575,12.3252054794521,1050.67,1057.68222222222,11.3344094368341
"2813","uiefmaize",2016,258,0.39485,12.3252054794521,1050.67,1057.68222222222,11.3344094368341
"2814","uiefmaize",2016,259,0.39298,12.3252054794521,1050.67,1057.68222222222,11.3344094368341
"2815","uiefmaize",2016,260,0.3903,12.3252054794521,1050.67,1057.68222222222,11.3344094368341
"2816","uiefmaize",2016,261,0.38703,12.3252054794521,1050.67,1057.68222222222,11.3344094368341
"2817","uiefmaize",2016,262,0.38339,12.3252054794521,1050.67,1057.68222222222,11.3344094368341
"2818","uiefmaize",2016,263,0.37957,12.3252054794521,1050.67,1057.68222222222,11.3344094368341
"2819","uiefmaize",2016,264,0.3758,12.3252054794521,1050.67,1057.68222222222,11.3344094368341
"2820","uiefmaize",2016,265,0.37229,12.3252054794521,1050.67,1057.68222222222,11.3344094368341
"2821","uiefmaize",2016,266,0.36846,12.3252054794521,1050.67,1057.68222222222,11.3344094368341
"2822","uiefmaize",2016,267,0.36387,12.3252054794521,1050.67,1057.68222222222,11.3344094368341
"2823","uiefmaize",2016,268,0.35895,12.3252054794521,1050.67,1057.68222222222,11.3344094368341
"2824","uiefmaize",2016,269,0.35415,12.3252054794521,1050.67,1057.68222222222,11.3344094368341
"2825","uiefmaize",2016,270,0.34989,12.3252054794521,1050.67,1057.68222222222,11.3344094368341
"2826","uiefmaize",2016,271,0.34661,12.3252054794521,1050.67,1057.68222222222,11.3344094368341
"2827","uiefmaize",2016,272,0.34425,12.3252054794521,1050.67,1057.68222222222,11.3344094368341
"2828","uiefmaize",2016,273,0.34242,12.3252054794521,1050.67,1057.68222222222,11.3344094368341
"2829","uiefmaize",2016,274,0.34101,12.3252054794521,1050.67,1057.68222222222,11.3344094368341
"2830","uiefmaize",2016,275,0.33992,12.3252054794521,1050.67,1057.68222222222,11.3344094368341
"2831","uiefmaize",2016,276,0.33905,12.3252054794521,1050.67,1057.68222222222,11.3344094368341
"2832","uiefmaize",2016,277,0.33829,12.3252054794521,1050.67,1057.68222222222,11.3344094368341
"2833","uiefmaize",2016,278,0.33753,12.3252054794521,1050.67,1057.68222222222,11.3344094368341
"2834","uiefmaize",2016,279,0.33695,12.3252054794521,1050.67,1057.68222222222,11.3344094368341
"2835","uiefmaize",2016,280,0.33671,12.3252054794521,1050.67,1057.68222222222,11.3344094368341
"2836","uiefmaize",2016,281,0.33671,12.3252054794521,1050.67,1057.68222222222,11.3344094368341
"2837","uiefmaize",2016,282,0.33685,12.3252054794521,1050.67,1057.68222222222,11.3344094368341
"2838","uiefmaize",2016,283,0.33702,12.3252054794521,1050.67,1057.68222222222,11.3344094368341
"2839","uiefmaize",2016,284,0.33713,12.3252054794521,1050.67,1057.68222222222,11.3344094368341
"2840","uiefmaize",2016,285,0.33707,12.3252054794521,1050.67,1057.68222222222,11.3344094368341
"2841","uiefmaize",2016,286,0.33689,12.3252054794521,1050.67,1057.68222222222,11.3344094368341
"2842","uiefmaize",2016,287,0.3367,12.3252054794521,1050.67,1057.68222222222,11.3344094368341
"2843","uiefmaize",2016,288,0.33654,12.3252054794521,1050.67,1057.68222222222,11.3344094368341
"2844","uiefmaize",2016,289,0.33641,12.3252054794521,1050.67,1057.68222222222,11.3344094368341
"2845","uiefmaize",2016,290,0.33633,12.3252054794521,1050.67,1057.68222222222,11.3344094368341
"2846","uiefmaize",2016,291,0.33633,12.3252054794521,1050.67,1057.68222222222,11.3344094368341
"2847","uiefmaize",2016,292,0.33641,12.3252054794521,1050.67,1057.68222222222,11.3344094368341
"2848","uiefmaize",2016,293,0.33664,12.3252054794521,1050.67,1057.68222222222,11.3344094368341
"2849","uiefmaize",2016,294,0.33702,12.3252054794521,1050.67,1057.68222222222,11.3344094368341
"2850","uiefmaize",2016,295,0.33751,12.3252054794521,1050.67,1057.68222222222,11.3344094368341
"2851","uiefmaize",2016,296,0.33802,12.3252054794521,1050.67,1057.68222222222,11.3344094368341
"2852","uiefmaize",2016,297,0.33852,12.3252054794521,1050.67,1057.68222222222,11.3344094368341
"2853","uiefmaize",2016,298,0.33893,12.3252054794521,1050.67,1057.68222222222,11.3344094368341
"2854","uiefmaize",2016,299,0.33919,12.3252054794521,1050.67,1057.68222222222,11.3344094368341
"2855","uiefmaize",2016,300,0.33935,12.3252054794521,1050.67,1057.68222222222,11.3344094368341
"2856","uiefmaize",2016,301,0.3395,12.3252054794521,1050.67,1057.68222222222,11.3344094368341
"2857","uiefmaize",2016,302,0.33963,12.3252054794521,1050.67,1057.68222222222,11.3344094368341
"2858","uiefmaize",2016,303,0.33971,12.3252054794521,1050.67,1057.68222222222,11.3344094368341
"2859","uiefmaize",2016,304,0.33975,12.3252054794521,1050.67,1057.68222222222,11.3344094368341
"2860","uiefmaize",2016,305,0.33972,12.3252054794521,1050.67,1057.68222222222,11.3344094368341
"2861","uiefmaize",2016,306,0.33963,12.3252054794521,1050.67,1057.68222222222,11.3344094368341
"2862","uiefmaize",2016,307,0.33941,12.3252054794521,1050.67,1057.68222222222,11.3344094368341
"2863","uiefmaize",2016,308,0.33904,12.3252054794521,1050.67,1057.68222222222,11.3344094368341
"2864","uiefmaize",2016,309,0.33858,12.3252054794521,1050.67,1057.68222222222,11.3344094368341
"2865","uiefmaize",2016,310,0.33807,12.3252054794521,1050.67,1057.68222222222,11.3344094368341
"2866","uiefmaize",2016,311,0.33756,12.3252054794521,1050.67,1057.68222222222,11.3344094368341
"2867","uiefmaize",2016,312,0.33711,12.3252054794521,1050.67,1057.68222222222,11.3344094368341
"2868","uiefmaize",2016,313,0.33676,12.3252054794521,1050.67,1057.68222222222,11.3344094368341
"2869","uiefmaize",2016,314,0.33651,12.3252054794521,1050.67,1057.68222222222,11.3344094368341
"2870","uiefmaize",2016,315,0.33632,12.3252054794521,1050.67,1057.68222222222,11.3344094368341
"2871","uiefmaize",2016,316,0.33616,12.3252054794521,1050.67,1057.68222222222,11.3344094368341
"2872","uiefmaize",2016,317,0.33603,12.3252054794521,1050.67,1057.68222222222,11.3344094368341
"2873","uiefmaize",2016,318,0.33589,12.3252054794521,1050.67,1057.68222222222,11.3344094368341
"2874","uiefmaize",2016,319,0.33574,12.3252054794521,1050.67,1057.68222222222,11.3344094368341
"2875","uiefmaize",2016,320,0.33555,12.3252054794521,1050.67,1057.68222222222,11.3344094368341
"2876","uiefmaize",2016,321,0.33531,12.3252054794521,1050.67,1057.68222222222,11.3344094368341
"2877","uiefmaize",2016,322,0.33502,12.3252054794521,1050.67,1057.68222222222,11.3344094368341
"2878","uiefmaize",2016,323,0.33471,12.3252054794521,1050.67,1057.68222222222,11.3344094368341
"2879","uiefmaize",2016,324,0.3344,12.3252054794521,1050.67,1057.68222222222,11.3344094368341
"2880","uiefmaize",2016,325,0.33413,12.3252054794521,1050.67,1057.68222222222,11.3344094368341
"2881","uiefmaize",2016,326,0.33391,12.3252054794521,1050.67,1057.68222222222,11.3344094368341
"2882","uiefmaize",2016,327,0.3337,12.3252054794521,1050.67,1057.68222222222,11.3344094368341
"2883","uiefmaize",2016,328,0.33347,12.3252054794521,1050.67,1057.68222222222,11.3344094368341
"2884","uiefmaize",2016,329,0.33324,12.3252054794521,1050.67,1057.68222222222,11.3344094368341
"2885","uiefmaize",2016,330,0.33303,12.3252054794521,1050.67,1057.68222222222,11.3344094368341
"2886","uiefmaize",2016,331,0.33286,12.3252054794521,1050.67,1057.68222222222,11.3344094368341
"2887","uiefmaize",2016,332,0.33276,12.3252054794521,1050.67,1057.68222222222,11.3344094368341
"2888","uiefmaize",2016,333,0.33274,12.3252054794521,1050.67,1057.68222222222,11.3344094368341
"2889","uiefmaize",2016,334,0.33285,12.3252054794521,1050.67,1057.68222222222,11.3344094368341
"2890","uiefmaize",2016,335,0.33307,12.3252054794521,1050.67,1057.68222222222,11.3344094368341
"2891","uiefmaize",2016,336,0.33337,12.3252054794521,1050.67,1057.68222222222,11.3344094368341
"2892","uiefmaize",2016,337,0.33371,12.3252054794521,1050.67,1057.68222222222,11.3344094368341
"2893","uiefmaize",2016,338,0.33404,12.3252054794521,1050.67,1057.68222222222,11.3344094368341
"2894","uiefmaize",2016,339,0.33432,12.3252054794521,1050.67,1057.68222222222,11.3344094368341
"2895","uiefmaize",2016,340,0.33451,12.3252054794521,1050.67,1057.68222222222,11.3344094368341
"2896","uiefmaize",2016,341,0.33467,12.3252054794521,1050.67,1057.68222222222,11.3344094368341
"2897","uiefmaize",2016,342,0.33485,12.3252054794521,1050.67,1057.68222222222,11.3344094368341
"2898","uiefmaize",2016,343,0.33504,12.3252054794521,1050.67,1057.68222222222,11.3344094368341
"2899","uiefmaize",2016,344,0.33521,12.3252054794521,1050.67,1057.68222222222,11.3344094368341
"2900","uiefmaize",2016,345,0.33536,12.3252054794521,1050.67,1057.68222222222,11.3344094368341
"2901","uiefmaize",2016,346,0.33544,12.3252054794521,1050.67,1057.68222222222,11.3344094368341
"2902","uiefmaize",2016,347,0.33546,12.3252054794521,1050.67,1057.68222222222,11.3344094368341
"2903","uiefmaize",2016,348,0.33538,12.3252054794521,1050.67,1057.68222222222,11.3344094368341
"2904","uiefmaize",2016,349,0.33523,12.3252054794521,1050.67,1057.68222222222,11.3344094368341
"2905","uiefmaize",2016,350,0.33501,12.3252054794521,1050.67,1057.68222222222,11.3344094368341
"2906","uiefmaize",2016,351,0.33474,12.3252054794521,1050.67,1057.68222222222,11.3344094368341
"2907","uiefmaize",2016,352,0.33444,12.3252054794521,1050.67,1057.68222222222,11.3344094368341
"2908","uiefmaize",2016,353,0.33414,12.3252054794521,1050.67,1057.68222222222,11.3344094368341
"2909","uiefmaize",2016,354,0.33383,12.3252054794521,1050.67,1057.68222222222,11.3344094368341
"2910","uiefmaize",2016,355,0.3335,12.3252054794521,1050.67,1057.68222222222,11.3344094368341
"2911","uiefmaize",2016,356,0.3331,12.3252054794521,1050.67,1057.68222222222,11.3344094368341
"2912","uiefmaize",2016,357,0.33267,12.3252054794521,1050.67,1057.68222222222,11.3344094368341
"2913","uiefmaize",2016,358,0.33224,12.3252054794521,1050.67,1057.68222222222,11.3344094368341
"2914","uiefmaize",2016,359,0.33182,12.3252054794521,1050.67,1057.68222222222,11.3344094368341
"2915","uiefmaize",2016,360,0.33145,12.3252054794521,1050.67,1057.68222222222,11.3344094368341
"2916","uiefmaize",2016,361,0.33116,12.3252054794521,1050.67,1057.68222222222,11.3344094368341
"2917","uiefmaize",2016,362,0.33091,12.3252054794521,1050.67,1057.68222222222,11.3344094368341
"2918","uiefmaize",2016,363,0.33066,12.3252054794521,1050.67,1057.68222222222,11.3344094368341
"2919","uiefmaize",2016,364,0.33043,12.3252054794521,1050.67,1057.68222222222,11.3344094368341
"2920","uiefmaize",2016,365,0.33022,12.3252054794521,1050.67,1057.68222222222,11.3344094368341
"2921","uiefmaize",2017,1,0.32989,12.2601095890411,902.44,1057.68222222222,11.3344094368341
"2922","uiefmaize",2017,2,0.32979,12.2601095890411,902.44,1057.68222222222,11.3344094368341
"2923","uiefmaize",2017,3,0.32974,12.2601095890411,902.44,1057.68222222222,11.3344094368341
"2924","uiefmaize",2017,4,0.32975,12.2601095890411,902.44,1057.68222222222,11.3344094368341
"2925","uiefmaize",2017,5,0.3298,12.2601095890411,902.44,1057.68222222222,11.3344094368341
"2926","uiefmaize",2017,6,0.32988,12.2601095890411,902.44,1057.68222222222,11.3344094368341
"2927","uiefmaize",2017,7,0.32997,12.2601095890411,902.44,1057.68222222222,11.3344094368341
"2928","uiefmaize",2017,8,0.33007,12.2601095890411,902.44,1057.68222222222,11.3344094368341
"2929","uiefmaize",2017,9,0.33015,12.2601095890411,902.44,1057.68222222222,11.3344094368341
"2930","uiefmaize",2017,10,0.33025,12.2601095890411,902.44,1057.68222222222,11.3344094368341
"2931","uiefmaize",2017,11,0.33038,12.2601095890411,902.44,1057.68222222222,11.3344094368341
"2932","uiefmaize",2017,12,0.33054,12.2601095890411,902.44,1057.68222222222,11.3344094368341
"2933","uiefmaize",2017,13,0.33072,12.2601095890411,902.44,1057.68222222222,11.3344094368341
"2934","uiefmaize",2017,14,0.33089,12.2601095890411,902.44,1057.68222222222,11.3344094368341
"2935","uiefmaize",2017,15,0.33106,12.2601095890411,902.44,1057.68222222222,11.3344094368341
"2936","uiefmaize",2017,16,0.3312,12.2601095890411,902.44,1057.68222222222,11.3344094368341
"2937","uiefmaize",2017,17,0.33133,12.2601095890411,902.44,1057.68222222222,11.3344094368341
"2938","uiefmaize",2017,18,0.33145,12.2601095890411,902.44,1057.68222222222,11.3344094368341
"2939","uiefmaize",2017,19,0.33157,12.2601095890411,902.44,1057.68222222222,11.3344094368341
"2940","uiefmaize",2017,20,0.33171,12.2601095890411,902.44,1057.68222222222,11.3344094368341
"2941","uiefmaize",2017,21,0.33188,12.2601095890411,902.44,1057.68222222222,11.3344094368341
"2942","uiefmaize",2017,22,0.33208,12.2601095890411,902.44,1057.68222222222,11.3344094368341
"2943","uiefmaize",2017,23,0.33234,12.2601095890411,902.44,1057.68222222222,11.3344094368341
"2944","uiefmaize",2017,24,0.33267,12.2601095890411,902.44,1057.68222222222,11.3344094368341
"2945","uiefmaize",2017,25,0.33304,12.2601095890411,902.44,1057.68222222222,11.3344094368341
"2946","uiefmaize",2017,26,0.33342,12.2601095890411,902.44,1057.68222222222,11.3344094368341
"2947","uiefmaize",2017,27,0.33378,12.2601095890411,902.44,1057.68222222222,11.3344094368341
"2948","uiefmaize",2017,28,0.33408,12.2601095890411,902.44,1057.68222222222,11.3344094368341
"2949","uiefmaize",2017,29,0.33431,12.2601095890411,902.44,1057.68222222222,11.3344094368341
"2950","uiefmaize",2017,30,0.33447,12.2601095890411,902.44,1057.68222222222,11.3344094368341
"2951","uiefmaize",2017,31,0.33458,12.2601095890411,902.44,1057.68222222222,11.3344094368341
"2952","uiefmaize",2017,32,0.33467,12.2601095890411,902.44,1057.68222222222,11.3344094368341
"2953","uiefmaize",2017,33,0.33473,12.2601095890411,902.44,1057.68222222222,11.3344094368341
"2954","uiefmaize",2017,34,0.33477,12.2601095890411,902.44,1057.68222222222,11.3344094368341
"2955","uiefmaize",2017,35,0.3348,12.2601095890411,902.44,1057.68222222222,11.3344094368341
"2956","uiefmaize",2017,36,0.33483,12.2601095890411,902.44,1057.68222222222,11.3344094368341
"2957","uiefmaize",2017,37,0.33479,12.2601095890411,902.44,1057.68222222222,11.3344094368341
"2958","uiefmaize",2017,38,0.33465,12.2601095890411,902.44,1057.68222222222,11.3344094368341
"2959","uiefmaize",2017,39,0.33446,12.2601095890411,902.44,1057.68222222222,11.3344094368341
"2960","uiefmaize",2017,40,0.33426,12.2601095890411,902.44,1057.68222222222,11.3344094368341
"2961","uiefmaize",2017,41,0.33411,12.2601095890411,902.44,1057.68222222222,11.3344094368341
"2962","uiefmaize",2017,42,0.33403,12.2601095890411,902.44,1057.68222222222,11.3344094368341
"2963","uiefmaize",2017,43,0.33408,12.2601095890411,902.44,1057.68222222222,11.3344094368341
"2964","uiefmaize",2017,44,0.33432,12.2601095890411,902.44,1057.68222222222,11.3344094368341
"2965","uiefmaize",2017,45,0.33472,12.2601095890411,902.44,1057.68222222222,11.3344094368341
"2966","uiefmaize",2017,46,0.33523,12.2601095890411,902.44,1057.68222222222,11.3344094368341
"2967","uiefmaize",2017,47,0.33577,12.2601095890411,902.44,1057.68222222222,11.3344094368341
"2968","uiefmaize",2017,48,0.33629,12.2601095890411,902.44,1057.68222222222,11.3344094368341
"2969","uiefmaize",2017,49,0.33672,12.2601095890411,902.44,1057.68222222222,11.3344094368341
"2970","uiefmaize",2017,50,0.33699,12.2601095890411,902.44,1057.68222222222,11.3344094368341
"2971","uiefmaize",2017,51,0.33713,12.2601095890411,902.44,1057.68222222222,11.3344094368341
"2972","uiefmaize",2017,52,0.3372,12.2601095890411,902.44,1057.68222222222,11.3344094368341
"2973","uiefmaize",2017,53,0.33722,12.2601095890411,902.44,1057.68222222222,11.3344094368341
"2974","uiefmaize",2017,54,0.3372,12.2601095890411,902.44,1057.68222222222,11.3344094368341
"2975","uiefmaize",2017,55,0.33713,12.2601095890411,902.44,1057.68222222222,11.3344094368341
"2976","uiefmaize",2017,56,0.33704,12.2601095890411,902.44,1057.68222222222,11.3344094368341
"2977","uiefmaize",2017,57,0.33693,12.2601095890411,902.44,1057.68222222222,11.3344094368341
"2978","uiefmaize",2017,58,0.33676,12.2601095890411,902.44,1057.68222222222,11.3344094368341
"2979","uiefmaize",2017,59,0.33652,12.2601095890411,902.44,1057.68222222222,11.3344094368341
"2980","uiefmaize",2017,60,0.33622,12.2601095890411,902.44,1057.68222222222,11.3344094368341
"2981","uiefmaize",2017,61,0.3359,12.2601095890411,902.44,1057.68222222222,11.3344094368341
"2982","uiefmaize",2017,62,0.33558,12.2601095890411,902.44,1057.68222222222,11.3344094368341
"2983","uiefmaize",2017,63,0.3353,12.2601095890411,902.44,1057.68222222222,11.3344094368341
"2984","uiefmaize",2017,64,0.33508,12.2601095890411,902.44,1057.68222222222,11.3344094368341
"2985","uiefmaize",2017,65,0.3349,12.2601095890411,902.44,1057.68222222222,11.3344094368341
"2986","uiefmaize",2017,66,0.33473,12.2601095890411,902.44,1057.68222222222,11.3344094368341
"2987","uiefmaize",2017,67,0.33457,12.2601095890411,902.44,1057.68222222222,11.3344094368341
"2988","uiefmaize",2017,68,0.33444,12.2601095890411,902.44,1057.68222222222,11.3344094368341
"2989","uiefmaize",2017,69,0.33434,12.2601095890411,902.44,1057.68222222222,11.3344094368341
"2990","uiefmaize",2017,70,0.33429,12.2601095890411,902.44,1057.68222222222,11.3344094368341
"2991","uiefmaize",2017,71,0.33428,12.2601095890411,902.44,1057.68222222222,11.3344094368341
"2992","uiefmaize",2017,72,0.3343,12.2601095890411,902.44,1057.68222222222,11.3344094368341
"2993","uiefmaize",2017,73,0.33434,12.2601095890411,902.44,1057.68222222222,11.3344094368341
"2994","uiefmaize",2017,74,0.33441,12.2601095890411,902.44,1057.68222222222,11.3344094368341
"2995","uiefmaize",2017,75,0.3345,12.2601095890411,902.44,1057.68222222222,11.3344094368341
"2996","uiefmaize",2017,76,0.33462,12.2601095890411,902.44,1057.68222222222,11.3344094368341
"2997","uiefmaize",2017,77,0.33476,12.2601095890411,902.44,1057.68222222222,11.3344094368341
"2998","uiefmaize",2017,78,0.33498,12.2601095890411,902.44,1057.68222222222,11.3344094368341
"2999","uiefmaize",2017,79,0.3353,12.2601095890411,902.44,1057.68222222222,11.3344094368341
"3000","uiefmaize",2017,80,0.33569,12.2601095890411,902.44,1057.68222222222,11.3344094368341
"3001","uiefmaize",2017,81,0.33609,12.2601095890411,902.44,1057.68222222222,11.3344094368341
"3002","uiefmaize",2017,82,0.33645,12.2601095890411,902.44,1057.68222222222,11.3344094368341
"3003","uiefmaize",2017,83,0.33674,12.2601095890411,902.44,1057.68222222222,11.3344094368341
"3004","uiefmaize",2017,84,0.3369,12.2601095890411,902.44,1057.68222222222,11.3344094368341
"3005","uiefmaize",2017,85,0.33689,12.2601095890411,902.44,1057.68222222222,11.3344094368341
"3006","uiefmaize",2017,86,0.33672,12.2601095890411,902.44,1057.68222222222,11.3344094368341
"3007","uiefmaize",2017,87,0.33646,12.2601095890411,902.44,1057.68222222222,11.3344094368341
"3008","uiefmaize",2017,88,0.33617,12.2601095890411,902.44,1057.68222222222,11.3344094368341
"3009","uiefmaize",2017,89,0.33589,12.2601095890411,902.44,1057.68222222222,11.3344094368341
"3010","uiefmaize",2017,90,0.33569,12.2601095890411,902.44,1057.68222222222,11.3344094368341
"3011","uiefmaize",2017,91,0.33563,12.2601095890411,902.44,1057.68222222222,11.3344094368341
"3012","uiefmaize",2017,92,0.33568,12.2601095890411,902.44,1057.68222222222,11.3344094368341
"3013","uiefmaize",2017,93,0.33576,12.2601095890411,902.44,1057.68222222222,11.3344094368341
"3014","uiefmaize",2017,94,0.33589,12.2601095890411,902.44,1057.68222222222,11.3344094368341
"3015","uiefmaize",2017,95,0.33605,12.2601095890411,902.44,1057.68222222222,11.3344094368341
"3016","uiefmaize",2017,96,0.33626,12.2601095890411,902.44,1057.68222222222,11.3344094368341
"3017","uiefmaize",2017,97,0.33651,12.2601095890411,902.44,1057.68222222222,11.3344094368341
"3018","uiefmaize",2017,98,0.3368,12.2601095890411,902.44,1057.68222222222,11.3344094368341
"3019","uiefmaize",2017,99,0.33721,12.2601095890411,902.44,1057.68222222222,11.3344094368341
"3020","uiefmaize",2017,100,0.33777,12.2601095890411,902.44,1057.68222222222,11.3344094368341
"3021","uiefmaize",2017,101,0.3384,12.2601095890411,902.44,1057.68222222222,11.3344094368341
"3022","uiefmaize",2017,102,0.33907,12.2601095890411,902.44,1057.68222222222,11.3344094368341
"3023","uiefmaize",2017,103,0.33971,12.2601095890411,902.44,1057.68222222222,11.3344094368341
"3024","uiefmaize",2017,104,0.34027,12.2601095890411,902.44,1057.68222222222,11.3344094368341
"3025","uiefmaize",2017,105,0.34068,12.2601095890411,902.44,1057.68222222222,11.3344094368341
"3026","uiefmaize",2017,106,0.34096,12.2601095890411,902.44,1057.68222222222,11.3344094368341
"3027","uiefmaize",2017,107,0.34117,12.2601095890411,902.44,1057.68222222222,11.3344094368341
"3028","uiefmaize",2017,108,0.34132,12.2601095890411,902.44,1057.68222222222,11.3344094368341
"3029","uiefmaize",2017,109,0.34142,12.2601095890411,902.44,1057.68222222222,11.3344094368341
"3030","uiefmaize",2017,110,0.3415,12.2601095890411,902.44,1057.68222222222,11.3344094368341
"3031","uiefmaize",2017,111,0.34157,12.2601095890411,902.44,1057.68222222222,11.3344094368341
"3032","uiefmaize",2017,112,0.34165,12.2601095890411,902.44,1057.68222222222,11.3344094368341
"3033","uiefmaize",2017,113,0.34173,12.2601095890411,902.44,1057.68222222222,11.3344094368341
"3034","uiefmaize",2017,114,0.34179,12.2601095890411,902.44,1057.68222222222,11.3344094368341
"3035","uiefmaize",2017,115,0.34184,12.2601095890411,902.44,1057.68222222222,11.3344094368341
"3036","uiefmaize",2017,116,0.34188,12.2601095890411,902.44,1057.68222222222,11.3344094368341
"3037","uiefmaize",2017,117,0.34191,12.2601095890411,902.44,1057.68222222222,11.3344094368341
"3038","uiefmaize",2017,118,0.34195,12.2601095890411,902.44,1057.68222222222,11.3344094368341
"3039","uiefmaize",2017,119,0.34199,12.2601095890411,902.44,1057.68222222222,11.3344094368341
"3040","uiefmaize",2017,120,0.34208,12.2601095890411,902.44,1057.68222222222,11.3344094368341
"3041","uiefmaize",2017,121,0.34221,12.2601095890411,902.44,1057.68222222222,11.3344094368341
"3042","uiefmaize",2017,122,0.34235,12.2601095890411,902.44,1057.68222222222,11.3344094368341
"3043","uiefmaize",2017,123,0.34246,12.2601095890411,902.44,1057.68222222222,11.3344094368341
"3044","uiefmaize",2017,124,0.3425,12.2601095890411,902.44,1057.68222222222,11.3344094368341
"3045","uiefmaize",2017,125,0.34243,12.2601095890411,902.44,1057.68222222222,11.3344094368341
"3046","uiefmaize",2017,126,0.34225,12.2601095890411,902.44,1057.68222222222,11.3344094368341
"3047","uiefmaize",2017,127,0.34199,12.2601095890411,902.44,1057.68222222222,11.3344094368341
"3048","uiefmaize",2017,128,0.34167,12.2601095890411,902.44,1057.68222222222,11.3344094368341
"3049","uiefmaize",2017,129,0.34131,12.2601095890411,902.44,1057.68222222222,11.3344094368341
"3050","uiefmaize",2017,130,0.34093,12.2601095890411,902.44,1057.68222222222,11.3344094368341
"3051","uiefmaize",2017,131,0.34055,12.2601095890411,902.44,1057.68222222222,11.3344094368341
"3052","uiefmaize",2017,132,0.34019,12.2601095890411,902.44,1057.68222222222,11.3344094368341
"3053","uiefmaize",2017,133,0.33978,12.2601095890411,902.44,1057.68222222222,11.3344094368341
"3054","uiefmaize",2017,134,0.33927,12.2601095890411,902.44,1057.68222222222,11.3344094368341
"3055","uiefmaize",2017,135,0.33872,12.2601095890411,902.44,1057.68222222222,11.3344094368341
"3056","uiefmaize",2017,136,0.33817,12.2601095890411,902.44,1057.68222222222,11.3344094368341
"3057","uiefmaize",2017,137,0.33767,12.2601095890411,902.44,1057.68222222222,11.3344094368341
"3058","uiefmaize",2017,138,0.33727,12.2601095890411,902.44,1057.68222222222,11.3344094368341
"3059","uiefmaize",2017,139,0.33702,12.2601095890411,902.44,1057.68222222222,11.3344094368341
"3060","uiefmaize",2017,140,0.3369,12.2601095890411,902.44,1057.68222222222,11.3344094368341
"3061","uiefmaize",2017,141,0.33683,12.2601095890411,902.44,1057.68222222222,11.3344094368341
"3062","uiefmaize",2017,142,0.33683,12.2601095890411,902.44,1057.68222222222,11.3344094368341
"3063","uiefmaize",2017,143,0.33689,12.2601095890411,902.44,1057.68222222222,11.3344094368341
"3064","uiefmaize",2017,144,0.33701,12.2601095890411,902.44,1057.68222222222,11.3344094368341
"3065","uiefmaize",2017,145,0.3372,12.2601095890411,902.44,1057.68222222222,11.3344094368341
"3066","uiefmaize",2017,146,0.33746,12.2601095890411,902.44,1057.68222222222,11.3344094368341
"3067","uiefmaize",2017,147,0.33774,12.2601095890411,902.44,1057.68222222222,11.3344094368341
"3068","uiefmaize",2017,148,0.338,12.2601095890411,902.44,1057.68222222222,11.3344094368341
"3069","uiefmaize",2017,149,0.3383,12.2601095890411,902.44,1057.68222222222,11.3344094368341
"3070","uiefmaize",2017,150,0.33868,12.2601095890411,902.44,1057.68222222222,11.3344094368341
"3071","uiefmaize",2017,151,0.33918,12.2601095890411,902.44,1057.68222222222,11.3344094368341
"3072","uiefmaize",2017,152,0.33983,12.2601095890411,902.44,1057.68222222222,11.3344094368341
"3073","uiefmaize",2017,153,0.3407,12.2601095890411,902.44,1057.68222222222,11.3344094368341
"3074","uiefmaize",2017,154,0.34176,12.2601095890411,902.44,1057.68222222222,11.3344094368341
"3075","uiefmaize",2017,155,0.34299,12.2601095890411,902.44,1057.68222222222,11.3344094368341
"3076","uiefmaize",2017,156,0.34438,12.2601095890411,902.44,1057.68222222222,11.3344094368341
"3077","uiefmaize",2017,157,0.34591,12.2601095890411,902.44,1057.68222222222,11.3344094368341
"3078","uiefmaize",2017,158,0.34757,12.2601095890411,902.44,1057.68222222222,11.3344094368341
"3079","uiefmaize",2017,159,0.34934,12.2601095890411,902.44,1057.68222222222,11.3344094368341
"3080","uiefmaize",2017,160,0.35123,12.2601095890411,902.44,1057.68222222222,11.3344094368341
"3081","uiefmaize",2017,161,0.35339,12.2601095890411,902.44,1057.68222222222,11.3344094368341
"3082","uiefmaize",2017,162,0.35591,12.2601095890411,902.44,1057.68222222222,11.3344094368341
"3083","uiefmaize",2017,163,0.35866,12.2601095890411,902.44,1057.68222222222,11.3344094368341
"3084","uiefmaize",2017,164,0.36147,12.2601095890411,902.44,1057.68222222222,11.3344094368341
"3085","uiefmaize",2017,165,0.36422,12.2601095890411,902.44,1057.68222222222,11.3344094368341
"3086","uiefmaize",2017,166,0.36676,12.2601095890411,902.44,1057.68222222222,11.3344094368341
"3087","uiefmaize",2017,167,0.36894,12.2601095890411,902.44,1057.68222222222,11.3344094368341
"3088","uiefmaize",2017,168,0.37082,12.2601095890411,902.44,1057.68222222222,11.3344094368341
"3089","uiefmaize",2017,169,0.37257,12.2601095890411,902.44,1057.68222222222,11.3344094368341
"3090","uiefmaize",2017,170,0.37421,12.2601095890411,902.44,1057.68222222222,11.3344094368341
"3091","uiefmaize",2017,171,0.37573,12.2601095890411,902.44,1057.68222222222,11.3344094368341
"3092","uiefmaize",2017,172,0.37715,12.2601095890411,902.44,1057.68222222222,11.3344094368341
"3093","uiefmaize",2017,173,0.37849,12.2601095890411,902.44,1057.68222222222,11.3344094368341
"3094","uiefmaize",2017,174,0.37974,12.2601095890411,902.44,1057.68222222222,11.3344094368341
"3095","uiefmaize",2017,175,0.38083,12.2601095890411,902.44,1057.68222222222,11.3344094368341
"3096","uiefmaize",2017,176,0.38174,12.2601095890411,902.44,1057.68222222222,11.3344094368341
"3097","uiefmaize",2017,177,0.38252,12.2601095890411,902.44,1057.68222222222,11.3344094368341
"3098","uiefmaize",2017,178,0.38326,12.2601095890411,902.44,1057.68222222222,11.3344094368341
"3099","uiefmaize",2017,179,0.38403,12.2601095890411,902.44,1057.68222222222,11.3344094368341
"3100","uiefmaize",2017,180,0.3849,12.2601095890411,902.44,1057.68222222222,11.3344094368341
"3101","uiefmaize",2017,181,0.38589,12.2601095890411,902.44,1057.68222222222,11.3344094368341
"3102","uiefmaize",2017,182,0.38694,12.2601095890411,902.44,1057.68222222222,11.3344094368341
"3103","uiefmaize",2017,183,0.38801,12.2601095890411,902.44,1057.68222222222,11.3344094368341
"3104","uiefmaize",2017,184,0.38906,12.2601095890411,902.44,1057.68222222222,11.3344094368341
"3105","uiefmaize",2017,185,0.39005,12.2601095890411,902.44,1057.68222222222,11.3344094368341
"3106","uiefmaize",2017,186,0.39094,12.2601095890411,902.44,1057.68222222222,11.3344094368341
"3107","uiefmaize",2017,187,0.39168,12.2601095890411,902.44,1057.68222222222,11.3344094368341
"3108","uiefmaize",2017,188,0.39228,12.2601095890411,902.44,1057.68222222222,11.3344094368341
"3109","uiefmaize",2017,189,0.39277,12.2601095890411,902.44,1057.68222222222,11.3344094368341
"3110","uiefmaize",2017,190,0.39316,12.2601095890411,902.44,1057.68222222222,11.3344094368341
"3111","uiefmaize",2017,191,0.39346,12.2601095890411,902.44,1057.68222222222,11.3344094368341
"3112","uiefmaize",2017,192,0.3937,12.2601095890411,902.44,1057.68222222222,11.3344094368341
"3113","uiefmaize",2017,193,0.39389,12.2601095890411,902.44,1057.68222222222,11.3344094368341
"3114","uiefmaize",2017,194,0.39404,12.2601095890411,902.44,1057.68222222222,11.3344094368341
"3115","uiefmaize",2017,195,0.39407,12.2601095890411,902.44,1057.68222222222,11.3344094368341
"3116","uiefmaize",2017,196,0.39395,12.2601095890411,902.44,1057.68222222222,11.3344094368341
"3117","uiefmaize",2017,197,0.39374,12.2601095890411,902.44,1057.68222222222,11.3344094368341
"3118","uiefmaize",2017,198,0.3935,12.2601095890411,902.44,1057.68222222222,11.3344094368341
"3119","uiefmaize",2017,199,0.39331,12.2601095890411,902.44,1057.68222222222,11.3344094368341
"3120","uiefmaize",2017,200,0.39323,12.2601095890411,902.44,1057.68222222222,11.3344094368341
"3121","uiefmaize",2017,201,0.39332,12.2601095890411,902.44,1057.68222222222,11.3344094368341
"3122","uiefmaize",2017,202,0.39357,12.2601095890411,902.44,1057.68222222222,11.3344094368341
"3123","uiefmaize",2017,203,0.3939,12.2601095890411,902.44,1057.68222222222,11.3344094368341
"3124","uiefmaize",2017,204,0.39429,12.2601095890411,902.44,1057.68222222222,11.3344094368341
"3125","uiefmaize",2017,205,0.39471,12.2601095890411,902.44,1057.68222222222,11.3344094368341
"3126","uiefmaize",2017,206,0.39515,12.2601095890411,902.44,1057.68222222222,11.3344094368341
"3127","uiefmaize",2017,207,0.39557,12.2601095890411,902.44,1057.68222222222,11.3344094368341
"3128","uiefmaize",2017,208,0.39595,12.2601095890411,902.44,1057.68222222222,11.3344094368341
"3129","uiefmaize",2017,209,0.39635,12.2601095890411,902.44,1057.68222222222,11.3344094368341
"3130","uiefmaize",2017,210,0.39681,12.2601095890411,902.44,1057.68222222222,11.3344094368341
"3131","uiefmaize",2017,211,0.39731,12.2601095890411,902.44,1057.68222222222,11.3344094368341
"3132","uiefmaize",2017,212,0.39783,12.2601095890411,902.44,1057.68222222222,11.3344094368341
"3133","uiefmaize",2017,213,0.39833,12.2601095890411,902.44,1057.68222222222,11.3344094368341
"3134","uiefmaize",2017,214,0.3988,12.2601095890411,902.44,1057.68222222222,11.3344094368341
"3135","uiefmaize",2017,215,0.3992,12.2601095890411,902.44,1057.68222222222,11.3344094368341
"3136","uiefmaize",2017,216,0.39954,12.2601095890411,902.44,1057.68222222222,11.3344094368341
"3137","uiefmaize",2017,217,0.39986,12.2601095890411,902.44,1057.68222222222,11.3344094368341
"3138","uiefmaize",2017,218,0.40013,12.2601095890411,902.44,1057.68222222222,11.3344094368341
"3139","uiefmaize",2017,219,0.40037,12.2601095890411,902.44,1057.68222222222,11.3344094368341
"3140","uiefmaize",2017,220,0.40056,12.2601095890411,902.44,1057.68222222222,11.3344094368341
"3141","uiefmaize",2017,221,0.40071,12.2601095890411,902.44,1057.68222222222,11.3344094368341
"3142","uiefmaize",2017,222,0.40081,12.2601095890411,902.44,1057.68222222222,11.3344094368341
"3143","uiefmaize",2017,223,0.40087,12.2601095890411,902.44,1057.68222222222,11.3344094368341
"3144","uiefmaize",2017,224,0.40089,12.2601095890411,902.44,1057.68222222222,11.3344094368341
"3145","uiefmaize",2017,225,0.40088,12.2601095890411,902.44,1057.68222222222,11.3344094368341
"3146","uiefmaize",2017,226,0.40085,12.2601095890411,902.44,1057.68222222222,11.3344094368341
"3147","uiefmaize",2017,227,0.40081,12.2601095890411,902.44,1057.68222222222,11.3344094368341
"3148","uiefmaize",2017,228,0.40075,12.2601095890411,902.44,1057.68222222222,11.3344094368341
"3149","uiefmaize",2017,229,0.40068,12.2601095890411,902.44,1057.68222222222,11.3344094368341
"3150","uiefmaize",2017,230,0.40056,12.2601095890411,902.44,1057.68222222222,11.3344094368341
"3151","uiefmaize",2017,231,0.40039,12.2601095890411,902.44,1057.68222222222,11.3344094368341
"3152","uiefmaize",2017,232,0.40017,12.2601095890411,902.44,1057.68222222222,11.3344094368341
"3153","uiefmaize",2017,233,0.39993,12.2601095890411,902.44,1057.68222222222,11.3344094368341
"3154","uiefmaize",2017,234,0.39969,12.2601095890411,902.44,1057.68222222222,11.3344094368341
"3155","uiefmaize",2017,235,0.39947,12.2601095890411,902.44,1057.68222222222,11.3344094368341
"3156","uiefmaize",2017,236,0.39933,12.2601095890411,902.44,1057.68222222222,11.3344094368341
"3157","uiefmaize",2017,237,0.39928,12.2601095890411,902.44,1057.68222222222,11.3344094368341
"3158","uiefmaize",2017,238,0.39927,12.2601095890411,902.44,1057.68222222222,11.3344094368341
"3159","uiefmaize",2017,239,0.39925,12.2601095890411,902.44,1057.68222222222,11.3344094368341
"3160","uiefmaize",2017,240,0.39916,12.2601095890411,902.44,1057.68222222222,11.3344094368341
"3161","uiefmaize",2017,241,0.39897,12.2601095890411,902.44,1057.68222222222,11.3344094368341
"3162","uiefmaize",2017,242,0.39862,12.2601095890411,902.44,1057.68222222222,11.3344094368341
"3163","uiefmaize",2017,243,0.39811,12.2601095890411,902.44,1057.68222222222,11.3344094368341
"3164","uiefmaize",2017,244,0.39749,12.2601095890411,902.44,1057.68222222222,11.3344094368341
"3165","uiefmaize",2017,245,0.39678,12.2601095890411,902.44,1057.68222222222,11.3344094368341
"3166","uiefmaize",2017,246,0.396,12.2601095890411,902.44,1057.68222222222,11.3344094368341
"3167","uiefmaize",2017,247,0.39515,12.2601095890411,902.44,1057.68222222222,11.3344094368341
"3168","uiefmaize",2017,248,0.39426,12.2601095890411,902.44,1057.68222222222,11.3344094368341
"3169","uiefmaize",2017,249,0.39334,12.2601095890411,902.44,1057.68222222222,11.3344094368341
"3170","uiefmaize",2017,250,0.39239,12.2601095890411,902.44,1057.68222222222,11.3344094368341
"3171","uiefmaize",2017,251,0.39139,12.2601095890411,902.44,1057.68222222222,11.3344094368341
"3172","uiefmaize",2017,252,0.39034,12.2601095890411,902.44,1057.68222222222,11.3344094368341
"3173","uiefmaize",2017,253,0.38926,12.2601095890411,902.44,1057.68222222222,11.3344094368341
"3174","uiefmaize",2017,254,0.38813,12.2601095890411,902.44,1057.68222222222,11.3344094368341
"3175","uiefmaize",2017,255,0.38696,12.2601095890411,902.44,1057.68222222222,11.3344094368341
"3176","uiefmaize",2017,256,0.38576,12.2601095890411,902.44,1057.68222222222,11.3344094368341
"3177","uiefmaize",2017,257,0.38455,12.2601095890411,902.44,1057.68222222222,11.3344094368341
"3178","uiefmaize",2017,258,0.38331,12.2601095890411,902.44,1057.68222222222,11.3344094368341
"3179","uiefmaize",2017,259,0.38203,12.2601095890411,902.44,1057.68222222222,11.3344094368341
"3180","uiefmaize",2017,260,0.38068,12.2601095890411,902.44,1057.68222222222,11.3344094368341
"3181","uiefmaize",2017,261,0.37926,12.2601095890411,902.44,1057.68222222222,11.3344094368341
"3182","uiefmaize",2017,262,0.37773,12.2601095890411,902.44,1057.68222222222,11.3344094368341
"3183","uiefmaize",2017,263,0.37607,12.2601095890411,902.44,1057.68222222222,11.3344094368341
"3184","uiefmaize",2017,264,0.37417,12.2601095890411,902.44,1057.68222222222,11.3344094368341
"3185","uiefmaize",2017,265,0.372,12.2601095890411,902.44,1057.68222222222,11.3344094368341
"3186","uiefmaize",2017,266,0.36967,12.2601095890411,902.44,1057.68222222222,11.3344094368341
"3187","uiefmaize",2017,267,0.36727,12.2601095890411,902.44,1057.68222222222,11.3344094368341
"3188","uiefmaize",2017,268,0.36491,12.2601095890411,902.44,1057.68222222222,11.3344094368341
"3189","uiefmaize",2017,269,0.36269,12.2601095890411,902.44,1057.68222222222,11.3344094368341
"3190","uiefmaize",2017,270,0.36071,12.2601095890411,902.44,1057.68222222222,11.3344094368341
"3191","uiefmaize",2017,271,0.35889,12.2601095890411,902.44,1057.68222222222,11.3344094368341
"3192","uiefmaize",2017,272,0.35708,12.2601095890411,902.44,1057.68222222222,11.3344094368341
"3193","uiefmaize",2017,273,0.35531,12.2601095890411,902.44,1057.68222222222,11.3344094368341
"3194","uiefmaize",2017,274,0.35363,12.2601095890411,902.44,1057.68222222222,11.3344094368341
"3195","uiefmaize",2017,275,0.35207,12.2601095890411,902.44,1057.68222222222,11.3344094368341
"3196","uiefmaize",2017,276,0.35066,12.2601095890411,902.44,1057.68222222222,11.3344094368341
"3197","uiefmaize",2017,277,0.34943,12.2601095890411,902.44,1057.68222222222,11.3344094368341
"3198","uiefmaize",2017,278,0.34845,12.2601095890411,902.44,1057.68222222222,11.3344094368341
"3199","uiefmaize",2017,279,0.34769,12.2601095890411,902.44,1057.68222222222,11.3344094368341
"3200","uiefmaize",2017,280,0.3471,12.2601095890411,902.44,1057.68222222222,11.3344094368341
"3201","uiefmaize",2017,281,0.34662,12.2601095890411,902.44,1057.68222222222,11.3344094368341
"3202","uiefmaize",2017,282,0.34618,12.2601095890411,902.44,1057.68222222222,11.3344094368341
"3203","uiefmaize",2017,283,0.34573,12.2601095890411,902.44,1057.68222222222,11.3344094368341
"3204","uiefmaize",2017,284,0.34521,12.2601095890411,902.44,1057.68222222222,11.3344094368341
"3205","uiefmaize",2017,285,0.34464,12.2601095890411,902.44,1057.68222222222,11.3344094368341
"3206","uiefmaize",2017,286,0.34411,12.2601095890411,902.44,1057.68222222222,11.3344094368341
"3207","uiefmaize",2017,287,0.34361,12.2601095890411,902.44,1057.68222222222,11.3344094368341
"3208","uiefmaize",2017,288,0.34314,12.2601095890411,902.44,1057.68222222222,11.3344094368341
"3209","uiefmaize",2017,289,0.3427,12.2601095890411,902.44,1057.68222222222,11.3344094368341
"3210","uiefmaize",2017,290,0.34229,12.2601095890411,902.44,1057.68222222222,11.3344094368341
"3211","uiefmaize",2017,291,0.34192,12.2601095890411,902.44,1057.68222222222,11.3344094368341
"3212","uiefmaize",2017,292,0.34159,12.2601095890411,902.44,1057.68222222222,11.3344094368341
"3213","uiefmaize",2017,293,0.34129,12.2601095890411,902.44,1057.68222222222,11.3344094368341
"3214","uiefmaize",2017,294,0.34102,12.2601095890411,902.44,1057.68222222222,11.3344094368341
"3215","uiefmaize",2017,295,0.34078,12.2601095890411,902.44,1057.68222222222,11.3344094368341
"3216","uiefmaize",2017,296,0.34058,12.2601095890411,902.44,1057.68222222222,11.3344094368341
"3217","uiefmaize",2017,297,0.3404,12.2601095890411,902.44,1057.68222222222,11.3344094368341
"3218","uiefmaize",2017,298,0.34027,12.2601095890411,902.44,1057.68222222222,11.3344094368341
"3219","uiefmaize",2017,299,0.34019,12.2601095890411,902.44,1057.68222222222,11.3344094368341
"3220","uiefmaize",2017,300,0.34014,12.2601095890411,902.44,1057.68222222222,11.3344094368341
"3221","uiefmaize",2017,301,0.34013,12.2601095890411,902.44,1057.68222222222,11.3344094368341
"3222","uiefmaize",2017,302,0.34013,12.2601095890411,902.44,1057.68222222222,11.3344094368341
"3223","uiefmaize",2017,303,0.34013,12.2601095890411,902.44,1057.68222222222,11.3344094368341
"3224","uiefmaize",2017,304,0.34013,12.2601095890411,902.44,1057.68222222222,11.3344094368341
"3225","uiefmaize",2017,305,0.34017,12.2601095890411,902.44,1057.68222222222,11.3344094368341
"3226","uiefmaize",2017,306,0.3403,12.2601095890411,902.44,1057.68222222222,11.3344094368341
"3227","uiefmaize",2017,307,0.34047,12.2601095890411,902.44,1057.68222222222,11.3344094368341
"3228","uiefmaize",2017,308,0.34064,12.2601095890411,902.44,1057.68222222222,11.3344094368341
"3229","uiefmaize",2017,309,0.34076,12.2601095890411,902.44,1057.68222222222,11.3344094368341
"3230","uiefmaize",2017,310,0.34079,12.2601095890411,902.44,1057.68222222222,11.3344094368341
"3231","uiefmaize",2017,311,0.34068,12.2601095890411,902.44,1057.68222222222,11.3344094368341
"3232","uiefmaize",2017,312,0.34044,12.2601095890411,902.44,1057.68222222222,11.3344094368341
"3233","uiefmaize",2017,313,0.34009,12.2601095890411,902.44,1057.68222222222,11.3344094368341
"3234","uiefmaize",2017,314,0.33967,12.2601095890411,902.44,1057.68222222222,11.3344094368341
"3235","uiefmaize",2017,315,0.33921,12.2601095890411,902.44,1057.68222222222,11.3344094368341
"3236","uiefmaize",2017,316,0.33873,12.2601095890411,902.44,1057.68222222222,11.3344094368341
"3237","uiefmaize",2017,317,0.33825,12.2601095890411,902.44,1057.68222222222,11.3344094368341
"3238","uiefmaize",2017,318,0.3378,12.2601095890411,902.44,1057.68222222222,11.3344094368341
"3239","uiefmaize",2017,319,0.33732,12.2601095890411,902.44,1057.68222222222,11.3344094368341
"3240","uiefmaize",2017,320,0.33674,12.2601095890411,902.44,1057.68222222222,11.3344094368341
"3241","uiefmaize",2017,321,0.3361,12.2601095890411,902.44,1057.68222222222,11.3344094368341
"3242","uiefmaize",2017,322,0.33547,12.2601095890411,902.44,1057.68222222222,11.3344094368341
"3243","uiefmaize",2017,323,0.33488,12.2601095890411,902.44,1057.68222222222,11.3344094368341
"3244","uiefmaize",2017,324,0.33439,12.2601095890411,902.44,1057.68222222222,11.3344094368341
"3245","uiefmaize",2017,325,0.33403,12.2601095890411,902.44,1057.68222222222,11.3344094368341
"3246","uiefmaize",2017,326,0.33381,12.2601095890411,902.44,1057.68222222222,11.3344094368341
"3247","uiefmaize",2017,327,0.33369,12.2601095890411,902.44,1057.68222222222,11.3344094368341
"3248","uiefmaize",2017,328,0.33364,12.2601095890411,902.44,1057.68222222222,11.3344094368341
"3249","uiefmaize",2017,329,0.33364,12.2601095890411,902.44,1057.68222222222,11.3344094368341
"3250","uiefmaize",2017,330,0.33367,12.2601095890411,902.44,1057.68222222222,11.3344094368341
"3251","uiefmaize",2017,331,0.33372,12.2601095890411,902.44,1057.68222222222,11.3344094368341
"3252","uiefmaize",2017,332,0.33375,12.2601095890411,902.44,1057.68222222222,11.3344094368341
"3253","uiefmaize",2017,333,0.3338,12.2601095890411,902.44,1057.68222222222,11.3344094368341
"3254","uiefmaize",2017,334,0.33388,12.2601095890411,902.44,1057.68222222222,11.3344094368341
"3255","uiefmaize",2017,335,0.33398,12.2601095890411,902.44,1057.68222222222,11.3344094368341
"3256","uiefmaize",2017,336,0.33408,12.2601095890411,902.44,1057.68222222222,11.3344094368341
"3257","uiefmaize",2017,337,0.33416,12.2601095890411,902.44,1057.68222222222,11.3344094368341
"3258","uiefmaize",2017,338,0.33419,12.2601095890411,902.44,1057.68222222222,11.3344094368341
"3259","uiefmaize",2017,339,0.33416,12.2601095890411,902.44,1057.68222222222,11.3344094368341
"3260","uiefmaize",2017,340,0.33405,12.2601095890411,902.44,1057.68222222222,11.3344094368341
"3261","uiefmaize",2017,341,0.33389,12.2601095890411,902.44,1057.68222222222,11.3344094368341
"3262","uiefmaize",2017,342,0.33369,12.2601095890411,902.44,1057.68222222222,11.3344094368341
"3263","uiefmaize",2017,343,0.3335,12.2601095890411,902.44,1057.68222222222,11.3344094368341
"3264","uiefmaize",2017,344,0.33334,12.2601095890411,902.44,1057.68222222222,11.3344094368341
"3265","uiefmaize",2017,345,0.33324,12.2601095890411,902.44,1057.68222222222,11.3344094368341
"3266","uiefmaize",2017,346,0.33316,12.2601095890411,902.44,1057.68222222222,11.3344094368341
"3267","uiefmaize",2017,347,0.33303,12.2601095890411,902.44,1057.68222222222,11.3344094368341
"3268","uiefmaize",2017,348,0.33289,12.2601095890411,902.44,1057.68222222222,11.3344094368341
"3269","uiefmaize",2017,349,0.33274,12.2601095890411,902.44,1057.68222222222,11.3344094368341
"3270","uiefmaize",2017,350,0.33262,12.2601095890411,902.44,1057.68222222222,11.3344094368341
"3271","uiefmaize",2017,351,0.33253,12.2601095890411,902.44,1057.68222222222,11.3344094368341
"3272","uiefmaize",2017,352,0.33251,12.2601095890411,902.44,1057.68222222222,11.3344094368341
"3273","uiefmaize",2017,353,0.33258,12.2601095890411,902.44,1057.68222222222,11.3344094368341
"3274","uiefmaize",2017,354,0.33275,12.2601095890411,902.44,1057.68222222222,11.3344094368341
"3275","uiefmaize",2017,355,0.33299,12.2601095890411,902.44,1057.68222222222,11.3344094368341
"3276","uiefmaize",2017,356,0.33327,12.2601095890411,902.44,1057.68222222222,11.3344094368341
"3277","uiefmaize",2017,357,0.33356,12.2601095890411,902.44,1057.68222222222,11.3344094368341
"3278","uiefmaize",2017,358,0.33384,12.2601095890411,902.44,1057.68222222222,11.3344094368341
"3279","uiefmaize",2017,359,0.33407,12.2601095890411,902.44,1057.68222222222,11.3344094368341
"3280","uiefmaize",2017,360,0.33423,12.2601095890411,902.44,1057.68222222222,11.3344094368341
"3281","uiefmaize",2017,361,0.33434,12.2601095890411,902.44,1057.68222222222,11.3344094368341
"3282","uiefmaize",2017,362,0.33443,12.2601095890411,902.44,1057.68222222222,11.3344094368341
"3283","uiefmaize",2017,363,0.33451,12.2601095890411,902.44,1057.68222222222,11.3344094368341
"3284","uiefmaize",2017,364,0.3346,12.2601095890411,902.44,1057.68222222222,11.3344094368341
"3285","uiefmaize",2017,365,0.33471,12.2601095890411,902.44,1057.68222222222,11.3344094368341
